balance_type,energy_source,country,year,value_gwh
Exports,Solid fossil fuels,Austria,2005,178.549
Exports,Solid fossil fuels,Austria,2006,382.906
Exports,Solid fossil fuels,Austria,2007,192.952
Exports,Solid fossil fuels,Austria,2008,34.911
Exports,Solid fossil fuels,Austria,2009,119.194
Exports,Solid fossil fuels,Austria,2010,54.812
Exports,Solid fossil fuels,Austria,2011,28.21
Exports,Solid fossil fuels,Austria,2012,20.397
Exports,Solid fossil fuels,Austria,2013,14.441
Exports,Solid fossil fuels,Austria,2014,18.575
Exports,Solid fossil fuels,Austria,2015,573.584
Exports,Solid fossil fuels,Austria,2016,405.039
Exports,Solid fossil fuels,Austria,2017,422.345
Exports,Solid fossil fuels,Austria,2018,444.978
Exports,Solid fossil fuels,Austria,2019,387.222
Exports,Solid fossil fuels,Austria,2020,304.601
Exports,Solid fossil fuels,Austria,2021,452.424
Exports,Solid fossil fuels,Austria,2022,414.725
Exports,Solid fossil fuels,Austria,2023,384.521
Exports,Solid fossil fuels,Austria,2024,500.235
Exports,Solid fossil fuels,Belgium,2005,8932.833
Exports,Solid fossil fuels,Belgium,2006,9189.321
Exports,Solid fossil fuels,Belgium,2007,11368.879
Exports,Solid fossil fuels,Belgium,2008,9564.936
Exports,Solid fossil fuels,Belgium,2009,9606.438
Exports,Solid fossil fuels,Belgium,2010,8053.026
Exports,Solid fossil fuels,Belgium,2011,8120.196
Exports,Solid fossil fuels,Belgium,2012,9569.387
Exports,Solid fossil fuels,Belgium,2013,7314.503
Exports,Solid fossil fuels,Belgium,2014,6372.755
Exports,Solid fossil fuels,Belgium,2015,1071.731
Exports,Solid fossil fuels,Belgium,2016,588.376
Exports,Solid fossil fuels,Belgium,2017,798.57
Exports,Solid fossil fuels,Belgium,2018,597.353
Exports,Solid fossil fuels,Belgium,2019,961.265
Exports,Solid fossil fuels,Belgium,2020,1785.409
Exports,Solid fossil fuels,Belgium,2021,816.557
Exports,Solid fossil fuels,Belgium,2022,945.837
Exports,Solid fossil fuels,Belgium,2023,1405.455
Exports,Solid fossil fuels,Belgium,2024,637.235
Exports,Solid fossil fuels,Bulgaria,2005,159.075
Exports,Solid fossil fuels,Bulgaria,2006,30.823
Exports,Solid fossil fuels,Bulgaria,2007,14.154
Exports,Solid fossil fuels,Bulgaria,2008,193.266
Exports,Solid fossil fuels,Bulgaria,2009,65.473
Exports,Solid fossil fuels,Bulgaria,2010,546.787
Exports,Solid fossil fuels,Bulgaria,2011,734.994
Exports,Solid fossil fuels,Bulgaria,2012,787.461
Exports,Solid fossil fuels,Bulgaria,2013,431.146
Exports,Solid fossil fuels,Bulgaria,2014,250.283
Exports,Solid fossil fuels,Bulgaria,2015,171.39
Exports,Solid fossil fuels,Bulgaria,2016,51.113
Exports,Solid fossil fuels,Bulgaria,2017,108.228
Exports,Solid fossil fuels,Bulgaria,2018,202.927
Exports,Solid fossil fuels,Bulgaria,2019,252.09
Exports,Solid fossil fuels,Bulgaria,2020,135.83
Exports,Solid fossil fuels,Bulgaria,2021,41.947
Exports,Solid fossil fuels,Bulgaria,2022,911.283
Exports,Solid fossil fuels,Bulgaria,2023,2104.852
Exports,Solid fossil fuels,Bulgaria,2024,11.199
Exports,Solid fossil fuels,Cyprus,2005,0.0
Exports,Solid fossil fuels,Cyprus,2006,0.0
Exports,Solid fossil fuels,Cyprus,2007,0.0
Exports,Solid fossil fuels,Cyprus,2008,0.0
Exports,Solid fossil fuels,Cyprus,2009,0.0
Exports,Solid fossil fuels,Cyprus,2010,0.0
Exports,Solid fossil fuels,Cyprus,2011,0.0
Exports,Solid fossil fuels,Cyprus,2012,0.0
Exports,Solid fossil fuels,Cyprus,2013,0.0
Exports,Solid fossil fuels,Cyprus,2014,0.0
Exports,Solid fossil fuels,Cyprus,2015,0.0
Exports,Solid fossil fuels,Cyprus,2016,0.0
Exports,Solid fossil fuels,Cyprus,2017,0.0
Exports,Solid fossil fuels,Cyprus,2018,0.0
Exports,Solid fossil fuels,Cyprus,2019,0.0
Exports,Solid fossil fuels,Cyprus,2020,0.0
Exports,Solid fossil fuels,Cyprus,2021,0.0
Exports,Solid fossil fuels,Cyprus,2022,0.0
Exports,Solid fossil fuels,Cyprus,2023,0.0
Exports,Solid fossil fuels,Cyprus,2024,0.0
Exports,Solid fossil fuels,Czechia,2005,53722.342
Exports,Solid fossil fuels,Czechia,2006,63297.453
Exports,Solid fossil fuels,Czechia,2007,63543.413
Exports,Solid fossil fuels,Czechia,2008,59678.852
Exports,Solid fossil fuels,Czechia,2009,62581.842
Exports,Solid fossil fuels,Czechia,2010,60881.703
Exports,Solid fossil fuels,Czechia,2011,52052.293
Exports,Solid fossil fuels,Czechia,2012,49554.891
Exports,Solid fossil fuels,Czechia,2013,45563.079
Exports,Solid fossil fuels,Czechia,2014,42660.495
Exports,Solid fossil fuels,Czechia,2015,36469.693
Exports,Solid fossil fuels,Czechia,2016,37143.623
Exports,Solid fossil fuels,Czechia,2017,29525.179
Exports,Solid fossil fuels,Czechia,2018,24809.819
Exports,Solid fossil fuels,Czechia,2019,19490.182
Exports,Solid fossil fuels,Czechia,2020,14042.636
Exports,Solid fossil fuels,Czechia,2021,19562.196
Exports,Solid fossil fuels,Czechia,2022,17858.055
Exports,Solid fossil fuels,Czechia,2023,14357.34
Exports,Solid fossil fuels,Czechia,2024,17552.737
Exports,Solid fossil fuels,Germany,2005,6986.948
Exports,Solid fossil fuels,Germany,2006,7759.214
Exports,Solid fossil fuels,Germany,2007,9121.268
Exports,Solid fossil fuels,Germany,2008,12132.612
Exports,Solid fossil fuels,Germany,2009,10190.342
Exports,Solid fossil fuels,Germany,2010,11018.784
Exports,Solid fossil fuels,Germany,2011,11195.906
Exports,Solid fossil fuels,Germany,2012,13570.901
Exports,Solid fossil fuels,Germany,2013,13690.24
Exports,Solid fossil fuels,Germany,2014,18187.985
Exports,Solid fossil fuels,Germany,2015,16328.275
Exports,Solid fossil fuels,Germany,2016,16298.114
Exports,Solid fossil fuels,Germany,2017,17457.964
Exports,Solid fossil fuels,Germany,2018,17363.786
Exports,Solid fossil fuels,Germany,2019,17454.591
Exports,Solid fossil fuels,Germany,2020,16445.558
Exports,Solid fossil fuels,Germany,2021,19580.52
Exports,Solid fossil fuels,Germany,2022,20919.374
Exports,Solid fossil fuels,Germany,2023,16474.577
Exports,Solid fossil fuels,Germany,2024,21364.972
Exports,Solid fossil fuels,Denmark,2005,650.693
Exports,Solid fossil fuels,Denmark,2006,761.383
Exports,Solid fossil fuels,Denmark,2007,1294.164
Exports,Solid fossil fuels,Denmark,2008,1058.46
Exports,Solid fossil fuels,Denmark,2009,438.507
Exports,Solid fossil fuels,Denmark,2010,482.011
Exports,Solid fossil fuels,Denmark,2011,0.0
Exports,Solid fossil fuels,Denmark,2012,74.036
Exports,Solid fossil fuels,Denmark,2013,353.744
Exports,Solid fossil fuels,Denmark,2014,356.778
Exports,Solid fossil fuels,Denmark,2015,616.392
Exports,Solid fossil fuels,Denmark,2016,140.531
Exports,Solid fossil fuels,Denmark,2017,0.117
Exports,Solid fossil fuels,Denmark,2018,116.8
Exports,Solid fossil fuels,Denmark,2019,318.875
Exports,Solid fossil fuels,Denmark,2020,1337.334
Exports,Solid fossil fuels,Denmark,2021,4035.538
Exports,Solid fossil fuels,Denmark,2022,0.0
Exports,Solid fossil fuels,Denmark,2023,64.162
Exports,Solid fossil fuels,Denmark,2024,90.817
Exports,Solid fossil fuels,Estonia,2005,292.917
Exports,Solid fossil fuels,Estonia,2006,261.25
Exports,Solid fossil fuels,Estonia,2007,316.667
Exports,Solid fossil fuels,Estonia,2008,221.667
Exports,Solid fossil fuels,Estonia,2009,205.833
Exports,Solid fossil fuels,Estonia,2010,166.25
Exports,Solid fossil fuels,Estonia,2011,197.917
Exports,Solid fossil fuels,Estonia,2012,189.628
Exports,Solid fossil fuels,Estonia,2013,158.333
Exports,Solid fossil fuels,Estonia,2014,205.833
Exports,Solid fossil fuels,Estonia,2015,63.333
Exports,Solid fossil fuels,Estonia,2016,102.917
Exports,Solid fossil fuels,Estonia,2017,150.417
Exports,Solid fossil fuels,Estonia,2018,102.917
Exports,Solid fossil fuels,Estonia,2019,161.263
Exports,Solid fossil fuels,Estonia,2020,148.438
Exports,Solid fossil fuels,Estonia,2021,136.167
Exports,Solid fossil fuels,Estonia,2022,71.408
Exports,Solid fossil fuels,Estonia,2023,48.054
Exports,Solid fossil fuels,Estonia,2024,0.0
Exports,Solid fossil fuels,Greece,2005,311.104
Exports,Solid fossil fuels,Greece,2006,160.039
Exports,Solid fossil fuels,Greece,2007,114.413
Exports,Solid fossil fuels,Greece,2008,13.957
Exports,Solid fossil fuels,Greece,2009,13.957
Exports,Solid fossil fuels,Greece,2010,0.0
Exports,Solid fossil fuels,Greece,2011,58.274
Exports,Solid fossil fuels,Greece,2012,82.65
Exports,Solid fossil fuels,Greece,2013,96.269
Exports,Solid fossil fuels,Greece,2014,66.458
Exports,Solid fossil fuels,Greece,2015,0.0
Exports,Solid fossil fuels,Greece,2016,0.0
Exports,Solid fossil fuels,Greece,2017,0.0
Exports,Solid fossil fuels,Greece,2018,0.0
Exports,Solid fossil fuels,Greece,2019,0.0
Exports,Solid fossil fuels,Greece,2020,4.481
Exports,Solid fossil fuels,Greece,2021,0.0
Exports,Solid fossil fuels,Greece,2022,755.209
Exports,Solid fossil fuels,Greece,2023,1683.564
Exports,Solid fossil fuels,Greece,2024,1900.839
Exports,Solid fossil fuels,Spain,2005,4829.167
Exports,Solid fossil fuels,Spain,2006,8288.75
Exports,Solid fossil fuels,Spain,2007,14909.141
Exports,Solid fossil fuels,Spain,2008,17069.99
Exports,Solid fossil fuels,Spain,2009,10593.338
Exports,Solid fossil fuels,Spain,2010,12683.26
Exports,Solid fossil fuels,Spain,2011,10469.778
Exports,Solid fossil fuels,Spain,2012,15627.264
Exports,Solid fossil fuels,Spain,2013,5651.019
Exports,Solid fossil fuels,Spain,2014,9418.649
Exports,Solid fossil fuels,Spain,2015,8247.718
Exports,Solid fossil fuels,Spain,2016,4011.513
Exports,Solid fossil fuels,Spain,2017,2762.04
Exports,Solid fossil fuels,Spain,2018,3844.869
Exports,Solid fossil fuels,Spain,2019,11597.349
Exports,Solid fossil fuels,Spain,2020,14563.281
Exports,Solid fossil fuels,Spain,2021,5007.657
Exports,Solid fossil fuels,Spain,2022,10606.256
Exports,Solid fossil fuels,Spain,2023,25792.784
Exports,Solid fossil fuels,Spain,2024,7171.204
Exports,Solid fossil fuels,Finland,2005,390.556
Exports,Solid fossil fuels,Finland,2006,328.889
Exports,Solid fossil fuels,Finland,2007,404.694
Exports,Solid fossil fuels,Finland,2008,363.583
Exports,Solid fossil fuels,Finland,2009,240.25
Exports,Solid fossil fuels,Finland,2010,379.861
Exports,Solid fossil fuels,Finland,2011,439.389
Exports,Solid fossil fuels,Finland,2012,590.222
Exports,Solid fossil fuels,Finland,2013,631.389
Exports,Solid fossil fuels,Finland,2014,624.972
Exports,Solid fossil fuels,Finland,2015,1066.083
Exports,Solid fossil fuels,Finland,2016,819.778
Exports,Solid fossil fuels,Finland,2017,1196.306
Exports,Solid fossil fuels,Finland,2018,947.861
Exports,Solid fossil fuels,Finland,2019,1725.333
Exports,Solid fossil fuels,Finland,2020,1163.333
Exports,Solid fossil fuels,Finland,2021,597.889
Exports,Solid fossil fuels,Finland,2022,650.583
Exports,Solid fossil fuels,Finland,2023,815.083
Exports,Solid fossil fuels,Finland,2024,670.722
Exports,Solid fossil fuels,France,2005,7163.75
Exports,Solid fossil fuels,France,2006,6488.75
Exports,Solid fossil fuels,France,2007,7792.917
Exports,Solid fossil fuels,France,2008,9087.083
Exports,Solid fossil fuels,France,2009,5627.639
Exports,Solid fossil fuels,France,2010,2038.472
Exports,Solid fossil fuels,France,2011,645.556
Exports,Solid fossil fuels,France,2012,560.0
Exports,Solid fossil fuels,France,2013,101.111
Exports,Solid fossil fuels,France,2014,435.556
Exports,Solid fossil fuels,France,2015,210.0
Exports,Solid fossil fuels,France,2016,645.556
Exports,Solid fossil fuels,France,2017,43.758
Exports,Solid fossil fuels,France,2018,387.714
Exports,Solid fossil fuels,France,2019,48.004
Exports,Solid fossil fuels,France,2020,97.23
Exports,Solid fossil fuels,France,2021,49.708
Exports,Solid fossil fuels,France,2022,84.762
Exports,Solid fossil fuels,France,2023,21.101
Exports,Solid fossil fuels,France,2024,873.416
Exports,Solid fossil fuels,Croatia,2005,0.0
Exports,Solid fossil fuels,Croatia,2006,0.0
Exports,Solid fossil fuels,Croatia,2007,0.0
Exports,Solid fossil fuels,Croatia,2008,0.0
Exports,Solid fossil fuels,Croatia,2009,0.0
Exports,Solid fossil fuels,Croatia,2010,0.0
Exports,Solid fossil fuels,Croatia,2011,0.0
Exports,Solid fossil fuels,Croatia,2012,0.0
Exports,Solid fossil fuels,Croatia,2013,0.0
Exports,Solid fossil fuels,Croatia,2014,0.0
Exports,Solid fossil fuels,Croatia,2015,0.0
Exports,Solid fossil fuels,Croatia,2016,0.0
Exports,Solid fossil fuels,Croatia,2017,0.0
Exports,Solid fossil fuels,Croatia,2018,0.0
Exports,Solid fossil fuels,Croatia,2019,0.0
Exports,Solid fossil fuels,Croatia,2020,0.0
Exports,Solid fossil fuels,Croatia,2021,0.0
Exports,Solid fossil fuels,Croatia,2022,0.0
Exports,Solid fossil fuels,Croatia,2023,0.0
Exports,Solid fossil fuels,Croatia,2024,0.0
Exports,Solid fossil fuels,Hungary,2005,1773.328
Exports,Solid fossil fuels,Hungary,2006,3483.383
Exports,Solid fossil fuels,Hungary,2007,3614.972
Exports,Solid fossil fuels,Hungary,2008,3044.064
Exports,Solid fossil fuels,Hungary,2009,1868.244
Exports,Solid fossil fuels,Hungary,2010,3247.033
Exports,Solid fossil fuels,Hungary,2011,3228.733
Exports,Solid fossil fuels,Hungary,2012,3360.006
Exports,Solid fossil fuels,Hungary,2013,5073.083
Exports,Solid fossil fuels,Hungary,2014,5200.997
Exports,Solid fossil fuels,Hungary,2015,3642.926
Exports,Solid fossil fuels,Hungary,2016,4342.704
Exports,Solid fossil fuels,Hungary,2017,3181.522
Exports,Solid fossil fuels,Hungary,2018,2598.206
Exports,Solid fossil fuels,Hungary,2019,2710.898
Exports,Solid fossil fuels,Hungary,2020,2198.068
Exports,Solid fossil fuels,Hungary,2021,3931.301
Exports,Solid fossil fuels,Hungary,2022,1340.607
Exports,Solid fossil fuels,Hungary,2023,962.678
Exports,Solid fossil fuels,Hungary,2024,1080.118
Exports,Solid fossil fuels,Ireland,2005,56.975
Exports,Solid fossil fuels,Ireland,2006,23.198
Exports,Solid fossil fuels,Ireland,2007,0.0
Exports,Solid fossil fuels,Ireland,2008,2.868
Exports,Solid fossil fuels,Ireland,2009,9.71
Exports,Solid fossil fuels,Ireland,2010,3.666
Exports,Solid fossil fuels,Ireland,2011,4.084
Exports,Solid fossil fuels,Ireland,2012,4.695
Exports,Solid fossil fuels,Ireland,2013,7.409
Exports,Solid fossil fuels,Ireland,2014,4.618
Exports,Solid fossil fuels,Ireland,2015,13.266
Exports,Solid fossil fuels,Ireland,2016,18.55
Exports,Solid fossil fuels,Ireland,2017,7.882
Exports,Solid fossil fuels,Ireland,2018,0.0
Exports,Solid fossil fuels,Ireland,2019,0.0
Exports,Solid fossil fuels,Ireland,2020,0.0
Exports,Solid fossil fuels,Ireland,2021,0.0
Exports,Solid fossil fuels,Ireland,2022,0.0
Exports,Solid fossil fuels,Ireland,2023,0.0
Exports,Solid fossil fuels,Ireland,2024,0.0
Exports,Solid fossil fuels,Italy,2005,1844.722
Exports,Solid fossil fuels,Italy,2006,1772.222
Exports,Solid fossil fuels,Italy,2007,1731.944
Exports,Solid fossil fuels,Italy,2008,1925.278
Exports,Solid fossil fuels,Italy,2009,2223.333
Exports,Solid fossil fuels,Italy,2010,2475.976
Exports,Solid fossil fuels,Italy,2011,2220.217
Exports,Solid fossil fuels,Italy,2012,2454.173
Exports,Solid fossil fuels,Italy,2013,1981.667
Exports,Solid fossil fuels,Italy,2014,2753.981
Exports,Solid fossil fuels,Italy,2015,3050.039
Exports,Solid fossil fuels,Italy,2016,2947.328
Exports,Solid fossil fuels,Italy,2017,2724.016
Exports,Solid fossil fuels,Italy,2018,2901.487
Exports,Solid fossil fuels,Italy,2019,2333.226
Exports,Solid fossil fuels,Italy,2020,2438.451
Exports,Solid fossil fuels,Italy,2021,2101.76
Exports,Solid fossil fuels,Italy,2022,2753.304
Exports,Solid fossil fuels,Italy,2023,2003.834
Exports,Solid fossil fuels,Italy,2024,2992.264
Exports,Solid fossil fuels,Lithuania,2005,12.614
Exports,Solid fossil fuels,Lithuania,2006,18.921
Exports,Solid fossil fuels,Lithuania,2007,50.456
Exports,Solid fossil fuels,Lithuania,2008,56.763
Exports,Solid fossil fuels,Lithuania,2009,107.889
Exports,Solid fossil fuels,Lithuania,2010,239.125
Exports,Solid fossil fuels,Lithuania,2011,163.442
Exports,Solid fossil fuels,Lithuania,2012,160.489
Exports,Solid fossil fuels,Lithuania,2013,244.222
Exports,Solid fossil fuels,Lithuania,2014,0.0
Exports,Solid fossil fuels,Lithuania,2015,0.0
Exports,Solid fossil fuels,Lithuania,2016,0.0
Exports,Solid fossil fuels,Lithuania,2017,0.0
Exports,Solid fossil fuels,Lithuania,2018,0.0
Exports,Solid fossil fuels,Lithuania,2019,0.0
Exports,Solid fossil fuels,Lithuania,2020,0.0
Exports,Solid fossil fuels,Lithuania,2021,0.0
Exports,Solid fossil fuels,Lithuania,2022,0.0
Exports,Solid fossil fuels,Lithuania,2023,0.0
Exports,Solid fossil fuels,Lithuania,2024,0.0
Exports,Solid fossil fuels,Luxembourg,2005,0.0
Exports,Solid fossil fuels,Luxembourg,2006,0.0
Exports,Solid fossil fuels,Luxembourg,2007,0.0
Exports,Solid fossil fuels,Luxembourg,2008,0.0
Exports,Solid fossil fuels,Luxembourg,2009,0.0
Exports,Solid fossil fuels,Luxembourg,2010,0.0
Exports,Solid fossil fuels,Luxembourg,2011,0.0
Exports,Solid fossil fuels,Luxembourg,2012,0.0
Exports,Solid fossil fuels,Luxembourg,2013,0.0
Exports,Solid fossil fuels,Luxembourg,2014,0.0
Exports,Solid fossil fuels,Luxembourg,2015,0.0
Exports,Solid fossil fuels,Luxembourg,2016,0.0
Exports,Solid fossil fuels,Luxembourg,2017,0.0
Exports,Solid fossil fuels,Luxembourg,2018,0.0
Exports,Solid fossil fuels,Luxembourg,2019,0.0
Exports,Solid fossil fuels,Luxembourg,2020,0.0
Exports,Solid fossil fuels,Luxembourg,2021,0.0
Exports,Solid fossil fuels,Luxembourg,2022,0.0
Exports,Solid fossil fuels,Luxembourg,2023,0.0
Exports,Solid fossil fuels,Luxembourg,2024,0.0
Exports,Solid fossil fuels,Latvia,2005,0.0
Exports,Solid fossil fuels,Latvia,2006,0.0
Exports,Solid fossil fuels,Latvia,2007,0.0
Exports,Solid fossil fuels,Latvia,2008,21.85
Exports,Solid fossil fuels,Latvia,2009,36.417
Exports,Solid fossil fuels,Latvia,2010,14.567
Exports,Solid fossil fuels,Latvia,2011,50.983
Exports,Solid fossil fuels,Latvia,2012,44.374
Exports,Solid fossil fuels,Latvia,2013,54.404
Exports,Solid fossil fuels,Latvia,2014,40.27
Exports,Solid fossil fuels,Latvia,2015,13.283
Exports,Solid fossil fuels,Latvia,2016,39.533
Exports,Solid fossil fuels,Latvia,2017,39.326
Exports,Solid fossil fuels,Latvia,2018,68.694
Exports,Solid fossil fuels,Latvia,2019,31.891
Exports,Solid fossil fuels,Latvia,2020,30.435
Exports,Solid fossil fuels,Latvia,2021,58.155
Exports,Solid fossil fuels,Latvia,2022,45.014
Exports,Solid fossil fuels,Latvia,2023,0.366
Exports,Solid fossil fuels,Latvia,2024,0.0
Exports,Solid fossil fuels,Malta,2005,0.0
Exports,Solid fossil fuels,Malta,2006,0.0
Exports,Solid fossil fuels,Malta,2007,0.0
Exports,Solid fossil fuels,Malta,2008,0.0
Exports,Solid fossil fuels,Malta,2009,0.0
Exports,Solid fossil fuels,Malta,2010,0.0
Exports,Solid fossil fuels,Malta,2011,0.0
Exports,Solid fossil fuels,Malta,2012,0.0
Exports,Solid fossil fuels,Malta,2013,0.0
Exports,Solid fossil fuels,Malta,2014,0.0
Exports,Solid fossil fuels,Malta,2015,0.0
Exports,Solid fossil fuels,Malta,2016,0.0
Exports,Solid fossil fuels,Malta,2017,0.0
Exports,Solid fossil fuels,Malta,2018,0.0
Exports,Solid fossil fuels,Malta,2019,0.0
Exports,Solid fossil fuels,Malta,2020,0.0
Exports,Solid fossil fuels,Malta,2021,0.0
Exports,Solid fossil fuels,Malta,2022,0.0
Exports,Solid fossil fuels,Malta,2023,0.0
Exports,Solid fossil fuels,Malta,2024,0.0
Exports,Solid fossil fuels,Netherlands,2005,3090.444
Exports,Solid fossil fuels,Netherlands,2006,6203.306
Exports,Solid fossil fuels,Netherlands,2007,4935.222
Exports,Solid fossil fuels,Netherlands,2008,2835.0
Exports,Solid fossil fuels,Netherlands,2009,1340.167
Exports,Solid fossil fuels,Netherlands,2010,1288.056
Exports,Solid fossil fuels,Netherlands,2011,483.806
Exports,Solid fossil fuels,Netherlands,2012,922.694
Exports,Solid fossil fuels,Netherlands,2013,2575.694
Exports,Solid fossil fuels,Netherlands,2014,5085.056
Exports,Solid fossil fuels,Netherlands,2015,984.777
Exports,Solid fossil fuels,Netherlands,2016,618.899
Exports,Solid fossil fuels,Netherlands,2017,1023.331
Exports,Solid fossil fuels,Netherlands,2018,421.255
Exports,Solid fossil fuels,Netherlands,2019,683.518
Exports,Solid fossil fuels,Netherlands,2020,2189.064
Exports,Solid fossil fuels,Netherlands,2021,410.328
Exports,Solid fossil fuels,Netherlands,2022,1266.422
Exports,Solid fossil fuels,Netherlands,2023,3835.547
Exports,Solid fossil fuels,Netherlands,2024,1218.913
Exports,Solid fossil fuels,Poland,2005,176118.386
Exports,Solid fossil fuels,Poland,2006,181931.263
Exports,Solid fossil fuels,Poland,2007,143894.928
Exports,Solid fossil fuels,Poland,2008,117106.461
Exports,Solid fossil fuels,Poland,2009,106753.686
Exports,Solid fossil fuels,Poland,2010,128037.268
Exports,Solid fossil fuels,Poland,2011,109298.154
Exports,Solid fossil fuels,Poland,2012,108816.068
Exports,Solid fossil fuels,Poland,2013,137937.062
Exports,Solid fossil fuels,Poland,2014,123775.05
Exports,Solid fossil fuels,Poland,2015,123190.232
Exports,Solid fossil fuels,Poland,2016,125892.603
Exports,Solid fossil fuels,Poland,2017,108363.862
Exports,Solid fossil fuels,Poland,2018,93821.22
Exports,Solid fossil fuels,Poland,2019,86419.353
Exports,Solid fossil fuels,Poland,2020,88403.738
Exports,Solid fossil fuels,Poland,2021,106914.272
Exports,Solid fossil fuels,Poland,2022,93413.911
Exports,Solid fossil fuels,Poland,2023,93733.676
Exports,Solid fossil fuels,Poland,2024,83535.082
Exports,Solid fossil fuels,Portugal,2005,0.0
Exports,Solid fossil fuels,Portugal,2006,0.0
Exports,Solid fossil fuels,Portugal,2007,0.0
Exports,Solid fossil fuels,Portugal,2008,0.0
Exports,Solid fossil fuels,Portugal,2009,0.0
Exports,Solid fossil fuels,Portugal,2010,0.0
Exports,Solid fossil fuels,Portugal,2011,0.0
Exports,Solid fossil fuels,Portugal,2012,0.0
Exports,Solid fossil fuels,Portugal,2013,0.0
Exports,Solid fossil fuels,Portugal,2014,0.0
Exports,Solid fossil fuels,Portugal,2015,0.0
Exports,Solid fossil fuels,Portugal,2016,0.0
Exports,Solid fossil fuels,Portugal,2017,0.0
Exports,Solid fossil fuels,Portugal,2018,0.0
Exports,Solid fossil fuels,Portugal,2019,0.0
Exports,Solid fossil fuels,Portugal,2020,560.0
Exports,Solid fossil fuels,Portugal,2021,0.0
Exports,Solid fossil fuels,Portugal,2022,0.0
Exports,Solid fossil fuels,Portugal,2023,0.0
Exports,Solid fossil fuels,Portugal,2024,0.0
Exports,Solid fossil fuels,Romania,2005,256.375
Exports,Solid fossil fuels,Romania,2006,178.967
Exports,Solid fossil fuels,Romania,2007,541.106
Exports,Solid fossil fuels,Romania,2008,231.903
Exports,Solid fossil fuels,Romania,2009,186.394
Exports,Solid fossil fuels,Romania,2010,575.906
Exports,Solid fossil fuels,Romania,2011,277.566
Exports,Solid fossil fuels,Romania,2012,154.59
Exports,Solid fossil fuels,Romania,2013,44.593
Exports,Solid fossil fuels,Romania,2014,111.364
Exports,Solid fossil fuels,Romania,2015,770.595
Exports,Solid fossil fuels,Romania,2016,6.159
Exports,Solid fossil fuels,Romania,2017,5.305
Exports,Solid fossil fuels,Romania,2018,13.243
Exports,Solid fossil fuels,Romania,2019,1.066
Exports,Solid fossil fuels,Romania,2020,6.934
Exports,Solid fossil fuels,Romania,2021,253.356
Exports,Solid fossil fuels,Romania,2022,412.316
Exports,Solid fossil fuels,Romania,2023,449.991
Exports,Solid fossil fuels,Romania,2024,338.651
Exports,Solid fossil fuels,Sweden,2005,312.581
Exports,Solid fossil fuels,Sweden,2006,251.517
Exports,Solid fossil fuels,Sweden,2007,236.987
Exports,Solid fossil fuels,Sweden,2008,327.425
Exports,Solid fossil fuels,Sweden,2009,2182.867
Exports,Solid fossil fuels,Sweden,2010,265.011
Exports,Solid fossil fuels,Sweden,2011,202.611
Exports,Solid fossil fuels,Sweden,2012,179.211
Exports,Solid fossil fuels,Sweden,2013,210.411
Exports,Solid fossil fuels,Sweden,2014,241.611
Exports,Solid fossil fuels,Sweden,2015,631.8
Exports,Solid fossil fuels,Sweden,2016,218.4
Exports,Solid fossil fuels,Sweden,2017,234.0
Exports,Solid fossil fuels,Sweden,2018,70.2
Exports,Solid fossil fuels,Sweden,2019,382.2
Exports,Solid fossil fuels,Sweden,2020,179.4
Exports,Solid fossil fuels,Sweden,2021,187.2
Exports,Solid fossil fuels,Sweden,2022,265.2
Exports,Solid fossil fuels,Sweden,2023,232.678
Exports,Solid fossil fuels,Sweden,2024,385.222
Exports,Solid fossil fuels,Slovenia,2005,113.778
Exports,Solid fossil fuels,Slovenia,2006,196.119
Exports,Solid fossil fuels,Slovenia,2007,17.647
Exports,Solid fossil fuels,Slovenia,2008,7.054
Exports,Solid fossil fuels,Slovenia,2009,33.189
Exports,Solid fossil fuels,Slovenia,2010,0.0
Exports,Solid fossil fuels,Slovenia,2011,14.078
Exports,Solid fossil fuels,Slovenia,2012,7.059
Exports,Solid fossil fuels,Slovenia,2013,50.896
Exports,Solid fossil fuels,Slovenia,2014,7.002
Exports,Solid fossil fuels,Slovenia,2015,0.0
Exports,Solid fossil fuels,Slovenia,2016,0.0
Exports,Solid fossil fuels,Slovenia,2017,0.0
Exports,Solid fossil fuels,Slovenia,2018,0.0
Exports,Solid fossil fuels,Slovenia,2019,0.0
Exports,Solid fossil fuels,Slovenia,2020,0.0
Exports,Solid fossil fuels,Slovenia,2021,0.0
Exports,Solid fossil fuels,Slovenia,2022,0.0
Exports,Solid fossil fuels,Slovenia,2023,0.0
Exports,Solid fossil fuels,Slovenia,2024,0.0
Exports,Solid fossil fuels,Slovakia,2005,1747.152
Exports,Solid fossil fuels,Slovakia,2006,1726.093
Exports,Solid fossil fuels,Slovakia,2007,1765.586
Exports,Solid fossil fuels,Slovakia,2008,1973.876
Exports,Solid fossil fuels,Slovakia,2009,1826.688
Exports,Solid fossil fuels,Slovakia,2010,3069.878
Exports,Solid fossil fuels,Slovakia,2011,1942.504
Exports,Solid fossil fuels,Slovakia,2012,919.152
Exports,Solid fossil fuels,Slovakia,2013,971.436
Exports,Solid fossil fuels,Slovakia,2014,773.51
Exports,Solid fossil fuels,Slovakia,2015,584.043
Exports,Solid fossil fuels,Slovakia,2016,650.697
Exports,Solid fossil fuels,Slovakia,2017,618.178
Exports,Solid fossil fuels,Slovakia,2018,537.072
Exports,Solid fossil fuels,Slovakia,2019,993.178
Exports,Solid fossil fuels,Slovakia,2020,372.111
Exports,Solid fossil fuels,Slovakia,2021,518.597
Exports,Solid fossil fuels,Slovakia,2022,662.203
Exports,Solid fossil fuels,Slovakia,2023,609.153
Exports,Solid fossil fuels,Slovakia,2024,490.689
Exports,Natural gas,Austria,2005,0.0
Exports,Natural gas,Austria,2006,0.0
Exports,Natural gas,Austria,2007,0.0
Exports,Natural gas,Austria,2008,0.0
Exports,Natural gas,Austria,2009,0.0
Exports,Natural gas,Austria,2010,0.0
Exports,Natural gas,Austria,2011,0.0
Exports,Natural gas,Austria,2012,0.0
Exports,Natural gas,Austria,2013,0.0
Exports,Natural gas,Austria,2014,0.0
Exports,Natural gas,Austria,2015,0.0
Exports,Natural gas,Austria,2016,0.0
Exports,Natural gas,Austria,2017,0.0
Exports,Natural gas,Austria,2018,0.0
Exports,Natural gas,Austria,2019,0.0
Exports,Natural gas,Austria,2020,0.0
Exports,Natural gas,Austria,2021,0.0
Exports,Natural gas,Austria,2022,0.0
Exports,Natural gas,Austria,2023,0.0
Exports,Natural gas,Austria,2024,0.0
Exports,Natural gas,Belgium,2005,0.0
Exports,Natural gas,Belgium,2006,0.0
Exports,Natural gas,Belgium,2007,0.0
Exports,Natural gas,Belgium,2008,6914.719
Exports,Natural gas,Belgium,2009,35333.881
Exports,Natural gas,Belgium,2010,32137.543
Exports,Natural gas,Belgium,2011,39390.38
Exports,Natural gas,Belgium,2012,12585.311
Exports,Natural gas,Belgium,2013,9215.627
Exports,Natural gas,Belgium,2014,8148.979
Exports,Natural gas,Belgium,2015,16607.066
Exports,Natural gas,Belgium,2016,6761.079
Exports,Natural gas,Belgium,2017,3132.658
Exports,Natural gas,Belgium,2018,13369.197
Exports,Natural gas,Belgium,2019,43854.704
Exports,Natural gas,Belgium,2020,33937.084
Exports,Natural gas,Belgium,2021,28206.941
Exports,Natural gas,Belgium,2022,83838.743
Exports,Natural gas,Belgium,2023,79843.196
Exports,Natural gas,Belgium,2024,48154.404
Exports,Natural gas,Bulgaria,2005,0.0
Exports,Natural gas,Bulgaria,2006,0.0
Exports,Natural gas,Bulgaria,2007,0.0
Exports,Natural gas,Bulgaria,2008,0.0
Exports,Natural gas,Bulgaria,2009,0.0
Exports,Natural gas,Bulgaria,2010,0.0
Exports,Natural gas,Bulgaria,2011,0.0
Exports,Natural gas,Bulgaria,2012,0.0
Exports,Natural gas,Bulgaria,2013,0.0
Exports,Natural gas,Bulgaria,2014,18.25
Exports,Natural gas,Bulgaria,2015,22.75
Exports,Natural gas,Bulgaria,2016,26.75
Exports,Natural gas,Bulgaria,2017,311.496
Exports,Natural gas,Bulgaria,2018,120.576
Exports,Natural gas,Bulgaria,2019,73.884
Exports,Natural gas,Bulgaria,2020,100.159
Exports,Natural gas,Bulgaria,2021,0.0
Exports,Natural gas,Bulgaria,2022,0.0
Exports,Natural gas,Bulgaria,2023,0.0
Exports,Natural gas,Bulgaria,2024,0.0
Exports,Natural gas,Cyprus,2005,0.0
Exports,Natural gas,Cyprus,2006,0.0
Exports,Natural gas,Cyprus,2007,0.0
Exports,Natural gas,Cyprus,2008,0.0
Exports,Natural gas,Cyprus,2009,0.0
Exports,Natural gas,Cyprus,2010,0.0
Exports,Natural gas,Cyprus,2011,0.0
Exports,Natural gas,Cyprus,2012,0.0
Exports,Natural gas,Cyprus,2013,0.0
Exports,Natural gas,Cyprus,2014,0.0
Exports,Natural gas,Cyprus,2015,0.0
Exports,Natural gas,Cyprus,2016,0.0
Exports,Natural gas,Cyprus,2017,0.0
Exports,Natural gas,Cyprus,2018,0.0
Exports,Natural gas,Cyprus,2019,0.0
Exports,Natural gas,Cyprus,2020,0.0
Exports,Natural gas,Cyprus,2021,0.0
Exports,Natural gas,Cyprus,2022,0.0
Exports,Natural gas,Cyprus,2023,0.0
Exports,Natural gas,Cyprus,2024,0.0
Exports,Natural gas,Czechia,2005,805.0
Exports,Natural gas,Czechia,2006,799.5
Exports,Natural gas,Czechia,2007,812.75
Exports,Natural gas,Czechia,2008,218.5
Exports,Natural gas,Czechia,2009,266.75
Exports,Natural gas,Czechia,2010,1515.75
Exports,Natural gas,Czechia,2011,1594.5
Exports,Natural gas,Czechia,2012,71.0
Exports,Natural gas,Czechia,2013,77.5
Exports,Natural gas,Czechia,2014,11.25
Exports,Natural gas,Czechia,2015,0.0
Exports,Natural gas,Czechia,2016,0.0
Exports,Natural gas,Czechia,2017,0.0
Exports,Natural gas,Czechia,2018,0.0
Exports,Natural gas,Czechia,2019,0.0
Exports,Natural gas,Czechia,2020,0.0
Exports,Natural gas,Czechia,2021,0.0
Exports,Natural gas,Czechia,2022,0.0
Exports,Natural gas,Czechia,2023,0.0
Exports,Natural gas,Czechia,2024,0.0
Exports,Natural gas,Germany,2005,197248.626
Exports,Natural gas,Germany,2006,151081.389
Exports,Natural gas,Germany,2007,152749.379
Exports,Natural gas,Germany,2008,146666.164
Exports,Natural gas,Germany,2009,128952.015
Exports,Natural gas,Germany,2010,199538.363
Exports,Natural gas,Germany,2011,171583.272
Exports,Natural gas,Germany,2012,165866.055
Exports,Natural gas,Germany,2013,214048.03
Exports,Natural gas,Germany,2014,217105.513
Exports,Natural gas,Germany,2015,316831.194
Exports,Natural gas,Germany,2016,224784.469
Exports,Natural gas,Germany,2017,312849.472
Exports,Natural gas,Germany,2018,0.0
Exports,Natural gas,Germany,2019,0.0
Exports,Natural gas,Germany,2020,0.0
Exports,Natural gas,Germany,2021,0.0
Exports,Natural gas,Germany,2022,0.0
Exports,Natural gas,Germany,2023,0.0
Exports,Natural gas,Germany,2024,0.0
Exports,Natural gas,Denmark,2005,58271.87
Exports,Natural gas,Denmark,2006,54520.564
Exports,Natural gas,Denmark,2007,47094.25
Exports,Natural gas,Denmark,2008,57343.863
Exports,Natural gas,Denmark,2009,41629.334
Exports,Natural gas,Denmark,2010,36725.045
Exports,Natural gas,Denmark,2011,32514.684
Exports,Natural gas,Denmark,2012,31088.915
Exports,Natural gas,Denmark,2013,22954.752
Exports,Natural gas,Denmark,2014,21788.671
Exports,Natural gas,Denmark,2015,22874.861
Exports,Natural gas,Denmark,2016,22060.11
Exports,Natural gas,Denmark,2017,23343.326
Exports,Natural gas,Denmark,2018,16019.173
Exports,Natural gas,Denmark,2019,13733.923
Exports,Natural gas,Denmark,2020,16567.051
Exports,Natural gas,Denmark,2021,17880.344
Exports,Natural gas,Denmark,2022,22308.698
Exports,Natural gas,Denmark,2023,84180.572
Exports,Natural gas,Denmark,2024,86742.266
Exports,Natural gas,Estonia,2005,0.0
Exports,Natural gas,Estonia,2006,0.0
Exports,Natural gas,Estonia,2007,0.0
Exports,Natural gas,Estonia,2008,0.0
Exports,Natural gas,Estonia,2009,0.0
Exports,Natural gas,Estonia,2010,0.0
Exports,Natural gas,Estonia,2011,0.0
Exports,Natural gas,Estonia,2012,0.0
Exports,Natural gas,Estonia,2013,0.0
Exports,Natural gas,Estonia,2014,0.0
Exports,Natural gas,Estonia,2015,0.0
Exports,Natural gas,Estonia,2016,0.0
Exports,Natural gas,Estonia,2017,0.0
Exports,Natural gas,Estonia,2018,0.0
Exports,Natural gas,Estonia,2019,0.0
Exports,Natural gas,Estonia,2020,0.0
Exports,Natural gas,Estonia,2021,0.0
Exports,Natural gas,Estonia,2022,0.0
Exports,Natural gas,Estonia,2023,0.0
Exports,Natural gas,Estonia,2024,0.0
Exports,Natural gas,Greece,2005,0.0
Exports,Natural gas,Greece,2006,0.0
Exports,Natural gas,Greece,2007,0.0
Exports,Natural gas,Greece,2008,0.0
Exports,Natural gas,Greece,2009,0.0
Exports,Natural gas,Greece,2010,0.0
Exports,Natural gas,Greece,2011,0.0
Exports,Natural gas,Greece,2012,0.0
Exports,Natural gas,Greece,2013,0.0
Exports,Natural gas,Greece,2014,0.0
Exports,Natural gas,Greece,2015,0.0
Exports,Natural gas,Greece,2016,0.0
Exports,Natural gas,Greece,2017,0.0
Exports,Natural gas,Greece,2018,0.0
Exports,Natural gas,Greece,2019,158.538
Exports,Natural gas,Greece,2020,330.028
Exports,Natural gas,Greece,2021,155.518
Exports,Natural gas,Greece,2022,4799.221
Exports,Natural gas,Greece,2023,2618.81
Exports,Natural gas,Greece,2024,432.701
Exports,Natural gas,Spain,2005,0.0
Exports,Natural gas,Spain,2006,0.0
Exports,Natural gas,Spain,2007,0.0
Exports,Natural gas,Spain,2008,474.757
Exports,Natural gas,Spain,2009,10387.971
Exports,Natural gas,Spain,2010,11687.41
Exports,Natural gas,Spain,2011,17166.453
Exports,Natural gas,Spain,2012,28279.655
Exports,Natural gas,Spain,2013,59016.926
Exports,Natural gas,Spain,2014,83176.0
Exports,Natural gas,Spain,2015,51198.188
Exports,Natural gas,Spain,2016,40344.918
Exports,Natural gas,Spain,2017,29146.5
Exports,Natural gas,Spain,2018,32852.0
Exports,Natural gas,Spain,2019,11378.5
Exports,Natural gas,Spain,2020,11852.091
Exports,Natural gas,Spain,2021,30565.261
Exports,Natural gas,Spain,2022,61262.838
Exports,Natural gas,Spain,2023,66414.887
Exports,Natural gas,Spain,2024,29466.106
Exports,Natural gas,Finland,2005,0.0
Exports,Natural gas,Finland,2006,0.0
Exports,Natural gas,Finland,2007,0.0
Exports,Natural gas,Finland,2008,0.0
Exports,Natural gas,Finland,2009,0.0
Exports,Natural gas,Finland,2010,0.0
Exports,Natural gas,Finland,2011,0.0
Exports,Natural gas,Finland,2012,0.5
Exports,Natural gas,Finland,2013,5.0
Exports,Natural gas,Finland,2014,2.75
Exports,Natural gas,Finland,2015,2.75
Exports,Natural gas,Finland,2016,3.75
Exports,Natural gas,Finland,2017,0.0
Exports,Natural gas,Finland,2018,0.0
Exports,Natural gas,Finland,2019,0.0
Exports,Natural gas,Finland,2020,0.0
Exports,Natural gas,Finland,2021,0.0
Exports,Natural gas,Finland,2022,0.0
Exports,Natural gas,Finland,2023,1651.972
Exports,Natural gas,Finland,2024,5026.638
Exports,Natural gas,France,2005,10504.884
Exports,Natural gas,France,2006,7899.587
Exports,Natural gas,France,2007,9047.9
Exports,Natural gas,France,2008,12747.715
Exports,Natural gas,France,2009,22406.438
Exports,Natural gas,France,2010,29745.422
Exports,Natural gas,France,2011,67509.518
Exports,Natural gas,France,2012,62380.8
Exports,Natural gas,France,2013,52474.719
Exports,Natural gas,France,2014,46114.371
Exports,Natural gas,France,2015,34647.966
Exports,Natural gas,France,2016,16795.836
Exports,Natural gas,France,2017,40885.199
Exports,Natural gas,France,2018,37454.604
Exports,Natural gas,France,2019,94844.722
Exports,Natural gas,France,2020,84518.29
Exports,Natural gas,France,2021,55833.637
Exports,Natural gas,France,2022,154171.595
Exports,Natural gas,France,2023,140292.667
Exports,Natural gas,France,2024,143297.732
Exports,Natural gas,Croatia,2005,4224.745
Exports,Natural gas,Croatia,2006,8508.25
Exports,Natural gas,Croatia,2007,7141.25
Exports,Natural gas,Croatia,2008,6506.75
Exports,Natural gas,Croatia,2009,7601.75
Exports,Natural gas,Croatia,2010,4572.0
Exports,Natural gas,Croatia,2011,2442.25
Exports,Natural gas,Croatia,2012,2425.25
Exports,Natural gas,Croatia,2013,3552.0
Exports,Natural gas,Croatia,2014,4170.25
Exports,Natural gas,Croatia,2015,3531.0
Exports,Natural gas,Croatia,2016,3764.218
Exports,Natural gas,Croatia,2017,1924.886
Exports,Natural gas,Croatia,2018,1090.198
Exports,Natural gas,Croatia,2019,695.687
Exports,Natural gas,Croatia,2020,507.063
Exports,Natural gas,Croatia,2021,1226.944
Exports,Natural gas,Croatia,2022,10413.5
Exports,Natural gas,Croatia,2023,11184.275
Exports,Natural gas,Croatia,2024,9436.025
Exports,Natural gas,Hungary,2005,0.0
Exports,Natural gas,Hungary,2006,51.5
Exports,Natural gas,Hungary,2007,198.75
Exports,Natural gas,Hungary,2008,218.5
Exports,Natural gas,Hungary,2009,820.75
Exports,Natural gas,Hungary,2010,2167.0
Exports,Natural gas,Hungary,2011,5415.25
Exports,Natural gas,Hungary,2012,8032.0
Exports,Natural gas,Hungary,2013,14084.25
Exports,Natural gas,Hungary,2014,7183.25
Exports,Natural gas,Hungary,2015,5328.75
Exports,Natural gas,Hungary,2016,0.0
Exports,Natural gas,Hungary,2017,0.0
Exports,Natural gas,Hungary,2018,0.0
Exports,Natural gas,Hungary,2019,0.0
Exports,Natural gas,Hungary,2020,0.0
Exports,Natural gas,Hungary,2021,0.0
Exports,Natural gas,Hungary,2022,0.0
Exports,Natural gas,Hungary,2023,0.0
Exports,Natural gas,Hungary,2024,0.0
Exports,Natural gas,Ireland,2005,0.0
Exports,Natural gas,Ireland,2006,0.0
Exports,Natural gas,Ireland,2007,0.0
Exports,Natural gas,Ireland,2008,0.0
Exports,Natural gas,Ireland,2009,0.0
Exports,Natural gas,Ireland,2010,0.0
Exports,Natural gas,Ireland,2011,0.0
Exports,Natural gas,Ireland,2012,0.0
Exports,Natural gas,Ireland,2013,0.0
Exports,Natural gas,Ireland,2014,0.0
Exports,Natural gas,Ireland,2015,0.0
Exports,Natural gas,Ireland,2016,0.0
Exports,Natural gas,Ireland,2017,0.0
Exports,Natural gas,Ireland,2018,0.0
Exports,Natural gas,Ireland,2019,0.0
Exports,Natural gas,Ireland,2020,0.0
Exports,Natural gas,Ireland,2021,0.0
Exports,Natural gas,Ireland,2022,0.0
Exports,Natural gas,Ireland,2023,0.0
Exports,Natural gas,Ireland,2024,0.0
Exports,Natural gas,Italy,2005,3772.0
Exports,Natural gas,Italy,2006,3514.5
Exports,Natural gas,Italy,2007,647.75
Exports,Natural gas,Italy,2008,2000.75
Exports,Natural gas,Italy,2009,1191.0
Exports,Natural gas,Italy,2010,1343.0
Exports,Natural gas,Italy,2011,1181.5
Exports,Natural gas,Italy,2012,1324.0
Exports,Natural gas,Italy,2013,2171.75
Exports,Natural gas,Italy,2014,2257.5
Exports,Natural gas,Italy,2015,2105.0
Exports,Natural gas,Italy,2016,2019.25
Exports,Natural gas,Italy,2017,2596.287
Exports,Natural gas,Italy,2018,3719.551
Exports,Natural gas,Italy,2019,3099.816
Exports,Natural gas,Italy,2020,3005.709
Exports,Natural gas,Italy,2021,14701.809
Exports,Natural gas,Italy,2022,43947.922
Exports,Natural gas,Italy,2023,24950.633
Exports,Natural gas,Italy,2024,5897.69
Exports,Natural gas,Lithuania,2005,0.0
Exports,Natural gas,Lithuania,2006,0.0
Exports,Natural gas,Lithuania,2007,0.0
Exports,Natural gas,Lithuania,2008,0.0
Exports,Natural gas,Lithuania,2009,0.0
Exports,Natural gas,Lithuania,2010,0.0
Exports,Natural gas,Lithuania,2011,0.0
Exports,Natural gas,Lithuania,2012,0.0
Exports,Natural gas,Lithuania,2013,0.0
Exports,Natural gas,Lithuania,2014,9.25
Exports,Natural gas,Lithuania,2015,926.5
Exports,Natural gas,Lithuania,2016,426.75
Exports,Natural gas,Lithuania,2017,1994.989
Exports,Natural gas,Lithuania,2018,1750.25
Exports,Natural gas,Lithuania,2019,5043.707
Exports,Natural gas,Lithuania,2020,5022.25
Exports,Natural gas,Lithuania,2021,1292.007
Exports,Natural gas,Lithuania,2022,19346.721
Exports,Natural gas,Lithuania,2023,18362.854
Exports,Natural gas,Lithuania,2024,10552.34
Exports,Natural gas,Luxembourg,2005,0.0
Exports,Natural gas,Luxembourg,2006,0.0
Exports,Natural gas,Luxembourg,2007,0.0
Exports,Natural gas,Luxembourg,2008,0.0
Exports,Natural gas,Luxembourg,2009,0.0
Exports,Natural gas,Luxembourg,2010,0.0
Exports,Natural gas,Luxembourg,2011,0.0
Exports,Natural gas,Luxembourg,2012,0.0
Exports,Natural gas,Luxembourg,2013,0.0
Exports,Natural gas,Luxembourg,2014,0.0
Exports,Natural gas,Luxembourg,2015,0.0
Exports,Natural gas,Luxembourg,2016,0.0
Exports,Natural gas,Luxembourg,2017,0.0
Exports,Natural gas,Luxembourg,2018,0.0
Exports,Natural gas,Luxembourg,2019,0.0
Exports,Natural gas,Luxembourg,2020,0.0
Exports,Natural gas,Luxembourg,2021,0.0
Exports,Natural gas,Luxembourg,2022,0.0
Exports,Natural gas,Luxembourg,2023,0.0
Exports,Natural gas,Luxembourg,2024,0.0
Exports,Natural gas,Latvia,2005,0.0
Exports,Natural gas,Latvia,2006,0.0
Exports,Natural gas,Latvia,2007,0.0
Exports,Natural gas,Latvia,2008,0.0
Exports,Natural gas,Latvia,2009,0.0
Exports,Natural gas,Latvia,2010,0.0
Exports,Natural gas,Latvia,2011,0.0
Exports,Natural gas,Latvia,2012,0.0
Exports,Natural gas,Latvia,2013,0.0
Exports,Natural gas,Latvia,2014,0.0
Exports,Natural gas,Latvia,2015,0.0
Exports,Natural gas,Latvia,2016,0.0
Exports,Natural gas,Latvia,2017,0.0
Exports,Natural gas,Latvia,2018,0.0
Exports,Natural gas,Latvia,2019,0.0
Exports,Natural gas,Latvia,2020,0.0
Exports,Natural gas,Latvia,2021,0.0
Exports,Natural gas,Latvia,2022,0.0
Exports,Natural gas,Latvia,2023,0.0
Exports,Natural gas,Latvia,2024,14.263
Exports,Natural gas,Malta,2005,0.0
Exports,Natural gas,Malta,2006,0.0
Exports,Natural gas,Malta,2007,0.0
Exports,Natural gas,Malta,2008,0.0
Exports,Natural gas,Malta,2009,0.0
Exports,Natural gas,Malta,2010,0.0
Exports,Natural gas,Malta,2011,0.0
Exports,Natural gas,Malta,2012,0.0
Exports,Natural gas,Malta,2013,0.0
Exports,Natural gas,Malta,2014,0.0
Exports,Natural gas,Malta,2015,0.0
Exports,Natural gas,Malta,2016,0.0
Exports,Natural gas,Malta,2017,0.0
Exports,Natural gas,Malta,2018,0.0
Exports,Natural gas,Malta,2019,0.0
Exports,Natural gas,Malta,2020,0.0
Exports,Natural gas,Malta,2021,0.0
Exports,Natural gas,Malta,2022,0.0
Exports,Natural gas,Malta,2023,0.0
Exports,Natural gas,Malta,2024,0.0
Exports,Natural gas,Netherlands,2005,434693.051
Exports,Natural gas,Netherlands,2006,455526.232
Exports,Natural gas,Netherlands,2007,463942.954
Exports,Natural gas,Netherlands,2008,514359.286
Exports,Natural gas,Netherlands,2009,463470.705
Exports,Natural gas,Netherlands,2010,496137.346
Exports,Natural gas,Netherlands,2011,477581.658
Exports,Natural gas,Netherlands,2012,529581.485
Exports,Natural gas,Netherlands,2013,591137.03
Exports,Natural gas,Netherlands,2014,512970.54
Exports,Natural gas,Netherlands,2015,425362.517
Exports,Natural gas,Netherlands,2016,463091.126
Exports,Natural gas,Netherlands,2017,216158.866
Exports,Natural gas,Netherlands,2018,205911.814
Exports,Natural gas,Netherlands,2019,198844.115
Exports,Natural gas,Netherlands,2020,136309.887
Exports,Natural gas,Netherlands,2021,138935.163
Exports,Natural gas,Netherlands,2022,147136.101
Exports,Natural gas,Netherlands,2023,166247.054
Exports,Natural gas,Netherlands,2024,137278.425
Exports,Natural gas,Poland,2005,416.75
Exports,Natural gas,Poland,2006,436.25
Exports,Natural gas,Poland,2007,419.25
Exports,Natural gas,Poland,2008,367.5
Exports,Natural gas,Poland,2009,388.5
Exports,Natural gas,Poland,2010,438.0
Exports,Natural gas,Poland,2011,274.752
Exports,Natural gas,Poland,2012,29.75
Exports,Natural gas,Poland,2013,895.49
Exports,Natural gas,Poland,2014,720.0
Exports,Natural gas,Poland,2015,527.997
Exports,Natural gas,Poland,2016,8323.5
Exports,Natural gas,Poland,2017,11807.989
Exports,Natural gas,Poland,2018,6569.578
Exports,Natural gas,Poland,2019,12790.28
Exports,Natural gas,Poland,2020,9580.872
Exports,Natural gas,Poland,2021,1097.285
Exports,Natural gas,Poland,2022,5864.458
Exports,Natural gas,Poland,2023,6849.136
Exports,Natural gas,Poland,2024,950.702
Exports,Natural gas,Portugal,2005,0.0
Exports,Natural gas,Portugal,2006,0.0
Exports,Natural gas,Portugal,2007,0.0
Exports,Natural gas,Portugal,2008,0.0
Exports,Natural gas,Portugal,2009,0.0
Exports,Natural gas,Portugal,2010,0.0
Exports,Natural gas,Portugal,2011,0.0
Exports,Natural gas,Portugal,2012,0.0
Exports,Natural gas,Portugal,2013,0.0
Exports,Natural gas,Portugal,2014,0.0
Exports,Natural gas,Portugal,2015,0.0
Exports,Natural gas,Portugal,2016,0.0
Exports,Natural gas,Portugal,2017,0.0
Exports,Natural gas,Portugal,2018,0.0
Exports,Natural gas,Portugal,2019,0.0
Exports,Natural gas,Portugal,2020,0.0
Exports,Natural gas,Portugal,2021,0.0
Exports,Natural gas,Portugal,2022,0.0
Exports,Natural gas,Portugal,2023,0.0
Exports,Natural gas,Portugal,2024,0.0
Exports,Natural gas,Romania,2005,0.0
Exports,Natural gas,Romania,2006,0.0
Exports,Natural gas,Romania,2007,0.0
Exports,Natural gas,Romania,2008,0.0
Exports,Natural gas,Romania,2009,0.0
Exports,Natural gas,Romania,2010,0.0
Exports,Natural gas,Romania,2011,0.0
Exports,Natural gas,Romania,2012,0.0
Exports,Natural gas,Romania,2013,0.0
Exports,Natural gas,Romania,2014,0.0
Exports,Natural gas,Romania,2015,9.5
Exports,Natural gas,Romania,2016,11.0
Exports,Natural gas,Romania,2017,243.743
Exports,Natural gas,Romania,2018,288.662
Exports,Natural gas,Romania,2019,122.987
Exports,Natural gas,Romania,2020,1340.923
Exports,Natural gas,Romania,2021,6990.614
Exports,Natural gas,Romania,2022,9081.836
Exports,Natural gas,Romania,2023,21158.58
Exports,Natural gas,Romania,2024,21980.119
Exports,Natural gas,Sweden,2005,0.0
Exports,Natural gas,Sweden,2006,0.0
Exports,Natural gas,Sweden,2007,0.0
Exports,Natural gas,Sweden,2008,0.0
Exports,Natural gas,Sweden,2009,0.0
Exports,Natural gas,Sweden,2010,0.0
Exports,Natural gas,Sweden,2011,0.0
Exports,Natural gas,Sweden,2012,0.0
Exports,Natural gas,Sweden,2013,0.0
Exports,Natural gas,Sweden,2014,0.0
Exports,Natural gas,Sweden,2015,0.0
Exports,Natural gas,Sweden,2016,0.0
Exports,Natural gas,Sweden,2017,51.25
Exports,Natural gas,Sweden,2018,165.25
Exports,Natural gas,Sweden,2019,259.746
Exports,Natural gas,Sweden,2020,290.484
Exports,Natural gas,Sweden,2021,565.766
Exports,Natural gas,Sweden,2022,101.165
Exports,Natural gas,Sweden,2023,88.471
Exports,Natural gas,Sweden,2024,213.641
Exports,Natural gas,Slovenia,2005,0.0
Exports,Natural gas,Slovenia,2006,0.0
Exports,Natural gas,Slovenia,2007,0.0
Exports,Natural gas,Slovenia,2008,0.0
Exports,Natural gas,Slovenia,2009,0.0
Exports,Natural gas,Slovenia,2010,0.0
Exports,Natural gas,Slovenia,2011,0.0
Exports,Natural gas,Slovenia,2012,0.0
Exports,Natural gas,Slovenia,2013,0.0
Exports,Natural gas,Slovenia,2014,0.0
Exports,Natural gas,Slovenia,2015,0.0
Exports,Natural gas,Slovenia,2016,0.0
Exports,Natural gas,Slovenia,2017,35.814
Exports,Natural gas,Slovenia,2018,109.032
Exports,Natural gas,Slovenia,2019,19.853
Exports,Natural gas,Slovenia,2020,0.0
Exports,Natural gas,Slovenia,2021,0.0
Exports,Natural gas,Slovenia,2022,0.0
Exports,Natural gas,Slovenia,2023,0.0
Exports,Natural gas,Slovenia,2024,0.0
Exports,Natural gas,Slovakia,2005,3615.25
Exports,Natural gas,Slovakia,2006,5748.5
Exports,Natural gas,Slovakia,2007,1741.75
Exports,Natural gas,Slovakia,2008,1794.0
Exports,Natural gas,Slovakia,2009,148.5
Exports,Natural gas,Slovakia,2010,0.0
Exports,Natural gas,Slovakia,2011,28.75
Exports,Natural gas,Slovakia,2012,450.75
Exports,Natural gas,Slovakia,2013,144.25
Exports,Natural gas,Slovakia,2014,29.0
Exports,Natural gas,Slovakia,2015,0.0
Exports,Natural gas,Slovakia,2016,0.0
Exports,Natural gas,Slovakia,2017,0.0
Exports,Natural gas,Slovakia,2018,0.0
Exports,Natural gas,Slovakia,2019,0.0
Exports,Natural gas,Slovakia,2020,0.0
Exports,Natural gas,Slovakia,2021,13113.326
Exports,Natural gas,Slovakia,2022,0.0
Exports,Natural gas,Slovakia,2023,0.0
Exports,Natural gas,Slovakia,2024,0.0
Exports,Oil and petroleum products (excluding biofuel portion),Austria,2005,25088.576
Exports,Oil and petroleum products (excluding biofuel portion),Austria,2006,19942.918
Exports,Oil and petroleum products (excluding biofuel portion),Austria,2007,24701.735
Exports,Oil and petroleum products (excluding biofuel portion),Austria,2008,28280.618
Exports,Oil and petroleum products (excluding biofuel portion),Austria,2009,25509.35
Exports,Oil and petroleum products (excluding biofuel portion),Austria,2010,25205.292
Exports,Oil and petroleum products (excluding biofuel portion),Austria,2011,25956.87
Exports,Oil and petroleum products (excluding biofuel portion),Austria,2012,28149.49
Exports,Oil and petroleum products (excluding biofuel portion),Austria,2013,29047.963
Exports,Oil and petroleum products (excluding biofuel portion),Austria,2014,30658.171
Exports,Oil and petroleum products (excluding biofuel portion),Austria,2015,31955.78
Exports,Oil and petroleum products (excluding biofuel portion),Austria,2016,31030.163
Exports,Oil and petroleum products (excluding biofuel portion),Austria,2017,30962.53
Exports,Oil and petroleum products (excluding biofuel portion),Austria,2018,35969.389
Exports,Oil and petroleum products (excluding biofuel portion),Austria,2019,32938.18
Exports,Oil and petroleum products (excluding biofuel portion),Austria,2020,32267.158
Exports,Oil and petroleum products (excluding biofuel portion),Austria,2021,33638.151
Exports,Oil and petroleum products (excluding biofuel portion),Austria,2022,19470.312
Exports,Oil and petroleum products (excluding biofuel portion),Austria,2023,27119.88
Exports,Oil and petroleum products (excluding biofuel portion),Austria,2024,27549.637
Exports,Oil and petroleum products (excluding biofuel portion),Belgium,2005,301313.099
Exports,Oil and petroleum products (excluding biofuel portion),Belgium,2006,283973.429
Exports,Oil and petroleum products (excluding biofuel portion),Belgium,2007,291692.923
Exports,Oil and petroleum products (excluding biofuel portion),Belgium,2008,284900.411
Exports,Oil and petroleum products (excluding biofuel portion),Belgium,2009,278317.295
Exports,Oil and petroleum products (excluding biofuel portion),Belgium,2010,281751.851
Exports,Oil and petroleum products (excluding biofuel portion),Belgium,2011,284413.528
Exports,Oil and petroleum products (excluding biofuel portion),Belgium,2012,314227.054
Exports,Oil and petroleum products (excluding biofuel portion),Belgium,2013,320266.968
Exports,Oil and petroleum products (excluding biofuel portion),Belgium,2014,346845.455
Exports,Oil and petroleum products (excluding biofuel portion),Belgium,2015,342940.402
Exports,Oil and petroleum products (excluding biofuel portion),Belgium,2016,344808.524
Exports,Oil and petroleum products (excluding biofuel portion),Belgium,2017,396207.287
Exports,Oil and petroleum products (excluding biofuel portion),Belgium,2018,381029.107
Exports,Oil and petroleum products (excluding biofuel portion),Belgium,2019,377816.162
Exports,Oil and petroleum products (excluding biofuel portion),Belgium,2020,314643.45
Exports,Oil and petroleum products (excluding biofuel portion),Belgium,2021,358356.685
Exports,Oil and petroleum products (excluding biofuel portion),Belgium,2022,326496.139
Exports,Oil and petroleum products (excluding biofuel portion),Belgium,2023,351437.138
Exports,Oil and petroleum products (excluding biofuel portion),Belgium,2024,354259.071
Exports,Oil and petroleum products (excluding biofuel portion),Bulgaria,2005,30417.014
Exports,Oil and petroleum products (excluding biofuel portion),Bulgaria,2006,43026.38
Exports,Oil and petroleum products (excluding biofuel portion),Bulgaria,2007,44627.386
Exports,Oil and petroleum products (excluding biofuel portion),Bulgaria,2008,44151.176
Exports,Oil and petroleum products (excluding biofuel portion),Bulgaria,2009,36837.333
Exports,Oil and petroleum products (excluding biofuel portion),Bulgaria,2010,41555.806
Exports,Oil and petroleum products (excluding biofuel portion),Bulgaria,2011,41538.833
Exports,Oil and petroleum products (excluding biofuel portion),Bulgaria,2012,48388.028
Exports,Oil and petroleum products (excluding biofuel portion),Bulgaria,2013,51903.944
Exports,Oil and petroleum products (excluding biofuel portion),Bulgaria,2014,47014.333
Exports,Oil and petroleum products (excluding biofuel portion),Bulgaria,2015,52116.361
Exports,Oil and petroleum products (excluding biofuel portion),Bulgaria,2016,53774.278
Exports,Oil and petroleum products (excluding biofuel portion),Bulgaria,2017,56755.629
Exports,Oil and petroleum products (excluding biofuel portion),Bulgaria,2018,41738.142
Exports,Oil and petroleum products (excluding biofuel portion),Bulgaria,2019,50737.394
Exports,Oil and petroleum products (excluding biofuel portion),Bulgaria,2020,33921.637
Exports,Oil and petroleum products (excluding biofuel portion),Bulgaria,2021,23375.296
Exports,Oil and petroleum products (excluding biofuel portion),Bulgaria,2022,48311.884
Exports,Oil and petroleum products (excluding biofuel portion),Bulgaria,2023,38988.43
Exports,Oil and petroleum products (excluding biofuel portion),Bulgaria,2024,43782.827
Exports,Oil and petroleum products (excluding biofuel portion),Cyprus,2005,0.0
Exports,Oil and petroleum products (excluding biofuel portion),Cyprus,2006,0.0
Exports,Oil and petroleum products (excluding biofuel portion),Cyprus,2007,0.0
Exports,Oil and petroleum products (excluding biofuel portion),Cyprus,2008,0.0
Exports,Oil and petroleum products (excluding biofuel portion),Cyprus,2009,0.0
Exports,Oil and petroleum products (excluding biofuel portion),Cyprus,2010,0.0
Exports,Oil and petroleum products (excluding biofuel portion),Cyprus,2011,0.0
Exports,Oil and petroleum products (excluding biofuel portion),Cyprus,2012,0.0
Exports,Oil and petroleum products (excluding biofuel portion),Cyprus,2013,0.0
Exports,Oil and petroleum products (excluding biofuel portion),Cyprus,2014,0.0
Exports,Oil and petroleum products (excluding biofuel portion),Cyprus,2015,281.75
Exports,Oil and petroleum products (excluding biofuel portion),Cyprus,2016,196.0
Exports,Oil and petroleum products (excluding biofuel portion),Cyprus,2017,0.0
Exports,Oil and petroleum products (excluding biofuel portion),Cyprus,2018,0.0
Exports,Oil and petroleum products (excluding biofuel portion),Cyprus,2019,0.0
Exports,Oil and petroleum products (excluding biofuel portion),Cyprus,2020,0.0
Exports,Oil and petroleum products (excluding biofuel portion),Cyprus,2021,392.69
Exports,Oil and petroleum products (excluding biofuel portion),Cyprus,2022,209.193
Exports,Oil and petroleum products (excluding biofuel portion),Cyprus,2023,0.0
Exports,Oil and petroleum products (excluding biofuel portion),Cyprus,2024,416.202
Exports,Oil and petroleum products (excluding biofuel portion),Czechia,2005,14590.533
Exports,Oil and petroleum products (excluding biofuel portion),Czechia,2006,13879.525
Exports,Oil and petroleum products (excluding biofuel portion),Czechia,2007,12033.208
Exports,Oil and petroleum products (excluding biofuel portion),Czechia,2008,15744.635
Exports,Oil and petroleum products (excluding biofuel portion),Czechia,2009,13384.661
Exports,Oil and petroleum products (excluding biofuel portion),Czechia,2010,19003.854
Exports,Oil and petroleum products (excluding biofuel portion),Czechia,2011,18475.619
Exports,Oil and petroleum products (excluding biofuel portion),Czechia,2012,19620.411
Exports,Oil and petroleum products (excluding biofuel portion),Czechia,2013,20476.723
Exports,Oil and petroleum products (excluding biofuel portion),Czechia,2014,23321.74
Exports,Oil and petroleum products (excluding biofuel portion),Czechia,2015,28547.538
Exports,Oil and petroleum products (excluding biofuel portion),Czechia,2016,25802.828
Exports,Oil and petroleum products (excluding biofuel portion),Czechia,2017,27972.468
Exports,Oil and petroleum products (excluding biofuel portion),Czechia,2018,25987.061
Exports,Oil and petroleum products (excluding biofuel portion),Czechia,2019,26030.116
Exports,Oil and petroleum products (excluding biofuel portion),Czechia,2020,20940.421
Exports,Oil and petroleum products (excluding biofuel portion),Czechia,2021,25550.586
Exports,Oil and petroleum products (excluding biofuel portion),Czechia,2022,21470.276
Exports,Oil and petroleum products (excluding biofuel portion),Czechia,2023,24130.456
Exports,Oil and petroleum products (excluding biofuel portion),Czechia,2024,19207.025
Exports,Oil and petroleum products (excluding biofuel portion),Germany,2005,316494.374
Exports,Oil and petroleum products (excluding biofuel portion),Germany,2006,326213.211
Exports,Oil and petroleum products (excluding biofuel portion),Germany,2007,337475.997
Exports,Oil and petroleum products (excluding biofuel portion),Germany,2008,299306.827
Exports,Oil and petroleum products (excluding biofuel portion),Germany,2009,261356.773
Exports,Oil and petroleum products (excluding biofuel portion),Germany,2010,216241.453
Exports,Oil and petroleum products (excluding biofuel portion),Germany,2011,213336.366
Exports,Oil and petroleum products (excluding biofuel portion),Germany,2012,218810.91
Exports,Oil and petroleum products (excluding biofuel portion),Germany,2013,233728.048
Exports,Oil and petroleum products (excluding biofuel portion),Germany,2014,247418.122
Exports,Oil and petroleum products (excluding biofuel portion),Germany,2015,260132.305
Exports,Oil and petroleum products (excluding biofuel portion),Germany,2016,264329.703
Exports,Oil and petroleum products (excluding biofuel portion),Germany,2017,270515.086
Exports,Oil and petroleum products (excluding biofuel portion),Germany,2018,259902.659
Exports,Oil and petroleum products (excluding biofuel portion),Germany,2019,253375.093
Exports,Oil and petroleum products (excluding biofuel portion),Germany,2020,256374.647
Exports,Oil and petroleum products (excluding biofuel portion),Germany,2021,293933.798
Exports,Oil and petroleum products (excluding biofuel portion),Germany,2022,317835.815
Exports,Oil and petroleum products (excluding biofuel portion),Germany,2023,283341.404
Exports,Oil and petroleum products (excluding biofuel portion),Germany,2024,325334.446
Exports,Oil and petroleum products (excluding biofuel portion),Denmark,2005,211914.611
Exports,Oil and petroleum products (excluding biofuel portion),Denmark,2006,192316.083
Exports,Oil and petroleum products (excluding biofuel portion),Denmark,2007,167300.153
Exports,Oil and petroleum products (excluding biofuel portion),Denmark,2008,164751.5
Exports,Oil and petroleum products (excluding biofuel portion),Denmark,2009,160254.583
Exports,Oil and petroleum products (excluding biofuel portion),Denmark,2010,154453.028
Exports,Oil and petroleum products (excluding biofuel portion),Denmark,2011,155530.667
Exports,Oil and petroleum products (excluding biofuel portion),Denmark,2012,148238.944
Exports,Oil and petroleum products (excluding biofuel portion),Denmark,2013,157288.972
Exports,Oil and petroleum products (excluding biofuel portion),Denmark,2014,147017.083
Exports,Oil and petroleum products (excluding biofuel portion),Denmark,2015,157830.999
Exports,Oil and petroleum products (excluding biofuel portion),Denmark,2016,150640.612
Exports,Oil and petroleum products (excluding biofuel portion),Denmark,2017,128062.128
Exports,Oil and petroleum products (excluding biofuel portion),Denmark,2018,110840.871
Exports,Oil and petroleum products (excluding biofuel portion),Denmark,2019,103708.421
Exports,Oil and petroleum products (excluding biofuel portion),Denmark,2020,94922.506
Exports,Oil and petroleum products (excluding biofuel portion),Denmark,2021,93473.404
Exports,Oil and petroleum products (excluding biofuel portion),Denmark,2022,76592.257
Exports,Oil and petroleum products (excluding biofuel portion),Denmark,2023,75453.031
Exports,Oil and petroleum products (excluding biofuel portion),Denmark,2024,68381.888
Exports,Oil and petroleum products (excluding biofuel portion),Estonia,2005,2586.698
Exports,Oil and petroleum products (excluding biofuel portion),Estonia,2006,2945.102
Exports,Oil and petroleum products (excluding biofuel portion),Estonia,2007,4054.398
Exports,Oil and petroleum products (excluding biofuel portion),Estonia,2008,3293.464
Exports,Oil and petroleum products (excluding biofuel portion),Estonia,2009,4304.808
Exports,Oil and petroleum products (excluding biofuel portion),Estonia,2010,4253.955
Exports,Oil and petroleum products (excluding biofuel portion),Estonia,2011,4692.415
Exports,Oil and petroleum products (excluding biofuel portion),Estonia,2012,14905.556
Exports,Oil and petroleum products (excluding biofuel portion),Estonia,2013,8281.979
Exports,Oil and petroleum products (excluding biofuel portion),Estonia,2014,12778.704
Exports,Oil and petroleum products (excluding biofuel portion),Estonia,2015,12259.938
Exports,Oil and petroleum products (excluding biofuel portion),Estonia,2016,12572.927
Exports,Oil and petroleum products (excluding biofuel portion),Estonia,2017,14908.996
Exports,Oil and petroleum products (excluding biofuel portion),Estonia,2018,19528.777
Exports,Oil and petroleum products (excluding biofuel portion),Estonia,2019,18088.991
Exports,Oil and petroleum products (excluding biofuel portion),Estonia,2020,21686.908
Exports,Oil and petroleum products (excluding biofuel portion),Estonia,2021,22132.842
Exports,Oil and petroleum products (excluding biofuel portion),Estonia,2022,14094.588
Exports,Oil and petroleum products (excluding biofuel portion),Estonia,2023,14865.458
Exports,Oil and petroleum products (excluding biofuel portion),Estonia,2024,15205.297
Exports,Oil and petroleum products (excluding biofuel portion),Greece,2005,69459.55
Exports,Oil and petroleum products (excluding biofuel portion),Greece,2006,82969.206
Exports,Oil and petroleum products (excluding biofuel portion),Greece,2007,87773.544
Exports,Oil and petroleum products (excluding biofuel portion),Greece,2008,87453.494
Exports,Oil and petroleum products (excluding biofuel portion),Greece,2009,102822.8
Exports,Oil and petroleum products (excluding biofuel portion),Greece,2010,111554.061
Exports,Oil and petroleum products (excluding biofuel portion),Greece,2011,112304.447
Exports,Oil and petroleum products (excluding biofuel portion),Greece,2012,145531.018
Exports,Oil and petroleum products (excluding biofuel portion),Greece,2013,165837.469
Exports,Oil and petroleum products (excluding biofuel portion),Greece,2014,181994.216
Exports,Oil and petroleum products (excluding biofuel portion),Greece,2015,190013.608
Exports,Oil and petroleum products (excluding biofuel portion),Greece,2016,213500.466
Exports,Oil and petroleum products (excluding biofuel portion),Greece,2017,223676.984
Exports,Oil and petroleum products (excluding biofuel portion),Greece,2018,236610.066
Exports,Oil and petroleum products (excluding biofuel portion),Greece,2019,215625.155
Exports,Oil and petroleum products (excluding biofuel portion),Greece,2020,221479.198
Exports,Oil and petroleum products (excluding biofuel portion),Greece,2021,245930.224
Exports,Oil and petroleum products (excluding biofuel portion),Greece,2022,207312.563
Exports,Oil and petroleum products (excluding biofuel portion),Greece,2023,210237.962
Exports,Oil and petroleum products (excluding biofuel portion),Greece,2024,201200.637
Exports,Oil and petroleum products (excluding biofuel portion),Spain,2005,98157.417
Exports,Oil and petroleum products (excluding biofuel portion),Spain,2006,116148.333
Exports,Oil and petroleum products (excluding biofuel portion),Spain,2007,125164.889
Exports,Oil and petroleum products (excluding biofuel portion),Spain,2008,120222.194
Exports,Oil and petroleum products (excluding biofuel portion),Spain,2009,129886.972
Exports,Oil and petroleum products (excluding biofuel portion),Spain,2010,135120.222
Exports,Oil and petroleum products (excluding biofuel portion),Spain,2011,152352.056
Exports,Oil and petroleum products (excluding biofuel portion),Spain,2012,227392.306
Exports,Oil and petroleum products (excluding biofuel portion),Spain,2013,256232.917
Exports,Oil and petroleum products (excluding biofuel portion),Spain,2014,248181.361
Exports,Oil and petroleum products (excluding biofuel portion),Spain,2015,267051.111
Exports,Oil and petroleum products (excluding biofuel portion),Spain,2016,288186.167
Exports,Oil and petroleum products (excluding biofuel portion),Spain,2017,318207.806
Exports,Oil and petroleum products (excluding biofuel portion),Spain,2018,294744.139
Exports,Oil and petroleum products (excluding biofuel portion),Spain,2019,282623.472
Exports,Oil and petroleum products (excluding biofuel portion),Spain,2020,272581.132
Exports,Oil and petroleum products (excluding biofuel portion),Spain,2021,266167.238
Exports,Oil and petroleum products (excluding biofuel portion),Spain,2022,242305.623
Exports,Oil and petroleum products (excluding biofuel portion),Spain,2023,262135.718
Exports,Oil and petroleum products (excluding biofuel portion),Spain,2024,266112.29
Exports,Oil and petroleum products (excluding biofuel portion),Finland,2005,59223.757
Exports,Oil and petroleum products (excluding biofuel portion),Finland,2006,65327.226
Exports,Oil and petroleum products (excluding biofuel portion),Finland,2007,73978.891
Exports,Oil and petroleum products (excluding biofuel portion),Finland,2008,78287.883
Exports,Oil and petroleum products (excluding biofuel portion),Finland,2009,78179.146
Exports,Oil and petroleum products (excluding biofuel portion),Finland,2010,79564.567
Exports,Oil and petroleum products (excluding biofuel portion),Finland,2011,84890.207
Exports,Oil and petroleum products (excluding biofuel portion),Finland,2012,89799.131
Exports,Oil and petroleum products (excluding biofuel portion),Finland,2013,107440.415
Exports,Oil and petroleum products (excluding biofuel portion),Finland,2014,101035.436
Exports,Oil and petroleum products (excluding biofuel portion),Finland,2015,81120.577
Exports,Oil and petroleum products (excluding biofuel portion),Finland,2016,107164.458
Exports,Oil and petroleum products (excluding biofuel portion),Finland,2017,106346.216
Exports,Oil and petroleum products (excluding biofuel portion),Finland,2018,104124.577
Exports,Oil and petroleum products (excluding biofuel portion),Finland,2019,112358.9
Exports,Oil and petroleum products (excluding biofuel portion),Finland,2020,103288.398
Exports,Oil and petroleum products (excluding biofuel portion),Finland,2021,76429.486
Exports,Oil and petroleum products (excluding biofuel portion),Finland,2022,92492.885
Exports,Oil and petroleum products (excluding biofuel portion),Finland,2023,93677.143
Exports,Oil and petroleum products (excluding biofuel portion),Finland,2024,81004.22
Exports,Oil and petroleum products (excluding biofuel portion),France,2005,320834.852
Exports,Oil and petroleum products (excluding biofuel portion),France,2006,324859.621
Exports,Oil and petroleum products (excluding biofuel portion),France,2007,306017.544
Exports,Oil and petroleum products (excluding biofuel portion),France,2008,361629.872
Exports,Oil and petroleum products (excluding biofuel portion),France,2009,297954.689
Exports,Oil and petroleum products (excluding biofuel portion),France,2010,269163.448
Exports,Oil and petroleum products (excluding biofuel portion),France,2011,250932.115
Exports,Oil and petroleum products (excluding biofuel portion),France,2012,232725.97
Exports,Oil and petroleum products (excluding biofuel portion),France,2013,223599.469
Exports,Oil and petroleum products (excluding biofuel portion),France,2014,225099.67
Exports,Oil and petroleum products (excluding biofuel portion),France,2015,248974.878
Exports,Oil and petroleum products (excluding biofuel portion),France,2016,242837.196
Exports,Oil and petroleum products (excluding biofuel portion),France,2017,240119.104
Exports,Oil and petroleum products (excluding biofuel portion),France,2018,235872.019
Exports,Oil and petroleum products (excluding biofuel portion),France,2019,203806.463
Exports,Oil and petroleum products (excluding biofuel portion),France,2020,149941.322
Exports,Oil and petroleum products (excluding biofuel portion),France,2021,147921.18
Exports,Oil and petroleum products (excluding biofuel portion),France,2022,161153.425
Exports,Oil and petroleum products (excluding biofuel portion),France,2023,171741.637
Exports,Oil and petroleum products (excluding biofuel portion),France,2024,187716.459
Exports,Oil and petroleum products (excluding biofuel portion),Croatia,2005,22293.242
Exports,Oil and petroleum products (excluding biofuel portion),Croatia,2006,21990.618
Exports,Oil and petroleum products (excluding biofuel portion),Croatia,2007,24108.008
Exports,Oil and petroleum products (excluding biofuel portion),Croatia,2008,20595.205
Exports,Oil and petroleum products (excluding biofuel portion),Croatia,2009,22344.754
Exports,Oil and petroleum products (excluding biofuel portion),Croatia,2010,22808.656
Exports,Oil and petroleum products (excluding biofuel portion),Croatia,2011,18713.822
Exports,Oil and petroleum products (excluding biofuel portion),Croatia,2012,18570.918
Exports,Oil and petroleum products (excluding biofuel portion),Croatia,2013,18291.773
Exports,Oil and petroleum products (excluding biofuel portion),Croatia,2014,18344.979
Exports,Oil and petroleum products (excluding biofuel portion),Croatia,2015,22042.929
Exports,Oil and petroleum products (excluding biofuel portion),Croatia,2016,24658.595
Exports,Oil and petroleum products (excluding biofuel portion),Croatia,2017,29575.176
Exports,Oil and petroleum products (excluding biofuel portion),Croatia,2018,28648.176
Exports,Oil and petroleum products (excluding biofuel portion),Croatia,2019,27170.115
Exports,Oil and petroleum products (excluding biofuel portion),Croatia,2020,27725.731
Exports,Oil and petroleum products (excluding biofuel portion),Croatia,2021,26394.937
Exports,Oil and petroleum products (excluding biofuel portion),Croatia,2022,22302.207
Exports,Oil and petroleum products (excluding biofuel portion),Croatia,2023,21987.928
Exports,Oil and petroleum products (excluding biofuel portion),Croatia,2024,25402.338
Exports,Oil and petroleum products (excluding biofuel portion),Hungary,2005,35198.917
Exports,Oil and petroleum products (excluding biofuel portion),Hungary,2006,38154.5
Exports,Oil and petroleum products (excluding biofuel portion),Hungary,2007,36687.714
Exports,Oil and petroleum products (excluding biofuel portion),Hungary,2008,37985.581
Exports,Oil and petroleum products (excluding biofuel portion),Hungary,2009,26142.164
Exports,Oil and petroleum products (excluding biofuel portion),Hungary,2010,31713.969
Exports,Oil and petroleum products (excluding biofuel portion),Hungary,2011,32855.842
Exports,Oil and petroleum products (excluding biofuel portion),Hungary,2012,31927.722
Exports,Oil and petroleum products (excluding biofuel portion),Hungary,2013,33049.306
Exports,Oil and petroleum products (excluding biofuel portion),Hungary,2014,36031.944
Exports,Oil and petroleum products (excluding biofuel portion),Hungary,2015,31866.789
Exports,Oil and petroleum products (excluding biofuel portion),Hungary,2016,33741.519
Exports,Oil and petroleum products (excluding biofuel portion),Hungary,2017,36725.545
Exports,Oil and petroleum products (excluding biofuel portion),Hungary,2018,44691.451
Exports,Oil and petroleum products (excluding biofuel portion),Hungary,2019,38925.882
Exports,Oil and petroleum products (excluding biofuel portion),Hungary,2020,35257.671
Exports,Oil and petroleum products (excluding biofuel portion),Hungary,2021,32550.117
Exports,Oil and petroleum products (excluding biofuel portion),Hungary,2022,28036.097
Exports,Oil and petroleum products (excluding biofuel portion),Hungary,2023,32131.085
Exports,Oil and petroleum products (excluding biofuel portion),Hungary,2024,43370.398
Exports,Oil and petroleum products (excluding biofuel portion),Ireland,2005,17031.064
Exports,Oil and petroleum products (excluding biofuel portion),Ireland,2006,15266.522
Exports,Oil and petroleum products (excluding biofuel portion),Ireland,2007,14389.972
Exports,Oil and petroleum products (excluding biofuel portion),Ireland,2008,14479.969
Exports,Oil and petroleum products (excluding biofuel portion),Ireland,2009,11221.004
Exports,Oil and petroleum products (excluding biofuel portion),Ireland,2010,17309.074
Exports,Oil and petroleum products (excluding biofuel portion),Ireland,2011,19087.359
Exports,Oil and petroleum products (excluding biofuel portion),Ireland,2012,20942.841
Exports,Oil and petroleum products (excluding biofuel portion),Ireland,2013,14516.185
Exports,Oil and petroleum products (excluding biofuel portion),Ireland,2014,15076.651
Exports,Oil and petroleum products (excluding biofuel portion),Ireland,2015,20793.451
Exports,Oil and petroleum products (excluding biofuel portion),Ireland,2016,19191.532
Exports,Oil and petroleum products (excluding biofuel portion),Ireland,2017,21939.494
Exports,Oil and petroleum products (excluding biofuel portion),Ireland,2018,19974.354
Exports,Oil and petroleum products (excluding biofuel portion),Ireland,2019,17738.575
Exports,Oil and petroleum products (excluding biofuel portion),Ireland,2020,17951.446
Exports,Oil and petroleum products (excluding biofuel portion),Ireland,2021,18886.035
Exports,Oil and petroleum products (excluding biofuel portion),Ireland,2022,17365.194
Exports,Oil and petroleum products (excluding biofuel portion),Ireland,2023,14083.447
Exports,Oil and petroleum products (excluding biofuel portion),Ireland,2024,12800.395
Exports,Oil and petroleum products (excluding biofuel portion),Italy,2005,345383.433
Exports,Oil and petroleum products (excluding biofuel portion),Italy,2006,327530.378
Exports,Oil and petroleum products (excluding biofuel portion),Italy,2007,368930.283
Exports,Oil and petroleum products (excluding biofuel portion),Italy,2008,344818.472
Exports,Oil and petroleum products (excluding biofuel portion),Italy,2009,314973.333
Exports,Oil and petroleum products (excluding biofuel portion),Italy,2010,349953.017
Exports,Oil and petroleum products (excluding biofuel portion),Italy,2011,319730.928
Exports,Oil and petroleum products (excluding biofuel portion),Italy,2012,353297.572
Exports,Oil and petroleum products (excluding biofuel portion),Italy,2013,289383.219
Exports,Oil and petroleum products (excluding biofuel portion),Italy,2014,246349.151
Exports,Oil and petroleum products (excluding biofuel portion),Italy,2015,329103.809
Exports,Oil and petroleum products (excluding biofuel portion),Italy,2016,347649.453
Exports,Oil and petroleum products (excluding biofuel portion),Italy,2017,373747.895
Exports,Oil and petroleum products (excluding biofuel portion),Italy,2018,347481.953
Exports,Oil and petroleum products (excluding biofuel portion),Italy,2019,327449.308
Exports,Oil and petroleum products (excluding biofuel portion),Italy,2020,275828.875
Exports,Oil and petroleum products (excluding biofuel portion),Italy,2021,312333.219
Exports,Oil and petroleum products (excluding biofuel portion),Italy,2022,326555.95
Exports,Oil and petroleum products (excluding biofuel portion),Italy,2023,326934.39
Exports,Oil and petroleum products (excluding biofuel portion),Italy,2024,293627.073
Exports,Oil and petroleum products (excluding biofuel portion),Lithuania,2005,81239.192
Exports,Oil and petroleum products (excluding biofuel portion),Lithuania,2006,75205.636
Exports,Oil and petroleum products (excluding biofuel portion),Lithuania,2007,46125.661
Exports,Oil and petroleum products (excluding biofuel portion),Lithuania,2008,85566.75
Exports,Oil and petroleum products (excluding biofuel portion),Lithuania,2009,81157.161
Exports,Oil and petroleum products (excluding biofuel portion),Lithuania,2010,88389.736
Exports,Oil and petroleum products (excluding biofuel portion),Lithuania,2011,93244.714
Exports,Oil and petroleum products (excluding biofuel portion),Lithuania,2012,91445.058
Exports,Oil and petroleum products (excluding biofuel portion),Lithuania,2013,98870.486
Exports,Oil and petroleum products (excluding biofuel portion),Lithuania,2014,82884.083
Exports,Oil and petroleum products (excluding biofuel portion),Lithuania,2015,98511.671
Exports,Oil and petroleum products (excluding biofuel portion),Lithuania,2016,100850.485
Exports,Oil and petroleum products (excluding biofuel portion),Lithuania,2017,97668.645
Exports,Oil and petroleum products (excluding biofuel portion),Lithuania,2018,89188.275
Exports,Oil and petroleum products (excluding biofuel portion),Lithuania,2019,88189.67
Exports,Oil and petroleum products (excluding biofuel portion),Lithuania,2020,68336.98
Exports,Oil and petroleum products (excluding biofuel portion),Lithuania,2021,71891.26
Exports,Oil and petroleum products (excluding biofuel portion),Lithuania,2022,76879.869
Exports,Oil and petroleum products (excluding biofuel portion),Lithuania,2023,82007.0
Exports,Oil and petroleum products (excluding biofuel portion),Lithuania,2024,76710.96
Exports,Oil and petroleum products (excluding biofuel portion),Luxembourg,2005,178.809
Exports,Oil and petroleum products (excluding biofuel portion),Luxembourg,2006,166.12
Exports,Oil and petroleum products (excluding biofuel portion),Luxembourg,2007,119.916
Exports,Oil and petroleum products (excluding biofuel portion),Luxembourg,2008,181.789
Exports,Oil and petroleum products (excluding biofuel portion),Luxembourg,2009,171.46
Exports,Oil and petroleum products (excluding biofuel portion),Luxembourg,2010,85.61
Exports,Oil and petroleum products (excluding biofuel portion),Luxembourg,2011,73.379
Exports,Oil and petroleum products (excluding biofuel portion),Luxembourg,2012,104.074
Exports,Oil and petroleum products (excluding biofuel portion),Luxembourg,2013,97.258
Exports,Oil and petroleum products (excluding biofuel portion),Luxembourg,2014,67.501
Exports,Oil and petroleum products (excluding biofuel portion),Luxembourg,2015,78.324
Exports,Oil and petroleum products (excluding biofuel portion),Luxembourg,2016,133.785
Exports,Oil and petroleum products (excluding biofuel portion),Luxembourg,2017,301.481
Exports,Oil and petroleum products (excluding biofuel portion),Luxembourg,2018,37.238
Exports,Oil and petroleum products (excluding biofuel portion),Luxembourg,2019,52.52
Exports,Oil and petroleum products (excluding biofuel portion),Luxembourg,2020,32.815
Exports,Oil and petroleum products (excluding biofuel portion),Luxembourg,2021,9.355
Exports,Oil and petroleum products (excluding biofuel portion),Luxembourg,2022,11.298
Exports,Oil and petroleum products (excluding biofuel portion),Luxembourg,2023,8.454
Exports,Oil and petroleum products (excluding biofuel portion),Luxembourg,2024,1.457
Exports,Oil and petroleum products (excluding biofuel portion),Latvia,2005,5867.636
Exports,Oil and petroleum products (excluding biofuel portion),Latvia,2006,3143.978
Exports,Oil and petroleum products (excluding biofuel portion),Latvia,2007,1726.019
Exports,Oil and petroleum products (excluding biofuel portion),Latvia,2008,1522.061
Exports,Oil and petroleum products (excluding biofuel portion),Latvia,2009,3140.511
Exports,Oil and petroleum products (excluding biofuel portion),Latvia,2010,3099.975
Exports,Oil and petroleum products (excluding biofuel portion),Latvia,2011,5485.64
Exports,Oil and petroleum products (excluding biofuel portion),Latvia,2012,6194.367
Exports,Oil and petroleum products (excluding biofuel portion),Latvia,2013,8064.825
Exports,Oil and petroleum products (excluding biofuel portion),Latvia,2014,9609.921
Exports,Oil and petroleum products (excluding biofuel portion),Latvia,2015,11291.011
Exports,Oil and petroleum products (excluding biofuel portion),Latvia,2016,9641.989
Exports,Oil and petroleum products (excluding biofuel portion),Latvia,2017,8954.424
Exports,Oil and petroleum products (excluding biofuel portion),Latvia,2018,10362.814
Exports,Oil and petroleum products (excluding biofuel portion),Latvia,2019,5713.445
Exports,Oil and petroleum products (excluding biofuel portion),Latvia,2020,3421.902
Exports,Oil and petroleum products (excluding biofuel portion),Latvia,2021,4004.684
Exports,Oil and petroleum products (excluding biofuel portion),Latvia,2022,7078.492
Exports,Oil and petroleum products (excluding biofuel portion),Latvia,2023,6980.936
Exports,Oil and petroleum products (excluding biofuel portion),Latvia,2024,7977.34
Exports,Oil and petroleum products (excluding biofuel portion),Malta,2005,0.0
Exports,Oil and petroleum products (excluding biofuel portion),Malta,2006,0.0
Exports,Oil and petroleum products (excluding biofuel portion),Malta,2007,0.0
Exports,Oil and petroleum products (excluding biofuel portion),Malta,2008,0.0
Exports,Oil and petroleum products (excluding biofuel portion),Malta,2009,107.5
Exports,Oil and petroleum products (excluding biofuel portion),Malta,2010,191.111
Exports,Oil and petroleum products (excluding biofuel portion),Malta,2011,35.833
Exports,Oil and petroleum products (excluding biofuel portion),Malta,2012,95.917
Exports,Oil and petroleum products (excluding biofuel portion),Malta,2013,1748.0
Exports,Oil and petroleum products (excluding biofuel portion),Malta,2014,2329.833
Exports,Oil and petroleum products (excluding biofuel portion),Malta,2015,6175.278
Exports,Oil and petroleum products (excluding biofuel portion),Malta,2016,3240.833
Exports,Oil and petroleum products (excluding biofuel portion),Malta,2017,1747.189
Exports,Oil and petroleum products (excluding biofuel portion),Malta,2018,4096.663
Exports,Oil and petroleum products (excluding biofuel portion),Malta,2019,4366.985
Exports,Oil and petroleum products (excluding biofuel portion),Malta,2020,2255.021
Exports,Oil and petroleum products (excluding biofuel portion),Malta,2021,1226.519
Exports,Oil and petroleum products (excluding biofuel portion),Malta,2022,410.828
Exports,Oil and petroleum products (excluding biofuel portion),Malta,2023,1044.533
Exports,Oil and petroleum products (excluding biofuel portion),Malta,2024,463.065
Exports,Oil and petroleum products (excluding biofuel portion),Netherlands,2005,894903.118
Exports,Oil and petroleum products (excluding biofuel portion),Netherlands,2006,946471.404
Exports,Oil and petroleum products (excluding biofuel portion),Netherlands,2007,905331.46
Exports,Oil and petroleum products (excluding biofuel portion),Netherlands,2008,953959.605
Exports,Oil and petroleum products (excluding biofuel portion),Netherlands,2009,1067746.653
Exports,Oil and petroleum products (excluding biofuel portion),Netherlands,2010,1188823.971
Exports,Oil and petroleum products (excluding biofuel portion),Netherlands,2011,1171572.678
Exports,Oil and petroleum products (excluding biofuel portion),Netherlands,2012,1211645.257
Exports,Oil and petroleum products (excluding biofuel portion),Netherlands,2013,1201517.278
Exports,Oil and petroleum products (excluding biofuel portion),Netherlands,2014,1194758.932
Exports,Oil and petroleum products (excluding biofuel portion),Netherlands,2015,1320219.622
Exports,Oil and petroleum products (excluding biofuel portion),Netherlands,2016,1337716.42
Exports,Oil and petroleum products (excluding biofuel portion),Netherlands,2017,1291049.475
Exports,Oil and petroleum products (excluding biofuel portion),Netherlands,2018,1267636.961
Exports,Oil and petroleum products (excluding biofuel portion),Netherlands,2019,1230610.24
Exports,Oil and petroleum products (excluding biofuel portion),Netherlands,2020,1080662.779
Exports,Oil and petroleum products (excluding biofuel portion),Netherlands,2021,1277319.297
Exports,Oil and petroleum products (excluding biofuel portion),Netherlands,2022,1258711.542
Exports,Oil and petroleum products (excluding biofuel portion),Netherlands,2023,1238985.271
Exports,Oil and petroleum products (excluding biofuel portion),Netherlands,2024,1192085.291
Exports,Oil and petroleum products (excluding biofuel portion),Poland,2005,34724.18
Exports,Oil and petroleum products (excluding biofuel portion),Poland,2006,36475.232
Exports,Oil and petroleum products (excluding biofuel portion),Poland,2007,39482.877
Exports,Oil and petroleum products (excluding biofuel portion),Poland,2008,38213.478
Exports,Oil and petroleum products (excluding biofuel portion),Poland,2009,31530.326
Exports,Oil and petroleum products (excluding biofuel portion),Poland,2010,40945.549
Exports,Oil and petroleum products (excluding biofuel portion),Poland,2011,55645.364
Exports,Oil and petroleum products (excluding biofuel portion),Poland,2012,68515.003
Exports,Oil and petroleum products (excluding biofuel portion),Poland,2013,80255.083
Exports,Oil and petroleum products (excluding biofuel portion),Poland,2014,86577.889
Exports,Oil and petroleum products (excluding biofuel portion),Poland,2015,97532.413
Exports,Oil and petroleum products (excluding biofuel portion),Poland,2016,83997.213
Exports,Oil and petroleum products (excluding biofuel portion),Poland,2017,61583.277
Exports,Oil and petroleum products (excluding biofuel portion),Poland,2018,71984.678
Exports,Oil and petroleum products (excluding biofuel portion),Poland,2019,63098.887
Exports,Oil and petroleum products (excluding biofuel portion),Poland,2020,54499.2
Exports,Oil and petroleum products (excluding biofuel portion),Poland,2021,47104.016
Exports,Oil and petroleum products (excluding biofuel portion),Poland,2022,62204.84
Exports,Oil and petroleum products (excluding biofuel portion),Poland,2023,68104.69
Exports,Oil and petroleum products (excluding biofuel portion),Poland,2024,69951.776
Exports,Oil and petroleum products (excluding biofuel portion),Portugal,2005,28089.675
Exports,Oil and petroleum products (excluding biofuel portion),Portugal,2006,40150.597
Exports,Oil and petroleum products (excluding biofuel portion),Portugal,2007,29605.5
Exports,Oil and petroleum products (excluding biofuel portion),Portugal,2008,29733.611
Exports,Oil and petroleum products (excluding biofuel portion),Portugal,2009,27110.653
Exports,Oil and petroleum products (excluding biofuel portion),Portugal,2010,33301.569
Exports,Oil and petroleum products (excluding biofuel portion),Portugal,2011,33277.361
Exports,Oil and petroleum products (excluding biofuel portion),Portugal,2012,43389.25
Exports,Oil and petroleum products (excluding biofuel portion),Portugal,2013,65151.833
Exports,Oil and petroleum products (excluding biofuel portion),Portugal,2014,55625.878
Exports,Oil and petroleum products (excluding biofuel portion),Portugal,2015,80389.792
Exports,Oil and petroleum products (excluding biofuel portion),Portugal,2016,78961.514
Exports,Oil and petroleum products (excluding biofuel portion),Portugal,2017,81884.656
Exports,Oil and petroleum products (excluding biofuel portion),Portugal,2018,62704.89
Exports,Oil and petroleum products (excluding biofuel portion),Portugal,2019,56981.621
Exports,Oil and petroleum products (excluding biofuel portion),Portugal,2020,61726.825
Exports,Oil and petroleum products (excluding biofuel portion),Portugal,2021,58899.385
Exports,Oil and petroleum products (excluding biofuel portion),Portugal,2022,53055.788
Exports,Oil and petroleum products (excluding biofuel portion),Portugal,2023,47627.842
Exports,Oil and petroleum products (excluding biofuel portion),Portugal,2024,58570.492
Exports,Oil and petroleum products (excluding biofuel portion),Romania,2005,68946.13
Exports,Oil and petroleum products (excluding biofuel portion),Romania,2006,62850.339
Exports,Oil and petroleum products (excluding biofuel portion),Romania,2007,52333.888
Exports,Oil and petroleum products (excluding biofuel portion),Romania,2008,58852.505
Exports,Oil and petroleum products (excluding biofuel portion),Romania,2009,49194.915
Exports,Oil and petroleum products (excluding biofuel portion),Romania,2010,42061.33
Exports,Oil and petroleum products (excluding biofuel portion),Romania,2011,44287.126
Exports,Oil and petroleum products (excluding biofuel portion),Romania,2012,40384.729
Exports,Oil and petroleum products (excluding biofuel portion),Romania,2013,45675.332
Exports,Oil and petroleum products (excluding biofuel portion),Romania,2014,55543.784
Exports,Oil and petroleum products (excluding biofuel portion),Romania,2015,57054.333
Exports,Oil and petroleum products (excluding biofuel portion),Romania,2016,62018.268
Exports,Oil and petroleum products (excluding biofuel portion),Romania,2017,60445.125
Exports,Oil and petroleum products (excluding biofuel portion),Romania,2018,63962.468
Exports,Oil and petroleum products (excluding biofuel portion),Romania,2019,64908.706
Exports,Oil and petroleum products (excluding biofuel portion),Romania,2020,51852.641
Exports,Oil and petroleum products (excluding biofuel portion),Romania,2021,47108.925
Exports,Oil and petroleum products (excluding biofuel portion),Romania,2022,56753.149
Exports,Oil and petroleum products (excluding biofuel portion),Romania,2023,49482.743
Exports,Oil and petroleum products (excluding biofuel portion),Romania,2024,52862.016
Exports,Oil and petroleum products (excluding biofuel portion),Sweden,2005,123712.641
Exports,Oil and petroleum products (excluding biofuel portion),Sweden,2006,131898.986
Exports,Oil and petroleum products (excluding biofuel portion),Sweden,2007,124686.649
Exports,Oil and petroleum products (excluding biofuel portion),Sweden,2008,145618.584
Exports,Oil and petroleum products (excluding biofuel portion),Sweden,2009,141597.459
Exports,Oil and petroleum products (excluding biofuel portion),Sweden,2010,149661.601
Exports,Oil and petroleum products (excluding biofuel portion),Sweden,2011,135854.678
Exports,Oil and petroleum products (excluding biofuel portion),Sweden,2012,159239.884
Exports,Oil and petroleum products (excluding biofuel portion),Sweden,2013,117470.3
Exports,Oil and petroleum products (excluding biofuel portion),Sweden,2014,150047.752
Exports,Oil and petroleum products (excluding biofuel portion),Sweden,2015,179472.426
Exports,Oil and petroleum products (excluding biofuel portion),Sweden,2016,198870.337
Exports,Oil and petroleum products (excluding biofuel portion),Sweden,2017,212534.391
Exports,Oil and petroleum products (excluding biofuel portion),Sweden,2018,202295.519
Exports,Oil and petroleum products (excluding biofuel portion),Sweden,2019,137035.928
Exports,Oil and petroleum products (excluding biofuel portion),Sweden,2020,156531.046
Exports,Oil and petroleum products (excluding biofuel portion),Sweden,2021,198252.661
Exports,Oil and petroleum products (excluding biofuel portion),Sweden,2022,176530.382
Exports,Oil and petroleum products (excluding biofuel portion),Sweden,2023,175632.481
Exports,Oil and petroleum products (excluding biofuel portion),Sweden,2024,174962.024
Exports,Oil and petroleum products (excluding biofuel portion),Slovenia,2005,2547.611
Exports,Oil and petroleum products (excluding biofuel portion),Slovenia,2006,4828.542
Exports,Oil and petroleum products (excluding biofuel portion),Slovenia,2007,5058.07
Exports,Oil and petroleum products (excluding biofuel portion),Slovenia,2008,6476.831
Exports,Oil and petroleum products (excluding biofuel portion),Slovenia,2009,5685.651
Exports,Oil and petroleum products (excluding biofuel portion),Slovenia,2010,7996.95
Exports,Oil and petroleum products (excluding biofuel portion),Slovenia,2011,8444.955
Exports,Oil and petroleum products (excluding biofuel portion),Slovenia,2012,9649.699
Exports,Oil and petroleum products (excluding biofuel portion),Slovenia,2013,11093.561
Exports,Oil and petroleum products (excluding biofuel portion),Slovenia,2014,16551.608
Exports,Oil and petroleum products (excluding biofuel portion),Slovenia,2015,20318.303
Exports,Oil and petroleum products (excluding biofuel portion),Slovenia,2016,24123.932
Exports,Oil and petroleum products (excluding biofuel portion),Slovenia,2017,24624.65
Exports,Oil and petroleum products (excluding biofuel portion),Slovenia,2018,25005.928
Exports,Oil and petroleum products (excluding biofuel portion),Slovenia,2019,27384.839
Exports,Oil and petroleum products (excluding biofuel portion),Slovenia,2020,22612.787
Exports,Oil and petroleum products (excluding biofuel portion),Slovenia,2021,18905.205
Exports,Oil and petroleum products (excluding biofuel portion),Slovenia,2022,27329.904
Exports,Oil and petroleum products (excluding biofuel portion),Slovenia,2023,27867.957
Exports,Oil and petroleum products (excluding biofuel portion),Slovenia,2024,29672.939
Exports,Oil and petroleum products (excluding biofuel portion),Slovakia,2005,42412.708
Exports,Oil and petroleum products (excluding biofuel portion),Slovakia,2006,43812.129
Exports,Oil and petroleum products (excluding biofuel portion),Slovakia,2007,45664.688
Exports,Oil and petroleum products (excluding biofuel portion),Slovakia,2008,42919.673
Exports,Oil and petroleum products (excluding biofuel portion),Slovakia,2009,43904.206
Exports,Oil and petroleum products (excluding biofuel portion),Slovakia,2010,39587.831
Exports,Oil and petroleum products (excluding biofuel portion),Slovakia,2011,45059.234
Exports,Oil and petroleum products (excluding biofuel portion),Slovakia,2012,40085.112
Exports,Oil and petroleum products (excluding biofuel portion),Slovakia,2013,47992.788
Exports,Oil and petroleum products (excluding biofuel portion),Slovakia,2014,42914.232
Exports,Oil and petroleum products (excluding biofuel portion),Slovakia,2015,51741.554
Exports,Oil and petroleum products (excluding biofuel portion),Slovakia,2016,48421.06
Exports,Oil and petroleum products (excluding biofuel portion),Slovakia,2017,46269.418
Exports,Oil and petroleum products (excluding biofuel portion),Slovakia,2018,41471.463
Exports,Oil and petroleum products (excluding biofuel portion),Slovakia,2019,39244.25
Exports,Oil and petroleum products (excluding biofuel portion),Slovakia,2020,42273.535
Exports,Oil and petroleum products (excluding biofuel portion),Slovakia,2021,40677.284
Exports,Oil and petroleum products (excluding biofuel portion),Slovakia,2022,37739.331
Exports,Oil and petroleum products (excluding biofuel portion),Slovakia,2023,43416.458
Exports,Oil and petroleum products (excluding biofuel portion),Slovakia,2024,37700.48
Gross available energy,Solid fossil fuels,Austria,2005,47175.307
Gross available energy,Solid fossil fuels,Austria,2006,46526.913
Gross available energy,Solid fossil fuels,Austria,2007,45011.991
Gross available energy,Solid fossil fuels,Austria,2008,44570.655
Gross available energy,Solid fossil fuels,Austria,2009,33364.168
Gross available energy,Solid fossil fuels,Austria,2010,39350.484
Gross available energy,Solid fossil fuels,Austria,2011,40500.988
Gross available energy,Solid fossil fuels,Austria,2012,37740.112
Gross available energy,Solid fossil fuels,Austria,2013,38574.699
Gross available energy,Solid fossil fuels,Austria,2014,35465.963
Gross available energy,Solid fossil fuels,Austria,2015,37509.084
Gross available energy,Solid fossil fuels,Austria,2016,35048.716
Gross available energy,Solid fossil fuels,Austria,2017,36155.089
Gross available energy,Solid fossil fuels,Austria,2018,31860.959
Gross available energy,Solid fossil fuels,Austria,2019,33553.374
Gross available energy,Solid fossil fuels,Austria,2020,28743.6
Gross available energy,Solid fossil fuels,Austria,2021,29721.264
Gross available energy,Solid fossil fuels,Austria,2022,28861.196
Gross available energy,Solid fossil fuels,Austria,2023,27944.581
Gross available energy,Solid fossil fuels,Austria,2024,27227.136
Gross available energy,Solid fossil fuels,Belgium,2005,60168.639
Gross available energy,Solid fossil fuels,Belgium,2006,57594.378
Gross available energy,Solid fossil fuels,Belgium,2007,51384.188
Gross available energy,Solid fossil fuels,Belgium,2008,53009.36
Gross available energy,Solid fossil fuels,Belgium,2009,36463.253
Gross available energy,Solid fossil fuels,Belgium,2010,44044.886
Gross available energy,Solid fossil fuels,Belgium,2011,40764.586
Gross available energy,Solid fossil fuels,Belgium,2012,37630.796
Gross available energy,Solid fossil fuels,Belgium,2013,41438.68
Gross available energy,Solid fossil fuels,Belgium,2014,40430.737
Gross available energy,Solid fossil fuels,Belgium,2015,39834.838
Gross available energy,Solid fossil fuels,Belgium,2016,36816.636
Gross available energy,Solid fossil fuels,Belgium,2017,35703.485
Gross available energy,Solid fossil fuels,Belgium,2018,35826.162
Gross available energy,Solid fossil fuels,Belgium,2019,35478.985
Gross available energy,Solid fossil fuels,Belgium,2020,27502.504
Gross available energy,Solid fossil fuels,Belgium,2021,30282.238
Gross available energy,Solid fossil fuels,Belgium,2022,31837.096
Gross available energy,Solid fossil fuels,Belgium,2023,27300.743
Gross available energy,Solid fossil fuels,Belgium,2024,30580.317
Gross available energy,Solid fossil fuels,Bulgaria,2005,80431.249
Gross available energy,Solid fossil fuels,Bulgaria,2006,81180.774
Gross available energy,Solid fossil fuels,Bulgaria,2007,91691.414
Gross available energy,Solid fossil fuels,Bulgaria,2008,87051.092
Gross available energy,Solid fossil fuels,Bulgaria,2009,74616.445
Gross available energy,Solid fossil fuels,Bulgaria,2010,80691.234
Gross available energy,Solid fossil fuels,Bulgaria,2011,94129.493
Gross available energy,Solid fossil fuels,Bulgaria,2012,80421.453
Gross available energy,Solid fossil fuels,Bulgaria,2013,69159.23
Gross available energy,Solid fossil fuels,Bulgaria,2014,73935.161
Gross available energy,Solid fossil fuels,Bulgaria,2015,76844.103
Gross available energy,Solid fossil fuels,Bulgaria,2016,66274.58
Gross available energy,Solid fossil fuels,Bulgaria,2017,71207.706
Gross available energy,Solid fossil fuels,Bulgaria,2018,63876.66
Gross available energy,Solid fossil fuels,Bulgaria,2019,59050.854
Gross available energy,Solid fossil fuels,Bulgaria,2020,48382.338
Gross available energy,Solid fossil fuels,Bulgaria,2021,61336.381
Gross available energy,Solid fossil fuels,Bulgaria,2022,73013.067
Gross available energy,Solid fossil fuels,Bulgaria,2023,43201.518
Gross available energy,Solid fossil fuels,Bulgaria,2024,35806.411
Gross available energy,Solid fossil fuels,Cyprus,2005,414.853
Gross available energy,Solid fossil fuels,Cyprus,2006,451.364
Gross available energy,Solid fossil fuels,Cyprus,2007,387.45
Gross available energy,Solid fossil fuels,Cyprus,2008,326.439
Gross available energy,Solid fossil fuels,Cyprus,2009,169.322
Gross available energy,Solid fossil fuels,Cyprus,2010,195.139
Gross available energy,Solid fossil fuels,Cyprus,2011,86.762
Gross available energy,Solid fossil fuels,Cyprus,2012,1.439
Gross available energy,Solid fossil fuels,Cyprus,2013,1.439
Gross available energy,Solid fossil fuels,Cyprus,2014,25.79
Gross available energy,Solid fossil fuels,Cyprus,2015,42.792
Gross available energy,Solid fossil fuels,Cyprus,2016,0.0
Gross available energy,Solid fossil fuels,Cyprus,2017,34.655
Gross available energy,Solid fossil fuels,Cyprus,2018,158.329
Gross available energy,Solid fossil fuels,Cyprus,2019,200.024
Gross available energy,Solid fossil fuels,Cyprus,2020,162.872
Gross available energy,Solid fossil fuels,Cyprus,2021,466.416
Gross available energy,Solid fossil fuels,Cyprus,2022,355.795
Gross available energy,Solid fossil fuels,Cyprus,2023,318.577
Gross available energy,Solid fossil fuels,Cyprus,2024,147.632
Gross available energy,Solid fossil fuels,Czechia,2005,235380.78
Gross available energy,Solid fossil fuels,Czechia,2006,243541.828
Gross available energy,Solid fossil fuels,Czechia,2007,247290.615
Gross available energy,Solid fossil fuels,Czechia,2008,228848.485
Gross available energy,Solid fossil fuels,Czechia,2009,204785.904
Gross available energy,Solid fossil fuels,Czechia,2010,219190.321
Gross available energy,Solid fossil fuels,Czechia,2011,212838.43
Gross available energy,Solid fossil fuels,Czechia,2012,201002.605
Gross available energy,Solid fossil fuels,Czechia,2013,200923.005
Gross available energy,Solid fossil fuels,Czechia,2014,185755.248
Gross available energy,Solid fossil fuels,Czechia,2015,190669.319
Gross available energy,Solid fossil fuels,Czechia,2016,192521.677
Gross available energy,Solid fossil fuels,Czechia,2017,184191.607
Gross available energy,Solid fossil fuels,Czechia,2018,183931.762
Gross available energy,Solid fossil fuels,Czechia,2019,165050.373
Gross available energy,Solid fossil fuels,Czechia,2020,143029.252
Gross available energy,Solid fossil fuels,Czechia,2021,150113.591
Gross available energy,Solid fossil fuels,Czechia,2022,156478.901
Gross available energy,Solid fossil fuels,Czechia,2023,124696.868
Gross available energy,Solid fossil fuels,Czechia,2024,111509.274
Gross available energy,Solid fossil fuels,Germany,2005,951816.254
Gross available energy,Solid fossil fuels,Germany,2006,1001874.282
Gross available energy,Solid fossil fuels,Germany,2007,1001448.724
Gross available energy,Solid fossil fuels,Germany,2008,931656.15
Gross available energy,Solid fossil fuels,Germany,2009,838192.684
Gross available energy,Solid fossil fuels,Germany,2010,919650.714
Gross available energy,Solid fossil fuels,Germany,2011,906743.078
Gross available energy,Solid fossil fuels,Germany,2012,929453.701
Gross available energy,Solid fossil fuels,Germany,2013,948555.903
Gross available energy,Solid fossil fuels,Germany,2014,925803.274
Gross available energy,Solid fossil fuels,Germany,2015,923593.35
Gross available energy,Solid fossil fuels,Germany,2016,897031.618
Gross available energy,Solid fossil fuels,Germany,2017,829317.828
Gross available energy,Solid fossil fuels,Germany,2018,811058.673
Gross available energy,Solid fossil fuels,Germany,2019,656688.359
Gross available energy,Solid fossil fuels,Germany,2020,519337.671
Gross available energy,Solid fossil fuels,Germany,2021,627036.7
Gross available energy,Solid fossil fuels,Germany,2022,646886.425
Gross available energy,Solid fossil fuels,Germany,2023,487943.487
Gross available energy,Solid fossil fuels,Germany,2024,439250.628
Gross available energy,Solid fossil fuels,Denmark,2005,43192.308
Gross available energy,Solid fossil fuels,Denmark,2006,63697.534
Gross available energy,Solid fossil fuels,Denmark,2007,54098.988
Gross available energy,Solid fossil fuels,Denmark,2008,46588.208
Gross available energy,Solid fossil fuels,Denmark,2009,46560.363
Gross available energy,Solid fossil fuels,Denmark,2010,44297.983
Gross available energy,Solid fossil fuels,Denmark,2011,37616.944
Gross available energy,Solid fossil fuels,Denmark,2012,28700.094
Gross available energy,Solid fossil fuels,Denmark,2013,36908.328
Gross available energy,Solid fossil fuels,Denmark,2014,29466.583
Gross available energy,Solid fossil fuels,Denmark,2015,21139.269
Gross available energy,Solid fossil fuels,Denmark,2016,23315.516
Gross available energy,Solid fossil fuels,Denmark,2017,17861.906
Gross available energy,Solid fossil fuels,Denmark,2018,18520.525
Gross available energy,Solid fossil fuels,Denmark,2019,11268.613
Gross available energy,Solid fossil fuels,Denmark,2020,9533.273
Gross available energy,Solid fossil fuels,Denmark,2021,13025.799
Gross available energy,Solid fossil fuels,Denmark,2022,11865.84
Gross available energy,Solid fossil fuels,Denmark,2023,7736.236
Gross available energy,Solid fossil fuels,Denmark,2024,5166.192
Gross available energy,Solid fossil fuels,Estonia,2005,129.51
Gross available energy,Solid fossil fuels,Estonia,2006,266.783
Gross available energy,Solid fossil fuels,Estonia,2007,663.967
Gross available energy,Solid fossil fuels,Estonia,2008,703.923
Gross available energy,Solid fossil fuels,Estonia,2009,513.867
Gross available energy,Solid fossil fuels,Estonia,2010,278.421
Gross available energy,Solid fossil fuels,Estonia,2011,338.184
Gross available energy,Solid fossil fuels,Estonia,2012,284.517
Gross available energy,Solid fossil fuels,Estonia,2013,325.556
Gross available energy,Solid fossil fuels,Estonia,2014,390.557
Gross available energy,Solid fossil fuels,Estonia,2015,155.375
Gross available energy,Solid fossil fuels,Estonia,2016,100.708
Gross available energy,Solid fossil fuels,Estonia,2017,142.917
Gross available energy,Solid fossil fuels,Estonia,2018,194.722
Gross available energy,Solid fossil fuels,Estonia,2019,164.321
Gross available energy,Solid fossil fuels,Estonia,2020,-31.698
Gross available energy,Solid fossil fuels,Estonia,2021,-104.478
Gross available energy,Solid fossil fuels,Estonia,2022,-52.842
Gross available energy,Solid fossil fuels,Estonia,2023,-4.786
Gross available energy,Solid fossil fuels,Estonia,2024,5.542
Gross available energy,Solid fossil fuels,Greece,2005,104117.431
Gross available energy,Solid fossil fuels,Greece,2006,98010.594
Gross available energy,Solid fossil fuels,Greece,2007,102762.544
Gross available energy,Solid fossil fuels,Greece,2008,96779.576
Gross available energy,Solid fossil fuels,Greece,2009,97985.735
Gross available energy,Solid fossil fuels,Greece,2010,91447.074
Gross available energy,Solid fossil fuels,Greece,2011,91724.183
Gross available energy,Solid fossil fuels,Greece,2012,94608.216
Gross available energy,Solid fossil fuels,Greece,2013,81189.074
Gross available energy,Solid fossil fuels,Greece,2014,77770.77
Gross available energy,Solid fossil fuels,Greece,2015,65202.124
Gross available energy,Solid fossil fuels,Greece,2016,50817.102
Gross available energy,Solid fossil fuels,Greece,2017,56017.469
Gross available energy,Solid fossil fuels,Greece,2018,53080.12
Gross available energy,Solid fossil fuels,Greece,2019,37170.504
Gross available energy,Solid fossil fuels,Greece,2020,21293.6
Gross available energy,Solid fossil fuels,Greece,2021,19898.021
Gross available energy,Solid fossil fuels,Greece,2022,18171.522
Gross available energy,Solid fossil fuels,Greece,2023,13712.914
Gross available energy,Solid fossil fuels,Greece,2024,9370.292
Gross available energy,Solid fossil fuels,Spain,2005,238608.311
Gross available energy,Solid fossil fuels,Spain,2006,208306.729
Gross available energy,Solid fossil fuels,Spain,2007,233070.911
Gross available energy,Solid fossil fuels,Spain,2008,157082.084
Gross available energy,Solid fossil fuels,Spain,2009,112406.597
Gross available energy,Solid fossil fuels,Spain,2010,84679.097
Gross available energy,Solid fossil fuels,Spain,2011,147888.755
Gross available energy,Solid fossil fuels,Spain,2012,180482.984
Gross available energy,Solid fossil fuels,Spain,2013,133137.021
Gross available energy,Solid fossil fuels,Spain,2014,134537.761
Gross available energy,Solid fossil fuels,Spain,2015,157972.563
Gross available energy,Solid fossil fuels,Spain,2016,126022.758
Gross available energy,Solid fossil fuels,Spain,2017,150118.819
Gross available energy,Solid fossil fuels,Spain,2018,133999.683
Gross available energy,Solid fossil fuels,Spain,2019,58984.402
Gross available energy,Solid fossil fuels,Spain,2020,36051.186
Gross available energy,Solid fossil fuels,Spain,2021,37314.299
Gross available energy,Solid fossil fuels,Spain,2022,41929.01
Gross available energy,Solid fossil fuels,Spain,2023,32194.524
Gross available energy,Solid fossil fuels,Spain,2024,28726.387
Gross available energy,Solid fossil fuels,Finland,2005,37936.506
Gross available energy,Solid fossil fuels,Finland,2006,59231.139
Gross available energy,Solid fossil fuels,Finland,2007,55240.839
Gross available energy,Solid fossil fuels,Finland,2008,39154.703
Gross available energy,Solid fossil fuels,Finland,2009,41121.363
Gross available energy,Solid fossil fuels,Finland,2010,53344.284
Gross available energy,Solid fossil fuels,Finland,2011,45918.51
Gross available energy,Solid fossil fuels,Finland,2012,34831.721
Gross available energy,Solid fossil fuels,Finland,2013,44052.14
Gross available energy,Solid fossil fuels,Finland,2014,35711.379
Gross available energy,Solid fossil fuels,Finland,2015,31814.148
Gross available energy,Solid fossil fuels,Finland,2016,34379.543
Gross available energy,Solid fossil fuels,Finland,2017,32984.604
Gross available energy,Solid fossil fuels,Finland,2018,31813.174
Gross available energy,Solid fossil fuels,Finland,2019,24755.268
Gross available energy,Solid fossil fuels,Finland,2020,21383.191
Gross available energy,Solid fossil fuels,Finland,2021,24144.182
Gross available energy,Solid fossil fuels,Finland,2022,25039.323
Gross available energy,Solid fossil fuels,Finland,2023,19945.704
Gross available energy,Solid fossil fuels,Finland,2024,16019.197
Gross available energy,Solid fossil fuels,France,2005,164620.278
Gross available energy,Solid fossil fuels,France,2006,151827.222
Gross available energy,Solid fossil fuels,France,2007,156947.5
Gross available energy,Solid fossil fuels,France,2008,148411.111
Gross available energy,Solid fossil fuels,France,2009,129288.611
Gross available energy,Solid fossil fuels,France,2010,139119.444
Gross available energy,Solid fossil fuels,France,2011,131177.828
Gross available energy,Solid fossil fuels,France,2012,145685.346
Gross available energy,Solid fossil fuels,France,2013,154036.629
Gross available energy,Solid fossil fuels,France,2014,114504.883
Gross available energy,Solid fossil fuels,France,2015,108470.04
Gross available energy,Solid fossil fuels,France,2016,105968.36
Gross available energy,Solid fossil fuels,France,2017,115387.063
Gross available energy,Solid fossil fuels,France,2018,106206.598
Gross available energy,Solid fossil fuels,France,2019,85231.388
Gross available energy,Solid fossil fuels,France,2020,61626.136
Gross available energy,Solid fossil fuels,France,2021,98472.618
Gross available energy,Solid fossil fuels,France,2022,86770.439
Gross available energy,Solid fossil fuels,France,2023,69769.455
Gross available energy,Solid fossil fuels,France,2024,62302.644
Gross available energy,Solid fossil fuels,Croatia,2005,7950.154
Gross available energy,Solid fossil fuels,Croatia,2006,7380.738
Gross available energy,Solid fossil fuels,Croatia,2007,8015.021
Gross available energy,Solid fossil fuels,Croatia,2008,8247.308
Gross available energy,Solid fossil fuels,Croatia,2009,5891.389
Gross available energy,Solid fossil fuels,Croatia,2010,7936.905
Gross available energy,Solid fossil fuels,Croatia,2011,8174.092
Gross available energy,Solid fossil fuels,Croatia,2012,7344.987
Gross available energy,Solid fossil fuels,Croatia,2013,7847.507
Gross available energy,Solid fossil fuels,Croatia,2014,7521.744
Gross available energy,Solid fossil fuels,Croatia,2015,7040.362
Gross available energy,Solid fossil fuels,Croatia,2016,7572.888
Gross available energy,Solid fossil fuels,Croatia,2017,4562.851
Gross available energy,Solid fossil fuels,Croatia,2018,4260.713
Gross available energy,Solid fossil fuels,Croatia,2019,4866.355
Gross available energy,Solid fossil fuels,Croatia,2020,4200.654
Gross available energy,Solid fossil fuels,Croatia,2021,4830.347
Gross available energy,Solid fossil fuels,Croatia,2022,4727.461
Gross available energy,Solid fossil fuels,Croatia,2023,4019.561
Gross available energy,Solid fossil fuels,Croatia,2024,2727.5
Gross available energy,Solid fossil fuels,Hungary,2005,35705.708
Gross available energy,Solid fossil fuels,Hungary,2006,35772.953
Gross available energy,Solid fossil fuels,Hungary,2007,36384.889
Gross available energy,Solid fossil fuels,Hungary,2008,35331.799
Gross available energy,Solid fossil fuels,Hungary,2009,29769.222
Gross available energy,Solid fossil fuels,Hungary,2010,31439.553
Gross available energy,Solid fossil fuels,Hungary,2011,31499.002
Gross available energy,Solid fossil fuels,Hungary,2012,30287.744
Gross available energy,Solid fossil fuels,Hungary,2013,26353.432
Gross available energy,Solid fossil fuels,Hungary,2014,25688.193
Gross available energy,Solid fossil fuels,Hungary,2015,27439.66
Gross available energy,Solid fossil fuels,Hungary,2016,25460.489
Gross available energy,Solid fossil fuels,Hungary,2017,25993.399
Gross available energy,Solid fossil fuels,Hungary,2018,24811.681
Gross available energy,Solid fossil fuels,Hungary,2019,21274.78
Gross available energy,Solid fossil fuels,Hungary,2020,19573.342
Gross available energy,Solid fossil fuels,Hungary,2021,15955.196
Gross available energy,Solid fossil fuels,Hungary,2022,14444.035
Gross available energy,Solid fossil fuels,Hungary,2023,10433.083
Gross available energy,Solid fossil fuels,Hungary,2024,8648.564
Gross available energy,Solid fossil fuels,Ireland,2005,21888.11
Gross available energy,Solid fossil fuels,Ireland,2006,18971.537
Gross available energy,Solid fossil fuels,Ireland,2007,18601.835
Gross available energy,Solid fossil fuels,Ireland,2008,16399.119
Gross available energy,Solid fossil fuels,Ireland,2009,13326.173
Gross available energy,Solid fossil fuels,Ireland,2010,14348.479
Gross available energy,Solid fossil fuels,Ireland,2011,14234.671
Gross available energy,Solid fossil fuels,Ireland,2012,17277.374
Gross available energy,Solid fossil fuels,Ireland,2013,15202.072
Gross available energy,Solid fossil fuels,Ireland,2014,14529.307
Gross available energy,Solid fossil fuels,Ireland,2015,17050.428
Gross available energy,Solid fossil fuels,Ireland,2016,16861.86
Gross available energy,Solid fossil fuels,Ireland,2017,13337.22
Gross available energy,Solid fossil fuels,Ireland,2018,9167.942
Gross available energy,Solid fossil fuels,Ireland,2019,4507.588
Gross available energy,Solid fossil fuels,Ireland,2020,5209.01
Gross available energy,Solid fossil fuels,Ireland,2021,10633.204
Gross available energy,Solid fossil fuels,Ireland,2022,8457.579
Gross available energy,Solid fossil fuels,Ireland,2023,5103.51
Gross available energy,Solid fossil fuels,Ireland,2024,3359.459
Gross available energy,Solid fossil fuels,Italy,2005,191533.537
Gross available energy,Solid fossil fuels,Italy,2006,193911.251
Gross available energy,Solid fossil fuels,Italy,2007,189892.568
Gross available energy,Solid fossil fuels,Italy,2008,183735.55
Gross available energy,Solid fossil fuels,Italy,2009,143843.744
Gross available energy,Solid fossil fuels,Italy,2010,159028.402
Gross available energy,Solid fossil fuels,Italy,2011,178303.879
Gross available energy,Solid fossil fuels,Italy,2012,182761.28
Gross available energy,Solid fossil fuels,Italy,2013,157425.781
Gross available energy,Solid fossil fuels,Italy,2014,151874.176
Gross available energy,Solid fossil fuels,Italy,2015,143045.278
Gross available energy,Solid fossil fuels,Italy,2016,127732.32
Gross available energy,Solid fossil fuels,Italy,2017,108645.096
Gross available energy,Solid fossil fuels,Italy,2018,99298.817
Gross available energy,Solid fossil fuels,Italy,2019,75366.699
Gross available energy,Solid fossil fuels,Italy,2020,59249.607
Gross available energy,Solid fossil fuels,Italy,2021,64403.831
Gross available energy,Solid fossil fuels,Italy,2022,86184.514
Gross available energy,Solid fossil fuels,Italy,2023,56014.673
Gross available energy,Solid fossil fuels,Italy,2024,26784.201
Gross available energy,Solid fossil fuels,Lithuania,2005,1951.222
Gross available energy,Solid fossil fuels,Lithuania,2006,2709.788
Gross available energy,Solid fossil fuels,Lithuania,2007,2586.336
Gross available energy,Solid fossil fuels,Lithuania,2008,2203.278
Gross available energy,Solid fossil fuels,Lithuania,2009,1683.563
Gross available energy,Solid fossil fuels,Lithuania,2010,2116.668
Gross available energy,Solid fossil fuels,Lithuania,2011,2447.067
Gross available energy,Solid fossil fuels,Lithuania,2012,2327.95
Gross available energy,Solid fossil fuels,Lithuania,2013,2640.785
Gross available energy,Solid fossil fuels,Lithuania,2014,2278.707
Gross available energy,Solid fossil fuels,Lithuania,2015,1864.206
Gross available energy,Solid fossil fuels,Lithuania,2016,1853.063
Gross available energy,Solid fossil fuels,Lithuania,2017,1898.121
Gross available energy,Solid fossil fuels,Lithuania,2018,2010.97
Gross available energy,Solid fossil fuels,Lithuania,2019,1969.737
Gross available energy,Solid fossil fuels,Lithuania,2020,1565.296
Gross available energy,Solid fossil fuels,Lithuania,2021,1862.104
Gross available energy,Solid fossil fuels,Lithuania,2022,1836.25
Gross available energy,Solid fossil fuels,Lithuania,2023,1155.671
Gross available energy,Solid fossil fuels,Lithuania,2024,1019.283
Gross available energy,Solid fossil fuels,Luxembourg,2005,902.469
Gross available energy,Solid fossil fuels,Luxembourg,2006,1076.891
Gross available energy,Solid fossil fuels,Luxembourg,2007,911.215
Gross available energy,Solid fossil fuels,Luxembourg,2008,871.27
Gross available energy,Solid fossil fuels,Luxembourg,2009,778.142
Gross available energy,Solid fossil fuels,Luxembourg,2010,762.646
Gross available energy,Solid fossil fuels,Luxembourg,2011,687.658
Gross available energy,Solid fossil fuels,Luxembourg,2012,637.605
Gross available energy,Solid fossil fuels,Luxembourg,2013,611.301
Gross available energy,Solid fossil fuels,Luxembourg,2014,605.78
Gross available energy,Solid fossil fuels,Luxembourg,2015,572.367
Gross available energy,Solid fossil fuels,Luxembourg,2016,592.313
Gross available energy,Solid fossil fuels,Luxembourg,2017,547.956
Gross available energy,Solid fossil fuels,Luxembourg,2018,485.669
Gross available energy,Solid fossil fuels,Luxembourg,2019,532.157
Gross available energy,Solid fossil fuels,Luxembourg,2020,440.263
Gross available energy,Solid fossil fuels,Luxembourg,2021,457.816
Gross available energy,Solid fossil fuels,Luxembourg,2022,472.229
Gross available energy,Solid fossil fuels,Luxembourg,2023,264.919
Gross available energy,Solid fossil fuels,Luxembourg,2024,229.81
Gross available energy,Solid fossil fuels,Latvia,2005,926.092
Gross available energy,Solid fossil fuels,Latvia,2006,991.483
Gross available energy,Solid fossil fuels,Latvia,2007,1209.667
Gross available energy,Solid fossil fuels,Latvia,2008,1217.108
Gross available energy,Solid fossil fuels,Latvia,2009,984.042
Gross available energy,Solid fossil fuels,Latvia,2010,1238.642
Gross available energy,Solid fossil fuels,Latvia,2011,1275.058
Gross available energy,Solid fossil fuels,Latvia,2012,1058.044
Gross available energy,Solid fossil fuels,Latvia,2013,824.504
Gross available energy,Solid fossil fuels,Latvia,2014,684.59
Gross available energy,Solid fossil fuels,Latvia,2015,537.975
Gross available energy,Solid fossil fuels,Latvia,2016,468.843
Gross available energy,Solid fossil fuels,Latvia,2017,469.683
Gross available energy,Solid fossil fuels,Latvia,2018,526.065
Gross available energy,Solid fossil fuels,Latvia,2019,456.838
Gross available energy,Solid fossil fuels,Latvia,2020,267.09
Gross available energy,Solid fossil fuels,Latvia,2021,199.636
Gross available energy,Solid fossil fuels,Latvia,2022,130.575
Gross available energy,Solid fossil fuels,Latvia,2023,130.214
Gross available energy,Solid fossil fuels,Latvia,2024,95.553
Gross available energy,Solid fossil fuels,Malta,2005,0.0
Gross available energy,Solid fossil fuels,Malta,2006,0.0
Gross available energy,Solid fossil fuels,Malta,2007,0.0
Gross available energy,Solid fossil fuels,Malta,2008,0.0
Gross available energy,Solid fossil fuels,Malta,2009,0.0
Gross available energy,Solid fossil fuels,Malta,2010,0.0
Gross available energy,Solid fossil fuels,Malta,2011,0.0
Gross available energy,Solid fossil fuels,Malta,2012,0.0
Gross available energy,Solid fossil fuels,Malta,2013,0.0
Gross available energy,Solid fossil fuels,Malta,2014,0.0
Gross available energy,Solid fossil fuels,Malta,2015,0.0
Gross available energy,Solid fossil fuels,Malta,2016,0.0
Gross available energy,Solid fossil fuels,Malta,2017,0.0
Gross available energy,Solid fossil fuels,Malta,2018,0.0
Gross available energy,Solid fossil fuels,Malta,2019,0.0
Gross available energy,Solid fossil fuels,Malta,2020,0.0
Gross available energy,Solid fossil fuels,Malta,2021,0.0
Gross available energy,Solid fossil fuels,Malta,2022,0.0
Gross available energy,Solid fossil fuels,Malta,2023,0.0
Gross available energy,Solid fossil fuels,Malta,2024,0.0
Gross available energy,Solid fossil fuels,Netherlands,2005,94133.461
Gross available energy,Solid fossil fuels,Netherlands,2006,91685.236
Gross available energy,Solid fossil fuels,Netherlands,2007,97805.847
Gross available energy,Solid fossil fuels,Netherlands,2008,92735.996
Gross available energy,Solid fossil fuels,Netherlands,2009,86781.549
Gross available energy,Solid fossil fuels,Netherlands,2010,87704.351
Gross available energy,Solid fossil fuels,Netherlands,2011,86519.719
Gross available energy,Solid fossil fuels,Netherlands,2012,94802.002
Gross available energy,Solid fossil fuels,Netherlands,2013,94484.145
Gross available energy,Solid fossil fuels,Netherlands,2014,104748.989
Gross available energy,Solid fossil fuels,Netherlands,2015,128963.936
Gross available energy,Solid fossil fuels,Netherlands,2016,119510.096
Gross available energy,Solid fossil fuels,Netherlands,2017,107144.557
Gross available energy,Solid fossil fuels,Netherlands,2018,96091.794
Gross available energy,Solid fossil fuels,Netherlands,2019,74707.481
Gross available energy,Solid fossil fuels,Netherlands,2020,47785.078
Gross available energy,Solid fossil fuels,Netherlands,2021,65091.112
Gross available energy,Solid fossil fuels,Netherlands,2022,64257.603
Gross available energy,Solid fossil fuels,Netherlands,2023,43998.431
Gross available energy,Solid fossil fuels,Netherlands,2024,47850.24
Gross available energy,Solid fossil fuels,Poland,2005,635655.765
Gross available energy,Solid fossil fuels,Poland,2006,665554.874
Gross available energy,Solid fossil fuels,Poland,2007,648766.148
Gross available energy,Solid fossil fuels,Poland,2008,637170.565
Gross available energy,Solid fossil fuels,Poland,2009,595137.454
Gross available energy,Solid fossil fuels,Poland,2010,642234.396
Gross available energy,Solid fossil fuels,Poland,2011,635450.684
Gross available energy,Solid fossil fuels,Poland,2012,584544.204
Gross available energy,Solid fossil fuels,Poland,2013,618605.988
Gross available energy,Solid fossil fuels,Poland,2014,573043.206
Gross available energy,Solid fossil fuels,Poland,2015,562598.507
Gross available energy,Solid fossil fuels,Poland,2016,576113.505
Gross available energy,Solid fossil fuels,Poland,2017,577683.39
Gross available energy,Solid fossil fuels,Poland,2018,572778.42
Gross available energy,Solid fossil fuels,Poland,2019,509869.725
Gross available energy,Solid fossil fuels,Poland,2020,475838.038
Gross available energy,Solid fossil fuels,Poland,2021,533979.883
Gross available energy,Solid fossil fuels,Poland,2022,490153.472
Gross available energy,Solid fossil fuels,Poland,2023,395861.441
Gross available energy,Solid fossil fuels,Poland,2024,372247.241
Gross available energy,Solid fossil fuels,Portugal,2005,38949.662
Gross available energy,Solid fossil fuels,Portugal,2006,38484.687
Gross available energy,Solid fossil fuels,Portugal,2007,33576.263
Gross available energy,Solid fossil fuels,Portugal,2008,29374.551
Gross available energy,Solid fossil fuels,Portugal,2009,33275.24
Gross available energy,Solid fossil fuels,Portugal,2010,19278.166
Gross available energy,Solid fossil fuels,Portugal,2011,25683.515
Gross available energy,Solid fossil fuels,Portugal,2012,34126.501
Gross available energy,Solid fossil fuels,Portugal,2013,30821.371
Gross available energy,Solid fossil fuels,Portugal,2014,31172.993
Gross available energy,Solid fossil fuels,Portugal,2015,37893.829
Gross available energy,Solid fossil fuels,Portugal,2016,33104.183
Gross available energy,Solid fossil fuels,Portugal,2017,37531.736
Gross available energy,Solid fossil fuels,Portugal,2018,31356.869
Gross available energy,Solid fossil fuels,Portugal,2019,14515.93
Gross available energy,Solid fossil fuels,Portugal,2020,6579.493
Gross available energy,Solid fossil fuels,Portugal,2021,2274.801
Gross available energy,Solid fossil fuels,Portugal,2022,79.041
Gross available energy,Solid fossil fuels,Portugal,2023,60.594
Gross available energy,Solid fossil fuels,Portugal,2024,74.579
Gross available energy,Solid fossil fuels,Romania,2005,101805.525
Gross available energy,Solid fossil fuels,Romania,2006,110247.414
Gross available energy,Solid fossil fuels,Romania,2007,117365.409
Gross available energy,Solid fossil fuels,Romania,2008,111152.63
Gross available energy,Solid fossil fuels,Romania,2009,87451.866
Gross available energy,Solid fossil fuels,Romania,2010,80807.479
Gross available energy,Solid fossil fuels,Romania,2011,94117.445
Gross available energy,Solid fossil fuels,Romania,2012,87922.978
Gross available energy,Solid fossil fuels,Romania,2013,66387.617
Gross available energy,Solid fossil fuels,Romania,2014,66611.066
Gross available energy,Solid fossil fuels,Romania,2015,68526.655
Gross available energy,Solid fossil fuels,Romania,2016,61382.356
Gross available energy,Solid fossil fuels,Romania,2017,62670.185
Gross available energy,Solid fossil fuels,Romania,2018,58696.066
Gross available energy,Solid fossil fuels,Romania,2019,56910.63
Gross available energy,Solid fossil fuels,Romania,2020,40494.786
Gross available energy,Solid fossil fuels,Romania,2021,47038.455
Gross available energy,Solid fossil fuels,Romania,2022,40860.775
Gross available energy,Solid fossil fuels,Romania,2023,30125.266
Gross available energy,Solid fossil fuels,Romania,2024,25907.455
Gross available energy,Solid fossil fuels,Sweden,2005,26989.968
Gross available energy,Solid fossil fuels,Sweden,2006,28150.859
Gross available energy,Solid fossil fuels,Sweden,2007,27952.867
Gross available energy,Solid fossil fuels,Sweden,2008,24044.867
Gross available energy,Solid fossil fuels,Sweden,2009,18411.233
Gross available energy,Solid fossil fuels,Sweden,2010,24879.878
Gross available energy,Solid fossil fuels,Sweden,2011,25120.0
Gross available energy,Solid fossil fuels,Sweden,2012,22571.733
Gross available energy,Solid fossil fuels,Sweden,2013,23103.256
Gross available energy,Solid fossil fuels,Sweden,2014,22480.444
Gross available energy,Solid fossil fuels,Sweden,2015,23029.911
Gross available energy,Solid fossil fuels,Sweden,2016,22167.967
Gross available energy,Solid fossil fuels,Sweden,2017,22215.222
Gross available energy,Solid fossil fuels,Sweden,2018,23330.978
Gross available energy,Solid fossil fuels,Sweden,2019,21606.389
Gross available energy,Solid fossil fuels,Sweden,2020,17490.111
Gross available energy,Solid fossil fuels,Sweden,2021,19289.689
Gross available energy,Solid fossil fuels,Sweden,2022,17237.722
Gross available energy,Solid fossil fuels,Sweden,2023,16903.467
Gross available energy,Solid fossil fuels,Sweden,2024,18196.622
Gross available energy,Solid fossil fuels,Slovenia,2005,17891.923
Gross available energy,Solid fossil fuels,Slovenia,2006,18196.844
Gross available energy,Solid fossil fuels,Slovenia,2007,18588.275
Gross available energy,Solid fossil fuels,Slovenia,2008,17861.497
Gross available energy,Solid fossil fuels,Slovenia,2009,16596.258
Gross available energy,Solid fossil fuels,Slovenia,2010,16902.801
Gross available energy,Solid fossil fuels,Slovenia,2011,17033.978
Gross available energy,Solid fossil fuels,Slovenia,2012,16199.244
Gross available energy,Solid fossil fuels,Slovenia,2013,15723.735
Gross available energy,Solid fossil fuels,Slovenia,2014,12195.97
Gross available energy,Solid fossil fuels,Slovenia,2015,12419.521
Gross available energy,Solid fossil fuels,Slovenia,2016,13344.002
Gross available energy,Solid fossil fuels,Slovenia,2017,13263.14
Gross available energy,Solid fossil fuels,Slovenia,2018,13158.948
Gross available energy,Solid fossil fuels,Slovenia,2019,12400.151
Gross available energy,Solid fossil fuels,Slovenia,2020,11864.289
Gross available energy,Solid fossil fuels,Slovenia,2021,10876.555
Gross available energy,Solid fossil fuels,Slovenia,2022,8698.592
Gross available energy,Solid fossil fuels,Slovenia,2023,8433.122
Gross available energy,Solid fossil fuels,Slovenia,2024,9068.969
Gross available energy,Solid fossil fuels,Slovakia,2005,49296.91
Gross available energy,Solid fossil fuels,Slovakia,2006,51827.766
Gross available energy,Solid fossil fuels,Slovakia,2007,46567.259
Gross available energy,Solid fossil fuels,Slovakia,2008,46622.14
Gross available energy,Solid fossil fuels,Slovakia,2009,45041.185
Gross available energy,Solid fossil fuels,Slovakia,2010,45324.837
Gross available energy,Solid fossil fuels,Slovakia,2011,43072.185
Gross available energy,Solid fossil fuels,Slovakia,2012,40436.954
Gross available energy,Solid fossil fuels,Slovakia,2013,40131.368
Gross available energy,Solid fossil fuels,Slovakia,2014,39821.436
Gross available energy,Solid fossil fuels,Slovakia,2015,38135.191
Gross available energy,Solid fossil fuels,Slovakia,2016,37472.786
Gross available energy,Solid fossil fuels,Slovakia,2017,39272.051
Gross available energy,Solid fossil fuels,Slovakia,2018,38832.646
Gross available energy,Solid fossil fuels,Slovakia,2019,31749.269
Gross available energy,Solid fossil fuels,Slovakia,2020,26806.979
Gross available energy,Solid fossil fuels,Slovakia,2021,32834.376
Gross available energy,Solid fossil fuels,Slovakia,2022,27944.789
Gross available energy,Solid fossil fuels,Slovakia,2023,27940.344
Gross available energy,Solid fossil fuels,Slovakia,2024,22901.436
Gross available energy,Natural gas,Austria,2005,94037.116
Gross available energy,Natural gas,Austria,2006,88040.494
Gross available energy,Natural gas,Austria,2007,82958.626
Gross available energy,Natural gas,Austria,2008,87743.447
Gross available energy,Natural gas,Austria,2009,85717.481
Gross available energy,Natural gas,Austria,2010,94469.756
Gross available energy,Natural gas,Austria,2011,89161.9
Gross available energy,Natural gas,Austria,2012,85208.237
Gross available energy,Natural gas,Austria,2013,82113.873
Gross available energy,Natural gas,Austria,2014,75216.187
Gross available energy,Natural gas,Austria,2015,80344.087
Gross available energy,Natural gas,Austria,2016,84233.2
Gross available energy,Natural gas,Austria,2017,90439.906
Gross available energy,Natural gas,Austria,2018,85626.743
Gross available energy,Natural gas,Austria,2019,89278.733
Gross available energy,Natural gas,Austria,2020,85118.714
Gross available energy,Natural gas,Austria,2021,89921.517
Gross available energy,Natural gas,Austria,2022,80127.852
Gross available energy,Natural gas,Austria,2023,68533.757
Gross available energy,Natural gas,Austria,2024,67870.428
Gross available energy,Natural gas,Belgium,2005,172012.635
Gross available energy,Natural gas,Belgium,2006,175732.721
Gross available energy,Natural gas,Belgium,2007,174779.107
Gross available energy,Natural gas,Belgium,2008,173159.127
Gross available energy,Natural gas,Belgium,2009,175802.144
Gross available energy,Natural gas,Belgium,2010,195407.294
Gross available energy,Natural gas,Belgium,2011,168053.526
Gross available energy,Natural gas,Belgium,2012,167777.726
Gross available energy,Natural gas,Belgium,2013,169025.84
Gross available energy,Natural gas,Belgium,2014,147516.893
Gross available energy,Natural gas,Belgium,2015,162741.531
Gross available energy,Natural gas,Belgium,2016,166020.247
Gross available energy,Natural gas,Belgium,2017,169751.331
Gross available energy,Natural gas,Belgium,2018,175191.988
Gross available energy,Natural gas,Belgium,2019,177581.139
Gross available energy,Natural gas,Belgium,2020,176543.309
Gross available energy,Natural gas,Belgium,2021,177212.724
Gross available energy,Natural gas,Belgium,2022,150867.227
Gross available energy,Natural gas,Belgium,2023,142403.178
Gross available energy,Natural gas,Belgium,2024,139464.784
Gross available energy,Natural gas,Bulgaria,2005,32611.162
Gross available energy,Natural gas,Bulgaria,2006,33734.252
Gross available energy,Natural gas,Bulgaria,2007,35011.098
Gross available energy,Natural gas,Bulgaria,2008,33892.505
Gross available energy,Natural gas,Bulgaria,2009,25129.105
Gross available energy,Natural gas,Bulgaria,2010,26753.25
Gross available energy,Natural gas,Bulgaria,2011,30590.025
Gross available energy,Natural gas,Bulgaria,2012,28507.112
Gross available energy,Natural gas,Bulgaria,2013,27885.553
Gross available energy,Natural gas,Bulgaria,2014,27477.075
Gross available energy,Natural gas,Bulgaria,2015,30177.182
Gross available energy,Natural gas,Bulgaria,2016,31244.693
Gross available energy,Natural gas,Bulgaria,2017,32125.065
Gross available energy,Natural gas,Bulgaria,2018,30379.215
Gross available energy,Natural gas,Bulgaria,2019,28398.349
Gross available energy,Natural gas,Bulgaria,2020,29251.219
Gross available energy,Natural gas,Bulgaria,2021,33040.163
Gross available energy,Natural gas,Bulgaria,2022,27043.22
Gross available energy,Natural gas,Bulgaria,2023,25263.474
Gross available energy,Natural gas,Bulgaria,2024,27133.671
Gross available energy,Natural gas,Cyprus,2005,0.0
Gross available energy,Natural gas,Cyprus,2006,0.0
Gross available energy,Natural gas,Cyprus,2007,0.0
Gross available energy,Natural gas,Cyprus,2008,0.0
Gross available energy,Natural gas,Cyprus,2009,0.0
Gross available energy,Natural gas,Cyprus,2010,0.0
Gross available energy,Natural gas,Cyprus,2011,0.0
Gross available energy,Natural gas,Cyprus,2012,0.0
Gross available energy,Natural gas,Cyprus,2013,0.0
Gross available energy,Natural gas,Cyprus,2014,0.0
Gross available energy,Natural gas,Cyprus,2015,0.0
Gross available energy,Natural gas,Cyprus,2016,0.0
Gross available energy,Natural gas,Cyprus,2017,0.0
Gross available energy,Natural gas,Cyprus,2018,0.0
Gross available energy,Natural gas,Cyprus,2019,0.0
Gross available energy,Natural gas,Cyprus,2020,0.0
Gross available energy,Natural gas,Cyprus,2021,0.0
Gross available energy,Natural gas,Cyprus,2022,0.0
Gross available energy,Natural gas,Cyprus,2023,0.0
Gross available energy,Natural gas,Cyprus,2024,0.0
Gross available energy,Natural gas,Czechia,2005,89591.0
Gross available energy,Natural gas,Czechia,2006,88312.75
Gross available energy,Natural gas,Czechia,2007,84185.5
Gross available energy,Natural gas,Czechia,2008,83428.25
Gross available energy,Natural gas,Czechia,2009,79133.5
Gross available energy,Natural gas,Czechia,2010,93848.75
Gross available energy,Natural gas,Czechia,2011,79190.5
Gross available energy,Natural gas,Czechia,2012,79736.5
Gross available energy,Natural gas,Czechia,2013,80786.75
Gross available energy,Natural gas,Czechia,2014,71898.0
Gross available energy,Natural gas,Czechia,2015,75394.5
Gross available energy,Natural gas,Czechia,2016,81599.067
Gross available energy,Natural gas,Czechia,2017,83747.5
Gross available energy,Natural gas,Czechia,2018,79306.188
Gross available energy,Natural gas,Czechia,2019,83249.755
Gross available energy,Natural gas,Czechia,2020,84621.075
Gross available energy,Natural gas,Czechia,2021,90675.107
Gross available energy,Natural gas,Czechia,2022,73753.43
Gross available energy,Natural gas,Czechia,2023,66947.766
Gross available energy,Natural gas,Czechia,2024,66819.31
Gross available energy,Natural gas,Germany,2005,904602.487
Gross available energy,Natural gas,Germany,2006,922210.86
Gross available energy,Natural gas,Germany,2007,889637.246
Gross available energy,Natural gas,Germany,2008,897393.017
Gross available energy,Natural gas,Germany,2009,845862.517
Gross available energy,Natural gas,Germany,2010,882768.404
Gross available energy,Natural gas,Germany,2011,809397.822
Gross available energy,Natural gas,Germany,2012,811995.176
Gross available energy,Natural gas,Germany,2013,850173.228
Gross available energy,Natural gas,Germany,2014,737041.28
Gross available energy,Natural gas,Germany,2015,757742.104
Gross available energy,Natural gas,Germany,2016,817936.77
Gross available energy,Natural gas,Germany,2017,876226.223
Gross available energy,Natural gas,Germany,2018,855412.055
Gross available energy,Natural gas,Germany,2019,879465.372
Gross available energy,Natural gas,Germany,2020,867597.416
Gross available energy,Natural gas,Germany,2021,897623.632
Gross available energy,Natural gas,Germany,2022,776455.997
Gross available energy,Natural gas,Germany,2023,745036.387
Gross available energy,Natural gas,Germany,2024,754185.315
Gross available energy,Natural gas,Denmark,2005,51165.794
Gross available energy,Natural gas,Denmark,2006,52759.828
Gross available energy,Natural gas,Denmark,2007,47236.75
Gross available energy,Natural gas,Denmark,2008,47403.257
Gross available energy,Natural gas,Denmark,2009,45327.364
Gross available energy,Natural gas,Denmark,2010,51428.162
Gross available energy,Natural gas,Denmark,2011,43130.326
Gross available energy,Natural gas,Denmark,2012,40524.29
Gross available energy,Natural gas,Denmark,2013,38564.333
Gross available energy,Natural gas,Denmark,2014,32610.806
Gross available energy,Natural gas,Denmark,2015,33192.274
Gross available energy,Natural gas,Denmark,2016,33484.106
Gross available energy,Natural gas,Denmark,2017,31969.087
Gross available energy,Natural gas,Denmark,2018,31104.105
Gross available energy,Natural gas,Denmark,2019,29415.148
Gross available energy,Natural gas,Denmark,2020,24565.309
Gross available energy,Natural gas,Denmark,2021,22443.333
Gross available energy,Natural gas,Denmark,2022,16906.458
Gross available energy,Natural gas,Denmark,2023,15352.909
Gross available energy,Natural gas,Denmark,2024,16716.704
Gross available energy,Natural gas,Estonia,2005,9300.25
Gross available energy,Natural gas,Estonia,2006,9398.75
Gross available energy,Natural gas,Estonia,2007,9343.0
Gross available energy,Natural gas,Estonia,2008,8961.0
Gross available energy,Natural gas,Estonia,2009,6107.25
Gross available energy,Natural gas,Estonia,2010,6542.0
Gross available energy,Natural gas,Estonia,2011,5853.25
Gross available energy,Natural gas,Estonia,2012,6343.0
Gross available energy,Natural gas,Estonia,2013,6453.5
Gross available energy,Natural gas,Estonia,2014,5065.5
Gross available energy,Natural gas,Estonia,2015,4541.0
Gross available energy,Natural gas,Estonia,2016,4980.75
Gross available energy,Natural gas,Estonia,2017,4888.793
Gross available energy,Natural gas,Estonia,2018,5003.573
Gross available energy,Natural gas,Estonia,2019,4660.554
Gross available energy,Natural gas,Estonia,2020,4300.5
Gross available energy,Natural gas,Estonia,2021,4863.19
Gross available energy,Natural gas,Estonia,2022,4036.667
Gross available energy,Natural gas,Estonia,2023,3129.675
Gross available energy,Natural gas,Estonia,2024,3420.068
Gross available energy,Natural gas,Greece,2005,27371.984
Gross available energy,Natural gas,Greece,2006,31950.961
Gross available energy,Natural gas,Greece,2007,39125.445
Gross available energy,Natural gas,Greece,2008,40777.087
Gross available energy,Natural gas,Greece,2009,34552.85
Gross available energy,Natural gas,Greece,2010,37616.823
Gross available energy,Natural gas,Greece,2011,46197.383
Gross available energy,Natural gas,Greece,2012,42589.885
Gross available energy,Natural gas,Greece,2013,37638.322
Gross available energy,Natural gas,Greece,2014,28892.421
Gross available energy,Natural gas,Greece,2015,31132.939
Gross available energy,Natural gas,Greece,2016,40586.063
Gross available energy,Natural gas,Greece,2017,48888.66
Gross available energy,Natural gas,Greece,2018,47883.441
Gross available energy,Natural gas,Greece,2019,52210.004
Gross available energy,Natural gas,Greece,2020,57318.426
Gross available energy,Natural gas,Greece,2021,63367.805
Gross available energy,Natural gas,Greece,2022,51214.61
Gross available energy,Natural gas,Greece,2023,46208.135
Gross available energy,Natural gas,Greece,2024,60508.775
Gross available energy,Natural gas,Spain,2005,347083.378
Gross available energy,Natural gas,Spain,2006,367627.204
Gross available energy,Natural gas,Spain,2007,369640.694
Gross available energy,Natural gas,Spain,2008,406001.998
Gross available energy,Natural gas,Spain,2009,363149.07
Gross available energy,Natural gas,Spain,2010,362036.13
Gross available energy,Natural gas,Spain,2011,336522.659
Gross available energy,Natural gas,Spain,2012,332323.816
Gross available energy,Natural gas,Spain,2013,304280.092
Gross available energy,Natural gas,Spain,2014,275243.072
Gross available energy,Natural gas,Spain,2015,285437.832
Gross available energy,Natural gas,Spain,2016,291215.949
Gross available energy,Natural gas,Spain,2017,317121.143
Gross available energy,Natural gas,Spain,2018,314972.5
Gross available energy,Natural gas,Spain,2019,359744.498
Gross available energy,Natural gas,Spain,2020,324901.811
Gross available energy,Natural gas,Spain,2021,343242.973
Gross available energy,Natural gas,Spain,2022,329741.565
Gross available energy,Natural gas,Spain,2023,294725.081
Gross available energy,Natural gas,Spain,2024,283158.928
Gross available energy,Natural gas,Finland,2005,41945.75
Gross available energy,Natural gas,Finland,2006,45185.5
Gross available energy,Natural gas,Finland,2007,43395.239
Gross available energy,Natural gas,Finland,2008,44917.472
Gross available energy,Natural gas,Finland,2009,40516.119
Gross available energy,Natural gas,Finland,2010,44625.238
Gross available energy,Natural gas,Finland,2011,39076.229
Gross available energy,Natural gas,Finland,2012,34949.045
Gross available energy,Natural gas,Finland,2013,33219.862
Gross available energy,Natural gas,Finland,2014,29228.755
Gross available energy,Natural gas,Finland,2015,26007.75
Gross available energy,Natural gas,Finland,2016,23942.723
Gross available energy,Natural gas,Finland,2017,22528.273
Gross available energy,Natural gas,Finland,2018,25328.935
Gross available energy,Natural gas,Finland,2019,24800.447
Gross available energy,Natural gas,Finland,2020,24624.067
Gross available energy,Natural gas,Finland,2021,24755.174
Gross available energy,Natural gas,Finland,2022,12860.846
Gross available energy,Natural gas,Finland,2023,15004.217
Gross available energy,Natural gas,Finland,2024,16603.978
Gross available energy,Natural gas,France,2005,477127.271
Gross available energy,Natural gas,France,2006,460801.542
Gross available energy,Natural gas,France,2007,447605.549
Gross available energy,Natural gas,France,2008,463871.093
Gross available energy,Natural gas,France,2009,447309.542
Gross available energy,Natural gas,France,2010,495643.832
Gross available energy,Natural gas,France,2011,430190.344
Gross available energy,Natural gas,France,2012,444442.958
Gross available energy,Natural gas,France,2013,451431.541
Gross available energy,Natural gas,France,2014,379083.514
Gross available energy,Natural gas,France,2015,407517.639
Gross available energy,Natural gas,France,2016,445299.437
Gross available energy,Natural gas,France,2017,447657.066
Gross available energy,Natural gas,France,2018,427731.134
Gross available energy,Natural gas,France,2019,435676.246
Gross available energy,Natural gas,France,2020,405183.865
Gross available energy,Natural gas,France,2021,430061.593
Gross available energy,Natural gas,France,2022,385821.187
Gross available energy,Natural gas,France,2023,340109.402
Gross available energy,Natural gas,France,2024,318189.84
Gross available energy,Natural gas,Croatia,2005,27644.05
Gross available energy,Natural gas,Croatia,2006,27339.0
Gross available energy,Natural gas,Croatia,2007,31413.75
Gross available energy,Natural gas,Croatia,2008,29967.75
Gross available energy,Natural gas,Croatia,2009,27950.0
Gross available energy,Natural gas,Croatia,2010,30614.25
Gross available energy,Natural gas,Croatia,2011,29891.75
Gross available energy,Natural gas,Croatia,2012,28066.0
Gross available energy,Natural gas,Croatia,2013,26538.0
Gross available energy,Natural gas,Croatia,2014,23485.75
Gross available energy,Natural gas,Croatia,2015,24212.5
Gross available energy,Natural gas,Croatia,2016,25243.283
Gross available energy,Natural gas,Croatia,2017,28996.669
Gross available energy,Natural gas,Croatia,2018,26658.366
Gross available energy,Natural gas,Croatia,2019,27981.422
Gross available energy,Natural gas,Croatia,2020,29368.095
Gross available energy,Natural gas,Croatia,2021,28251.805
Gross available energy,Natural gas,Croatia,2022,24805.114
Gross available energy,Natural gas,Croatia,2023,26618.425
Gross available energy,Natural gas,Croatia,2024,24318.25
Gross available energy,Natural gas,Hungary,2005,140652.5
Gross available energy,Natural gas,Hungary,2006,133242.25
Gross available energy,Natural gas,Hungary,2007,124497.25
Gross available energy,Natural gas,Hungary,2008,122822.5
Gross available energy,Natural gas,Hungary,2009,106436.5
Gross available energy,Natural gas,Hungary,2010,114154.25
Gross available energy,Natural gas,Hungary,2011,108786.25
Gross available energy,Natural gas,Hungary,2012,97424.0
Gross available energy,Natural gas,Hungary,2013,89598.25
Gross available energy,Natural gas,Hungary,2014,81196.25
Gross available energy,Natural gas,Hungary,2015,87107.0
Gross available energy,Natural gas,Hungary,2016,93362.473
Gross available energy,Natural gas,Hungary,2017,99341.5
Gross available energy,Natural gas,Hungary,2018,96224.25
Gross available energy,Natural gas,Hungary,2019,98439.998
Gross available energy,Natural gas,Hungary,2020,101929.751
Gross available energy,Natural gas,Hungary,2021,108104.0
Gross available energy,Natural gas,Hungary,2022,91909.751
Gross available energy,Natural gas,Hungary,2023,82148.25
Gross available energy,Natural gas,Hungary,2024,82511.25
Gross available energy,Natural gas,Ireland,2005,40652.029
Gross available energy,Natural gas,Ireland,2006,46033.63
Gross available energy,Natural gas,Ireland,2007,49424.637
Gross available energy,Natural gas,Ireland,2008,52543.205
Gross available energy,Natural gas,Ireland,2009,49649.347
Gross available energy,Natural gas,Ireland,2010,54682.095
Gross available energy,Natural gas,Ireland,2011,48116.963
Gross available energy,Natural gas,Ireland,2012,46884.798
Gross available energy,Natural gas,Ireland,2013,44808.386
Gross available energy,Natural gas,Ireland,2014,43405.823
Gross available energy,Natural gas,Ireland,2015,43716.767
Gross available energy,Natural gas,Ireland,2016,49388.778
Gross available energy,Natural gas,Ireland,2017,50155.183
Gross available energy,Natural gas,Ireland,2018,52190.81
Gross available energy,Natural gas,Ireland,2019,53033.98
Gross available energy,Natural gas,Ireland,2020,53104.13
Gross available energy,Natural gas,Ireland,2021,50816.665
Gross available energy,Natural gas,Ireland,2022,51861.279
Gross available energy,Natural gas,Ireland,2023,48140.573
Gross available energy,Natural gas,Ireland,2024,49530.592
Gross available energy,Natural gas,Italy,2005,821674.0
Gross available energy,Natural gas,Italy,2006,804700.75
Gross available energy,Natural gas,Italy,2007,808644.0
Gross available energy,Natural gas,Italy,2008,808510.75
Gross available energy,Natural gas,Italy,2009,743179.25
Gross available energy,Natural gas,Italy,2010,791499.0
Gross available energy,Natural gas,Italy,2011,742158.5
Gross available energy,Natural gas,Italy,2012,713565.75
Gross available energy,Natural gas,Italy,2013,667407.5
Gross available energy,Natural gas,Italy,2014,589711.75
Gross available energy,Natural gas,Italy,2015,643156.5
Gross available energy,Natural gas,Italy,2016,675465.5
Gross available energy,Natural gas,Italy,2017,715815.138
Gross available energy,Natural gas,Italy,2018,692140.822
Gross available energy,Natural gas,Italy,2019,708837.576
Gross available energy,Natural gas,Italy,2020,677864.094
Gross available energy,Natural gas,Italy,2021,726066.08
Gross available energy,Natural gas,Italy,2022,652488.827
Gross available energy,Natural gas,Italy,2023,585332.272
Gross available energy,Natural gas,Italy,2024,588807.187
Gross available energy,Natural gas,Lithuania,2005,28801.25
Gross available energy,Natural gas,Lithuania,2006,28540.75
Gross available energy,Natural gas,Lithuania,2007,33629.5
Gross available energy,Natural gas,Lithuania,2008,30187.25
Gross available energy,Natural gas,Lithuania,2009,25368.5
Gross available energy,Natural gas,Lithuania,2010,28979.5
Gross available energy,Natural gas,Lithuania,2011,31610.75
Gross available energy,Natural gas,Lithuania,2012,30866.5
Gross available energy,Natural gas,Lithuania,2013,25173.25
Gross available energy,Natural gas,Lithuania,2014,24010.25
Gross available energy,Natural gas,Lithuania,2015,24044.75
Gross available energy,Natural gas,Lithuania,2016,21417.75
Gross available energy,Natural gas,Lithuania,2017,22346.748
Gross available energy,Natural gas,Lithuania,2018,20651.247
Gross available energy,Natural gas,Lithuania,2019,21682.968
Gross available energy,Natural gas,Lithuania,2020,22931.5
Gross available energy,Natural gas,Lithuania,2021,21821.128
Gross available energy,Natural gas,Lithuania,2022,14903.074
Gross available energy,Natural gas,Lithuania,2023,14512.986
Gross available energy,Natural gas,Lithuania,2024,15926.885
Gross available energy,Natural gas,Luxembourg,2005,13680.046
Gross available energy,Natural gas,Luxembourg,2006,14309.427
Gross available energy,Natural gas,Luxembourg,2007,13356.534
Gross available energy,Natural gas,Luxembourg,2008,12714.349
Gross available energy,Natural gas,Luxembourg,2009,12937.973
Gross available energy,Natural gas,Luxembourg,2010,13916.304
Gross available energy,Natural gas,Luxembourg,2011,12005.374
Gross available energy,Natural gas,Luxembourg,2012,12223.856
Gross available energy,Natural gas,Luxembourg,2013,10349.571
Gross available energy,Natural gas,Luxembourg,2014,9805.959
Gross available energy,Natural gas,Luxembourg,2015,8942.812
Gross available energy,Natural gas,Luxembourg,2016,8246.929
Gross available energy,Natural gas,Luxembourg,2017,8061.143
Gross available energy,Natural gas,Luxembourg,2018,7950.633
Gross available energy,Natural gas,Luxembourg,2019,7955.588
Gross available energy,Natural gas,Luxembourg,2020,7225.362
Gross available energy,Natural gas,Luxembourg,2021,7789.807
Gross available energy,Natural gas,Luxembourg,2022,6117.396
Gross available energy,Natural gas,Luxembourg,2023,5732.4
Gross available energy,Natural gas,Luxembourg,2024,6033.957
Gross available energy,Natural gas,Latvia,2005,15792.25
Gross available energy,Natural gas,Latvia,2006,16359.0
Gross available energy,Natural gas,Latvia,2007,15811.75
Gross available energy,Natural gas,Latvia,2008,15503.75
Gross available energy,Natural gas,Latvia,2009,14272.25
Gross available energy,Natural gas,Latvia,2010,17001.75
Gross available energy,Natural gas,Latvia,2011,14984.25
Gross available energy,Natural gas,Latvia,2012,14085.75
Gross available energy,Natural gas,Latvia,2013,14010.5
Gross available energy,Natural gas,Latvia,2014,12579.5
Gross available energy,Natural gas,Latvia,2015,12774.25
Gross available energy,Natural gas,Latvia,2016,12947.653
Gross available energy,Natural gas,Latvia,2017,11548.068
Gross available energy,Natural gas,Latvia,2018,13595.973
Gross available energy,Natural gas,Latvia,2019,12831.67
Gross available energy,Natural gas,Latvia,2020,10586.321
Gross available energy,Natural gas,Latvia,2021,11212.477
Gross available energy,Natural gas,Latvia,2022,8045.615
Gross available energy,Natural gas,Latvia,2023,7979.784
Gross available energy,Natural gas,Latvia,2024,8239.279
Gross available energy,Natural gas,Malta,2005,0.0
Gross available energy,Natural gas,Malta,2006,0.0
Gross available energy,Natural gas,Malta,2007,0.0
Gross available energy,Natural gas,Malta,2008,0.0
Gross available energy,Natural gas,Malta,2009,0.0
Gross available energy,Natural gas,Malta,2010,0.0
Gross available energy,Natural gas,Malta,2011,0.0
Gross available energy,Natural gas,Malta,2012,0.0
Gross available energy,Natural gas,Malta,2013,0.0
Gross available energy,Natural gas,Malta,2014,0.0
Gross available energy,Natural gas,Malta,2015,0.0
Gross available energy,Natural gas,Malta,2016,0.0
Gross available energy,Natural gas,Malta,2017,2811.211
Gross available energy,Natural gas,Malta,2018,3406.72
Gross available energy,Natural gas,Malta,2019,3561.157
Gross available energy,Natural gas,Malta,2020,3701.163
Gross available energy,Natural gas,Malta,2021,3711.332
Gross available energy,Natural gas,Malta,2022,3754.073
Gross available energy,Natural gas,Malta,2023,3944.953
Gross available energy,Natural gas,Malta,2024,3643.795
Gross available energy,Natural gas,Netherlands,2005,410831.881
Gross available energy,Natural gas,Netherlands,2006,398248.673
Gross available energy,Natural gas,Netherlands,2007,387693.208
Gross available energy,Natural gas,Netherlands,2008,403054.157
Gross available energy,Natural gas,Netherlands,2009,412776.374
Gross available energy,Natural gas,Netherlands,2010,465970.697
Gross available energy,Natural gas,Netherlands,2011,407554.142
Gross available energy,Natural gas,Netherlands,2012,389443.202
Gross available energy,Natural gas,Netherlands,2013,388220.956
Gross available energy,Natural gas,Netherlands,2014,338470.872
Gross available energy,Natural gas,Netherlands,2015,333004.598
Gross available energy,Natural gas,Netherlands,2016,349362.464
Gross available energy,Natural gas,Netherlands,2017,362430.045
Gross available energy,Natural gas,Netherlands,2018,357706.389
Gross available energy,Natural gas,Netherlands,2019,373572.713
Gross available energy,Natural gas,Netherlands,2020,367138.55
Gross available energy,Natural gas,Netherlands,2021,352162.14
Gross available energy,Natural gas,Netherlands,2022,272608.418
Gross available energy,Natural gas,Netherlands,2023,260414.858
Gross available energy,Natural gas,Netherlands,2024,266066.204
Gross available energy,Natural gas,Poland,2005,142287.25
Gross available energy,Natural gas,Poland,2006,146323.25
Gross available energy,Natural gas,Poland,2007,145312.25
Gross available energy,Natural gas,Poland,2008,146141.25
Gross available energy,Natural gas,Poland,2009,140285.25
Gross available energy,Natural gas,Poland,2010,148919.706
Gross available energy,Natural gas,Poland,2011,149286.617
Gross available energy,Natural gas,Poland,2012,159101.2
Gross available energy,Natural gas,Poland,2013,159748.436
Gross available energy,Natural gas,Poland,2014,155892.188
Gross available energy,Natural gas,Poland,2015,160212.446
Gross available energy,Natural gas,Poland,2016,170184.277
Gross available energy,Natural gas,Poland,2017,179624.048
Gross available energy,Natural gas,Poland,2018,187523.32
Gross available energy,Natural gas,Poland,2019,188730.587
Gross available energy,Natural gas,Poland,2020,202831.135
Gross available energy,Natural gas,Poland,2021,212022.84
Gross available energy,Natural gas,Poland,2022,174961.731
Gross available energy,Natural gas,Poland,2023,183325.345
Gross available energy,Natural gas,Poland,2024,197330.877
Gross available energy,Natural gas,Portugal,2005,43620.5
Gross available energy,Natural gas,Portugal,2006,42328.5
Gross available energy,Natural gas,Portugal,2007,44291.25
Gross available energy,Natural gas,Portugal,2008,48131.0
Gross available energy,Natural gas,Portugal,2009,49046.25
Gross available energy,Natural gas,Portugal,2010,52201.5
Gross available energy,Natural gas,Portugal,2011,51912.25
Gross available energy,Natural gas,Portugal,2012,45736.5
Gross available energy,Natural gas,Portugal,2013,43680.75
Gross available energy,Natural gas,Portugal,2014,40395.0
Gross available energy,Natural gas,Portugal,2015,47111.758
Gross available energy,Natural gas,Portugal,2016,50274.668
Gross available energy,Natural gas,Portugal,2017,62981.051
Gross available energy,Natural gas,Portugal,2018,58655.555
Gross available energy,Natural gas,Portugal,2019,61670.024
Gross available energy,Natural gas,Portugal,2020,60523.117
Gross available energy,Natural gas,Portugal,2021,57833.05
Gross available energy,Natural gas,Portugal,2022,56033.418
Gross available energy,Natural gas,Portugal,2023,44415.641
Gross available energy,Natural gas,Portugal,2024,36731.703
Gross available energy,Natural gas,Romania,2005,161926.75
Gross available energy,Natural gas,Romania,2006,165130.5
Gross available energy,Natural gas,Romania,2007,148422.0
Gross available energy,Natural gas,Romania,2008,141414.5
Gross available energy,Natural gas,Romania,2009,123049.5
Gross available energy,Natural gas,Romania,2010,125469.0
Gross available energy,Natural gas,Romania,2011,129151.75
Gross available energy,Natural gas,Romania,2012,125341.0
Gross available energy,Natural gas,Romania,2013,114427.0
Gross available energy,Natural gas,Romania,2014,108731.25
Gross available energy,Natural gas,Romania,2015,103708.25
Gross available energy,Natural gas,Romania,2016,104946.109
Gross available energy,Natural gas,Romania,2017,112902.687
Gross available energy,Natural gas,Romania,2018,115629.876
Gross available energy,Natural gas,Romania,2019,107749.801
Gross available energy,Natural gas,Romania,2020,112625.53
Gross available energy,Natural gas,Romania,2021,115671.019
Gross available energy,Natural gas,Romania,2022,97102.952
Gross available energy,Natural gas,Romania,2023,91161.271
Gross available energy,Natural gas,Romania,2024,94485.334
Gross available energy,Natural gas,Sweden,2005,9799.75
Gross available energy,Natural gas,Sweden,2006,10256.0
Gross available energy,Natural gas,Sweden,2007,10589.5
Gross available energy,Natural gas,Sweden,2008,9612.5
Gross available energy,Natural gas,Sweden,2009,12671.0
Gross available energy,Natural gas,Sweden,2010,17048.75
Gross available energy,Natural gas,Sweden,2011,13475.0
Gross available energy,Natural gas,Sweden,2012,11706.75
Gross available energy,Natural gas,Sweden,2013,11110.0
Gross available energy,Natural gas,Sweden,2014,9234.75
Gross available energy,Natural gas,Sweden,2015,8415.5
Gross available energy,Natural gas,Sweden,2016,9516.102
Gross available energy,Natural gas,Sweden,2017,10916.398
Gross available energy,Natural gas,Sweden,2018,11886.0
Gross available energy,Natural gas,Sweden,2019,11163.403
Gross available energy,Natural gas,Sweden,2020,14804.0
Gross available energy,Natural gas,Sweden,2021,11908.619
Gross available energy,Natural gas,Sweden,2022,7323.031
Gross available energy,Natural gas,Sweden,2023,8777.187
Gross available energy,Natural gas,Sweden,2024,9028.768
Gross available energy,Natural gas,Slovenia,2005,10802.25
Gross available energy,Natural gas,Slovenia,2006,10458.25
Gross available energy,Natural gas,Slovenia,2007,10632.0
Gross available energy,Natural gas,Slovenia,2008,10219.25
Gross available energy,Natural gas,Slovenia,2009,9670.75
Gross available energy,Natural gas,Slovenia,2010,10034.75
Gross available energy,Natural gas,Slovenia,2011,8578.5
Gross available energy,Natural gas,Slovenia,2012,8258.25
Gross available energy,Natural gas,Slovenia,2013,8046.25
Gross available energy,Natural gas,Slovenia,2014,7280.5
Gross available energy,Natural gas,Slovenia,2015,7726.0
Gross available energy,Natural gas,Slovenia,2016,8199.75
Gross available energy,Natural gas,Slovenia,2017,8590.405
Gross available energy,Natural gas,Slovenia,2018,8428.469
Gross available energy,Natural gas,Slovenia,2019,8555.198
Gross available energy,Natural gas,Slovenia,2020,8554.384
Gross available energy,Natural gas,Slovenia,2021,9015.367
Gross available energy,Natural gas,Slovenia,2022,7949.617
Gross available energy,Natural gas,Slovenia,2023,7669.057
Gross available energy,Natural gas,Slovenia,2024,8305.587
Gross available energy,Natural gas,Slovakia,2005,68426.75
Gross available energy,Natural gas,Slovakia,2006,62544.75
Gross available energy,Natural gas,Slovakia,2007,59189.0
Gross available energy,Natural gas,Slovakia,2008,60084.25
Gross available energy,Natural gas,Slovakia,2009,51455.0
Gross available energy,Natural gas,Slovakia,2010,58224.75
Gross available energy,Natural gas,Slovakia,2011,53929.0
Gross available energy,Natural gas,Slovakia,2012,50768.75
Gross available energy,Natural gas,Slovakia,2013,53010.0
Gross available energy,Natural gas,Slovakia,2014,43872.25
Gross available energy,Natural gas,Slovakia,2015,45118.0
Gross available energy,Natural gas,Slovakia,2016,45302.75
Gross available energy,Natural gas,Slovakia,2017,48109.447
Gross available energy,Natural gas,Slovakia,2018,47416.214
Gross available energy,Natural gas,Slovakia,2019,47522.778
Gross available energy,Natural gas,Slovakia,2020,47546.384
Gross available energy,Natural gas,Slovakia,2021,52928.769
Gross available energy,Natural gas,Slovakia,2022,44098.712
Gross available energy,Natural gas,Slovakia,2023,41981.421
Gross available energy,Natural gas,Slovakia,2024,43458.261
Gross available energy,Oil and petroleum products (excluding biofuel portion),Austria,2005,168178.531
Gross available energy,Oil and petroleum products (excluding biofuel portion),Austria,2006,167471.644
Gross available energy,Oil and petroleum products (excluding biofuel portion),Austria,2007,160748.23
Gross available energy,Oil and petroleum products (excluding biofuel portion),Austria,2008,156235.408
Gross available energy,Oil and petroleum products (excluding biofuel portion),Austria,2009,147102.868
Gross available energy,Oil and petroleum products (excluding biofuel portion),Austria,2010,151655.783
Gross available energy,Oil and petroleum products (excluding biofuel portion),Austria,2011,142421.198
Gross available energy,Oil and petroleum products (excluding biofuel portion),Austria,2012,139425.33
Gross available energy,Oil and petroleum products (excluding biofuel portion),Austria,2013,142620.538
Gross available energy,Oil and petroleum products (excluding biofuel portion),Austria,2014,138518.798
Gross available energy,Oil and petroleum products (excluding biofuel portion),Austria,2015,139872.819
Gross available energy,Oil and petroleum products (excluding biofuel portion),Austria,2016,142814.305
Gross available energy,Oil and petroleum products (excluding biofuel portion),Austria,2017,143106.957
Gross available energy,Oil and petroleum products (excluding biofuel portion),Austria,2018,145293.767
Gross available energy,Oil and petroleum products (excluding biofuel portion),Austria,2019,149917.867
Gross available energy,Oil and petroleum products (excluding biofuel portion),Austria,2020,129448.04
Gross available energy,Oil and petroleum products (excluding biofuel portion),Austria,2021,137251.518
Gross available energy,Oil and petroleum products (excluding biofuel portion),Austria,2022,132639.86
Gross available energy,Oil and petroleum products (excluding biofuel portion),Austria,2023,132464.826
Gross available energy,Oil and petroleum products (excluding biofuel portion),Austria,2024,129223.641
Gross available energy,Oil and petroleum products (excluding biofuel portion),Belgium,2005,375492.724
Gross available energy,Oil and petroleum products (excluding biofuel portion),Belgium,2006,369501.347
Gross available energy,Oil and petroleum products (excluding biofuel portion),Belgium,2007,371939.544
Gross available energy,Oil and petroleum products (excluding biofuel portion),Belgium,2008,396734.554
Gross available energy,Oil and petroleum products (excluding biofuel portion),Belgium,2009,355329.892
Gross available energy,Oil and petroleum products (excluding biofuel portion),Belgium,2010,373386.782
Gross available energy,Oil and petroleum products (excluding biofuel portion),Belgium,2011,344121.318
Gross available energy,Oil and petroleum products (excluding biofuel portion),Belgium,2012,322876.789
Gross available energy,Oil and petroleum products (excluding biofuel portion),Belgium,2013,334912.388
Gross available energy,Oil and petroleum products (excluding biofuel portion),Belgium,2014,333882.272
Gross available energy,Oil and petroleum products (excluding biofuel portion),Belgium,2015,340629.287
Gross available energy,Oil and petroleum products (excluding biofuel portion),Belgium,2016,344018.888
Gross available energy,Oil and petroleum products (excluding biofuel portion),Belgium,2017,352454.25
Gross available energy,Oil and petroleum products (excluding biofuel portion),Belgium,2018,374274.714
Gross available energy,Oil and petroleum products (excluding biofuel portion),Belgium,2019,351233.737
Gross available energy,Oil and petroleum products (excluding biofuel portion),Belgium,2020,302917.449
Gross available energy,Oil and petroleum products (excluding biofuel portion),Belgium,2021,336010.69
Gross available energy,Oil and petroleum products (excluding biofuel portion),Belgium,2022,325264.227
Gross available energy,Oil and petroleum products (excluding biofuel portion),Belgium,2023,314704.849
Gross available energy,Oil and petroleum products (excluding biofuel portion),Belgium,2024,322398.83
Gross available energy,Oil and petroleum products (excluding biofuel portion),Bulgaria,2005,59327.194
Gross available energy,Oil and petroleum products (excluding biofuel portion),Bulgaria,2006,61538.189
Gross available energy,Oil and petroleum products (excluding biofuel portion),Bulgaria,2007,58207.686
Gross available energy,Oil and petroleum products (excluding biofuel portion),Bulgaria,2008,58158.059
Gross available energy,Oil and petroleum products (excluding biofuel portion),Bulgaria,2009,53186.185
Gross available energy,Oil and petroleum products (excluding biofuel portion),Bulgaria,2010,47741.328
Gross available energy,Oil and petroleum products (excluding biofuel portion),Bulgaria,2011,45170.889
Gross available energy,Oil and petroleum products (excluding biofuel portion),Bulgaria,2012,47362.11
Gross available energy,Oil and petroleum products (excluding biofuel portion),Bulgaria,2013,43612.314
Gross available energy,Oil and petroleum products (excluding biofuel portion),Bulgaria,2014,47533.037
Gross available energy,Oil and petroleum products (excluding biofuel portion),Bulgaria,2015,51463.584
Gross available energy,Oil and petroleum products (excluding biofuel portion),Bulgaria,2016,51373.023
Gross available energy,Oil and petroleum products (excluding biofuel portion),Bulgaria,2017,53736.672
Gross available energy,Oil and petroleum products (excluding biofuel portion),Bulgaria,2018,54701.457
Gross available energy,Oil and petroleum products (excluding biofuel portion),Bulgaria,2019,56148.385
Gross available energy,Oil and petroleum products (excluding biofuel portion),Bulgaria,2020,51138.55
Gross available energy,Oil and petroleum products (excluding biofuel portion),Bulgaria,2021,54157.896
Gross available energy,Oil and petroleum products (excluding biofuel portion),Bulgaria,2022,56992.737
Gross available energy,Oil and petroleum products (excluding biofuel portion),Bulgaria,2023,56354.543
Gross available energy,Oil and petroleum products (excluding biofuel portion),Bulgaria,2024,59576.317
Gross available energy,Oil and petroleum products (excluding biofuel portion),Cyprus,2005,31897.291
Gross available energy,Oil and petroleum products (excluding biofuel portion),Cyprus,2006,33080.887
Gross available energy,Oil and petroleum products (excluding biofuel portion),Cyprus,2007,34017.268
Gross available energy,Oil and petroleum products (excluding biofuel portion),Cyprus,2008,35366.328
Gross available energy,Oil and petroleum products (excluding biofuel portion),Cyprus,2009,34146.836
Gross available energy,Oil and petroleum products (excluding biofuel portion),Cyprus,2010,32701.026
Gross available energy,Oil and petroleum products (excluding biofuel portion),Cyprus,2011,32294.705
Gross available energy,Oil and petroleum products (excluding biofuel portion),Cyprus,2012,30231.129
Gross available energy,Oil and petroleum products (excluding biofuel portion),Cyprus,2013,26742.695
Gross available energy,Oil and petroleum products (excluding biofuel portion),Cyprus,2014,27108.723
Gross available energy,Oil and petroleum products (excluding biofuel portion),Cyprus,2015,27561.939
Gross available energy,Oil and petroleum products (excluding biofuel portion),Cyprus,2016,29916.151
Gross available energy,Oil and petroleum products (excluding biofuel portion),Cyprus,2017,30512.266
Gross available energy,Oil and petroleum products (excluding biofuel portion),Cyprus,2018,30558.194
Gross available energy,Oil and petroleum products (excluding biofuel portion),Cyprus,2019,30344.833
Gross available energy,Oil and petroleum products (excluding biofuel portion),Cyprus,2020,25954.776
Gross available energy,Oil and petroleum products (excluding biofuel portion),Cyprus,2021,26563.732
Gross available energy,Oil and petroleum products (excluding biofuel portion),Cyprus,2022,28792.994
Gross available energy,Oil and petroleum products (excluding biofuel portion),Cyprus,2023,28551.989
Gross available energy,Oil and petroleum products (excluding biofuel portion),Cyprus,2024,29381.56
Gross available energy,Oil and petroleum products (excluding biofuel portion),Czechia,2005,115734.696
Gross available energy,Oil and petroleum products (excluding biofuel portion),Czechia,2006,115367.476
Gross available energy,Oil and petroleum products (excluding biofuel portion),Czechia,2007,116175.241
Gross available energy,Oil and petroleum products (excluding biofuel portion),Czechia,2008,117111.747
Gross available energy,Oil and petroleum products (excluding biofuel portion),Czechia,2009,110827.991
Gross available energy,Oil and petroleum products (excluding biofuel portion),Czechia,2010,108116.127
Gross available energy,Oil and petroleum products (excluding biofuel portion),Czechia,2011,105300.099
Gross available energy,Oil and petroleum products (excluding biofuel portion),Czechia,2012,103708.06
Gross available energy,Oil and petroleum products (excluding biofuel portion),Czechia,2013,99622.716
Gross available energy,Oil and petroleum products (excluding biofuel portion),Czechia,2014,105880.016
Gross available energy,Oil and petroleum products (excluding biofuel portion),Czechia,2015,103570.071
Gross available energy,Oil and petroleum products (excluding biofuel portion),Czechia,2016,96618.311
Gross available energy,Oil and petroleum products (excluding biofuel portion),Czechia,2017,112490.091
Gross available energy,Oil and petroleum products (excluding biofuel portion),Czechia,2018,114148.254
Gross available energy,Oil and petroleum products (excluding biofuel portion),Czechia,2019,114764.821
Gross available energy,Oil and petroleum products (excluding biofuel portion),Czechia,2020,100133.481
Gross available energy,Oil and petroleum products (excluding biofuel portion),Czechia,2021,110147.892
Gross available energy,Oil and petroleum products (excluding biofuel portion),Czechia,2022,112975.484
Gross available energy,Oil and petroleum products (excluding biofuel portion),Czechia,2023,111809.693
Gross available energy,Oil and petroleum products (excluding biofuel portion),Czechia,2024,115898.838
Gross available energy,Oil and petroleum products (excluding biofuel portion),Germany,2005,1477900.825
Gross available energy,Oil and petroleum products (excluding biofuel portion),Germany,2006,1482260.973
Gross available energy,Oil and petroleum products (excluding biofuel portion),Germany,2007,1350717.765
Gross available energy,Oil and petroleum products (excluding biofuel portion),Germany,2008,1420980.728
Gross available energy,Oil and petroleum products (excluding biofuel portion),Germany,2009,1333258.558
Gross available energy,Oil and petroleum products (excluding biofuel portion),Germany,2010,1348628.802
Gross available energy,Oil and petroleum products (excluding biofuel portion),Germany,2011,1304091.738
Gross available energy,Oil and petroleum products (excluding biofuel portion),Germany,2012,1303653.764
Gross available energy,Oil and petroleum products (excluding biofuel portion),Germany,2013,1330296.619
Gross available energy,Oil and petroleum products (excluding biofuel portion),Germany,2014,1302931.394
Gross available energy,Oil and petroleum products (excluding biofuel portion),Germany,2015,1305864.759
Gross available energy,Oil and petroleum products (excluding biofuel portion),Germany,2016,1321054.993
Gross available energy,Oil and petroleum products (excluding biofuel portion),Germany,2017,1342813.716
Gross available energy,Oil and petroleum products (excluding biofuel portion),Germany,2018,1281180.051
Gross available energy,Oil and petroleum products (excluding biofuel portion),Germany,2019,1294904.566
Gross available energy,Oil and petroleum products (excluding biofuel portion),Germany,2020,1172123.406
Gross available energy,Oil and petroleum products (excluding biofuel portion),Germany,2021,1153298.581
Gross available energy,Oil and petroleum products (excluding biofuel portion),Germany,2022,1181772.381
Gross available energy,Oil and petroleum products (excluding biofuel portion),Germany,2023,1102579.427
Gross available energy,Oil and petroleum products (excluding biofuel portion),Germany,2024,1096970.994
Gross available energy,Oil and petroleum products (excluding biofuel portion),Denmark,2005,104990.778
Gross available energy,Oil and petroleum products (excluding biofuel portion),Denmark,2006,109680.347
Gross available energy,Oil and petroleum products (excluding biofuel portion),Denmark,2007,110180.167
Gross available energy,Oil and petroleum products (excluding biofuel portion),Denmark,2008,106687.389
Gross available energy,Oil and petroleum products (excluding biofuel portion),Denmark,2009,95560.972
Gross available energy,Oil and petroleum products (excluding biofuel portion),Denmark,2010,98548.861
Gross available energy,Oil and petroleum products (excluding biofuel portion),Denmark,2011,93559.944
Gross available energy,Oil and petroleum products (excluding biofuel portion),Denmark,2012,88176.056
Gross available energy,Oil and petroleum products (excluding biofuel portion),Denmark,2013,86693.361
Gross available energy,Oil and petroleum products (excluding biofuel portion),Denmark,2014,86130.204
Gross available energy,Oil and petroleum products (excluding biofuel portion),Denmark,2015,86705.466
Gross available energy,Oil and petroleum products (excluding biofuel portion),Denmark,2016,87141.425
Gross available energy,Oil and petroleum products (excluding biofuel portion),Denmark,2017,87720.783
Gross available energy,Oil and petroleum products (excluding biofuel portion),Denmark,2018,88825.862
Gross available energy,Oil and petroleum products (excluding biofuel portion),Denmark,2019,89217.557
Gross available energy,Oil and petroleum products (excluding biofuel portion),Denmark,2020,74530.234
Gross available energy,Oil and petroleum products (excluding biofuel portion),Denmark,2021,75444.696
Gross available energy,Oil and petroleum products (excluding biofuel portion),Denmark,2022,81849.187
Gross available energy,Oil and petroleum products (excluding biofuel portion),Denmark,2023,80765.039
Gross available energy,Oil and petroleum products (excluding biofuel portion),Denmark,2024,83366.378
Gross available energy,Oil and petroleum products (excluding biofuel portion),Estonia,2005,10890.145
Gross available energy,Oil and petroleum products (excluding biofuel portion),Estonia,2006,11939.83
Gross available energy,Oil and petroleum products (excluding biofuel portion),Estonia,2007,12408.943
Gross available energy,Oil and petroleum products (excluding biofuel portion),Estonia,2008,11858.67
Gross available energy,Oil and petroleum products (excluding biofuel portion),Estonia,2009,9513.101
Gross available energy,Oil and petroleum products (excluding biofuel portion),Estonia,2010,9477.824
Gross available energy,Oil and petroleum products (excluding biofuel portion),Estonia,2011,8802.274
Gross available energy,Oil and petroleum products (excluding biofuel portion),Estonia,2012,11165.234
Gross available energy,Oil and petroleum products (excluding biofuel portion),Estonia,2013,10727.172
Gross available energy,Oil and petroleum products (excluding biofuel portion),Estonia,2014,8966.824
Gross available energy,Oil and petroleum products (excluding biofuel portion),Estonia,2015,7183.223
Gross available energy,Oil and petroleum products (excluding biofuel portion),Estonia,2016,8460.2
Gross available energy,Oil and petroleum products (excluding biofuel portion),Estonia,2017,6142.288
Gross available energy,Oil and petroleum products (excluding biofuel portion),Estonia,2018,4982.425
Gross available energy,Oil and petroleum products (excluding biofuel portion),Estonia,2019,2484.485
Gross available energy,Oil and petroleum products (excluding biofuel portion),Estonia,2020,2942.605
Gross available energy,Oil and petroleum products (excluding biofuel portion),Estonia,2021,2186.096
Gross available energy,Oil and petroleum products (excluding biofuel portion),Estonia,2022,5017.745
Gross available energy,Oil and petroleum products (excluding biofuel portion),Estonia,2023,1632.004
Gross available energy,Oil and petroleum products (excluding biofuel portion),Estonia,2024,1331.729
Gross available energy,Oil and petroleum products (excluding biofuel portion),Greece,2005,239205.824
Gross available energy,Oil and petroleum products (excluding biofuel portion),Greece,2006,243013.571
Gross available energy,Oil and petroleum products (excluding biofuel portion),Greece,2007,233141.065
Gross available energy,Oil and petroleum products (excluding biofuel portion),Greece,2008,237702.643
Gross available energy,Oil and petroleum products (excluding biofuel portion),Greece,2009,223755.898
Gross available energy,Oil and petroleum products (excluding biofuel portion),Greece,2010,200567.811
Gross available energy,Oil and petroleum products (excluding biofuel portion),Greece,2011,185217.512
Gross available energy,Oil and petroleum products (excluding biofuel portion),Greece,2012,174898.51
Gross available energy,Oil and petroleum products (excluding biofuel portion),Greece,2013,152500.46
Gross available energy,Oil and petroleum products (excluding biofuel portion),Greece,2014,155874.269
Gross available energy,Oil and petroleum products (excluding biofuel portion),Greece,2015,160870.831
Gross available energy,Oil and petroleum products (excluding biofuel portion),Greece,2016,162754.253
Gross available energy,Oil and petroleum products (excluding biofuel portion),Greece,2017,163480.183
Gross available energy,Oil and petroleum products (excluding biofuel portion),Greece,2018,158539.542
Gross available energy,Oil and petroleum products (excluding biofuel portion),Greece,2019,166522.606
Gross available energy,Oil and petroleum products (excluding biofuel portion),Greece,2020,130187.427
Gross available energy,Oil and petroleum products (excluding biofuel portion),Greece,2021,139549.512
Gross available energy,Oil and petroleum products (excluding biofuel portion),Greece,2022,161117.151
Gross available energy,Oil and petroleum products (excluding biofuel portion),Greece,2023,156169.06
Gross available energy,Oil and petroleum products (excluding biofuel portion),Greece,2024,161637.782
Gross available energy,Oil and petroleum products (excluding biofuel portion),Spain,2005,915479.139
Gross available energy,Oil and petroleum products (excluding biofuel portion),Spain,2006,915928.861
Gross available energy,Oil and petroleum products (excluding biofuel portion),Spain,2007,924452.361
Gross available energy,Oil and petroleum products (excluding biofuel portion),Spain,2008,894295.694
Gross available energy,Oil and petroleum products (excluding biofuel portion),Spain,2009,837418.778
Gross available energy,Oil and petroleum products (excluding biofuel portion),Spain,2010,806440.639
Gross available energy,Oil and petroleum products (excluding biofuel portion),Spain,2011,776294.5
Gross available energy,Oil and petroleum products (excluding biofuel portion),Spain,2012,719666.667
Gross available energy,Oil and petroleum products (excluding biofuel portion),Spain,2013,675485.528
Gross available energy,Oil and petroleum products (excluding biofuel portion),Spain,2014,671841.944
Gross available energy,Oil and petroleum products (excluding biofuel portion),Spain,2015,697352.833
Gross available energy,Oil and petroleum products (excluding biofuel portion),Spain,2016,717609.917
Gross available energy,Oil and petroleum products (excluding biofuel portion),Spain,2017,744104.5
Gross available energy,Oil and petroleum products (excluding biofuel portion),Spain,2018,750290.417
Gross available energy,Oil and petroleum products (excluding biofuel portion),Spain,2019,736319.111
Gross available energy,Oil and petroleum products (excluding biofuel portion),Spain,2020,605296.389
Gross available energy,Oil and petroleum products (excluding biofuel portion),Spain,2021,668692.512
Gross available energy,Oil and petroleum products (excluding biofuel portion),Spain,2022,727481.658
Gross available energy,Oil and petroleum products (excluding biofuel portion),Spain,2023,698908.623
Gross available energy,Oil and petroleum products (excluding biofuel portion),Spain,2024,739199.57
Gross available energy,Oil and petroleum products (excluding biofuel portion),Finland,2005,128445.253
Gross available energy,Oil and petroleum products (excluding biofuel portion),Finland,2006,133610.759
Gross available energy,Oil and petroleum products (excluding biofuel portion),Finland,2007,127271.825
Gross available energy,Oil and petroleum products (excluding biofuel portion),Finland,2008,124571.116
Gross available energy,Oil and petroleum products (excluding biofuel portion),Finland,2009,116461.836
Gross available energy,Oil and petroleum products (excluding biofuel portion),Finland,2010,119292.443
Gross available energy,Oil and petroleum products (excluding biofuel portion),Finland,2011,117799.908
Gross available energy,Oil and petroleum products (excluding biofuel portion),Finland,2012,109620.664
Gross available energy,Oil and petroleum products (excluding biofuel portion),Finland,2013,98719.158
Gross available energy,Oil and petroleum products (excluding biofuel portion),Finland,2014,110865.466
Gross available energy,Oil and petroleum products (excluding biofuel portion),Finland,2015,101500.529
Gross available energy,Oil and petroleum products (excluding biofuel portion),Finland,2016,110561.836
Gross available energy,Oil and petroleum products (excluding biofuel portion),Finland,2017,106696.632
Gross available energy,Oil and petroleum products (excluding biofuel portion),Finland,2018,106830.423
Gross available energy,Oil and petroleum products (excluding biofuel portion),Finland,2019,103163.983
Gross available energy,Oil and petroleum products (excluding biofuel portion),Finland,2020,94818.658
Gross available energy,Oil and petroleum products (excluding biofuel portion),Finland,2021,87898.275
Gross available energy,Oil and petroleum products (excluding biofuel portion),Finland,2022,94646.252
Gross available energy,Oil and petroleum products (excluding biofuel portion),Finland,2023,91932.867
Gross available energy,Oil and petroleum products (excluding biofuel portion),Finland,2024,87426.923
Gross available energy,Oil and petroleum products (excluding biofuel portion),France,2005,1120748.905
Gross available energy,Oil and petroleum products (excluding biofuel portion),France,2006,1114261.789
Gross available energy,Oil and petroleum products (excluding biofuel portion),France,2007,1101467.503
Gross available energy,Oil and petroleum products (excluding biofuel portion),France,2008,1071619.309
Gross available energy,Oil and petroleum products (excluding biofuel portion),France,2009,1031689.751
Gross available energy,Oil and petroleum products (excluding biofuel portion),France,2010,988688.801
Gross available energy,Oil and petroleum products (excluding biofuel portion),France,2011,1020374.527
Gross available energy,Oil and petroleum products (excluding biofuel portion),France,2012,989347.567
Gross available energy,Oil and petroleum products (excluding biofuel portion),France,2013,964917.385
Gross available energy,Oil and petroleum products (excluding biofuel portion),France,2014,954944.305
Gross available energy,Oil and petroleum products (excluding biofuel portion),France,2015,964705.735
Gross available energy,Oil and petroleum products (excluding biofuel portion),France,2016,932985.581
Gross available energy,Oil and petroleum products (excluding biofuel portion),France,2017,940851.741
Gross available energy,Oil and petroleum products (excluding biofuel portion),France,2018,912790.169
Gross available energy,Oil and petroleum products (excluding biofuel portion),France,2019,919004.174
Gross available energy,Oil and petroleum products (excluding biofuel portion),France,2020,763684.397
Gross available energy,Oil and petroleum products (excluding biofuel portion),France,2021,812111.61
Gross available energy,Oil and petroleum products (excluding biofuel portion),France,2022,818127.525
Gross available energy,Oil and petroleum products (excluding biofuel portion),France,2023,824429.034
Gross available energy,Oil and petroleum products (excluding biofuel portion),France,2024,794553.772
Gross available energy,Oil and petroleum products (excluding biofuel portion),Croatia,2005,52874.616
Gross available energy,Oil and petroleum products (excluding biofuel portion),Croatia,2006,53925.356
Gross available energy,Oil and petroleum products (excluding biofuel portion),Croatia,2007,55038.692
Gross available energy,Oil and petroleum products (excluding biofuel portion),Croatia,2008,52178.571
Gross available energy,Oil and petroleum products (excluding biofuel portion),Croatia,2009,50933.89
Gross available energy,Oil and petroleum products (excluding biofuel portion),Croatia,2010,43435.546
Gross available energy,Oil and petroleum products (excluding biofuel portion),Croatia,2011,42718.542
Gross available energy,Oil and petroleum products (excluding biofuel portion),Croatia,2012,38083.266
Gross available energy,Oil and petroleum products (excluding biofuel portion),Croatia,2013,36799.296
Gross available energy,Oil and petroleum products (excluding biofuel portion),Croatia,2014,36319.876
Gross available energy,Oil and petroleum products (excluding biofuel portion),Croatia,2015,37835.449
Gross available energy,Oil and petroleum products (excluding biofuel portion),Croatia,2016,37885.932
Gross available energy,Oil and petroleum products (excluding biofuel portion),Croatia,2017,40507.181
Gross available energy,Oil and petroleum products (excluding biofuel portion),Croatia,2018,39216.08
Gross available energy,Oil and petroleum products (excluding biofuel portion),Croatia,2019,38367.426
Gross available energy,Oil and petroleum products (excluding biofuel portion),Croatia,2020,32636.788
Gross available energy,Oil and petroleum products (excluding biofuel portion),Croatia,2021,34605.444
Gross available energy,Oil and petroleum products (excluding biofuel portion),Croatia,2022,38517.607
Gross available energy,Oil and petroleum products (excluding biofuel portion),Croatia,2023,42158.533
Gross available energy,Oil and petroleum products (excluding biofuel portion),Croatia,2024,44939.359
Gross available energy,Oil and petroleum products (excluding biofuel portion),Hungary,2005,86552.528
Gross available energy,Oil and petroleum products (excluding biofuel portion),Hungary,2006,90185.694
Gross available energy,Oil and petroleum products (excluding biofuel portion),Hungary,2007,88837.11
Gross available energy,Oil and petroleum products (excluding biofuel portion),Hungary,2008,85053.511
Gross available energy,Oil and petroleum products (excluding biofuel portion),Hungary,2009,83278.086
Gross available energy,Oil and petroleum products (excluding biofuel portion),Hungary,2010,79067.092
Gross available energy,Oil and petroleum products (excluding biofuel portion),Hungary,2011,75331.992
Gross available energy,Oil and petroleum products (excluding biofuel portion),Hungary,2012,70671.753
Gross available energy,Oil and petroleum products (excluding biofuel portion),Hungary,2013,68203.228
Gross available energy,Oil and petroleum products (excluding biofuel portion),Hungary,2014,76543.325
Gross available energy,Oil and petroleum products (excluding biofuel portion),Hungary,2015,81771.153
Gross available energy,Oil and petroleum products (excluding biofuel portion),Hungary,2016,81129.633
Gross available energy,Oil and petroleum products (excluding biofuel portion),Hungary,2017,87815.994
Gross available energy,Oil and petroleum products (excluding biofuel portion),Hungary,2018,93782.519
Gross available energy,Oil and petroleum products (excluding biofuel portion),Hungary,2019,95116.218
Gross available energy,Oil and petroleum products (excluding biofuel portion),Hungary,2020,86740.7
Gross available energy,Oil and petroleum products (excluding biofuel portion),Hungary,2021,94139.066
Gross available energy,Oil and petroleum products (excluding biofuel portion),Hungary,2022,93813.345
Gross available energy,Oil and petroleum products (excluding biofuel portion),Hungary,2023,91197.005
Gross available energy,Oil and petroleum products (excluding biofuel portion),Hungary,2024,90494.128
Gross available energy,Oil and petroleum products (excluding biofuel portion),Ireland,2005,103365.486
Gross available energy,Oil and petroleum products (excluding biofuel portion),Ireland,2006,102038.446
Gross available energy,Oil and petroleum products (excluding biofuel portion),Ireland,2007,104272.426
Gross available energy,Oil and petroleum products (excluding biofuel portion),Ireland,2008,98483.323
Gross available energy,Oil and petroleum products (excluding biofuel portion),Ireland,2009,93602.479
Gross available energy,Oil and petroleum products (excluding biofuel portion),Ireland,2010,92145.418
Gross available energy,Oil and petroleum products (excluding biofuel portion),Ireland,2011,81930.539
Gross available energy,Oil and petroleum products (excluding biofuel portion),Ireland,2012,76918.358
Gross available energy,Oil and petroleum products (excluding biofuel portion),Ireland,2013,78592.153
Gross available energy,Oil and petroleum products (excluding biofuel portion),Ireland,2014,77027.733
Gross available energy,Oil and petroleum products (excluding biofuel portion),Ireland,2015,82193.677
Gross available energy,Oil and petroleum products (excluding biofuel portion),Ireland,2016,87171.659
Gross available energy,Oil and petroleum products (excluding biofuel portion),Ireland,2017,86719.634
Gross available energy,Oil and petroleum products (excluding biofuel portion),Ireland,2018,87927.509
Gross available energy,Oil and petroleum products (excluding biofuel portion),Ireland,2019,87933.648
Gross available energy,Oil and petroleum products (excluding biofuel portion),Ireland,2020,74278.541
Gross available energy,Oil and petroleum products (excluding biofuel portion),Ireland,2021,80136.667
Gross available energy,Oil and petroleum products (excluding biofuel portion),Ireland,2022,84560.583
Gross available energy,Oil and petroleum products (excluding biofuel portion),Ireland,2023,84374.602
Gross available energy,Oil and petroleum products (excluding biofuel portion),Ireland,2024,85831.009
Gross available energy,Oil and petroleum products (excluding biofuel portion),Italy,2005,995066.512
Gross available energy,Oil and petroleum products (excluding biofuel portion),Italy,2006,982272.237
Gross available energy,Oil and petroleum products (excluding biofuel portion),Italy,2007,958327.752
Gross available energy,Oil and petroleum products (excluding biofuel portion),Italy,2008,910976.379
Gross available energy,Oil and petroleum products (excluding biofuel portion),Italy,2009,848508.419
Gross available energy,Oil and petroleum products (excluding biofuel portion),Italy,2010,830220.452
Gross available energy,Oil and petroleum products (excluding biofuel portion),Italy,2011,796068.934
Gross available energy,Oil and petroleum products (excluding biofuel portion),Italy,2012,710763.604
Gross available energy,Oil and petroleum products (excluding biofuel portion),Italy,2013,680537.081
Gross available energy,Oil and petroleum products (excluding biofuel portion),Italy,2014,657848.36
Gross available energy,Oil and petroleum products (excluding biofuel portion),Italy,2015,681781.544
Gross available energy,Oil and petroleum products (excluding biofuel portion),Italy,2016,663409.597
Gross available energy,Oil and petroleum products (excluding biofuel portion),Italy,2017,671310.604
Gross available energy,Oil and petroleum products (excluding biofuel portion),Italy,2018,668376.201
Gross available energy,Oil and petroleum products (excluding biofuel portion),Italy,2019,659223.207
Gross available energy,Oil and petroleum products (excluding biofuel portion),Italy,2020,550691.986
Gross available energy,Oil and petroleum products (excluding biofuel portion),Italy,2021,622301.239
Gross available energy,Oil and petroleum products (excluding biofuel portion),Italy,2022,627978.476
Gross available energy,Oil and petroleum products (excluding biofuel portion),Italy,2023,633710.951
Gross available energy,Oil and petroleum products (excluding biofuel portion),Italy,2024,626974.155
Gross available energy,Oil and petroleum products (excluding biofuel portion),Lithuania,2005,32927.831
Gross available energy,Oil and petroleum products (excluding biofuel portion),Lithuania,2006,32892.132
Gross available energy,Oil and petroleum products (excluding biofuel portion),Lithuania,2007,32679.758
Gross available energy,Oil and petroleum products (excluding biofuel portion),Lithuania,2008,35424.404
Gross available energy,Oil and petroleum products (excluding biofuel portion),Lithuania,2009,30474.626
Gross available energy,Oil and petroleum products (excluding biofuel portion),Lithuania,2010,31292.064
Gross available energy,Oil and petroleum products (excluding biofuel portion),Lithuania,2011,30291.844
Gross available energy,Oil and petroleum products (excluding biofuel portion),Lithuania,2012,30770.925
Gross available energy,Oil and petroleum products (excluding biofuel portion),Lithuania,2013,30026.395
Gross available energy,Oil and petroleum products (excluding biofuel portion),Lithuania,2014,29410.368
Gross available energy,Oil and petroleum products (excluding biofuel portion),Lithuania,2015,31119.819
Gross available energy,Oil and petroleum products (excluding biofuel portion),Lithuania,2016,34834.25
Gross available energy,Oil and petroleum products (excluding biofuel portion),Lithuania,2017,35739.702
Gross available energy,Oil and petroleum products (excluding biofuel portion),Lithuania,2018,38229.369
Gross available energy,Oil and petroleum products (excluding biofuel portion),Lithuania,2019,37277.976
Gross available energy,Oil and petroleum products (excluding biofuel portion),Lithuania,2020,35650.513
Gross available energy,Oil and petroleum products (excluding biofuel portion),Lithuania,2021,36000.172
Gross available energy,Oil and petroleum products (excluding biofuel portion),Lithuania,2022,36162.616
Gross available energy,Oil and petroleum products (excluding biofuel portion),Lithuania,2023,37738.614
Gross available energy,Oil and petroleum products (excluding biofuel portion),Lithuania,2024,37348.876
Gross available energy,Oil and petroleum products (excluding biofuel portion),Luxembourg,2005,36767.064
Gross available energy,Oil and petroleum products (excluding biofuel portion),Luxembourg,2006,34690.913
Gross available energy,Oil and petroleum products (excluding biofuel portion),Luxembourg,2007,33791.131
Gross available energy,Oil and petroleum products (excluding biofuel portion),Luxembourg,2008,34054.074
Gross available energy,Oil and petroleum products (excluding biofuel portion),Luxembourg,2009,31890.618
Gross available energy,Oil and petroleum products (excluding biofuel portion),Luxembourg,2010,33406.259
Gross available energy,Oil and petroleum products (excluding biofuel portion),Luxembourg,2011,34124.112
Gross available energy,Oil and petroleum products (excluding biofuel portion),Luxembourg,2012,32921.312
Gross available energy,Oil and petroleum products (excluding biofuel portion),Luxembourg,2013,32379.431
Gross available energy,Oil and petroleum products (excluding biofuel portion),Luxembourg,2014,31219.275
Gross available energy,Oil and petroleum products (excluding biofuel portion),Luxembourg,2015,30662.773
Gross available energy,Oil and petroleum products (excluding biofuel portion),Luxembourg,2016,30622.15
Gross available energy,Oil and petroleum products (excluding biofuel portion),Luxembourg,2017,32056.189
Gross available energy,Oil and petroleum products (excluding biofuel portion),Luxembourg,2018,33913.225
Gross available energy,Oil and petroleum products (excluding biofuel portion),Luxembourg,2019,34303.78
Gross available energy,Oil and petroleum products (excluding biofuel portion),Luxembourg,2020,27846.454
Gross available energy,Oil and petroleum products (excluding biofuel portion),Luxembourg,2021,29903.255
Gross available energy,Oil and petroleum products (excluding biofuel portion),Luxembourg,2022,27225.14
Gross available energy,Oil and petroleum products (excluding biofuel portion),Luxembourg,2023,26218.141
Gross available energy,Oil and petroleum products (excluding biofuel portion),Luxembourg,2024,25332.683
Gross available energy,Oil and petroleum products (excluding biofuel portion),Latvia,2005,20286.702
Gross available energy,Oil and petroleum products (excluding biofuel portion),Latvia,2006,21151.572
Gross available energy,Oil and petroleum products (excluding biofuel portion),Latvia,2007,22426.595
Gross available energy,Oil and petroleum products (excluding biofuel portion),Latvia,2008,21636.633
Gross available energy,Oil and petroleum products (excluding biofuel portion),Latvia,2009,20461.409
Gross available energy,Oil and petroleum products (excluding biofuel portion),Latvia,2010,20612.405
Gross available energy,Oil and petroleum products (excluding biofuel portion),Latvia,2011,18779.176
Gross available energy,Oil and petroleum products (excluding biofuel portion),Latvia,2012,18874.572
Gross available energy,Oil and petroleum products (excluding biofuel portion),Latvia,2013,19164.619
Gross available energy,Oil and petroleum products (excluding biofuel portion),Latvia,2014,19364.989
Gross available energy,Oil and petroleum products (excluding biofuel portion),Latvia,2015,20242.964
Gross available energy,Oil and petroleum products (excluding biofuel portion),Latvia,2016,20969.967
Gross available energy,Oil and petroleum products (excluding biofuel portion),Latvia,2017,21184.652
Gross available energy,Oil and petroleum products (excluding biofuel portion),Latvia,2018,18940.909
Gross available energy,Oil and petroleum products (excluding biofuel portion),Latvia,2019,21369.141
Gross available energy,Oil and petroleum products (excluding biofuel portion),Latvia,2020,18989.952
Gross available energy,Oil and petroleum products (excluding biofuel portion),Latvia,2021,19799.486
Gross available energy,Oil and petroleum products (excluding biofuel portion),Latvia,2022,18795.566
Gross available energy,Oil and petroleum products (excluding biofuel portion),Latvia,2023,18906.518
Gross available energy,Oil and petroleum products (excluding biofuel portion),Latvia,2024,17616.964
Gross available energy,Oil and petroleum products (excluding biofuel portion),Malta,2005,18533.722
Gross available energy,Oil and petroleum products (excluding biofuel portion),Malta,2006,19642.667
Gross available energy,Oil and petroleum products (excluding biofuel portion),Malta,2007,20934.667
Gross available energy,Oil and petroleum products (excluding biofuel portion),Malta,2008,21953.833
Gross available energy,Oil and petroleum products (excluding biofuel portion),Malta,2009,23564.722
Gross available energy,Oil and petroleum products (excluding biofuel portion),Malta,2010,27711.111
Gross available energy,Oil and petroleum products (excluding biofuel portion),Malta,2011,26313.889
Gross available energy,Oil and petroleum products (excluding biofuel portion),Malta,2012,25056.944
Gross available energy,Oil and petroleum products (excluding biofuel portion),Malta,2013,23912.222
Gross available energy,Oil and petroleum products (excluding biofuel portion),Malta,2014,24389.0
Gross available energy,Oil and petroleum products (excluding biofuel portion),Malta,2015,25385.833
Gross available energy,Oil and petroleum products (excluding biofuel portion),Malta,2016,26918.611
Gross available energy,Oil and petroleum products (excluding biofuel portion),Malta,2017,30290.055
Gross available energy,Oil and petroleum products (excluding biofuel portion),Malta,2018,30961.447
Gross available energy,Oil and petroleum products (excluding biofuel portion),Malta,2019,32026.421
Gross available energy,Oil and petroleum products (excluding biofuel portion),Malta,2020,29487.747
Gross available energy,Oil and petroleum products (excluding biofuel portion),Malta,2021,26955.782
Gross available energy,Oil and petroleum products (excluding biofuel portion),Malta,2022,30241.067
Gross available energy,Oil and petroleum products (excluding biofuel portion),Malta,2023,31751.082
Gross available energy,Oil and petroleum products (excluding biofuel portion),Malta,2024,30183.469
Gross available energy,Oil and petroleum products (excluding biofuel portion),Netherlands,2005,585091.21
Gross available energy,Oil and petroleum products (excluding biofuel portion),Netherlands,2006,601598.423
Gross available energy,Oil and petroleum products (excluding biofuel portion),Netherlands,2007,607320.794
Gross available energy,Oil and petroleum products (excluding biofuel portion),Netherlands,2008,578963.592
Gross available energy,Oil and petroleum products (excluding biofuel portion),Netherlands,2009,543958.839
Gross available energy,Oil and petroleum products (excluding biofuel portion),Netherlands,2010,549063.005
Gross available energy,Oil and petroleum products (excluding biofuel portion),Netherlands,2011,546370.804
Gross available energy,Oil and petroleum products (excluding biofuel portion),Netherlands,2012,535440.131
Gross available energy,Oil and petroleum products (excluding biofuel portion),Netherlands,2013,514010.27
Gross available energy,Oil and petroleum products (excluding biofuel portion),Netherlands,2014,503305.446
Gross available energy,Oil and petroleum products (excluding biofuel portion),Netherlands,2015,491334.481
Gross available energy,Oil and petroleum products (excluding biofuel portion),Netherlands,2016,505236.823
Gross available energy,Oil and petroleum products (excluding biofuel portion),Netherlands,2017,515261.41
Gross available energy,Oil and petroleum products (excluding biofuel portion),Netherlands,2018,499018.642
Gross available energy,Oil and petroleum products (excluding biofuel portion),Netherlands,2019,482975.308
Gross available energy,Oil and petroleum products (excluding biofuel portion),Netherlands,2020,455617.253
Gross available energy,Oil and petroleum products (excluding biofuel portion),Netherlands,2021,460900.643
Gross available energy,Oil and petroleum products (excluding biofuel portion),Netherlands,2022,454724.559
Gross available energy,Oil and petroleum products (excluding biofuel portion),Netherlands,2023,451779.428
Gross available energy,Oil and petroleum products (excluding biofuel portion),Netherlands,2024,450625.844
Gross available energy,Oil and petroleum products (excluding biofuel portion),Poland,2005,259478.699
Gross available energy,Oil and petroleum products (excluding biofuel portion),Poland,2006,278740.876
Gross available energy,Oil and petroleum products (excluding biofuel portion),Poland,2007,284988.139
Gross available energy,Oil and petroleum products (excluding biofuel portion),Poland,2008,295880.366
Gross available energy,Oil and petroleum products (excluding biofuel portion),Poland,2009,288557.609
Gross available energy,Oil and petroleum products (excluding biofuel portion),Poland,2010,304352.264
Gross available energy,Oil and petroleum products (excluding biofuel portion),Poland,2011,306326.753
Gross available energy,Oil and petroleum products (excluding biofuel portion),Poland,2012,292064.984
Gross available energy,Oil and petroleum products (excluding biofuel portion),Poland,2013,266969.188
Gross available energy,Oil and petroleum products (excluding biofuel portion),Poland,2014,265424.086
Gross available energy,Oil and petroleum products (excluding biofuel portion),Poland,2015,282212.996
Gross available energy,Oil and petroleum products (excluding biofuel portion),Poland,2016,311106.485
Gross available energy,Oil and petroleum products (excluding biofuel portion),Poland,2017,351652.899
Gross available energy,Oil and petroleum products (excluding biofuel portion),Poland,2018,361284.05
Gross available energy,Oil and petroleum products (excluding biofuel portion),Poland,2019,367233.696
Gross available energy,Oil and petroleum products (excluding biofuel portion),Poland,2020,345852.708
Gross available energy,Oil and petroleum products (excluding biofuel portion),Poland,2021,367788.993
Gross available energy,Oil and petroleum products (excluding biofuel portion),Poland,2022,386042.061
Gross available energy,Oil and petroleum products (excluding biofuel portion),Poland,2023,387294.887
Gross available energy,Oil and petroleum products (excluding biofuel portion),Poland,2024,387529.885
Gross available energy,Oil and petroleum products (excluding biofuel portion),Portugal,2005,194387.654
Gross available energy,Oil and petroleum products (excluding biofuel portion),Portugal,2006,174183.887
Gross available energy,Oil and petroleum products (excluding biofuel portion),Portugal,2007,171407.286
Gross available energy,Oil and petroleum products (excluding biofuel portion),Portugal,2008,164905.834
Gross available energy,Oil and petroleum products (excluding biofuel portion),Portugal,2009,153972.202
Gross available energy,Oil and petroleum products (excluding biofuel portion),Portugal,2010,149456.678
Gross available energy,Oil and petroleum products (excluding biofuel portion),Portugal,2011,140666.08
Gross available energy,Oil and petroleum products (excluding biofuel portion),Portugal,2012,126905.033
Gross available energy,Oil and petroleum products (excluding biofuel portion),Portugal,2013,127037.504
Gross available energy,Oil and petroleum products (excluding biofuel portion),Portugal,2014,125708.977
Gross available energy,Oil and petroleum products (excluding biofuel portion),Portugal,2015,127943.022
Gross available energy,Oil and petroleum products (excluding biofuel portion),Portugal,2016,129379.769
Gross available energy,Oil and petroleum products (excluding biofuel portion),Portugal,2017,132155.503
Gross available energy,Oil and petroleum products (excluding biofuel portion),Portugal,2018,128501.817
Gross available energy,Oil and petroleum products (excluding biofuel portion),Portugal,2019,136946.325
Gross available energy,Oil and petroleum products (excluding biofuel portion),Portugal,2020,112055.834
Gross available energy,Oil and petroleum products (excluding biofuel portion),Portugal,2021,114006.427
Gross available energy,Oil and petroleum products (excluding biofuel portion),Portugal,2022,127687.098
Gross available energy,Oil and petroleum products (excluding biofuel portion),Portugal,2023,124411.616
Gross available energy,Oil and petroleum products (excluding biofuel portion),Portugal,2024,121676.998
Gross available energy,Oil and petroleum products (excluding biofuel portion),Romania,2005,113939.174
Gross available energy,Oil and petroleum products (excluding biofuel portion),Romania,2006,121727.849
Gross available energy,Oil and petroleum products (excluding biofuel portion),Romania,2007,120004.824
Gross available energy,Oil and petroleum products (excluding biofuel portion),Romania,2008,116481.12
Gross available energy,Oil and petroleum products (excluding biofuel portion),Romania,2009,100327.424
Gross available energy,Oil and petroleum products (excluding biofuel portion),Romania,2010,100687.792
Gross available energy,Oil and petroleum products (excluding biofuel portion),Romania,2011,100524.877
Gross available energy,Oil and petroleum products (excluding biofuel portion),Romania,2012,97787.292
Gross available energy,Oil and petroleum products (excluding biofuel portion),Romania,2013,93195.634
Gross available energy,Oil and petroleum products (excluding biofuel portion),Romania,2014,93735.016
Gross available energy,Oil and petroleum products (excluding biofuel portion),Romania,2015,101100.984
Gross available energy,Oil and petroleum products (excluding biofuel portion),Romania,2016,103083.297
Gross available energy,Oil and petroleum products (excluding biofuel portion),Romania,2017,112357.828
Gross available energy,Oil and petroleum products (excluding biofuel portion),Romania,2018,113265.855
Gross available energy,Oil and petroleum products (excluding biofuel portion),Romania,2019,115417.691
Gross available energy,Oil and petroleum products (excluding biofuel portion),Romania,2020,112632.97
Gross available energy,Oil and petroleum products (excluding biofuel portion),Romania,2021,122650.525
Gross available energy,Oil and petroleum products (excluding biofuel portion),Romania,2022,122457.606
Gross available energy,Oil and petroleum products (excluding biofuel portion),Romania,2023,129442.753
Gross available energy,Oil and petroleum products (excluding biofuel portion),Romania,2024,127443.34
Gross available energy,Oil and petroleum products (excluding biofuel portion),Sweden,2005,195111.946
Gross available energy,Oil and petroleum products (excluding biofuel portion),Sweden,2006,187776.674
Gross available energy,Oil and petroleum products (excluding biofuel portion),Sweden,2007,181372.666
Gross available energy,Oil and petroleum products (excluding biofuel portion),Sweden,2008,189243.671
Gross available energy,Oil and petroleum products (excluding biofuel portion),Sweden,2009,169940.745
Gross available energy,Oil and petroleum products (excluding biofuel portion),Sweden,2010,192099.42
Gross available energy,Oil and petroleum products (excluding biofuel portion),Sweden,2011,187939.415
Gross available energy,Oil and petroleum products (excluding biofuel portion),Sweden,2012,173666.144
Gross available energy,Oil and petroleum products (excluding biofuel portion),Sweden,2013,165760.469
Gross available energy,Oil and petroleum products (excluding biofuel portion),Sweden,2014,162946.984
Gross available energy,Oil and petroleum products (excluding biofuel portion),Sweden,2015,131854.824
Gross available energy,Oil and petroleum products (excluding biofuel portion),Sweden,2016,150663.069
Gross available energy,Oil and petroleum products (excluding biofuel portion),Sweden,2017,151619.564
Gross available energy,Oil and petroleum products (excluding biofuel portion),Sweden,2018,156042.459
Gross available energy,Oil and petroleum products (excluding biofuel portion),Sweden,2019,146650.108
Gross available energy,Oil and petroleum products (excluding biofuel portion),Sweden,2020,128631.297
Gross available energy,Oil and petroleum products (excluding biofuel portion),Sweden,2021,138245.181
Gross available energy,Oil and petroleum products (excluding biofuel portion),Sweden,2022,133378.7
Gross available energy,Oil and petroleum products (excluding biofuel portion),Sweden,2023,129427.087
Gross available energy,Oil and petroleum products (excluding biofuel portion),Sweden,2024,139184.012
Gross available energy,Oil and petroleum products (excluding biofuel portion),Slovenia,2005,30259.0
Gross available energy,Oil and petroleum products (excluding biofuel portion),Slovenia,2006,31197.361
Gross available energy,Oil and petroleum products (excluding biofuel portion),Slovenia,2007,30815.834
Gross available energy,Oil and petroleum products (excluding biofuel portion),Slovenia,2008,35848.808
Gross available energy,Oil and petroleum products (excluding biofuel portion),Slovenia,2009,30375.841
Gross available energy,Oil and petroleum products (excluding biofuel portion),Slovenia,2010,30489.463
Gross available energy,Oil and petroleum products (excluding biofuel portion),Slovenia,2011,30392.637
Gross available energy,Oil and petroleum products (excluding biofuel portion),Slovenia,2012,29722.547
Gross available energy,Oil and petroleum products (excluding biofuel portion),Slovenia,2013,28070.884
Gross available energy,Oil and petroleum products (excluding biofuel portion),Slovenia,2014,27727.249
Gross available energy,Oil and petroleum products (excluding biofuel portion),Slovenia,2015,27360.399
Gross available energy,Oil and petroleum products (excluding biofuel portion),Slovenia,2016,29358.709
Gross available energy,Oil and petroleum products (excluding biofuel portion),Slovenia,2017,30072.074
Gross available energy,Oil and petroleum products (excluding biofuel portion),Slovenia,2018,31161.092
Gross available energy,Oil and petroleum products (excluding biofuel portion),Slovenia,2019,29774.954
Gross available energy,Oil and petroleum products (excluding biofuel portion),Slovenia,2020,24710.354
Gross available energy,Oil and petroleum products (excluding biofuel portion),Slovenia,2021,26493.064
Gross available energy,Oil and petroleum products (excluding biofuel portion),Slovenia,2022,27663.908
Gross available energy,Oil and petroleum products (excluding biofuel portion),Slovenia,2023,25617.286
Gross available energy,Oil and petroleum products (excluding biofuel portion),Slovenia,2024,26927.19
Gross available energy,Oil and petroleum products (excluding biofuel portion),Slovakia,2005,37977.454
Gross available energy,Oil and petroleum products (excluding biofuel portion),Slovakia,2006,37418.706
Gross available energy,Oil and petroleum products (excluding biofuel portion),Slovakia,2007,39753.816
Gross available energy,Oil and petroleum products (excluding biofuel portion),Slovakia,2008,41889.844
Gross available energy,Oil and petroleum products (excluding biofuel portion),Slovakia,2009,38580.661
Gross available energy,Oil and petroleum products (excluding biofuel portion),Slovakia,2010,40765.366
Gross available energy,Oil and petroleum products (excluding biofuel portion),Slovakia,2011,39930.563
Gross available energy,Oil and petroleum products (excluding biofuel portion),Slovakia,2012,37472.712
Gross available energy,Oil and petroleum products (excluding biofuel portion),Slovakia,2013,35991.396
Gross available energy,Oil and petroleum products (excluding biofuel portion),Slovakia,2014,33033.076
Gross available energy,Oil and petroleum products (excluding biofuel portion),Slovakia,2015,36107.548
Gross available energy,Oil and petroleum products (excluding biofuel portion),Slovakia,2016,38683.855
Gross available energy,Oil and petroleum products (excluding biofuel portion),Slovakia,2017,42917.056
Gross available energy,Oil and petroleum products (excluding biofuel portion),Slovakia,2018,44030.709
Gross available energy,Oil and petroleum products (excluding biofuel portion),Slovakia,2019,41844.051
Gross available energy,Oil and petroleum products (excluding biofuel portion),Slovakia,2020,41849.929
Gross available energy,Oil and petroleum products (excluding biofuel portion),Slovakia,2021,43463.024
Gross available energy,Oil and petroleum products (excluding biofuel portion),Slovakia,2022,44539.514
Gross available energy,Oil and petroleum products (excluding biofuel portion),Slovakia,2023,43335.663
Gross available energy,Oil and petroleum products (excluding biofuel portion),Slovakia,2024,39211.959
Imports,Solid fossil fuels,Austria,2005,47059.946
Imports,Solid fossil fuels,Austria,2006,44145.091
Imports,Solid fossil fuels,Austria,2007,46146.634
Imports,Solid fossil fuels,Austria,2008,44520.439
Imports,Solid fossil fuels,Austria,2009,32108.652
Imports,Solid fossil fuels,Austria,2010,39238.969
Imports,Solid fossil fuels,Austria,2011,36311.262
Imports,Solid fossil fuels,Austria,2012,38806.18
Imports,Solid fossil fuels,Austria,2013,36308.369
Imports,Solid fossil fuels,Austria,2014,36096.874
Imports,Solid fossil fuels,Austria,2015,33178.837
Imports,Solid fossil fuels,Austria,2016,33704.178
Imports,Solid fossil fuels,Austria,2017,36535.721
Imports,Solid fossil fuels,Austria,2018,31543.604
Imports,Solid fossil fuels,Austria,2019,32820.378
Imports,Solid fossil fuels,Austria,2020,28417.762
Imports,Solid fossil fuels,Austria,2021,29998.895
Imports,Solid fossil fuels,Austria,2022,29248.445
Imports,Solid fossil fuels,Austria,2023,28892.277
Imports,Solid fossil fuels,Austria,2024,27576.209
Imports,Solid fossil fuels,Belgium,2005,69911.632
Imports,Solid fossil fuels,Belgium,2006,64465.547
Imports,Solid fossil fuels,Belgium,2007,60902.689
Imports,Solid fossil fuels,Belgium,2008,65977.288
Imports,Solid fossil fuels,Belgium,2009,39761.924
Imports,Solid fossil fuels,Belgium,2010,51014.094
Imports,Solid fossil fuels,Belgium,2011,49225.778
Imports,Solid fossil fuels,Belgium,2012,45047.068
Imports,Solid fossil fuels,Belgium,2013,46243.007
Imports,Solid fossil fuels,Belgium,2014,46517.429
Imports,Solid fossil fuels,Belgium,2015,39205.429
Imports,Solid fossil fuels,Belgium,2016,35131.139
Imports,Solid fossil fuels,Belgium,2017,34589.923
Imports,Solid fossil fuels,Belgium,2018,37771.567
Imports,Solid fossil fuels,Belgium,2019,37068.186
Imports,Solid fossil fuels,Belgium,2020,29871.047
Imports,Solid fossil fuels,Belgium,2021,28735.847
Imports,Solid fossil fuels,Belgium,2022,32611.772
Imports,Solid fossil fuels,Belgium,2023,29019.351
Imports,Solid fossil fuels,Belgium,2024,29492.463
Imports,Solid fossil fuels,Bulgaria,2005,29820.222
Imports,Solid fossil fuels,Bulgaria,2006,28611.762
Imports,Solid fossil fuels,Bulgaria,2007,35630.999
Imports,Solid fossil fuels,Bulgaria,2008,37583.468
Imports,Solid fossil fuels,Bulgaria,2009,20356.216
Imports,Solid fossil fuels,Bulgaria,2010,20319.639
Imports,Solid fossil fuels,Bulgaria,2011,23755.869
Imports,Solid fossil fuels,Bulgaria,2012,18075.693
Imports,Solid fossil fuels,Bulgaria,2013,11722.851
Imports,Solid fossil fuels,Bulgaria,2014,11077.33
Imports,Solid fossil fuels,Bulgaria,2015,8793.244
Imports,Solid fossil fuels,Bulgaria,2016,6528.186
Imports,Solid fossil fuels,Bulgaria,2017,6774.724
Imports,Solid fossil fuels,Bulgaria,2018,6852.049
Imports,Solid fossil fuels,Bulgaria,2019,4663.672
Imports,Solid fossil fuels,Bulgaria,2020,4784.48
Imports,Solid fossil fuels,Bulgaria,2021,6448.807
Imports,Solid fossil fuels,Bulgaria,2022,9360.684
Imports,Solid fossil fuels,Bulgaria,2023,4349.727
Imports,Solid fossil fuels,Bulgaria,2024,3305.613
Imports,Solid fossil fuels,Cyprus,2005,502.306
Imports,Solid fossil fuels,Cyprus,2006,526.351
Imports,Solid fossil fuels,Cyprus,2007,261.405
Imports,Solid fossil fuels,Cyprus,2008,334.564
Imports,Solid fossil fuels,Cyprus,2009,209.294
Imports,Solid fossil fuels,Cyprus,2010,128.089
Imports,Solid fossil fuels,Cyprus,2011,1.439
Imports,Solid fossil fuels,Cyprus,2012,1.439
Imports,Solid fossil fuels,Cyprus,2013,1.439
Imports,Solid fossil fuels,Cyprus,2014,32.238
Imports,Solid fossil fuels,Cyprus,2015,42.792
Imports,Solid fossil fuels,Cyprus,2016,0.0
Imports,Solid fossil fuels,Cyprus,2017,113.117
Imports,Solid fossil fuels,Cyprus,2018,154.44
Imports,Solid fossil fuels,Cyprus,2019,234.48
Imports,Solid fossil fuels,Cyprus,2020,171.642
Imports,Solid fossil fuels,Cyprus,2021,455.202
Imports,Solid fossil fuels,Cyprus,2022,524.181
Imports,Solid fossil fuels,Cyprus,2023,133.479
Imports,Solid fossil fuels,Cyprus,2024,108.827
Imports,Solid fossil fuels,Czechia,2005,15566.973
Imports,Solid fossil fuels,Czechia,2006,23480.021
Imports,Solid fossil fuels,Czechia,2007,26746.722
Imports,Solid fossil fuels,Czechia,2008,23957.468
Imports,Solid fossil fuels,Czechia,2009,22489.426
Imports,Solid fossil fuels,Czechia,2010,27441.254
Imports,Solid fossil fuels,Czechia,2011,27999.941
Imports,Solid fossil fuels,Czechia,2012,24902.406
Imports,Solid fossil fuels,Czechia,2013,25641.546
Imports,Solid fossil fuels,Czechia,2014,34270.459
Imports,Solid fossil fuels,Czechia,2015,32993.081
Imports,Solid fossil fuels,Czechia,2016,34598.166
Imports,Solid fossil fuels,Czechia,2017,35049.323
Imports,Solid fossil fuels,Czechia,2018,35525.486
Imports,Solid fossil fuels,Czechia,2019,33728.416
Imports,Solid fossil fuels,Czechia,2020,32337.466
Imports,Solid fossil fuels,Czechia,2021,40441.561
Imports,Solid fossil fuels,Czechia,2022,39926.639
Imports,Solid fossil fuels,Czechia,2023,32933.737
Imports,Solid fossil fuels,Czechia,2024,27030.38
Imports,Solid fossil fuels,Germany,2005,309104.802
Imports,Solid fossil fuels,Germany,2006,388352.153
Imports,Solid fossil fuels,Germany,2007,379927.572
Imports,Solid fossil fuels,Germany,2008,368776.61
Imports,Solid fossil fuels,Germany,2009,307117.223
Imports,Solid fossil fuels,Germany,2010,378985.5
Imports,Solid fossil fuels,Germany,2011,388063.706
Imports,Solid fossil fuels,Germany,2012,387100.529
Imports,Solid fossil fuels,Germany,2013,435491.747
Imports,Solid fossil fuels,Germany,2014,432586.361
Imports,Solid fossil fuels,Germany,2015,435842.489
Imports,Solid fossil fuels,Germany,2016,461305.888
Imports,Solid fossil fuels,Germany,2017,393117.491
Imports,Solid fossil fuels,Germany,2018,358958.808
Imports,Solid fossil fuels,Germany,2019,327710.173
Imports,Solid fossil fuels,Germany,2020,245275.274
Imports,Solid fossil fuels,Germany,2021,319226.038
Imports,Solid fossil fuels,Germany,2022,346994.874
Imports,Solid fossil fuels,Germany,2023,254334.1
Imports,Solid fossil fuels,Germany,2024,218439.223
Imports,Solid fossil fuels,Denmark,2005,41417.719
Imports,Solid fossil fuels,Denmark,2006,60385.283
Imports,Solid fossil fuels,Denmark,2007,55579.888
Imports,Solid fossil fuels,Denmark,2008,51587.758
Imports,Solid fossil fuels,Denmark,2009,46062.463
Imports,Solid fossil fuels,Denmark,2010,31214.444
Imports,Solid fossil fuels,Denmark,2011,41737.128
Imports,Solid fossil fuels,Denmark,2012,26950.15
Imports,Solid fossil fuels,Denmark,2013,33853.881
Imports,Solid fossil fuels,Denmark,2014,31272.333
Imports,Solid fossil fuels,Denmark,2015,18581.469
Imports,Solid fossil fuels,Denmark,2016,19664.802
Imports,Solid fossil fuels,Denmark,2017,21022.739
Imports,Solid fossil fuels,Denmark,2018,18710.956
Imports,Solid fossil fuels,Denmark,2019,16694.895
Imports,Solid fossil fuels,Denmark,2020,7762.957
Imports,Solid fossil fuels,Denmark,2021,5460.851
Imports,Solid fossil fuels,Denmark,2022,12555.769
Imports,Solid fossil fuels,Denmark,2023,8487.601
Imports,Solid fossil fuels,Denmark,2024,2963.053
Imports,Solid fossil fuels,Estonia,2005,407.34
Imports,Solid fossil fuels,Estonia,2006,716.617
Imports,Solid fossil fuels,Estonia,2007,1327.627
Imports,Solid fossil fuels,Estonia,2008,927.83
Imports,Solid fossil fuels,Estonia,2009,226.333
Imports,Solid fossil fuels,Estonia,2010,535.577
Imports,Solid fossil fuels,Estonia,2011,505.478
Imports,Solid fossil fuels,Estonia,2012,618.644
Imports,Solid fossil fuels,Estonia,2013,445.057
Imports,Solid fossil fuels,Estonia,2014,618.644
Imports,Solid fossil fuels,Estonia,2015,52.792
Imports,Solid fossil fuels,Estonia,2016,173.458
Imports,Solid fossil fuels,Estonia,2017,275.0
Imports,Solid fossil fuels,Estonia,2018,268.889
Imports,Solid fossil fuels,Estonia,2019,337.348
Imports,Solid fossil fuels,Estonia,2020,24.247
Imports,Solid fossil fuels,Estonia,2021,36.717
Imports,Solid fossil fuels,Estonia,2022,20.783
Imports,Solid fossil fuels,Estonia,2023,35.193
Imports,Solid fossil fuels,Estonia,2024,5.542
Imports,Solid fossil fuels,Greece,2005,4629.566
Imports,Solid fossil fuels,Greece,2006,2776.551
Imports,Solid fossil fuels,Greece,2007,4356.096
Imports,Solid fossil fuels,Greece,2008,4825.643
Imports,Solid fossil fuels,Greece,2009,1972.391
Imports,Solid fossil fuels,Greece,2010,4660.31
Imports,Solid fossil fuels,Greece,2011,2753.955
Imports,Solid fossil fuels,Greece,2012,2237.603
Imports,Solid fossil fuels,Greece,2013,2711.948
Imports,Solid fossil fuels,Greece,2014,2318.277
Imports,Solid fossil fuels,Greece,2015,1850.471
Imports,Solid fossil fuels,Greece,2016,2213.64
Imports,Solid fossil fuels,Greece,2017,2661.029
Imports,Solid fossil fuels,Greece,2018,2726.372
Imports,Solid fossil fuels,Greece,2019,2364.518
Imports,Solid fossil fuels,Greece,2020,2171.415
Imports,Solid fossil fuels,Greece,2021,1909.776
Imports,Solid fossil fuels,Greece,2022,622.048
Imports,Solid fossil fuels,Greece,2023,381.31
Imports,Solid fossil fuels,Greece,2024,321.323
Imports,Solid fossil fuels,Spain,2005,172510.473
Imports,Solid fossil fuels,Spain,2006,165796.446
Imports,Solid fossil fuels,Spain,2007,170311.245
Imports,Solid fossil fuels,Spain,2008,145809.087
Imports,Solid fossil fuels,Spain,2009,115157.263
Imports,Solid fossil fuels,Spain,2010,91265.531
Imports,Solid fossil fuels,Spain,2011,110624.313
Imports,Solid fossil fuels,Spain,2012,150626.533
Imports,Solid fossil fuels,Spain,2013,93928.392
Imports,Solid fossil fuels,Spain,2014,110717.386
Imports,Solid fossil fuels,Spain,2015,127337.904
Imports,Solid fossil fuels,Spain,2016,94096.292
Imports,Solid fossil fuels,Spain,2017,129696.562
Imports,Solid fossil fuels,Spain,2018,110853.897
Imports,Solid fossil fuels,Spain,2019,64368.978
Imports,Solid fossil fuels,Spain,2020,34322.274
Imports,Solid fossil fuels,Spain,2021,43062.744
Imports,Solid fossil fuels,Spain,2022,71098.994
Imports,Solid fossil fuels,Spain,2023,48895.871
Imports,Solid fossil fuels,Spain,2024,31514.436
Imports,Solid fossil fuels,Finland,2005,39075.853
Imports,Solid fossil fuels,Finland,2006,52721.611
Imports,Solid fossil fuels,Finland,2007,52938.506
Imports,Solid fossil fuels,Finland,2008,44458.585
Imports,Solid fossil fuels,Finland,2009,44731.817
Imports,Solid fossil fuels,Finland,2010,46416.8
Imports,Solid fossil fuels,Finland,2011,53396.004
Imports,Solid fossil fuels,Finland,2012,30833.674
Imports,Solid fossil fuels,Finland,2013,39543.004
Imports,Solid fossil fuels,Finland,2014,42579.511
Imports,Solid fossil fuels,Finland,2015,30115.229
Imports,Solid fossil fuels,Finland,2016,32372.497
Imports,Solid fossil fuels,Finland,2017,31365.086
Imports,Solid fossil fuels,Finland,2018,32973.451
Imports,Solid fossil fuels,Finland,2019,26199.091
Imports,Solid fossil fuels,Finland,2020,20880.327
Imports,Solid fossil fuels,Finland,2021,18079.026
Imports,Solid fossil fuels,Finland,2022,32266.691
Imports,Solid fossil fuels,Finland,2023,14858.413
Imports,Solid fossil fuels,Finland,2024,15219.132
Imports,Solid fossil fuels,France,2005,162529.583
Imports,Solid fossil fuels,France,2006,165710.417
Imports,Solid fossil fuels,France,2007,152530.972
Imports,Solid fossil fuels,France,2008,172294.306
Imports,Solid fossil fuels,France,2009,124131.25
Imports,Solid fossil fuels,France,2010,142494.028
Imports,Solid fossil fuels,France,2011,132770.775
Imports,Solid fossil fuels,France,2012,141447.33
Imports,Solid fossil fuels,France,2013,144822.525
Imports,Solid fossil fuels,France,2014,113792.948
Imports,Solid fossil fuels,France,2015,106931.587
Imports,Solid fossil fuels,France,2016,99895.531
Imports,Solid fossil fuels,France,2017,117673.857
Imports,Solid fossil fuels,France,2018,107662.378
Imports,Solid fossil fuels,France,2019,84899.372
Imports,Solid fossil fuels,France,2020,59442.535
Imports,Solid fossil fuels,France,2021,72421.073
Imports,Solid fossil fuels,France,2022,70880.316
Imports,Solid fossil fuels,France,2023,52216.594
Imports,Solid fossil fuels,France,2024,43050.108
Imports,Solid fossil fuels,Croatia,2005,7258.51
Imports,Solid fossil fuels,Croatia,2006,8042.715
Imports,Solid fossil fuels,Croatia,2007,8162.188
Imports,Solid fossil fuels,Croatia,2008,9254.375
Imports,Solid fossil fuels,Croatia,2009,5289.489
Imports,Solid fossil fuels,Croatia,2010,8139.933
Imports,Solid fossil fuels,Croatia,2011,8042.091
Imports,Solid fossil fuels,Croatia,2012,6451.447
Imports,Solid fossil fuels,Croatia,2013,8643.646
Imports,Solid fossil fuels,Croatia,2014,6946.752
Imports,Solid fossil fuels,Croatia,2015,7254.421
Imports,Solid fossil fuels,Croatia,2016,7724.143
Imports,Solid fossil fuels,Croatia,2017,4595.949
Imports,Solid fossil fuels,Croatia,2018,3891.368
Imports,Solid fossil fuels,Croatia,2019,5222.047
Imports,Solid fossil fuels,Croatia,2020,4451.728
Imports,Solid fossil fuels,Croatia,2021,4864.824
Imports,Solid fossil fuels,Croatia,2022,4770.787
Imports,Solid fossil fuels,Croatia,2023,4388.011
Imports,Solid fossil fuels,Croatia,2024,2145.939
Imports,Solid fossil fuels,Hungary,2005,16932.175
Imports,Solid fossil fuels,Hungary,2006,18072.789
Imports,Solid fossil fuels,Hungary,2007,19622.733
Imports,Solid fossil fuels,Hungary,2008,19510.681
Imports,Solid fossil fuels,Hungary,2009,12885.533
Imports,Solid fossil fuels,Hungary,2010,16414.908
Imports,Solid fossil fuels,Hungary,2011,14628.378
Imports,Solid fossil fuels,Hungary,2012,13691.8
Imports,Solid fossil fuels,Hungary,2013,12067.748
Imports,Solid fossil fuels,Hungary,2014,12370.369
Imports,Solid fossil fuels,Hungary,2015,12884.232
Imports,Solid fossil fuels,Hungary,2016,12608.979
Imports,Solid fossil fuels,Hungary,2017,14650.13
Imports,Solid fossil fuels,Hungary,2018,14609.263
Imports,Solid fossil fuels,Hungary,2019,12429.56
Imports,Solid fossil fuels,Hungary,2020,10747.137
Imports,Solid fossil fuels,Hungary,2021,10076.751
Imports,Solid fossil fuels,Hungary,2022,7315.83
Imports,Solid fossil fuels,Hungary,2023,3558.795
Imports,Solid fossil fuels,Hungary,2024,1760.104
Imports,Solid fossil fuels,Ireland,2005,22125.108
Imports,Solid fossil fuels,Ireland,2006,19035.691
Imports,Solid fossil fuels,Ireland,2007,16751.806
Imports,Solid fossil fuels,Ireland,2008,18567.218
Imports,Solid fossil fuels,Ireland,2009,15024.472
Imports,Solid fossil fuels,Ireland,2010,11153.04
Imports,Solid fossil fuels,Ireland,2011,16305.254
Imports,Solid fossil fuels,Ireland,2012,15478.104
Imports,Solid fossil fuels,Ireland,2013,17095.499
Imports,Solid fossil fuels,Ireland,2014,14211.017
Imports,Solid fossil fuels,Ireland,2015,17571.306
Imports,Solid fossil fuels,Ireland,2016,14231.689
Imports,Solid fossil fuels,Ireland,2017,14651.475
Imports,Solid fossil fuels,Ireland,2018,10341.976
Imports,Solid fossil fuels,Ireland,2019,3060.483
Imports,Solid fossil fuels,Ireland,2020,3082.748
Imports,Solid fossil fuels,Ireland,2021,11269.195
Imports,Solid fossil fuels,Ireland,2022,10754.145
Imports,Solid fossil fuels,Ireland,2023,4494.463
Imports,Solid fossil fuels,Ireland,2024,1819.786
Imports,Solid fossil fuels,Italy,2005,192273.345
Imports,Solid fossil fuels,Italy,2006,195010.823
Imports,Solid fossil fuels,Italy,2007,190183.529
Imports,Solid fossil fuels,Italy,2008,188992.034
Imports,Solid fossil fuels,Italy,2009,142213.063
Imports,Solid fossil fuels,Italy,2010,162823.138
Imports,Solid fossil fuels,Italy,2011,173480.973
Imports,Solid fossil fuels,Italy,2012,179078.758
Imports,Solid fossil fuels,Italy,2013,153433.588
Imports,Solid fossil fuels,Italy,2014,152656.245
Imports,Solid fossil fuels,Italy,2015,146310.341
Imports,Solid fossil fuels,Italy,2016,127511.059
Imports,Solid fossil fuels,Italy,2017,111578.271
Imports,Solid fossil fuels,Italy,2018,103174.429
Imports,Solid fossil fuels,Italy,2019,76611.77
Imports,Solid fossil fuels,Italy,2020,57556.606
Imports,Solid fossil fuels,Italy,2021,64605.22
Imports,Solid fossil fuels,Italy,2022,91039.365
Imports,Solid fossil fuels,Italy,2023,55985.156
Imports,Solid fossil fuels,Italy,2024,28850.259
Imports,Solid fossil fuels,Lithuania,2005,1983.568
Imports,Solid fossil fuels,Lithuania,2006,2721.59
Imports,Solid fossil fuels,Lithuania,2007,2479.118
Imports,Solid fossil fuels,Lithuania,2008,2567.249
Imports,Solid fossil fuels,Lithuania,2009,1505.807
Imports,Solid fossil fuels,Lithuania,2010,2264.274
Imports,Solid fossil fuels,Lithuania,2011,2878.392
Imports,Solid fossil fuels,Lithuania,2012,2393.835
Imports,Solid fossil fuels,Lithuania,2013,3087.363
Imports,Solid fossil fuels,Lithuania,2014,2235.764
Imports,Solid fossil fuels,Lithuania,2015,1689.761
Imports,Solid fossil fuels,Lithuania,2016,1700.222
Imports,Solid fossil fuels,Lithuania,2017,2046.204
Imports,Solid fossil fuels,Lithuania,2018,1991.048
Imports,Solid fossil fuels,Lithuania,2019,2129.353
Imports,Solid fossil fuels,Lithuania,2020,1375.519
Imports,Solid fossil fuels,Lithuania,2021,1710.687
Imports,Solid fossil fuels,Lithuania,2022,2345.848
Imports,Solid fossil fuels,Lithuania,2023,1038.499
Imports,Solid fossil fuels,Lithuania,2024,1033.671
Imports,Solid fossil fuels,Luxembourg,2005,902.469
Imports,Solid fossil fuels,Luxembourg,2006,1076.891
Imports,Solid fossil fuels,Luxembourg,2007,911.215
Imports,Solid fossil fuels,Luxembourg,2008,871.27
Imports,Solid fossil fuels,Luxembourg,2009,778.142
Imports,Solid fossil fuels,Luxembourg,2010,779.631
Imports,Solid fossil fuels,Luxembourg,2011,678.738
Imports,Solid fossil fuels,Luxembourg,2012,624.883
Imports,Solid fossil fuels,Luxembourg,2013,578.117
Imports,Solid fossil fuels,Luxembourg,2014,647.138
Imports,Solid fossil fuels,Luxembourg,2015,571.459
Imports,Solid fossil fuels,Luxembourg,2016,632.377
Imports,Solid fossil fuels,Luxembourg,2017,527.203
Imports,Solid fossil fuels,Luxembourg,2018,489.98
Imports,Solid fossil fuels,Luxembourg,2019,495.632
Imports,Solid fossil fuels,Luxembourg,2020,495.102
Imports,Solid fossil fuels,Luxembourg,2021,405.207
Imports,Solid fossil fuels,Luxembourg,2022,465.099
Imports,Solid fossil fuels,Luxembourg,2023,263.909
Imports,Solid fossil fuels,Luxembourg,2024,231.118
Imports,Solid fossil fuels,Latvia,2005,904.4
Imports,Solid fossil fuels,Latvia,2006,1209.983
Imports,Solid fossil fuels,Latvia,2007,1114.825
Imports,Solid fossil fuels,Latvia,2008,1238.642
Imports,Solid fossil fuels,Latvia,2009,962.192
Imports,Solid fossil fuels,Latvia,2010,1333.325
Imports,Solid fossil fuels,Latvia,2011,1355.175
Imports,Solid fossil fuels,Latvia,2012,1095.135
Imports,Solid fossil fuels,Latvia,2013,806.506
Imports,Solid fossil fuels,Latvia,2014,570.492
Imports,Solid fossil fuels,Latvia,2015,471.558
Imports,Solid fossil fuels,Latvia,2016,442.487
Imports,Solid fossil fuels,Latvia,2017,455.11
Imports,Solid fossil fuels,Latvia,2018,549.151
Imports,Solid fossil fuels,Latvia,2019,538.027
Imports,Solid fossil fuels,Latvia,2020,269.794
Imports,Solid fossil fuels,Latvia,2021,244.043
Imports,Solid fossil fuels,Latvia,2022,297.284
Imports,Solid fossil fuels,Latvia,2023,113.757
Imports,Solid fossil fuels,Latvia,2024,63.933
Imports,Solid fossil fuels,Malta,2005,0.0
Imports,Solid fossil fuels,Malta,2006,0.0
Imports,Solid fossil fuels,Malta,2007,0.0
Imports,Solid fossil fuels,Malta,2008,0.0
Imports,Solid fossil fuels,Malta,2009,0.0
Imports,Solid fossil fuels,Malta,2010,0.0
Imports,Solid fossil fuels,Malta,2011,0.0
Imports,Solid fossil fuels,Malta,2012,0.0
Imports,Solid fossil fuels,Malta,2013,0.0
Imports,Solid fossil fuels,Malta,2014,0.0
Imports,Solid fossil fuels,Malta,2015,0.0
Imports,Solid fossil fuels,Malta,2016,0.0
Imports,Solid fossil fuels,Malta,2017,0.0
Imports,Solid fossil fuels,Malta,2018,0.0
Imports,Solid fossil fuels,Malta,2019,0.0
Imports,Solid fossil fuels,Malta,2020,0.0
Imports,Solid fossil fuels,Malta,2021,0.0
Imports,Solid fossil fuels,Malta,2022,0.0
Imports,Solid fossil fuels,Malta,2023,0.0
Imports,Solid fossil fuels,Malta,2024,0.0
Imports,Solid fossil fuels,Netherlands,2005,98416.904
Imports,Solid fossil fuels,Netherlands,2006,96682.796
Imports,Solid fossil fuels,Netherlands,2007,103373.168
Imports,Solid fossil fuels,Netherlands,2008,94808.57
Imports,Solid fossil fuels,Netherlands,2009,86290.097
Imports,Solid fossil fuels,Netherlands,2010,90203.108
Imports,Solid fossil fuels,Netherlands,2011,87791.365
Imports,Solid fossil fuels,Netherlands,2012,94712.545
Imports,Solid fossil fuels,Netherlands,2013,94796.347
Imports,Solid fossil fuels,Netherlands,2014,112541.855
Imports,Solid fossil fuels,Netherlands,2015,125512.036
Imports,Solid fossil fuels,Netherlands,2016,119596.065
Imports,Solid fossil fuels,Netherlands,2017,109017.211
Imports,Solid fossil fuels,Netherlands,2018,96336.497
Imports,Solid fossil fuels,Netherlands,2019,76995.771
Imports,Solid fossil fuels,Netherlands,2020,46108.682
Imports,Solid fossil fuels,Netherlands,2021,65230.548
Imports,Solid fossil fuels,Netherlands,2022,66894.423
Imports,Solid fossil fuels,Netherlands,2023,48869.8
Imports,Solid fossil fuels,Netherlands,2024,47668.3
Imports,Solid fossil fuels,Poland,2005,25039.075
Imports,Solid fossil fuels,Poland,2006,39074.818
Imports,Solid fossil fuels,Poland,2007,44816.866
Imports,Solid fossil fuels,Poland,2008,75542.284
Imports,Solid fossil fuels,Poland,2009,76007.532
Imports,Solid fossil fuels,Poland,2010,96154.514
Imports,Solid fossil fuels,Poland,2011,102950.492
Imports,Solid fossil fuels,Poland,2012,71189.583
Imports,Solid fossil fuels,Poland,2013,75008.872
Imports,Solid fossil fuels,Poland,2014,74691.809
Imports,Solid fossil fuels,Poland,2015,58850.025
Imports,Solid fossil fuels,Poland,2016,58463.481
Imports,Solid fossil fuels,Poland,2017,91245.406
Imports,Solid fossil fuels,Poland,2018,140942.102
Imports,Solid fossil fuels,Poland,2019,117101.427
Imports,Solid fossil fuels,Poland,2020,89994.438
Imports,Solid fossil fuels,Poland,2021,87622.503
Imports,Solid fossil fuels,Poland,2022,132449.981
Imports,Solid fossil fuels,Poland,2023,113582.55
Imports,Solid fossil fuels,Poland,2024,57853.649
Imports,Solid fossil fuels,Portugal,2005,37508.938
Imports,Solid fossil fuels,Portugal,2006,40622.559
Imports,Solid fossil fuels,Portugal,2007,33745.327
Imports,Solid fossil fuels,Portugal,2008,26774.376
Imports,Solid fossil fuels,Portugal,2009,35522.985
Imports,Solid fossil fuels,Portugal,2010,18948.316
Imports,Solid fossil fuels,Portugal,2011,24975.741
Imports,Solid fossil fuels,Portugal,2012,35260.888
Imports,Solid fossil fuels,Portugal,2013,29408.647
Imports,Solid fossil fuels,Portugal,2014,30202.356
Imports,Solid fossil fuels,Portugal,2015,37316.656
Imports,Solid fossil fuels,Portugal,2016,33866.061
Imports,Solid fossil fuels,Portugal,2017,39634.907
Imports,Solid fossil fuels,Portugal,2018,31016.243
Imports,Solid fossil fuels,Portugal,2019,17728.482
Imports,Solid fossil fuels,Portugal,2020,131.316
Imports,Solid fossil fuels,Portugal,2021,103.237
Imports,Solid fossil fuels,Portugal,2022,84.928
Imports,Solid fossil fuels,Portugal,2023,49.093
Imports,Solid fossil fuels,Portugal,2024,73.564
Imports,Solid fossil fuels,Romania,2005,34028.277
Imports,Solid fossil fuels,Romania,2006,31416.33
Imports,Solid fossil fuels,Romania,2007,40716.091
Imports,Solid fossil fuels,Romania,2008,29654.677
Imports,Solid fossil fuels,Romania,2009,11769.362
Imports,Solid fossil fuels,Romania,2010,14201.364
Imports,Solid fossil fuels,Romania,2011,12806.35
Imports,Solid fossil fuels,Romania,2012,14365.229
Imports,Solid fossil fuels,Romania,2013,12157.809
Imports,Solid fossil fuels,Romania,2014,11197.579
Imports,Solid fossil fuels,Romania,2015,12185.794
Imports,Solid fossil fuels,Romania,2016,11962.163
Imports,Solid fossil fuels,Romania,2017,11514.206
Imports,Solid fossil fuels,Romania,2018,10321.538
Imports,Solid fossil fuels,Romania,2019,12542.777
Imports,Solid fossil fuels,Romania,2020,8915.771
Imports,Solid fossil fuels,Romania,2021,11169.18
Imports,Solid fossil fuels,Romania,2022,8566.406
Imports,Solid fossil fuels,Romania,2023,4361.462
Imports,Solid fossil fuels,Romania,2024,3677.036
Imports,Solid fossil fuels,Sweden,2005,28900.393
Imports,Solid fossil fuels,Sweden,2006,26453.954
Imports,Solid fossil fuels,Sweden,2007,27714.438
Imports,Solid fossil fuels,Sweden,2008,25432.756
Imports,Solid fossil fuels,Sweden,2009,16356.744
Imports,Solid fossil fuels,Sweden,2010,28559.878
Imports,Solid fossil fuels,Sweden,2011,26248.089
Imports,Solid fossil fuels,Sweden,2012,18812.322
Imports,Solid fossil fuels,Sweden,2013,20943.789
Imports,Solid fossil fuels,Sweden,2014,22991.289
Imports,Solid fossil fuels,Sweden,2015,23057.267
Imports,Solid fossil fuels,Sweden,2016,25876.233
Imports,Solid fossil fuels,Sweden,2017,22738.689
Imports,Solid fossil fuels,Sweden,2018,23522.589
Imports,Solid fossil fuels,Sweden,2019,22682.022
Imports,Solid fossil fuels,Sweden,2020,17461.7
Imports,Solid fossil fuels,Sweden,2021,18357.567
Imports,Solid fossil fuels,Sweden,2022,18317.311
Imports,Solid fossil fuels,Sweden,2023,16524.267
Imports,Solid fossil fuels,Sweden,2024,18731.798
Imports,Solid fossil fuels,Slovenia,2005,3870.647
Imports,Solid fossil fuels,Slovenia,2006,3843.221
Imports,Solid fossil fuels,Slovenia,2007,3854.043
Imports,Solid fossil fuels,Slovenia,2008,5141.424
Imports,Solid fossil fuels,Slovenia,2009,3000.894
Imports,Solid fossil fuels,Slovenia,2010,3255.282
Imports,Solid fossil fuels,Slovenia,2011,3000.472
Imports,Solid fossil fuels,Slovenia,2012,3497.454
Imports,Solid fossil fuels,Slovenia,2013,3116.947
Imports,Solid fossil fuels,Slovenia,2014,2636.917
Imports,Solid fossil fuels,Slovenia,2015,2373.109
Imports,Solid fossil fuels,Slovenia,2016,2303.123
Imports,Solid fossil fuels,Slovenia,2017,2302.087
Imports,Solid fossil fuels,Slovenia,2018,2483.752
Imports,Solid fossil fuels,Slovenia,2019,2490.203
Imports,Solid fossil fuels,Slovenia,2020,2105.341
Imports,Solid fossil fuels,Slovenia,2021,1193.662
Imports,Solid fossil fuels,Slovenia,2022,2447.378
Imports,Solid fossil fuels,Slovenia,2023,2274.436
Imports,Solid fossil fuels,Slovenia,2024,401.911
Imports,Solid fossil fuels,Slovakia,2005,45299.845
Imports,Solid fossil fuels,Slovakia,2006,43622.959
Imports,Solid fossil fuels,Slovakia,2007,46209.128
Imports,Solid fossil fuels,Slovakia,2008,42026.951
Imports,Solid fossil fuels,Slovakia,2009,39241.339
Imports,Solid fossil fuels,Slovakia,2010,37396.909
Imports,Solid fossil fuels,Slovakia,2011,37139.683
Imports,Solid fossil fuels,Slovakia,2012,37174.363
Imports,Solid fossil fuels,Slovakia,2013,33318.824
Imports,Solid fossil fuels,Slovakia,2014,33956.532
Imports,Solid fossil fuels,Slovakia,2015,32822.444
Imports,Solid fossil fuels,Slovakia,2016,31850.722
Imports,Solid fossil fuels,Slovakia,2017,35105.987
Imports,Solid fossil fuels,Slovakia,2018,36210.798
Imports,Solid fossil fuels,Slovakia,2019,30271.055
Imports,Solid fossil fuels,Slovakia,2020,23470.629
Imports,Solid fossil fuels,Slovakia,2021,29447.663
Imports,Solid fossil fuels,Slovakia,2022,27509.637
Imports,Solid fossil fuels,Slovakia,2023,25873.121
Imports,Solid fossil fuels,Slovakia,2024,23474.764
Imports,Natural gas,Austria,2005,83178.893
Imports,Natural gas,Austria,2006,77650.782
Imports,Natural gas,Austria,2007,68577.425
Imports,Natural gas,Austria,2008,77621.426
Imports,Natural gas,Austria,2009,74485.413
Imports,Natural gas,Austria,2010,71121.04
Imports,Natural gas,Austria,2011,93013.737
Imports,Natural gas,Austria,2012,74383.935
Imports,Natural gas,Austria,2013,61349.639
Imports,Natural gas,Austria,2014,73919.86
Imports,Natural gas,Austria,2015,58331.01
Imports,Natural gas,Austria,2016,72351.803
Imports,Natural gas,Austria,2017,81595.695
Imports,Natural gas,Austria,2018,75488.943
Imports,Natural gas,Austria,2019,109678.216
Imports,Natural gas,Austria,2020,62460.074
Imports,Natural gas,Austria,2021,45874.609
Imports,Natural gas,Austria,2022,119485.799
Imports,Natural gas,Austria,2023,69644.714
Imports,Natural gas,Austria,2024,52434.124
Imports,Natural gas,Belgium,2005,172901.086
Imports,Natural gas,Belgium,2006,175386.069
Imports,Natural gas,Belgium,2007,173858.798
Imports,Natural gas,Belgium,2008,180763.889
Imports,Natural gas,Belgium,2009,209925.0
Imports,Natural gas,Belgium,2010,228071.086
Imports,Natural gas,Belgium,2011,208285.954
Imports,Natural gas,Belgium,2012,178037.313
Imports,Natural gas,Belgium,2013,179113.365
Imports,Natural gas,Belgium,2014,157400.308
Imports,Natural gas,Belgium,2015,178248.994
Imports,Natural gas,Belgium,2016,173709.561
Imports,Natural gas,Belgium,2017,170185.347
Imports,Natural gas,Belgium,2018,189526.943
Imports,Natural gas,Belgium,2019,224624.892
Imports,Natural gas,Belgium,2020,208947.828
Imports,Natural gas,Belgium,2021,205231.365
Imports,Natural gas,Belgium,2022,235917.095
Imports,Natural gas,Belgium,2023,223033.714
Imports,Natural gas,Belgium,2024,185726.977
Imports,Natural gas,Bulgaria,2005,28584.665
Imports,Natural gas,Bulgaria,2006,30339.016
Imports,Natural gas,Bulgaria,2007,32021.813
Imports,Natural gas,Bulgaria,2008,32615.286
Imports,Natural gas,Bulgaria,2009,24782.355
Imports,Natural gas,Bulgaria,2010,24783.25
Imports,Natural gas,Bulgaria,2011,26334.25
Imports,Natural gas,Bulgaria,2012,23757.319
Imports,Natural gas,Bulgaria,2013,25884.775
Imports,Natural gas,Bulgaria,2014,25865.075
Imports,Natural gas,Bulgaria,2015,29296.667
Imports,Natural gas,Bulgaria,2016,30162.93
Imports,Natural gas,Bulgaria,2017,31668.312
Imports,Natural gas,Bulgaria,2018,30113.738
Imports,Natural gas,Bulgaria,2019,28585.232
Imports,Natural gas,Bulgaria,2020,28304.151
Imports,Natural gas,Bulgaria,2021,31797.428
Imports,Natural gas,Bulgaria,2022,28693.778
Imports,Natural gas,Bulgaria,2023,25186.079
Imports,Natural gas,Bulgaria,2024,26569.625
Imports,Natural gas,Cyprus,2005,0.0
Imports,Natural gas,Cyprus,2006,0.0
Imports,Natural gas,Cyprus,2007,0.0
Imports,Natural gas,Cyprus,2008,0.0
Imports,Natural gas,Cyprus,2009,0.0
Imports,Natural gas,Cyprus,2010,0.0
Imports,Natural gas,Cyprus,2011,0.0
Imports,Natural gas,Cyprus,2012,0.0
Imports,Natural gas,Cyprus,2013,0.0
Imports,Natural gas,Cyprus,2014,0.0
Imports,Natural gas,Cyprus,2015,0.0
Imports,Natural gas,Cyprus,2016,0.0
Imports,Natural gas,Cyprus,2017,0.0
Imports,Natural gas,Cyprus,2018,0.0
Imports,Natural gas,Cyprus,2019,0.0
Imports,Natural gas,Cyprus,2020,0.0
Imports,Natural gas,Cyprus,2021,0.0
Imports,Natural gas,Cyprus,2022,0.0
Imports,Natural gas,Cyprus,2023,0.0
Imports,Natural gas,Cyprus,2024,0.0
Imports,Natural gas,Czechia,2005,88431.5
Imports,Natural gas,Czechia,2006,93038.0
Imports,Natural gas,Czechia,2007,79474.75
Imports,Natural gas,Czechia,2008,82535.75
Imports,Natural gas,Czechia,2009,82573.0
Imports,Natural gas,Czechia,2010,81135.25
Imports,Natural gas,Czechia,2011,88882.0
Imports,Natural gas,Czechia,2012,71030.75
Imports,Natural gas,Czechia,2013,81038.5
Imports,Natural gas,Czechia,2014,69228.75
Imports,Natural gas,Czechia,2015,71691.75
Imports,Natural gas,Czechia,2016,78096.073
Imports,Natural gas,Czechia,2017,85302.75
Imports,Natural gas,Czechia,2018,76798.413
Imports,Natural gas,Czechia,2019,91369.098
Imports,Natural gas,Czechia,2020,72805.858
Imports,Natural gas,Czechia,2021,83538.31
Imports,Natural gas,Czechia,2022,83618.377
Imports,Natural gas,Czechia,2023,67009.844
Imports,Natural gas,Czechia,2024,56242.746
Imports,Natural gas,Germany,2005,917603.77
Imports,Natural gas,Germany,2006,906890.331
Imports,Natural gas,Germany,2007,844087.689
Imports,Natural gas,Germany,2008,884618.708
Imports,Natural gas,Germany,2009,854383.88
Imports,Natural gas,Germany,2010,916465.026
Imports,Natural gas,Germany,2011,873764.52
Imports,Natural gas,Germany,2012,861641.339
Imports,Natural gas,Germany,2013,953029.068
Imports,Natural gas,Germany,2014,876214.256
Imports,Natural gas,Germany,2015,999231.805
Imports,Natural gas,Germany,2016,949149.59
Imports,Natural gas,Germany,2017,1113483.689
Imports,Natural gas,Germany,2018,820282.408
Imports,Natural gas,Germany,2019,880066.234
Imports,Natural gas,Germany,2020,773068.202
Imports,Natural gas,Germany,2021,814019.718
Imports,Natural gas,Germany,2022,822237.621
Imports,Natural gas,Germany,2023,697801.351
Imports,Natural gas,Germany,2024,690669.552
Imports,Natural gas,Denmark,2005,0.0
Imports,Natural gas,Denmark,2006,0.0
Imports,Natural gas,Denmark,2007,0.0
Imports,Natural gas,Denmark,2008,0.0
Imports,Natural gas,Denmark,2009,0.0
Imports,Natural gas,Denmark,2010,1582.013
Imports,Natural gas,Denmark,2011,8741.867
Imports,Natural gas,Denmark,2012,9557.127
Imports,Natural gas,Denmark,2013,13995.849
Imports,Natural gas,Denmark,2014,6506.003
Imports,Natural gas,Denmark,2015,6891.82
Imports,Natural gas,Denmark,2016,7127.724
Imports,Natural gas,Denmark,2017,5419.51
Imports,Natural gas,Denmark,2018,4046.055
Imports,Natural gas,Denmark,2019,11626.528
Imports,Natural gas,Denmark,2020,25758.574
Imports,Natural gas,Denmark,2021,24122.197
Imports,Natural gas,Denmark,2022,26884.417
Imports,Natural gas,Denmark,2023,86253.474
Imports,Natural gas,Denmark,2024,83824.209
Imports,Natural gas,Estonia,2005,9300.25
Imports,Natural gas,Estonia,2006,9398.75
Imports,Natural gas,Estonia,2007,9343.0
Imports,Natural gas,Estonia,2008,8961.0
Imports,Natural gas,Estonia,2009,6107.25
Imports,Natural gas,Estonia,2010,6542.0
Imports,Natural gas,Estonia,2011,5853.25
Imports,Natural gas,Estonia,2012,6343.0
Imports,Natural gas,Estonia,2013,6453.5
Imports,Natural gas,Estonia,2014,5065.5
Imports,Natural gas,Estonia,2015,4541.0
Imports,Natural gas,Estonia,2016,4980.75
Imports,Natural gas,Estonia,2017,4888.793
Imports,Natural gas,Estonia,2018,5003.573
Imports,Natural gas,Estonia,2019,4660.554
Imports,Natural gas,Estonia,2020,4300.5
Imports,Natural gas,Estonia,2021,4863.19
Imports,Natural gas,Estonia,2022,4036.667
Imports,Natural gas,Estonia,2023,3129.675
Imports,Natural gas,Estonia,2024,3420.068
Imports,Natural gas,Greece,2005,27123.985
Imports,Natural gas,Greece,2006,31651.457
Imports,Natural gas,Greece,2007,38784.947
Imports,Natural gas,Greece,2008,40781.086
Imports,Natural gas,Greece,2009,34458.849
Imports,Natural gas,Greece,2010,37572.572
Imports,Natural gas,Greece,2011,46211.882
Imports,Natural gas,Greece,2012,42726.635
Imports,Natural gas,Greece,2013,37619.572
Imports,Natural gas,Greece,2014,28686.669
Imports,Natural gas,Greece,2015,31094.689
Imports,Natural gas,Greece,2016,40268.565
Imports,Natural gas,Greece,2017,49137.423
Imports,Natural gas,Greece,2018,48201.863
Imports,Natural gas,Greece,2019,51839.415
Imports,Natural gas,Greece,2020,58046.129
Imports,Natural gas,Greece,2021,63148.621
Imports,Natural gas,Greece,2022,56813.159
Imports,Natural gas,Greece,2023,47719.751
Imports,Natural gas,Greece,2024,61723.324
Imports,Natural gas,Spain,2005,351786.089
Imports,Natural gas,Spain,2006,368052.954
Imports,Natural gas,Spain,2007,366390.718
Imports,Natural gas,Spain,2008,410282.014
Imports,Natural gas,Spain,2009,369529.532
Imports,Natural gas,Spain,2010,371636.79
Imports,Natural gas,Spain,2011,359117.793
Imports,Natural gas,Spain,2012,354774.896
Imports,Natural gas,Spain,2013,359095.986
Imports,Natural gas,Spain,2014,368152.543
Imports,Natural gas,Spain,2015,327759.499
Imports,Natural gas,Spain,2016,327896.351
Imports,Natural gas,Spain,2017,350366.097
Imports,Natural gas,Spain,2018,352294.25
Imports,Natural gas,Spain,2019,376502.748
Imports,Natural gas,Spain,2020,328547.057
Imports,Natural gas,Spain,2021,374062.428
Imports,Natural gas,Spain,2022,401625.824
Imports,Natural gas,Spain,2023,356790.789
Imports,Natural gas,Spain,2024,305237.288
Imports,Natural gas,Finland,2005,41945.75
Imports,Natural gas,Finland,2006,45185.5
Imports,Natural gas,Finland,2007,43395.239
Imports,Natural gas,Finland,2008,44917.472
Imports,Natural gas,Finland,2009,40516.119
Imports,Natural gas,Finland,2010,44625.238
Imports,Natural gas,Finland,2011,39076.229
Imports,Natural gas,Finland,2012,34949.545
Imports,Natural gas,Finland,2013,33224.862
Imports,Natural gas,Finland,2014,29231.505
Imports,Natural gas,Finland,2015,26010.5
Imports,Natural gas,Finland,2016,23946.473
Imports,Natural gas,Finland,2017,22278.273
Imports,Natural gas,Finland,2018,25393.07
Imports,Natural gas,Finland,2019,24939.986
Imports,Natural gas,Finland,2020,24696.217
Imports,Natural gas,Finland,2021,24662.23
Imports,Natural gas,Finland,2022,13257.67
Imports,Natural gas,Finland,2023,17188.118
Imports,Natural gas,Finland,2024,21717.798
Imports,Natural gas,France,2005,484083.335
Imports,Natural gas,France,2006,466920.708
Imports,Natural gas,France,2007,440877.349
Imports,Natural gas,France,2008,466377.701
Imports,Natural gas,France,2009,473567.441
Imports,Natural gas,France,2010,489750.646
Imports,Natural gas,France,2011,512015.473
Imports,Natural gas,France,2012,492634.601
Imports,Natural gas,France,2013,494465.871
Imports,Natural gas,France,2014,439680.423
Imports,Natural gas,France,2015,436075.954
Imports,Natural gas,France,2016,457551.128
Imports,Natural gas,France,2017,479722.193
Imports,Natural gas,France,2018,485385.969
Imports,Natural gas,France,2019,550018.848
Imports,Natural gas,France,2020,468273.553
Imports,Natural gas,France,2021,469237.236
Imports,Natural gas,France,2022,574926.187
Imports,Natural gas,France,2023,478737.725
Imports,Natural gas,France,2024,432068.802
Imports,Natural gas,Croatia,2005,10833.629
Imports,Natural gas,Croatia,2006,10701.75
Imports,Natural gas,Croatia,2007,10023.5
Imports,Natural gas,Croatia,2008,11470.5
Imports,Natural gas,Croatia,2009,9862.0
Imports,Natural gas,Croatia,2010,10101.75
Imports,Natural gas,Croatia,2011,8274.25
Imports,Natural gas,Croatia,2012,12822.75
Imports,Natural gas,Croatia,2013,11998.25
Imports,Natural gas,Croatia,2014,10885.5
Imports,Natural gas,Croatia,2015,10092.75
Imports,Natural gas,Croatia,2016,12225.395
Imports,Natural gas,Croatia,2017,17526.392
Imports,Natural gas,Croatia,2018,15291.635
Imports,Natural gas,Croatia,2019,19277.16
Imports,Natural gas,Croatia,2020,20704.569
Imports,Natural gas,Croatia,2021,22269.722
Imports,Natural gas,Croatia,2022,29627.486
Imports,Natural gas,Croatia,2023,29483.875
Imports,Natural gas,Croatia,2024,26271.025
Imports,Natural gas,Hungary,2005,114061.0
Imports,Natural gas,Hungary,2006,109570.5
Imports,Natural gas,Hungary,2007,99720.75
Imports,Natural gas,Hungary,2008,108456.0
Imports,Natural gas,Hungary,2009,91960.75
Imports,Natural gas,Hungary,2010,92023.0
Imports,Natural gas,Hungary,2011,76744.75
Imports,Natural gas,Hungary,2012,78444.0
Imports,Natural gas,Hungary,2013,78707.75
Imports,Natural gas,Hungary,2014,86484.25
Imports,Natural gas,Hungary,2015,66019.25
Imports,Natural gas,Hungary,2016,73646.751
Imports,Natural gas,Hungary,2017,95615.75
Imports,Natural gas,Hungary,2018,75000.5
Imports,Natural gas,Hungary,2019,113409.249
Imports,Natural gas,Hungary,2020,77081.501
Imports,Natural gas,Hungary,2021,72654.5
Imports,Natural gas,Hungary,2022,91094.751
Imports,Natural gas,Hungary,2023,80999.75
Imports,Natural gas,Hungary,2024,54185.75
Imports,Natural gas,Ireland,2005,35001.75
Imports,Natural gas,Ireland,2006,41880.658
Imports,Natural gas,Ireland,2007,45538.285
Imports,Natural gas,Ireland,2008,48450.185
Imports,Natural gas,Ireland,2009,46665.578
Imports,Natural gas,Ireland,2010,52100.815
Imports,Natural gas,Ireland,2011,45982.006
Imports,Natural gas,Ireland,2012,44639.275
Imports,Natural gas,Ireland,2013,43148.5
Imports,Natural gas,Ireland,2014,41772.172
Imports,Natural gas,Ireland,2015,42110.5
Imports,Natural gas,Ireland,2016,19770.5
Imports,Natural gas,Ireland,2017,16391.274
Imports,Natural gas,Ireland,2018,20240.313
Imports,Natural gas,Ireland,2019,28104.557
Imports,Natural gas,Ireland,2020,33764.75
Imports,Natural gas,Ireland,2021,36213.918
Imports,Natural gas,Ireland,2022,38343.507
Imports,Natural gas,Ireland,2023,37290.75
Imports,Natural gas,Ireland,2024,39356.5
Imports,Natural gas,Italy,2005,699706.5
Imports,Natural gas,Italy,2006,737225.75
Imports,Natural gas,Italy,2007,704373.75
Imports,Natural gas,Italy,2008,732158.5
Imports,Natural gas,Italy,2009,659608.25
Imports,Natural gas,Italy,2010,717746.75
Imports,Natural gas,Italy,2011,670264.75
Imports,Natural gas,Italy,2012,645080.75
Imports,Natural gas,Italy,2013,590226.25
Imports,Natural gas,Italy,2014,531085.5
Imports,Natural gas,Italy,2015,583558.5
Imports,Natural gas,Italy,2016,621830.0
Imports,Natural gas,Italy,2017,663416.612
Imports,Natural gas,Italy,2018,646485.048
Imports,Natural gas,Italy,2019,676896.555
Imports,Natural gas,Italy,2020,632391.706
Imports,Natural gas,Italy,2021,695282.414
Imports,Natural gas,Italy,2022,691432.685
Imports,Natural gas,Italy,2023,588870.838
Imports,Natural gas,Italy,2024,566368.532
Imports,Natural gas,Lithuania,2005,28988.75
Imports,Natural gas,Lithuania,2006,28835.5
Imports,Natural gas,Lithuania,2007,34606.25
Imports,Natural gas,Lithuania,2008,29071.0
Imports,Natural gas,Lithuania,2009,25462.25
Imports,Natural gas,Lithuania,2010,28895.0
Imports,Natural gas,Lithuania,2011,31695.25
Imports,Natural gas,Lithuania,2012,30885.25
Imports,Natural gas,Lithuania,2013,25182.75
Imports,Natural gas,Lithuania,2014,25012.25
Imports,Natural gas,Lithuania,2015,24900.5
Imports,Natural gas,Lithuania,2016,21974.0
Imports,Natural gas,Lithuania,2017,24189.736
Imports,Natural gas,Lithuania,2018,22178.495
Imports,Natural gas,Lithuania,2019,26719.174
Imports,Natural gas,Lithuania,2020,27708.25
Imports,Natural gas,Lithuania,2021,23292.885
Imports,Natural gas,Lithuania,2022,34431.045
Imports,Natural gas,Lithuania,2023,32288.842
Imports,Natural gas,Lithuania,2024,26349.225
Imports,Natural gas,Luxembourg,2005,13680.046
Imports,Natural gas,Luxembourg,2006,14309.427
Imports,Natural gas,Luxembourg,2007,13356.534
Imports,Natural gas,Luxembourg,2008,12714.349
Imports,Natural gas,Luxembourg,2009,12937.973
Imports,Natural gas,Luxembourg,2010,13916.304
Imports,Natural gas,Luxembourg,2011,12005.374
Imports,Natural gas,Luxembourg,2012,12223.856
Imports,Natural gas,Luxembourg,2013,10349.571
Imports,Natural gas,Luxembourg,2014,9805.959
Imports,Natural gas,Luxembourg,2015,8942.812
Imports,Natural gas,Luxembourg,2016,8246.929
Imports,Natural gas,Luxembourg,2017,8061.143
Imports,Natural gas,Luxembourg,2018,7950.633
Imports,Natural gas,Luxembourg,2019,7955.588
Imports,Natural gas,Luxembourg,2020,7225.362
Imports,Natural gas,Luxembourg,2021,7789.807
Imports,Natural gas,Luxembourg,2022,6117.396
Imports,Natural gas,Luxembourg,2023,5732.4
Imports,Natural gas,Luxembourg,2024,6033.957
Imports,Natural gas,Latvia,2005,16677.5
Imports,Natural gas,Latvia,2006,17793.5
Imports,Natural gas,Latvia,2007,15300.25
Imports,Natural gas,Latvia,2008,12738.25
Imports,Natural gas,Latvia,2009,16279.25
Imports,Natural gas,Latvia,2010,10503.5
Imports,Natural gas,Latvia,2011,16394.75
Imports,Natural gas,Latvia,2012,16028.75
Imports,Natural gas,Latvia,2013,16194.5
Imports,Natural gas,Latvia,2014,9072.75
Imports,Natural gas,Latvia,2015,12591.0
Imports,Natural gas,Latvia,2016,10732.626
Imports,Natural gas,Latvia,2017,11777.804
Imports,Natural gas,Latvia,2018,13437.484
Imports,Natural gas,Latvia,2019,12835.804
Imports,Natural gas,Latvia,2020,10596.759
Imports,Natural gas,Latvia,2021,11208.841
Imports,Natural gas,Latvia,2022,8027.678
Imports,Natural gas,Latvia,2023,7991.281
Imports,Natural gas,Latvia,2024,8262.052
Imports,Natural gas,Malta,2005,0.0
Imports,Natural gas,Malta,2006,0.0
Imports,Natural gas,Malta,2007,0.0
Imports,Natural gas,Malta,2008,0.0
Imports,Natural gas,Malta,2009,0.0
Imports,Natural gas,Malta,2010,0.0
Imports,Natural gas,Malta,2011,0.0
Imports,Natural gas,Malta,2012,0.0
Imports,Natural gas,Malta,2013,0.0
Imports,Natural gas,Malta,2014,0.0
Imports,Natural gas,Malta,2015,0.0
Imports,Natural gas,Malta,2016,0.0
Imports,Natural gas,Malta,2017,2957.316
Imports,Natural gas,Malta,2018,3729.727
Imports,Natural gas,Malta,2019,3690.194
Imports,Natural gas,Malta,2020,3559.24
Imports,Natural gas,Malta,2021,3840.471
Imports,Natural gas,Malta,2022,3759.96
Imports,Natural gas,Malta,2023,3682.29
Imports,Natural gas,Malta,2024,3717.69
Imports,Natural gas,Netherlands,2005,191166.113
Imports,Natural gas,Netherlands,2006,209804.801
Imports,Natural gas,Netherlands,2007,217471.525
Imports,Natural gas,Netherlands,2008,220499.265
Imports,Natural gas,Netherlands,2009,213916.037
Imports,Natural gas,Netherlands,2010,214582.535
Imports,Natural gas,Netherlands,2011,199860.334
Imports,Natural gas,Netherlands,2012,233721.471
Imports,Natural gas,Netherlands,2013,253638.155
Imports,Natural gas,Netherlands,2014,259638.135
Imports,Natural gas,Netherlands,2015,303320.858
Imports,Natural gas,Netherlands,2016,348548.435
Imports,Natural gas,Netherlands,2017,200349.644
Imports,Natural gas,Netherlands,2018,259172.752
Imports,Natural gas,Netherlands,2019,296993.33
Imports,Natural gas,Netherlands,2020,301682.875
Imports,Natural gas,Netherlands,2021,257563.783
Imports,Natural gas,Netherlands,2022,323276.458
Imports,Natural gas,Netherlands,2023,336150.828
Imports,Natural gas,Netherlands,2024,287562.405
Imports,Natural gas,Poland,2005,99636.75
Imports,Natural gas,Poland,2006,103934.0
Imports,Natural gas,Poland,2007,96356.75
Imports,Natural gas,Poland,2008,106486.25
Imports,Natural gas,Poland,2009,94863.0
Imports,Natural gas,Poland,2010,103646.658
Imports,Natural gas,Poland,2011,112384.345
Imports,Natural gas,Poland,2012,116803.82
Imports,Natural gas,Poland,2013,119431.79
Imports,Natural gas,Poland,2014,112916.937
Imports,Natural gas,Poland,2015,116210.837
Imports,Natural gas,Poland,2016,141711.369
Imports,Natural gas,Poland,2017,151504.89
Imports,Natural gas,Poland,2018,152091.662
Imports,Natural gas,Poland,2019,168247.04
Imports,Natural gas,Poland,2020,168300.219
Imports,Natural gas,Poland,2021,178275.817
Imports,Natural gas,Poland,2022,147974.88
Imports,Natural gas,Poland,2023,155904.914
Imports,Natural gas,Poland,2024,156191.438
Imports,Natural gas,Portugal,2005,45275.5
Imports,Natural gas,Portugal,2006,42585.0
Imports,Natural gas,Portugal,2007,43736.75
Imports,Natural gas,Portugal,2008,48198.75
Imports,Natural gas,Portugal,2009,49618.0
Imports,Natural gas,Portugal,2010,52392.75
Imports,Natural gas,Portugal,2011,52721.75
Imports,Natural gas,Portugal,2012,45615.0
Imports,Natural gas,Portugal,2013,44344.25
Imports,Natural gas,Portugal,2014,40409.5
Imports,Natural gas,Portugal,2015,47279.988
Imports,Natural gas,Portugal,2016,49556.451
Imports,Natural gas,Portugal,2017,63244.203
Imports,Natural gas,Portugal,2018,59275.377
Imports,Natural gas,Portugal,2019,61626.999
Imports,Natural gas,Portugal,2020,60088.263
Imports,Natural gas,Portugal,2021,57858.859
Imports,Natural gas,Portugal,2022,58274.02
Imports,Natural gas,Portugal,2023,43318.24
Imports,Natural gas,Portugal,2024,36346.035
Imports,Natural gas,Romania,2005,48733.75
Imports,Natural gas,Romania,2006,55720.0
Imports,Natural gas,Romania,2007,44950.5
Imports,Natural gas,Romania,2008,41066.0
Imports,Natural gas,Romania,2009,18585.5
Imports,Natural gas,Romania,2010,21117.75
Imports,Natural gas,Romania,2011,28653.75
Imports,Natural gas,Romania,2012,26719.25
Imports,Natural gas,Romania,2013,13551.75
Imports,Natural gas,Romania,2014,5410.75
Imports,Natural gas,Romania,2015,1878.0
Imports,Natural gas,Romania,2016,13680.5
Imports,Natural gas,Romania,2017,11191.363
Imports,Natural gas,Romania,2018,14194.508
Imports,Natural gas,Romania,2019,25094.091
Imports,Natural gas,Romania,2020,20070.589
Imports,Natural gas,Romania,2021,33364.122
Imports,Natural gas,Romania,2022,26684.779
Imports,Natural gas,Romania,2023,25019.994
Imports,Natural gas,Romania,2024,21538.023
Imports,Natural gas,Sweden,2005,9799.75
Imports,Natural gas,Sweden,2006,10256.0
Imports,Natural gas,Sweden,2007,10589.5
Imports,Natural gas,Sweden,2008,9612.5
Imports,Natural gas,Sweden,2009,12671.0
Imports,Natural gas,Sweden,2010,17048.75
Imports,Natural gas,Sweden,2011,13475.0
Imports,Natural gas,Sweden,2012,11706.75
Imports,Natural gas,Sweden,2013,11110.0
Imports,Natural gas,Sweden,2014,9234.75
Imports,Natural gas,Sweden,2015,8415.5
Imports,Natural gas,Sweden,2016,9516.102
Imports,Natural gas,Sweden,2017,10967.648
Imports,Natural gas,Sweden,2018,12051.25
Imports,Natural gas,Sweden,2019,11423.15
Imports,Natural gas,Sweden,2020,15094.483
Imports,Natural gas,Sweden,2021,12474.385
Imports,Natural gas,Sweden,2022,7606.355
Imports,Natural gas,Sweden,2023,9066.831
Imports,Natural gas,Sweden,2024,9158.681
Imports,Natural gas,Slovenia,2005,10762.25
Imports,Natural gas,Slovenia,2006,10418.25
Imports,Natural gas,Slovenia,2007,10602.0
Imports,Natural gas,Slovenia,2008,10189.25
Imports,Natural gas,Slovenia,2009,9640.75
Imports,Natural gas,Slovenia,2010,9965.0
Imports,Natural gas,Slovenia,2011,8558.5
Imports,Natural gas,Slovenia,2012,8238.25
Imports,Natural gas,Slovenia,2013,8016.25
Imports,Natural gas,Slovenia,2014,7250.5
Imports,Natural gas,Slovenia,2015,7696.0
Imports,Natural gas,Slovenia,2016,8150.0
Imports,Natural gas,Slovenia,2017,8542.699
Imports,Natural gas,Slovenia,2018,8378.945
Imports,Natural gas,Slovenia,2019,8506.73
Imports,Natural gas,Slovenia,2020,8501.051
Imports,Natural gas,Slovenia,2021,8964.865
Imports,Natural gas,Slovenia,2022,7906.611
Imports,Natural gas,Slovenia,2023,7624.537
Imports,Natural gas,Slovenia,2024,8267.695
Imports,Natural gas,Slovakia,2005,70318.25
Imports,Natural gas,Slovakia,2006,66141.75
Imports,Natural gas,Slovakia,2007,59666.75
Imports,Natural gas,Slovakia,2008,59661.75
Imports,Natural gas,Slovakia,2009,56018.0
Imports,Natural gas,Slovakia,2010,58181.0
Imports,Natural gas,Slovakia,2011,56546.25
Imports,Natural gas,Slovakia,2012,46047.5
Imports,Natural gas,Slovakia,2013,50682.25
Imports,Natural gas,Slovakia,2014,46012.25
Imports,Natural gas,Slovakia,2015,42885.5
Imports,Natural gas,Slovakia,2016,42062.75
Imports,Natural gas,Slovakia,2017,50797.458
Imports,Natural gas,Slovakia,2018,42464.128
Imports,Natural gas,Slovakia,2019,64931.245
Imports,Natural gas,Slovakia,2020,41865.347
Imports,Natural gas,Slovakia,2021,49655.25
Imports,Natural gas,Slovakia,2022,60541.062
Imports,Natural gas,Slovakia,2023,44361.125
Imports,Natural gas,Slovakia,2024,39815.799
Imports,Oil and petroleum products (excluding biofuel portion),Austria,2005,179901.463
Imports,Oil and petroleum products (excluding biofuel portion),Austria,2006,180196.859
Imports,Oil and petroleum products (excluding biofuel portion),Austria,2007,172511.944
Imports,Oil and petroleum products (excluding biofuel portion),Austria,2008,173374.69
Imports,Oil and petroleum products (excluding biofuel portion),Austria,2009,160178.797
Imports,Oil and petroleum products (excluding biofuel portion),Austria,2010,162321.569
Imports,Oil and petroleum products (excluding biofuel portion),Austria,2011,157440.917
Imports,Oil and petroleum products (excluding biofuel portion),Austria,2012,156761.301
Imports,Oil and petroleum products (excluding biofuel portion),Austria,2013,160884.44
Imports,Oil and petroleum products (excluding biofuel portion),Austria,2014,157297.797
Imports,Oil and petroleum products (excluding biofuel portion),Austria,2015,163217.133
Imports,Oil and petroleum products (excluding biofuel portion),Austria,2016,162142.064
Imports,Oil and petroleum products (excluding biofuel portion),Austria,2017,162929.505
Imports,Oil and petroleum products (excluding biofuel portion),Austria,2018,172525.7
Imports,Oil and petroleum products (excluding biofuel portion),Austria,2019,176346.973
Imports,Oil and petroleum products (excluding biofuel portion),Austria,2020,158451.468
Imports,Oil and petroleum products (excluding biofuel portion),Austria,2021,157669.7
Imports,Oil and petroleum products (excluding biofuel portion),Austria,2022,145096.838
Imports,Oil and petroleum products (excluding biofuel portion),Austria,2023,154615.546
Imports,Oil and petroleum products (excluding biofuel portion),Austria,2024,152104.805
Imports,Oil and petroleum products (excluding biofuel portion),Belgium,2005,679654.359
Imports,Oil and petroleum products (excluding biofuel portion),Belgium,2006,656351.244
Imports,Oil and petroleum products (excluding biofuel portion),Belgium,2007,653928.39
Imports,Oil and petroleum products (excluding biofuel portion),Belgium,2008,686640.144
Imports,Oil and petroleum products (excluding biofuel portion),Belgium,2009,630741.341
Imports,Oil and petroleum products (excluding biofuel portion),Belgium,2010,660062.373
Imports,Oil and petroleum products (excluding biofuel portion),Belgium,2011,630375.52
Imports,Oil and petroleum products (excluding biofuel portion),Belgium,2012,634562.074
Imports,Oil and petroleum products (excluding biofuel portion),Belgium,2013,661608.139
Imports,Oil and petroleum products (excluding biofuel portion),Belgium,2014,684039.753
Imports,Oil and petroleum products (excluding biofuel portion),Belgium,2015,696444.121
Imports,Oil and petroleum products (excluding biofuel portion),Belgium,2016,684334.744
Imports,Oil and petroleum products (excluding biofuel portion),Belgium,2017,738280.864
Imports,Oil and petroleum products (excluding biofuel portion),Belgium,2018,757836.379
Imports,Oil and petroleum products (excluding biofuel portion),Belgium,2019,734260.013
Imports,Oil and petroleum products (excluding biofuel portion),Belgium,2020,625814.021
Imports,Oil and petroleum products (excluding biofuel portion),Belgium,2021,680342.092
Imports,Oil and petroleum products (excluding biofuel portion),Belgium,2022,653720.973
Imports,Oil and petroleum products (excluding biofuel portion),Belgium,2023,666316.508
Imports,Oil and petroleum products (excluding biofuel portion),Belgium,2024,672724.187
Imports,Oil and petroleum products (excluding biofuel portion),Bulgaria,2005,91245.162
Imports,Oil and petroleum products (excluding biofuel portion),Bulgaria,2006,104017.513
Imports,Oil and petroleum products (excluding biofuel portion),Bulgaria,2007,103323.486
Imports,Oil and petroleum products (excluding biofuel portion),Bulgaria,2008,102100.356
Imports,Oil and petroleum products (excluding biofuel portion),Bulgaria,2009,91059.318
Imports,Oil and petroleum products (excluding biofuel portion),Bulgaria,2010,90194.971
Imports,Oil and petroleum products (excluding biofuel portion),Bulgaria,2011,86094.203
Imports,Oil and petroleum products (excluding biofuel portion),Bulgaria,2012,94751.932
Imports,Oil and petroleum products (excluding biofuel portion),Bulgaria,2013,97512.643
Imports,Oil and petroleum products (excluding biofuel portion),Bulgaria,2014,93932.863
Imports,Oil and petroleum products (excluding biofuel portion),Bulgaria,2015,104520.366
Imports,Oil and petroleum products (excluding biofuel portion),Bulgaria,2016,105409.491
Imports,Oil and petroleum products (excluding biofuel portion),Bulgaria,2017,111345.492
Imports,Oil and petroleum products (excluding biofuel portion),Bulgaria,2018,94111.456
Imports,Oil and petroleum products (excluding biofuel portion),Bulgaria,2019,108346.203
Imports,Oil and petroleum products (excluding biofuel portion),Bulgaria,2020,83787.439
Imports,Oil and petroleum products (excluding biofuel portion),Bulgaria,2021,76021.342
Imports,Oil and petroleum products (excluding biofuel portion),Bulgaria,2022,108761.854
Imports,Oil and petroleum products (excluding biofuel portion),Bulgaria,2023,96385.523
Imports,Oil and petroleum products (excluding biofuel portion),Bulgaria,2024,101598.845
Imports,Oil and petroleum products (excluding biofuel portion),Cyprus,2005,32635.055
Imports,Oil and petroleum products (excluding biofuel portion),Cyprus,2006,34463.307
Imports,Oil and petroleum products (excluding biofuel portion),Cyprus,2007,33535.246
Imports,Oil and petroleum products (excluding biofuel portion),Cyprus,2008,35394.67
Imports,Oil and petroleum products (excluding biofuel portion),Cyprus,2009,33775.814
Imports,Oil and petroleum products (excluding biofuel portion),Cyprus,2010,34071.925
Imports,Oil and petroleum products (excluding biofuel portion),Cyprus,2011,30935.113
Imports,Oil and petroleum products (excluding biofuel portion),Cyprus,2012,30527.338
Imports,Oil and petroleum products (excluding biofuel portion),Cyprus,2013,26961.06
Imports,Oil and petroleum products (excluding biofuel portion),Cyprus,2014,26530.363
Imports,Oil and petroleum products (excluding biofuel portion),Cyprus,2015,28621.922
Imports,Oil and petroleum products (excluding biofuel portion),Cyprus,2016,30312.825
Imports,Oil and petroleum products (excluding biofuel portion),Cyprus,2017,30787.005
Imports,Oil and petroleum products (excluding biofuel portion),Cyprus,2018,30322.941
Imports,Oil and petroleum products (excluding biofuel portion),Cyprus,2019,30258.55
Imports,Oil and petroleum products (excluding biofuel portion),Cyprus,2020,26389.787
Imports,Oil and petroleum products (excluding biofuel portion),Cyprus,2021,26543.981
Imports,Oil and petroleum products (excluding biofuel portion),Cyprus,2022,29064.458
Imports,Oil and petroleum products (excluding biofuel portion),Cyprus,2023,29271.894
Imports,Oil and petroleum products (excluding biofuel portion),Cyprus,2024,29002.841
Imports,Oil and petroleum products (excluding biofuel portion),Czechia,2005,127423.499
Imports,Oil and petroleum products (excluding biofuel portion),Czechia,2006,125659.535
Imports,Oil and petroleum products (excluding biofuel portion),Czechia,2007,123917.909
Imports,Oil and petroleum products (excluding biofuel portion),Czechia,2008,130088.238
Imports,Oil and petroleum products (excluding biofuel portion),Czechia,2009,120664.655
Imports,Oil and petroleum products (excluding biofuel portion),Czechia,2010,123382.374
Imports,Oil and petroleum products (excluding biofuel portion),Czechia,2011,118980.417
Imports,Oil and petroleum products (excluding biofuel portion),Czechia,2012,118625.843
Imports,Oil and petroleum products (excluding biofuel portion),Czechia,2013,116586.09
Imports,Oil and petroleum products (excluding biofuel portion),Czechia,2014,126675.976
Imports,Oil and petroleum products (excluding biofuel portion),Czechia,2015,129867.82
Imports,Oil and petroleum products (excluding biofuel portion),Czechia,2016,119764.272
Imports,Oil and petroleum products (excluding biofuel portion),Czechia,2017,137157.421
Imports,Oil and petroleum products (excluding biofuel portion),Czechia,2018,139528.912
Imports,Oil and petroleum products (excluding biofuel portion),Czechia,2019,137956.721
Imports,Oil and petroleum products (excluding biofuel portion),Czechia,2020,122304.304
Imports,Oil and petroleum products (excluding biofuel portion),Czechia,2021,132324.907
Imports,Oil and petroleum products (excluding biofuel portion),Czechia,2022,134299.702
Imports,Oil and petroleum products (excluding biofuel portion),Czechia,2023,135264.656
Imports,Oil and petroleum products (excluding biofuel portion),Czechia,2024,134038.8
Imports,Oil and petroleum products (excluding biofuel portion),Germany,2005,1754745.826
Imports,Oil and petroleum products (excluding biofuel portion),Germany,2006,1746079.598
Imports,Oil and petroleum products (excluding biofuel portion),Germany,2007,1611968.803
Imports,Oil and petroleum products (excluding biofuel portion),Germany,2008,1666678.585
Imports,Oil and petroleum products (excluding biofuel portion),Germany,2009,1547993.215
Imports,Oil and petroleum products (excluding biofuel portion),Germany,2010,1521125.257
Imports,Oil and petroleum products (excluding biofuel portion),Germany,2011,1458745.189
Imports,Oil and petroleum products (excluding biofuel portion),Germany,2012,1485323.729
Imports,Oil and petroleum products (excluding biofuel portion),Germany,2013,1517132.314
Imports,Oil and petroleum products (excluding biofuel portion),Germany,2014,1497038.805
Imports,Oil and petroleum products (excluding biofuel portion),Germany,2015,1520820.751
Imports,Oil and petroleum products (excluding biofuel portion),Germany,2016,1537482.93
Imports,Oil and petroleum products (excluding biofuel portion),Germany,2017,1557388.279
Imports,Oil and petroleum products (excluding biofuel portion),Germany,2018,1483223.763
Imports,Oil and petroleum products (excluding biofuel portion),Germany,2019,1513816.184
Imports,Oil and petroleum products (excluding biofuel portion),Germany,2020,1387993.516
Imports,Oil and petroleum products (excluding biofuel portion),Germany,2021,1395936.786
Imports,Oil and petroleum products (excluding biofuel portion),Germany,2022,1463042.533
Imports,Oil and petroleum products (excluding biofuel portion),Germany,2023,1335161.483
Imports,Oil and petroleum products (excluding biofuel portion),Germany,2024,1389026.253
Imports,Oil and petroleum products (excluding biofuel portion),Denmark,2005,102254.917
Imports,Oil and petroleum products (excluding biofuel portion),Denmark,2006,97486.222
Imports,Oil and petroleum products (excluding biofuel portion),Denmark,2007,94362.069
Imports,Oil and petroleum products (excluding biofuel portion),Denmark,2008,112010.667
Imports,Oil and petroleum products (excluding biofuel portion),Denmark,2009,105473.0
Imports,Oil and petroleum products (excluding biofuel portion),Denmark,2010,110083.722
Imports,Oil and petroleum products (excluding biofuel portion),Denmark,2011,109691.333
Imports,Oil and petroleum products (excluding biofuel portion),Denmark,2012,116322.167
Imports,Oil and petroleum products (excluding biofuel portion),Denmark,2013,143863.639
Imports,Oil and petroleum products (excluding biofuel portion),Denmark,2014,138537.167
Imports,Oil and petroleum products (excluding biofuel portion),Denmark,2015,162467.106
Imports,Oil and petroleum products (excluding biofuel portion),Denmark,2016,152930.024
Imports,Oil and petroleum products (excluding biofuel portion),Denmark,2017,123401.583
Imports,Oil and petroleum products (excluding biofuel portion),Denmark,2018,127113.635
Imports,Oil and petroleum products (excluding biofuel portion),Denmark,2019,143696.774
Imports,Oil and petroleum products (excluding biofuel portion),Denmark,2020,136168.335
Imports,Oil and petroleum products (excluding biofuel portion),Denmark,2021,116345.833
Imports,Oil and petroleum products (excluding biofuel portion),Denmark,2022,121141.888
Imports,Oil and petroleum products (excluding biofuel portion),Denmark,2023,117287.516
Imports,Oil and petroleum products (excluding biofuel portion),Denmark,2024,116801.196
Imports,Oil and petroleum products (excluding biofuel portion),Estonia,2005,13351.26
Imports,Oil and petroleum products (excluding biofuel portion),Estonia,2006,15525.015
Imports,Oil and petroleum products (excluding biofuel portion),Estonia,2007,17092.285
Imports,Oil and petroleum products (excluding biofuel portion),Estonia,2008,14640.051
Imports,Oil and petroleum products (excluding biofuel portion),Estonia,2009,14466.464
Imports,Oil and petroleum products (excluding biofuel portion),Estonia,2010,13331.89
Imports,Oil and petroleum products (excluding biofuel portion),Estonia,2011,13524.31
Imports,Oil and petroleum products (excluding biofuel portion),Estonia,2012,26102.435
Imports,Oil and petroleum products (excluding biofuel portion),Estonia,2013,19397.407
Imports,Oil and petroleum products (excluding biofuel portion),Estonia,2014,21896.844
Imports,Oil and petroleum products (excluding biofuel portion),Estonia,2015,19568.45
Imports,Oil and petroleum products (excluding biofuel portion),Estonia,2016,21160.644
Imports,Oil and petroleum products (excluding biofuel portion),Estonia,2017,21975.589
Imports,Oil and petroleum products (excluding biofuel portion),Estonia,2018,23745.392
Imports,Oil and petroleum products (excluding biofuel portion),Estonia,2019,21309.971
Imports,Oil and petroleum products (excluding biofuel portion),Estonia,2020,25511.151
Imports,Oil and petroleum products (excluding biofuel portion),Estonia,2021,23333.313
Imports,Oil and petroleum products (excluding biofuel portion),Estonia,2022,19545.039
Imports,Oil and petroleum products (excluding biofuel portion),Estonia,2023,16189.851
Imports,Oil and petroleum products (excluding biofuel portion),Estonia,2024,16502.248
Imports,Oil and petroleum products (excluding biofuel portion),Greece,2005,303359.617
Imports,Oil and petroleum products (excluding biofuel portion),Greece,2006,329233.797
Imports,Oil and petroleum products (excluding biofuel portion),Greece,2007,323177.502
Imports,Oil and petroleum products (excluding biofuel portion),Greece,2008,328235.26
Imports,Oil and petroleum products (excluding biofuel portion),Greece,2009,319336.153
Imports,Oil and petroleum products (excluding biofuel portion),Greece,2010,309508.599
Imports,Oil and petroleum products (excluding biofuel portion),Greece,2011,286278.021
Imports,Oil and petroleum products (excluding biofuel portion),Greece,2012,322856.231
Imports,Oil and petroleum products (excluding biofuel portion),Greece,2013,310301.667
Imports,Oil and petroleum products (excluding biofuel portion),Greece,2014,337759.268
Imports,Oil and petroleum products (excluding biofuel portion),Greece,2015,359711.33
Imports,Oil and petroleum products (excluding biofuel portion),Greece,2016,375763.671
Imports,Oil and petroleum products (excluding biofuel portion),Greece,2017,384045.327
Imports,Oil and petroleum products (excluding biofuel portion),Greece,2018,391876.353
Imports,Oil and petroleum products (excluding biofuel portion),Greece,2019,375018.859
Imports,Oil and petroleum products (excluding biofuel portion),Greece,2020,360048.326
Imports,Oil and petroleum products (excluding biofuel portion),Greece,2021,375831.798
Imports,Oil and petroleum products (excluding biofuel portion),Greece,2022,371324.169
Imports,Oil and petroleum products (excluding biofuel portion),Greece,2023,362716.512
Imports,Oil and petroleum products (excluding biofuel portion),Greece,2024,361861.928
Imports,Oil and petroleum products (excluding biofuel portion),Spain,2005,1025017.167
Imports,Oil and petroleum products (excluding biofuel portion),Spain,2006,1039764.861
Imports,Oil and petroleum products (excluding biofuel portion),Spain,2007,1046419.333
Imports,Oil and petroleum products (excluding biofuel portion),Spain,2008,1017780.0
Imports,Oil and petroleum products (excluding biofuel portion),Spain,2009,957812.472
Imports,Oil and petroleum products (excluding biofuel portion),Spain,2010,940612.806
Imports,Oil and petroleum products (excluding biofuel portion),Spain,2011,927038.972
Imports,Oil and petroleum products (excluding biofuel portion),Spain,2012,923726.056
Imports,Oil and petroleum products (excluding biofuel portion),Spain,2013,913848.722
Imports,Oil and petroleum products (excluding biofuel portion),Spain,2014,931191.944
Imports,Oil and petroleum products (excluding biofuel portion),Spain,2015,979402.111
Imports,Oil and petroleum products (excluding biofuel portion),Spain,2016,1000312.611
Imports,Oil and petroleum products (excluding biofuel portion),Spain,2017,1046307.722
Imports,Oil and petroleum products (excluding biofuel portion),Spain,2018,1037211.694
Imports,Oil and petroleum products (excluding biofuel portion),Spain,2019,1032452.972
Imports,Oil and petroleum products (excluding biofuel portion),Spain,2020,873972.896
Imports,Oil and petroleum products (excluding biofuel portion),Spain,2021,905517.366
Imports,Oil and petroleum products (excluding biofuel portion),Spain,2022,977084.802
Imports,Oil and petroleum products (excluding biofuel portion),Spain,2023,954446.262
Imports,Oil and petroleum products (excluding biofuel portion),Spain,2024,1007338.884
Imports,Oil and petroleum products (excluding biofuel portion),Finland,2005,186509.703
Imports,Oil and petroleum products (excluding biofuel portion),Finland,2006,199458.847
Imports,Oil and petroleum products (excluding biofuel portion),Finland,2007,201507.573
Imports,Oil and petroleum products (excluding biofuel portion),Finland,2008,207329.146
Imports,Oil and petroleum products (excluding biofuel portion),Finland,2009,195947.791
Imports,Oil and petroleum products (excluding biofuel portion),Finland,2010,189638.663
Imports,Oil and petroleum products (excluding biofuel portion),Finland,2011,202613.7
Imports,Oil and petroleum products (excluding biofuel portion),Finland,2012,194630.416
Imports,Oil and petroleum products (excluding biofuel portion),Finland,2013,215233.838
Imports,Oil and petroleum products (excluding biofuel portion),Finland,2014,209877.373
Imports,Oil and petroleum products (excluding biofuel portion),Finland,2015,192241.44
Imports,Oil and petroleum products (excluding biofuel portion),Finland,2016,214812.016
Imports,Oil and petroleum products (excluding biofuel portion),Finland,2017,208892.784
Imports,Oil and petroleum products (excluding biofuel portion),Finland,2018,209012.411
Imports,Oil and petroleum products (excluding biofuel portion),Finland,2019,210488.189
Imports,Oil and petroleum products (excluding biofuel portion),Finland,2020,200397.601
Imports,Oil and petroleum products (excluding biofuel portion),Finland,2021,160370.809
Imports,Oil and petroleum products (excluding biofuel portion),Finland,2022,188776.359
Imports,Oil and petroleum products (excluding biofuel portion),Finland,2023,174985.371
Imports,Oil and petroleum products (excluding biofuel portion),Finland,2024,167494.815
Imports,Oil and petroleum products (excluding biofuel portion),France,2005,1434636.448
Imports,Oil and petroleum products (excluding biofuel portion),France,2006,1422037.311
Imports,Oil and petroleum products (excluding biofuel portion),France,2007,1385786.477
Imports,Oil and petroleum products (excluding biofuel portion),France,2008,1410510.89
Imports,Oil and petroleum products (excluding biofuel portion),France,2009,1307358.646
Imports,Oil and petroleum products (excluding biofuel portion),France,2010,1237155.952
Imports,Oil and petroleum products (excluding biofuel portion),France,2011,1254416.442
Imports,Oil and petroleum products (excluding biofuel portion),France,2012,1204409.951
Imports,Oil and petroleum products (excluding biofuel portion),France,2013,1181782.209
Imports,Oil and petroleum products (excluding biofuel portion),France,2014,1166312.632
Imports,Oil and petroleum products (excluding biofuel portion),France,2015,1200169.101
Imports,Oil and petroleum products (excluding biofuel portion),France,2016,1153907.002
Imports,Oil and petroleum products (excluding biofuel portion),France,2017,1172638.932
Imports,Oil and petroleum products (excluding biofuel portion),France,2018,1130753.405
Imports,Oil and petroleum products (excluding biofuel portion),France,2019,1108288.578
Imports,Oil and petroleum products (excluding biofuel portion),France,2020,902448.773
Imports,Oil and petroleum products (excluding biofuel portion),France,2021,936809.813
Imports,Oil and petroleum products (excluding biofuel portion),France,2022,969185.75
Imports,Oil and petroleum products (excluding biofuel portion),France,2023,982981.498
Imports,Oil and petroleum products (excluding biofuel portion),France,2024,980401.292
Imports,Oil and petroleum products (excluding biofuel portion),Croatia,2005,64272.358
Imports,Oil and petroleum products (excluding biofuel portion),Croatia,2006,63287.266
Imports,Oil and petroleum products (excluding biofuel portion),Croatia,2007,69017.274
Imports,Oil and petroleum products (excluding biofuel portion),Croatia,2008,64548.947
Imports,Oil and petroleum products (excluding biofuel portion),Croatia,2009,62003.621
Imports,Oil and petroleum products (excluding biofuel portion),Croatia,2010,57840.554
Imports,Oil and petroleum products (excluding biofuel portion),Croatia,2011,53403.512
Imports,Oil and petroleum products (excluding biofuel portion),Croatia,2012,47182.988
Imports,Oil and petroleum products (excluding biofuel portion),Croatia,2013,47287.04
Imports,Oil and petroleum products (excluding biofuel portion),Croatia,2014,45855.91
Imports,Oil and petroleum products (excluding biofuel portion),Croatia,2015,52857.652
Imports,Oil and petroleum products (excluding biofuel portion),Croatia,2016,54583.41
Imports,Oil and petroleum products (excluding biofuel portion),Croatia,2017,60818.217
Imports,Oil and petroleum products (excluding biofuel portion),Croatia,2018,60849.356
Imports,Oil and petroleum products (excluding biofuel portion),Croatia,2019,56436.07
Imports,Oil and petroleum products (excluding biofuel portion),Croatia,2020,51773.854
Imports,Oil and petroleum products (excluding biofuel portion),Croatia,2021,53521.741
Imports,Oil and petroleum products (excluding biofuel portion),Croatia,2022,55747.369
Imports,Oil and petroleum products (excluding biofuel portion),Croatia,2023,56907.482
Imports,Oil and petroleum products (excluding biofuel portion),Croatia,2024,66499.562
Imports,Oil and petroleum products (excluding biofuel portion),Hungary,2005,106170.306
Imports,Oil and petroleum products (excluding biofuel portion),Hungary,2006,109701.611
Imports,Oil and petroleum products (excluding biofuel portion),Hungary,2007,110357.064
Imports,Oil and petroleum products (excluding biofuel portion),Hungary,2008,107414.718
Imports,Oil and petroleum products (excluding biofuel portion),Hungary,2009,91631.603
Imports,Oil and petroleum products (excluding biofuel portion),Hungary,2010,99152.619
Imports,Oil and petroleum products (excluding biofuel portion),Hungary,2011,95468.586
Imports,Oil and petroleum products (excluding biofuel portion),Hungary,2012,89885.111
Imports,Oil and petroleum products (excluding biofuel portion),Hungary,2013,91195.003
Imports,Oil and petroleum products (excluding biofuel portion),Hungary,2014,103592.203
Imports,Oil and petroleum products (excluding biofuel portion),Hungary,2015,108486.442
Imports,Oil and petroleum products (excluding biofuel portion),Hungary,2016,106817.069
Imports,Oil and petroleum products (excluding biofuel portion),Hungary,2017,113108.047
Imports,Oil and petroleum products (excluding biofuel portion),Hungary,2018,125548.303
Imports,Oil and petroleum products (excluding biofuel portion),Hungary,2019,121342.909
Imports,Oil and petroleum products (excluding biofuel portion),Hungary,2020,110818.738
Imports,Oil and petroleum products (excluding biofuel portion),Hungary,2021,114328.838
Imports,Oil and petroleum products (excluding biofuel portion),Hungary,2022,111923.125
Imports,Oil and petroleum products (excluding biofuel portion),Hungary,2023,113317.839
Imports,Oil and petroleum products (excluding biofuel portion),Hungary,2024,118915.579
Imports,Oil and petroleum products (excluding biofuel portion),Ireland,2005,120406.388
Imports,Oil and petroleum products (excluding biofuel portion),Ireland,2006,118158.196
Imports,Oil and petroleum products (excluding biofuel portion),Ireland,2007,115607.112
Imports,Oil and petroleum products (excluding biofuel portion),Ireland,2008,114121.053
Imports,Oil and petroleum products (excluding biofuel portion),Ireland,2009,103964.336
Imports,Oil and petroleum products (excluding biofuel portion),Ireland,2010,107134.722
Imports,Oil and petroleum products (excluding biofuel portion),Ireland,2011,102453.798
Imports,Oil and petroleum products (excluding biofuel portion),Ireland,2012,97341.861
Imports,Oil and petroleum products (excluding biofuel portion),Ireland,2013,93960.624
Imports,Oil and petroleum products (excluding biofuel portion),Ireland,2014,90863.565
Imports,Oil and petroleum products (excluding biofuel portion),Ireland,2015,106809.076
Imports,Oil and petroleum products (excluding biofuel portion),Ireland,2016,105559.689
Imports,Oil and petroleum products (excluding biofuel portion),Ireland,2017,104902.219
Imports,Oil and petroleum products (excluding biofuel portion),Ireland,2018,106310.766
Imports,Oil and petroleum products (excluding biofuel portion),Ireland,2019,104760.93
Imports,Oil and petroleum products (excluding biofuel portion),Ireland,2020,94600.216
Imports,Oil and petroleum products (excluding biofuel portion),Ireland,2021,97651.793
Imports,Oil and petroleum products (excluding biofuel portion),Ireland,2022,102139.113
Imports,Oil and petroleum products (excluding biofuel portion),Ireland,2023,97610.089
Imports,Oil and petroleum products (excluding biofuel portion),Ireland,2024,99495.076
Imports,Oil and petroleum products (excluding biofuel portion),Italy,2005,1258897.037
Imports,Oil and petroleum products (excluding biofuel portion),Italy,2006,1242753.43
Imports,Oil and petroleum products (excluding biofuel portion),Italy,2007,1253121.607
Imports,Oil and petroleum products (excluding biofuel portion),Italy,2008,1182429.444
Imports,Oil and petroleum products (excluding biofuel portion),Italy,2009,1094935.612
Imports,Oil and petroleum products (excluding biofuel portion),Italy,2010,1126841.835
Imports,Oil and petroleum products (excluding biofuel portion),Italy,2011,1044464.521
Imports,Oil and petroleum products (excluding biofuel portion),Italy,2012,993444.85
Imports,Oil and petroleum products (excluding biofuel portion),Italy,2013,906725.047
Imports,Oil and petroleum products (excluding biofuel portion),Italy,2014,828780.089
Imports,Oil and petroleum products (excluding biofuel portion),Italy,2015,938838.799
Imports,Oil and petroleum products (excluding biofuel portion),Italy,2016,951005.64
Imports,Oil and petroleum products (excluding biofuel portion),Italy,2017,988096.408
Imports,Oil and petroleum products (excluding biofuel portion),Italy,2018,947987.673
Imports,Oil and petroleum products (excluding biofuel portion),Italy,2019,937295.836
Imports,Oil and petroleum products (excluding biofuel portion),Italy,2020,764386.574
Imports,Oil and petroleum products (excluding biofuel portion),Italy,2021,837093.783
Imports,Oil and petroleum products (excluding biofuel portion),Italy,2022,910142.814
Imports,Oil and petroleum products (excluding biofuel portion),Italy,2023,891466.865
Imports,Oil and petroleum products (excluding biofuel portion),Italy,2024,856829.91
Imports,Oil and petroleum products (excluding biofuel portion),Lithuania,2005,112008.756
Imports,Oil and petroleum products (excluding biofuel portion),Lithuania,2006,107424.579
Imports,Oil and petroleum products (excluding biofuel portion),Lithuania,2007,77199.258
Imports,Oil and petroleum products (excluding biofuel portion),Lithuania,2008,118442.565
Imports,Oil and petroleum products (excluding biofuel portion),Lithuania,2009,108583.854
Imports,Oil and petroleum products (excluding biofuel portion),Lithuania,2010,119264.594
Imports,Oil and petroleum products (excluding biofuel portion),Lithuania,2011,120976.694
Imports,Oil and petroleum products (excluding biofuel portion),Lithuania,2012,120097.15
Imports,Oil and petroleum products (excluding biofuel portion),Lithuania,2013,126905.846
Imports,Oil and petroleum products (excluding biofuel portion),Lithuania,2014,110280.732
Imports,Oil and petroleum products (excluding biofuel portion),Lithuania,2015,129853.091
Imports,Oil and petroleum products (excluding biofuel portion),Lithuania,2016,134957.544
Imports,Oil and petroleum products (excluding biofuel portion),Lithuania,2017,131619.456
Imports,Oil and petroleum products (excluding biofuel portion),Lithuania,2018,126820.446
Imports,Oil and petroleum products (excluding biofuel portion),Lithuania,2019,125776.252
Imports,Oil and petroleum products (excluding biofuel portion),Lithuania,2020,104940.3
Imports,Oil and petroleum products (excluding biofuel portion),Lithuania,2021,108504.309
Imports,Oil and petroleum products (excluding biofuel portion),Lithuania,2022,112618.039
Imports,Oil and petroleum products (excluding biofuel portion),Lithuania,2023,119553.088
Imports,Oil and petroleum products (excluding biofuel portion),Lithuania,2024,113351.429
Imports,Oil and petroleum products (excluding biofuel portion),Luxembourg,2005,36720.564
Imports,Oil and petroleum products (excluding biofuel portion),Luxembourg,2006,35198.026
Imports,Oil and petroleum products (excluding biofuel portion),Luxembourg,2007,33488.856
Imports,Oil and petroleum products (excluding biofuel portion),Luxembourg,2008,34296.823
Imports,Oil and petroleum products (excluding biofuel portion),Luxembourg,2009,32091.981
Imports,Oil and petroleum products (excluding biofuel portion),Luxembourg,2010,33273.948
Imports,Oil and petroleum products (excluding biofuel portion),Luxembourg,2011,34090.093
Imports,Oil and petroleum products (excluding biofuel portion),Luxembourg,2012,33177.041
Imports,Oil and petroleum products (excluding biofuel portion),Luxembourg,2013,32581.874
Imports,Oil and petroleum products (excluding biofuel portion),Luxembourg,2014,31357.963
Imports,Oil and petroleum products (excluding biofuel portion),Luxembourg,2015,30524.853
Imports,Oil and petroleum products (excluding biofuel portion),Luxembourg,2016,30767.851
Imports,Oil and petroleum products (excluding biofuel portion),Luxembourg,2017,32264.113
Imports,Oil and petroleum products (excluding biofuel portion),Luxembourg,2018,33860.047
Imports,Oil and petroleum products (excluding biofuel portion),Luxembourg,2019,34483.426
Imports,Oil and petroleum products (excluding biofuel portion),Luxembourg,2020,27858.767
Imports,Oil and petroleum products (excluding biofuel portion),Luxembourg,2021,29867.707
Imports,Oil and petroleum products (excluding biofuel portion),Luxembourg,2022,27156.3
Imports,Oil and petroleum products (excluding biofuel portion),Luxembourg,2023,26106.505
Imports,Oil and petroleum products (excluding biofuel portion),Luxembourg,2024,25576.568
Imports,Oil and petroleum products (excluding biofuel portion),Latvia,2005,26595.318
Imports,Oil and petroleum products (excluding biofuel portion),Latvia,2006,24759.953
Imports,Oil and petroleum products (excluding biofuel portion),Latvia,2007,23759.627
Imports,Oil and petroleum products (excluding biofuel portion),Latvia,2008,22948.172
Imports,Oil and petroleum products (excluding biofuel portion),Latvia,2009,23500.383
Imports,Oil and petroleum products (excluding biofuel portion),Latvia,2010,22566.706
Imports,Oil and petroleum products (excluding biofuel portion),Latvia,2011,24607.622
Imports,Oil and petroleum products (excluding biofuel portion),Latvia,2012,25385.774
Imports,Oil and petroleum products (excluding biofuel portion),Latvia,2013,27303.658
Imports,Oil and petroleum products (excluding biofuel portion),Latvia,2014,27511.785
Imports,Oil and petroleum products (excluding biofuel portion),Latvia,2015,32125.061
Imports,Oil and petroleum products (excluding biofuel portion),Latvia,2016,32524.678
Imports,Oil and petroleum products (excluding biofuel portion),Latvia,2017,30164.68
Imports,Oil and petroleum products (excluding biofuel portion),Latvia,2018,28939.86
Imports,Oil and petroleum products (excluding biofuel portion),Latvia,2019,27124.14
Imports,Oil and petroleum products (excluding biofuel portion),Latvia,2020,23471.289
Imports,Oil and petroleum products (excluding biofuel portion),Latvia,2021,22547.874
Imports,Oil and petroleum products (excluding biofuel portion),Latvia,2022,26163.699
Imports,Oil and petroleum products (excluding biofuel portion),Latvia,2023,25719.81
Imports,Oil and petroleum products (excluding biofuel portion),Latvia,2024,27055.898
Imports,Oil and petroleum products (excluding biofuel portion),Malta,2005,18533.722
Imports,Oil and petroleum products (excluding biofuel portion),Malta,2006,19642.667
Imports,Oil and petroleum products (excluding biofuel portion),Malta,2007,20934.667
Imports,Oil and petroleum products (excluding biofuel portion),Malta,2008,21953.833
Imports,Oil and petroleum products (excluding biofuel portion),Malta,2009,23665.556
Imports,Oil and petroleum products (excluding biofuel portion),Malta,2010,27684.722
Imports,Oil and petroleum products (excluding biofuel portion),Malta,2011,26767.222
Imports,Oil and petroleum products (excluding biofuel portion),Malta,2012,25500.083
Imports,Oil and petroleum products (excluding biofuel portion),Malta,2013,26765.5
Imports,Oil and petroleum products (excluding biofuel portion),Malta,2014,26297.556
Imports,Oil and petroleum products (excluding biofuel portion),Malta,2015,31022.0
Imports,Oil and petroleum products (excluding biofuel portion),Malta,2016,30648.056
Imports,Oil and petroleum products (excluding biofuel portion),Malta,2017,33303.26
Imports,Oil and petroleum products (excluding biofuel portion),Malta,2018,34258.23
Imports,Oil and petroleum products (excluding biofuel portion),Malta,2019,35689.917
Imports,Oil and petroleum products (excluding biofuel portion),Malta,2020,31527.411
Imports,Oil and petroleum products (excluding biofuel portion),Malta,2021,27603.166
Imports,Oil and petroleum products (excluding biofuel portion),Malta,2022,30877.423
Imports,Oil and petroleum products (excluding biofuel portion),Malta,2023,32817.946
Imports,Oil and petroleum products (excluding biofuel portion),Malta,2024,30537.331
Imports,Oil and petroleum products (excluding biofuel portion),Netherlands,2005,1457826.665
Imports,Oil and petroleum products (excluding biofuel portion),Netherlands,2006,1524420.995
Imports,Oil and petroleum products (excluding biofuel portion),Netherlands,2007,1466285.84
Imports,Oil and petroleum products (excluding biofuel portion),Netherlands,2008,1519315.021
Imports,Oil and petroleum products (excluding biofuel portion),Netherlands,2009,1600068.051
Imports,Oil and petroleum products (excluding biofuel portion),Netherlands,2010,1706160.13
Imports,Oil and petroleum products (excluding biofuel portion),Netherlands,2011,1675604.464
Imports,Oil and petroleum products (excluding biofuel portion),Netherlands,2012,1735855.497
Imports,Oil and petroleum products (excluding biofuel portion),Netherlands,2013,1691284.282
Imports,Oil and petroleum products (excluding biofuel portion),Netherlands,2014,1654514.939
Imports,Oil and petroleum products (excluding biofuel portion),Netherlands,2015,1818016.815
Imports,Oil and petroleum products (excluding biofuel portion),Netherlands,2016,1818455.735
Imports,Oil and petroleum products (excluding biofuel portion),Netherlands,2017,1756547.4
Imports,Oil and petroleum products (excluding biofuel portion),Netherlands,2018,1736491.894
Imports,Oil and petroleum products (excluding biofuel portion),Netherlands,2019,1718419.562
Imports,Oil and petroleum products (excluding biofuel portion),Netherlands,2020,1538223.305
Imports,Oil and petroleum products (excluding biofuel portion),Netherlands,2021,1672197.53
Imports,Oil and petroleum products (excluding biofuel portion),Netherlands,2022,1747233.708
Imports,Oil and petroleum products (excluding biofuel portion),Netherlands,2023,1657598.447
Imports,Oil and petroleum products (excluding biofuel portion),Netherlands,2024,1635755.95
Imports,Oil and petroleum products (excluding biofuel portion),Poland,2005,290290.151
Imports,Oil and petroleum products (excluding biofuel portion),Poland,2006,316880.077
Imports,Oil and petroleum products (excluding biofuel portion),Poland,2007,340169.659
Imports,Oil and petroleum products (excluding biofuel portion),Poland,2008,326256.409
Imports,Oil and petroleum products (excluding biofuel portion),Poland,2009,319601.566
Imports,Oil and petroleum products (excluding biofuel portion),Poland,2010,339829.579
Imports,Oil and petroleum products (excluding biofuel portion),Poland,2011,352257.481
Imports,Oil and petroleum products (excluding biofuel portion),Poland,2012,350721.529
Imports,Oil and petroleum products (excluding biofuel portion),Poland,2013,329976.524
Imports,Oil and petroleum products (excluding biofuel portion),Poland,2014,339929.065
Imports,Oil and petroleum products (excluding biofuel portion),Poland,2015,378325.0
Imports,Oil and petroleum products (excluding biofuel portion),Poland,2016,379414.336
Imports,Oil and petroleum products (excluding biofuel portion),Poland,2017,408305.341
Imports,Oil and petroleum products (excluding biofuel portion),Poland,2018,428825.917
Imports,Oil and petroleum products (excluding biofuel portion),Poland,2019,420537.58
Imports,Oil and petroleum products (excluding biofuel portion),Poland,2020,389496.781
Imports,Oil and petroleum products (excluding biofuel portion),Poland,2021,401625.506
Imports,Oil and petroleum products (excluding biofuel portion),Poland,2022,441912.54
Imports,Oil and petroleum products (excluding biofuel portion),Poland,2023,443102.682
Imports,Oil and petroleum products (excluding biofuel portion),Poland,2024,457749.435
Imports,Oil and petroleum products (excluding biofuel portion),Portugal,2005,227030.182
Imports,Oil and petroleum products (excluding biofuel portion),Portugal,2006,212737.919
Imports,Oil and petroleum products (excluding biofuel portion),Portugal,2007,197689.117
Imports,Oil and petroleum products (excluding biofuel portion),Portugal,2008,199529.363
Imports,Oil and petroleum products (excluding biofuel portion),Portugal,2009,180019.228
Imports,Oil and petroleum products (excluding biofuel portion),Portugal,2010,179079.227
Imports,Oil and petroleum products (excluding biofuel portion),Portugal,2011,175108.895
Imports,Oil and petroleum products (excluding biofuel portion),Portugal,2012,169253.065
Imports,Oil and petroleum products (excluding biofuel portion),Portugal,2013,188560.402
Imports,Oil and petroleum products (excluding biofuel portion),Portugal,2014,178040.554
Imports,Oil and petroleum products (excluding biofuel portion),Portugal,2015,210531.531
Imports,Oil and petroleum products (excluding biofuel portion),Portugal,2016,206674.386
Imports,Oil and petroleum products (excluding biofuel portion),Portugal,2017,214307.057
Imports,Oil and petroleum products (excluding biofuel portion),Portugal,2018,196262.808
Imports,Oil and petroleum products (excluding biofuel portion),Portugal,2019,191382.721
Imports,Oil and petroleum products (excluding biofuel portion),Portugal,2020,171046.632
Imports,Oil and petroleum products (excluding biofuel portion),Portugal,2021,170512.971
Imports,Oil and petroleum products (excluding biofuel portion),Portugal,2022,179059.616
Imports,Oil and petroleum products (excluding biofuel portion),Portugal,2023,171162.988
Imports,Oil and petroleum products (excluding biofuel portion),Portugal,2024,180179.24
Imports,Oil and petroleum products (excluding biofuel portion),Romania,2005,112932.433
Imports,Oil and petroleum products (excluding biofuel portion),Romania,2006,116097.057
Imports,Oil and petroleum products (excluding biofuel portion),Romania,2007,114212.221
Imports,Oil and petroleum products (excluding biofuel portion),Romania,2008,119605.998
Imports,Oil and petroleum products (excluding biofuel portion),Romania,2009,101465.682
Imports,Oil and petroleum products (excluding biofuel portion),Romania,2010,95044.975
Imports,Oil and petroleum products (excluding biofuel portion),Romania,2011,91929.446
Imports,Oil and petroleum products (excluding biofuel portion),Romania,2012,91402.925
Imports,Oil and petroleum products (excluding biofuel portion),Romania,2013,90085.852
Imports,Oil and petroleum products (excluding biofuel portion),Romania,2014,107046.926
Imports,Oil and petroleum products (excluding biofuel portion),Romania,2015,111894.353
Imports,Oil and petroleum products (excluding biofuel portion),Romania,2016,121111.785
Imports,Oil and petroleum products (excluding biofuel portion),Romania,2017,129307.738
Imports,Oil and petroleum products (excluding biofuel portion),Romania,2018,135464.875
Imports,Oil and petroleum products (excluding biofuel portion),Romania,2019,140353.848
Imports,Oil and petroleum products (excluding biofuel portion),Romania,2020,124661.238
Imports,Oil and petroleum products (excluding biofuel portion),Romania,2021,130765.797
Imports,Oil and petroleum products (excluding biofuel portion),Romania,2022,145817.249
Imports,Oil and petroleum products (excluding biofuel portion),Romania,2023,140853.684
Imports,Oil and petroleum products (excluding biofuel portion),Romania,2024,151010.753
Imports,Oil and petroleum products (excluding biofuel portion),Sweden,2005,326396.433
Imports,Oil and petroleum products (excluding biofuel portion),Sweden,2006,318565.888
Imports,Oil and petroleum products (excluding biofuel portion),Sweden,2007,304485.685
Imports,Oil and petroleum products (excluding biofuel portion),Sweden,2008,339878.98
Imports,Oil and petroleum products (excluding biofuel portion),Sweden,2009,314363.936
Imports,Oil and petroleum products (excluding biofuel portion),Sweden,2010,329586.583
Imports,Oil and petroleum products (excluding biofuel portion),Sweden,2011,321206.594
Imports,Oil and petroleum products (excluding biofuel portion),Sweden,2012,325106.325
Imports,Oil and petroleum products (excluding biofuel portion),Sweden,2013,283953.417
Imports,Oil and petroleum products (excluding biofuel portion),Sweden,2014,315555.65
Imports,Oil and petroleum products (excluding biofuel portion),Sweden,2015,330637.968
Imports,Oil and petroleum products (excluding biofuel portion),Sweden,2016,360593.205
Imports,Oil and petroleum products (excluding biofuel portion),Sweden,2017,344126.126
Imports,Oil and petroleum products (excluding biofuel portion),Sweden,2018,343717.174
Imports,Oil and petroleum products (excluding biofuel portion),Sweden,2019,293717.919
Imports,Oil and petroleum products (excluding biofuel portion),Sweden,2020,308384.157
Imports,Oil and petroleum products (excluding biofuel portion),Sweden,2021,298375.167
Imports,Oil and petroleum products (excluding biofuel portion),Sweden,2022,315810.973
Imports,Oil and petroleum products (excluding biofuel portion),Sweden,2023,304588.948
Imports,Oil and petroleum products (excluding biofuel portion),Sweden,2024,316019.918
Imports,Oil and petroleum products (excluding biofuel portion),Slovenia,2005,33184.361
Imports,Oil and petroleum products (excluding biofuel portion),Slovenia,2006,35342.694
Imports,Oil and petroleum products (excluding biofuel portion),Slovenia,2007,35522.468
Imports,Oil and petroleum products (excluding biofuel portion),Slovenia,2008,42927.983
Imports,Oil and petroleum products (excluding biofuel portion),Slovenia,2009,36151.118
Imports,Oil and petroleum products (excluding biofuel portion),Slovenia,2010,38231.216
Imports,Oil and petroleum products (excluding biofuel portion),Slovenia,2011,38747.343
Imports,Oil and petroleum products (excluding biofuel portion),Slovenia,2012,40635.722
Imports,Oil and petroleum products (excluding biofuel portion),Slovenia,2013,38394.551
Imports,Oil and petroleum products (excluding biofuel portion),Slovenia,2014,43637.184
Imports,Oil and petroleum products (excluding biofuel portion),Slovenia,2015,47573.159
Imports,Oil and petroleum products (excluding biofuel portion),Slovenia,2016,53569.568
Imports,Oil and petroleum products (excluding biofuel portion),Slovenia,2017,55652.562
Imports,Oil and petroleum products (excluding biofuel portion),Slovenia,2018,55930.11
Imports,Oil and petroleum products (excluding biofuel portion),Slovenia,2019,57588.844
Imports,Oil and petroleum products (excluding biofuel portion),Slovenia,2020,47192.214
Imports,Oil and petroleum products (excluding biofuel portion),Slovenia,2021,45280.094
Imports,Oil and petroleum products (excluding biofuel portion),Slovenia,2022,54558.542
Imports,Oil and petroleum products (excluding biofuel portion),Slovenia,2023,53196.2
Imports,Oil and petroleum products (excluding biofuel portion),Slovenia,2024,56403.624
Imports,Oil and petroleum products (excluding biofuel portion),Slovakia,2005,79387.717
Imports,Oil and petroleum products (excluding biofuel portion),Slovakia,2006,82878.286
Imports,Oil and petroleum products (excluding biofuel portion),Slovakia,2007,85808.185
Imports,Oil and petroleum products (excluding biofuel portion),Slovakia,2008,85223.509
Imports,Oil and petroleum products (excluding biofuel portion),Slovakia,2009,81678.956
Imports,Oil and petroleum products (excluding biofuel portion),Slovakia,2010,79714.603
Imports,Oil and petroleum products (excluding biofuel portion),Slovakia,2011,85348.278
Imports,Oil and petroleum products (excluding biofuel portion),Slovakia,2012,77345.989
Imports,Oil and petroleum products (excluding biofuel portion),Slovakia,2013,84342.608
Imports,Oil and petroleum products (excluding biofuel portion),Slovakia,2014,76788.648
Imports,Oil and petroleum products (excluding biofuel portion),Slovakia,2015,88068.263
Imports,Oil and petroleum products (excluding biofuel portion),Slovakia,2016,87888.681
Imports,Oil and petroleum products (excluding biofuel portion),Slovakia,2017,88130.555
Imports,Oil and petroleum products (excluding biofuel portion),Slovakia,2018,86052.894
Imports,Oil and petroleum products (excluding biofuel portion),Slovakia,2019,81617.229
Imports,Oil and petroleum products (excluding biofuel portion),Slovakia,2020,84954.738
Imports,Oil and petroleum products (excluding biofuel portion),Slovakia,2021,83386.342
Imports,Oil and petroleum products (excluding biofuel portion),Slovakia,2022,83607.565
Imports,Oil and petroleum products (excluding biofuel portion),Slovakia,2023,89004.63
Imports,Oil and petroleum products (excluding biofuel portion),Slovakia,2024,75874.675
Primary production,Solid fossil fuels,Austria,2005,0.0
Primary production,Solid fossil fuels,Austria,2006,0.0
Primary production,Solid fossil fuels,Austria,2007,0.0
Primary production,Solid fossil fuels,Austria,2008,0.0
Primary production,Solid fossil fuels,Austria,2009,0.0
Primary production,Solid fossil fuels,Austria,2010,0.0
Primary production,Solid fossil fuels,Austria,2011,0.0
Primary production,Solid fossil fuels,Austria,2012,0.0
Primary production,Solid fossil fuels,Austria,2013,0.0
Primary production,Solid fossil fuels,Austria,2014,0.0
Primary production,Solid fossil fuels,Austria,2015,0.0
Primary production,Solid fossil fuels,Austria,2016,0.0
Primary production,Solid fossil fuels,Austria,2017,0.0
Primary production,Solid fossil fuels,Austria,2018,0.0
Primary production,Solid fossil fuels,Austria,2019,0.0
Primary production,Solid fossil fuels,Austria,2020,0.0
Primary production,Solid fossil fuels,Austria,2021,0.0
Primary production,Solid fossil fuels,Austria,2022,0.0
Primary production,Solid fossil fuels,Austria,2023,0.0
Primary production,Solid fossil fuels,Austria,2024,0.0
Primary production,Solid fossil fuels,Belgium,2005,0.0
Primary production,Solid fossil fuels,Belgium,2006,0.0
Primary production,Solid fossil fuels,Belgium,2007,0.0
Primary production,Solid fossil fuels,Belgium,2008,0.0
Primary production,Solid fossil fuels,Belgium,2009,0.0
Primary production,Solid fossil fuels,Belgium,2010,0.0
Primary production,Solid fossil fuels,Belgium,2011,0.0
Primary production,Solid fossil fuels,Belgium,2012,0.0
Primary production,Solid fossil fuels,Belgium,2013,0.0
Primary production,Solid fossil fuels,Belgium,2014,0.0
Primary production,Solid fossil fuels,Belgium,2015,0.0
Primary production,Solid fossil fuels,Belgium,2016,0.0
Primary production,Solid fossil fuels,Belgium,2017,0.0
Primary production,Solid fossil fuels,Belgium,2018,0.0
Primary production,Solid fossil fuels,Belgium,2019,0.0
Primary production,Solid fossil fuels,Belgium,2020,0.0
Primary production,Solid fossil fuels,Belgium,2021,0.0
Primary production,Solid fossil fuels,Belgium,2022,0.0
Primary production,Solid fossil fuels,Belgium,2023,0.0
Primary production,Solid fossil fuels,Belgium,2024,0.0
Primary production,Solid fossil fuels,Bulgaria,2005,48589.421
Primary production,Solid fossil fuels,Bulgaria,2006,50094.912
Primary production,Solid fossil fuels,Bulgaria,2007,55192.303
Primary production,Solid fossil fuels,Bulgaria,2008,56004.727
Primary production,Solid fossil fuels,Bulgaria,2009,53031.488
Primary production,Solid fossil fuels,Bulgaria,2010,57305.267
Primary production,Solid fossil fuels,Bulgaria,2011,72185.938
Primary production,Solid fossil fuels,Bulgaria,2012,65219.548
Primary production,Solid fossil fuels,Bulgaria,2013,55617.946
Primary production,Solid fossil fuels,Bulgaria,2014,59383.143
Primary production,Solid fossil fuels,Bulgaria,2015,67823.314
Primary production,Solid fossil fuels,Bulgaria,2016,59095.992
Primary production,Solid fossil fuels,Bulgaria,2017,65936.276
Primary production,Solid fossil fuels,Bulgaria,2018,58802.651
Primary production,Solid fossil fuels,Bulgaria,2019,54383.473
Primary production,Solid fossil fuels,Bulgaria,2020,43407.708
Primary production,Solid fossil fuels,Bulgaria,2021,54645.324
Primary production,Solid fossil fuels,Bulgaria,2022,68605.112
Primary production,Solid fossil fuels,Bulgaria,2023,40600.873
Primary production,Solid fossil fuels,Bulgaria,2024,29819.939
Primary production,Solid fossil fuels,Cyprus,2005,0.0
Primary production,Solid fossil fuels,Cyprus,2006,0.0
Primary production,Solid fossil fuels,Cyprus,2007,0.0
Primary production,Solid fossil fuels,Cyprus,2008,0.0
Primary production,Solid fossil fuels,Cyprus,2009,0.0
Primary production,Solid fossil fuels,Cyprus,2010,0.0
Primary production,Solid fossil fuels,Cyprus,2011,0.0
Primary production,Solid fossil fuels,Cyprus,2012,0.0
Primary production,Solid fossil fuels,Cyprus,2013,0.0
Primary production,Solid fossil fuels,Cyprus,2014,0.0
Primary production,Solid fossil fuels,Cyprus,2015,0.0
Primary production,Solid fossil fuels,Cyprus,2016,0.0
Primary production,Solid fossil fuels,Cyprus,2017,0.0
Primary production,Solid fossil fuels,Cyprus,2018,0.0
Primary production,Solid fossil fuels,Cyprus,2019,0.0
Primary production,Solid fossil fuels,Cyprus,2020,0.0
Primary production,Solid fossil fuels,Cyprus,2021,0.0
Primary production,Solid fossil fuels,Cyprus,2022,0.0
Primary production,Solid fossil fuels,Cyprus,2023,0.0
Primary production,Solid fossil fuels,Cyprus,2024,0.0
Primary production,Solid fossil fuels,Czechia,2005,274118.778
Primary production,Solid fossil fuels,Czechia,2006,277510.338
Primary production,Solid fossil fuels,Czechia,2007,276840.501
Primary production,Solid fossil fuels,Czechia,2008,264991.176
Primary production,Solid fossil fuels,Czechia,2009,242523.613
Primary production,Solid fossil fuels,Czechia,2010,241088.412
Primary production,Solid fossil fuels,Czechia,2011,243015.606
Primary production,Solid fossil fuels,Czechia,2012,234245.867
Primary production,Solid fossil fuels,Czechia,2013,205543.804
Primary production,Solid fossil fuels,Czechia,2014,195946.458
Primary production,Solid fossil fuels,Czechia,2015,195330.238
Primary production,Solid fossil fuels,Czechia,2016,185762.216
Primary production,Solid fossil fuels,Czechia,2017,176365.709
Primary production,Solid fossil fuels,Czechia,2018,169571.882
Primary production,Solid fossil fuels,Czechia,2019,155390.906
Primary production,Solid fossil fuels,Czechia,2020,118319.174
Primary production,Solid fossil fuels,Czechia,2021,121825.982
Primary production,Solid fossil fuels,Czechia,2022,132302.328
Primary production,Solid fossil fuels,Czechia,2023,112947.568
Primary production,Solid fossil fuels,Czechia,2024,94008.591
Primary production,Solid fossil fuels,Germany,2005,656609.001
Primary production,Solid fossil fuels,Germany,2006,618954.085
Primary production,Solid fossil fuels,Germany,2007,632269.121
Primary production,Solid fossil fuels,Germany,2008,582165.185
Primary production,Solid fossil fuels,Germany,2009,539453.033
Primary production,Solid fossil fuels,Germany,2010,533884.772
Primary production,Solid fossil fuels,Germany,2011,543089.935
Primary production,Solid fossil fuels,Germany,2012,553544.513
Primary production,Solid fossil fuels,Germany,2013,523986.673
Primary production,Solid fossil fuels,Germany,2014,513262.628
Primary production,Solid fossil fuels,Germany,2015,500135.203
Primary production,Solid fossil fuels,Germany,2016,462001.298
Primary production,Solid fossil fuels,Germany,2017,458714.851
Primary production,Solid fossil fuels,Germany,2018,440302.371
Primary production,Solid fossil fuels,Germany,2019,330527.77
Primary production,Solid fossil fuels,Germany,2020,271999.989
Primary production,Solid fossil fuels,Germany,2021,320333.333
Primary production,Solid fossil fuels,Germany,2022,331343.996
Primary production,Solid fossil fuels,Germany,2023,254480.179
Primary production,Solid fossil fuels,Germany,2024,229324.377
Primary production,Solid fossil fuels,Denmark,2005,0.0
Primary production,Solid fossil fuels,Denmark,2006,0.0
Primary production,Solid fossil fuels,Denmark,2007,0.0
Primary production,Solid fossil fuels,Denmark,2008,0.0
Primary production,Solid fossil fuels,Denmark,2009,0.0
Primary production,Solid fossil fuels,Denmark,2010,0.0
Primary production,Solid fossil fuels,Denmark,2011,0.0
Primary production,Solid fossil fuels,Denmark,2012,0.0
Primary production,Solid fossil fuels,Denmark,2013,0.0
Primary production,Solid fossil fuels,Denmark,2014,0.0
Primary production,Solid fossil fuels,Denmark,2015,0.0
Primary production,Solid fossil fuels,Denmark,2016,0.0
Primary production,Solid fossil fuels,Denmark,2017,0.0
Primary production,Solid fossil fuels,Denmark,2018,0.0
Primary production,Solid fossil fuels,Denmark,2019,0.0
Primary production,Solid fossil fuels,Denmark,2020,0.0
Primary production,Solid fossil fuels,Denmark,2021,0.0
Primary production,Solid fossil fuels,Denmark,2022,0.0
Primary production,Solid fossil fuels,Denmark,2023,0.0
Primary production,Solid fossil fuels,Denmark,2024,0.0
Primary production,Solid fossil fuels,Estonia,2005,0.0
Primary production,Solid fossil fuels,Estonia,2006,0.0
Primary production,Solid fossil fuels,Estonia,2007,0.0
Primary production,Solid fossil fuels,Estonia,2008,0.0
Primary production,Solid fossil fuels,Estonia,2009,0.0
Primary production,Solid fossil fuels,Estonia,2010,0.0
Primary production,Solid fossil fuels,Estonia,2011,0.0
Primary production,Solid fossil fuels,Estonia,2012,0.0
Primary production,Solid fossil fuels,Estonia,2013,0.0
Primary production,Solid fossil fuels,Estonia,2014,0.0
Primary production,Solid fossil fuels,Estonia,2015,0.0
Primary production,Solid fossil fuels,Estonia,2016,0.0
Primary production,Solid fossil fuels,Estonia,2017,0.0
Primary production,Solid fossil fuels,Estonia,2018,0.0
Primary production,Solid fossil fuels,Estonia,2019,0.0
Primary production,Solid fossil fuels,Estonia,2020,0.0
Primary production,Solid fossil fuels,Estonia,2021,0.0
Primary production,Solid fossil fuels,Estonia,2022,0.0
Primary production,Solid fossil fuels,Estonia,2023,0.0
Primary production,Solid fossil fuels,Estonia,2024,0.0
Primary production,Solid fossil fuels,Greece,2005,99296.972
Primary production,Solid fossil fuels,Greece,2006,95020.933
Primary production,Solid fossil fuels,Greece,2007,97564.854
Primary production,Solid fossil fuels,Greece,2008,94545.522
Primary production,Solid fossil fuels,Greece,2009,95086.271
Primary production,Solid fossil fuels,Greece,2010,85078.3
Primary production,Solid fossil fuels,Greece,2011,87281.971
Primary production,Solid fossil fuels,Greece,2012,93559.611
Primary production,Solid fossil fuels,Greece,2013,78249.716
Primary production,Solid fossil fuels,Greece,2014,74247.824
Primary production,Solid fossil fuels,Greece,2015,66003.319
Primary production,Solid fossil fuels,Greece,2016,46200.902
Primary production,Solid fossil fuels,Greece,2017,53117.353
Primary production,Solid fossil fuels,Greece,2018,49715.99
Primary production,Solid fossil fuels,Greece,2019,35907.465
Primary production,Solid fossil fuels,Greece,2020,18960.649
Primary production,Solid fossil fuels,Greece,2021,16737.255
Primary production,Solid fossil fuels,Greece,2022,19290.095
Primary production,Solid fossil fuels,Greece,2023,15250.571
Primary production,Solid fossil fuels,Greece,2024,9481.823
Primary production,Solid fossil fuels,Spain,2005,72859.106
Primary production,Solid fossil fuels,Spain,2006,70348.937
Primary production,Solid fossil fuels,Spain,2007,63458.501
Primary production,Solid fossil fuels,Spain,2008,48778.535
Primary production,Solid fossil fuels,Spain,2009,44320.839
Primary production,Solid fossil fuels,Spain,2010,38336.841
Primary production,Solid fossil fuels,Spain,2011,30804.471
Primary production,Solid fossil fuels,Spain,2012,28618.281
Primary production,Solid fossil fuels,Spain,2013,20501.781
Primary production,Solid fossil fuels,Spain,2014,18936.054
Primary production,Solid fossil fuels,Spain,2015,14492.354
Primary production,Solid fossil fuels,Spain,2016,8561.806
Primary production,Solid fossil fuels,Spain,2017,13116.522
Primary production,Solid fossil fuels,Spain,2018,10267.917
Primary production,Solid fossil fuels,Spain,2019,0.0
Primary production,Solid fossil fuels,Spain,2020,0.0
Primary production,Solid fossil fuels,Spain,2021,0.0
Primary production,Solid fossil fuels,Spain,2022,0.0
Primary production,Solid fossil fuels,Spain,2023,0.0
Primary production,Solid fossil fuels,Spain,2024,0.0
Primary production,Solid fossil fuels,Finland,2005,0.0
Primary production,Solid fossil fuels,Finland,2006,0.0
Primary production,Solid fossil fuels,Finland,2007,0.0
Primary production,Solid fossil fuels,Finland,2008,0.0
Primary production,Solid fossil fuels,Finland,2009,0.0
Primary production,Solid fossil fuels,Finland,2010,0.0
Primary production,Solid fossil fuels,Finland,2011,0.0
Primary production,Solid fossil fuels,Finland,2012,0.0
Primary production,Solid fossil fuels,Finland,2013,0.0
Primary production,Solid fossil fuels,Finland,2014,0.0
Primary production,Solid fossil fuels,Finland,2015,0.0
Primary production,Solid fossil fuels,Finland,2016,0.0
Primary production,Solid fossil fuels,Finland,2017,0.0
Primary production,Solid fossil fuels,Finland,2018,0.0
Primary production,Solid fossil fuels,Finland,2019,0.0
Primary production,Solid fossil fuels,Finland,2020,0.0
Primary production,Solid fossil fuels,Finland,2021,0.0
Primary production,Solid fossil fuels,Finland,2022,0.0
Primary production,Solid fossil fuels,Finland,2023,0.0
Primary production,Solid fossil fuels,Finland,2024,0.0
Primary production,Solid fossil fuels,France,2005,0.0
Primary production,Solid fossil fuels,France,2006,0.0
Primary production,Solid fossil fuels,France,2007,0.0
Primary production,Solid fossil fuels,France,2008,0.0
Primary production,Solid fossil fuels,France,2009,0.0
Primary production,Solid fossil fuels,France,2010,0.0
Primary production,Solid fossil fuels,France,2011,0.0
Primary production,Solid fossil fuels,France,2012,0.0
Primary production,Solid fossil fuels,France,2013,0.0
Primary production,Solid fossil fuels,France,2014,0.0
Primary production,Solid fossil fuels,France,2015,0.0
Primary production,Solid fossil fuels,France,2016,0.0
Primary production,Solid fossil fuels,France,2017,0.0
Primary production,Solid fossil fuels,France,2018,0.0
Primary production,Solid fossil fuels,France,2019,0.0
Primary production,Solid fossil fuels,France,2020,0.0
Primary production,Solid fossil fuels,France,2021,0.0
Primary production,Solid fossil fuels,France,2022,0.0
Primary production,Solid fossil fuels,France,2023,0.0
Primary production,Solid fossil fuels,France,2024,0.0
Primary production,Solid fossil fuels,Croatia,2005,0.0
Primary production,Solid fossil fuels,Croatia,2006,0.0
Primary production,Solid fossil fuels,Croatia,2007,0.0
Primary production,Solid fossil fuels,Croatia,2008,0.0
Primary production,Solid fossil fuels,Croatia,2009,0.0
Primary production,Solid fossil fuels,Croatia,2010,0.0
Primary production,Solid fossil fuels,Croatia,2011,0.0
Primary production,Solid fossil fuels,Croatia,2012,0.0
Primary production,Solid fossil fuels,Croatia,2013,0.0
Primary production,Solid fossil fuels,Croatia,2014,0.0
Primary production,Solid fossil fuels,Croatia,2015,0.0
Primary production,Solid fossil fuels,Croatia,2016,0.0
Primary production,Solid fossil fuels,Croatia,2017,0.0
Primary production,Solid fossil fuels,Croatia,2018,0.0
Primary production,Solid fossil fuels,Croatia,2019,0.0
Primary production,Solid fossil fuels,Croatia,2020,0.0
Primary production,Solid fossil fuels,Croatia,2021,0.0
Primary production,Solid fossil fuels,Croatia,2022,0.0
Primary production,Solid fossil fuels,Croatia,2023,0.0
Primary production,Solid fossil fuels,Croatia,2024,0.0
Primary production,Solid fossil fuels,Hungary,2005,20330.933
Primary production,Solid fossil fuels,Hungary,2006,20429.244
Primary production,Solid fossil fuels,Hungary,2007,20617.8
Primary production,Solid fossil fuels,Hungary,2008,19696.156
Primary production,Solid fossil fuels,Hungary,2009,18096.806
Primary production,Solid fossil fuels,Hungary,2010,18529.767
Primary production,Solid fossil fuels,Hungary,2011,19136.542
Primary production,Solid fossil fuels,Hungary,2012,18683.222
Primary production,Solid fossil fuels,Hungary,2013,18744.3
Primary production,Solid fossil fuels,Hungary,2014,18467.92
Primary production,Solid fossil fuels,Hungary,2015,17657.64
Primary production,Solid fossil fuels,Hungary,2016,17008.64
Primary production,Solid fossil fuels,Hungary,2017,14923.141
Primary production,Solid fossil fuels,Hungary,2018,13270.834
Primary production,Solid fossil fuels,Hungary,2019,11554.313
Primary production,Solid fossil fuels,Hungary,2020,10846.354
Primary production,Solid fossil fuels,Hungary,2021,8990.87
Primary production,Solid fossil fuels,Hungary,2022,9058.837
Primary production,Solid fossil fuels,Hungary,2023,7720.964
Primary production,Solid fossil fuels,Hungary,2024,7403.967
Primary production,Solid fossil fuels,Ireland,2005,0.0
Primary production,Solid fossil fuels,Ireland,2006,0.0
Primary production,Solid fossil fuels,Ireland,2007,0.0
Primary production,Solid fossil fuels,Ireland,2008,0.0
Primary production,Solid fossil fuels,Ireland,2009,0.0
Primary production,Solid fossil fuels,Ireland,2010,0.0
Primary production,Solid fossil fuels,Ireland,2011,0.0
Primary production,Solid fossil fuels,Ireland,2012,0.0
Primary production,Solid fossil fuels,Ireland,2013,0.0
Primary production,Solid fossil fuels,Ireland,2014,0.0
Primary production,Solid fossil fuels,Ireland,2015,0.0
Primary production,Solid fossil fuels,Ireland,2016,0.0
Primary production,Solid fossil fuels,Ireland,2017,0.0
Primary production,Solid fossil fuels,Ireland,2018,0.0
Primary production,Solid fossil fuels,Ireland,2019,0.0
Primary production,Solid fossil fuels,Ireland,2020,0.0
Primary production,Solid fossil fuels,Ireland,2021,0.0
Primary production,Solid fossil fuels,Ireland,2022,0.0
Primary production,Solid fossil fuels,Ireland,2023,0.0
Primary production,Solid fossil fuels,Ireland,2024,0.0
Primary production,Solid fossil fuels,Italy,2005,701.601
Primary production,Solid fossil fuels,Italy,2006,155.091
Primary production,Solid fossil fuels,Italy,2007,1166.874
Primary production,Solid fossil fuels,Italy,2008,864.078
Primary production,Solid fossil fuels,Italy,2009,531.74
Primary production,Solid fossil fuels,Italy,2010,745.913
Primary production,Solid fossil fuels,Italy,2011,679.446
Primary production,Solid fossil fuels,Italy,2012,590.822
Primary production,Solid fossil fuels,Italy,2013,539.125
Primary production,Solid fossil fuels,Italy,2014,635.134
Primary production,Solid fossil fuels,Italy,2015,598.208
Primary production,Solid fossil fuels,Italy,2016,0.0
Primary production,Solid fossil fuels,Italy,2017,0.0
Primary production,Solid fossil fuels,Italy,2018,0.0
Primary production,Solid fossil fuels,Italy,2019,0.0
Primary production,Solid fossil fuels,Italy,2020,0.0
Primary production,Solid fossil fuels,Italy,2021,0.0
Primary production,Solid fossil fuels,Italy,2022,0.0
Primary production,Solid fossil fuels,Italy,2023,0.0
Primary production,Solid fossil fuels,Italy,2024,0.0
Primary production,Solid fossil fuels,Lithuania,2005,0.0
Primary production,Solid fossil fuels,Lithuania,2006,0.0
Primary production,Solid fossil fuels,Lithuania,2007,0.0
Primary production,Solid fossil fuels,Lithuania,2008,0.0
Primary production,Solid fossil fuels,Lithuania,2009,0.0
Primary production,Solid fossil fuels,Lithuania,2010,0.0
Primary production,Solid fossil fuels,Lithuania,2011,0.0
Primary production,Solid fossil fuels,Lithuania,2012,0.0
Primary production,Solid fossil fuels,Lithuania,2013,0.0
Primary production,Solid fossil fuels,Lithuania,2014,0.0
Primary production,Solid fossil fuels,Lithuania,2015,0.0
Primary production,Solid fossil fuels,Lithuania,2016,0.0
Primary production,Solid fossil fuels,Lithuania,2017,0.0
Primary production,Solid fossil fuels,Lithuania,2018,0.0
Primary production,Solid fossil fuels,Lithuania,2019,0.0
Primary production,Solid fossil fuels,Lithuania,2020,0.0
Primary production,Solid fossil fuels,Lithuania,2021,0.0
Primary production,Solid fossil fuels,Lithuania,2022,0.0
Primary production,Solid fossil fuels,Lithuania,2023,0.0
Primary production,Solid fossil fuels,Lithuania,2024,0.0
Primary production,Solid fossil fuels,Luxembourg,2005,0.0
Primary production,Solid fossil fuels,Luxembourg,2006,0.0
Primary production,Solid fossil fuels,Luxembourg,2007,0.0
Primary production,Solid fossil fuels,Luxembourg,2008,0.0
Primary production,Solid fossil fuels,Luxembourg,2009,0.0
Primary production,Solid fossil fuels,Luxembourg,2010,0.0
Primary production,Solid fossil fuels,Luxembourg,2011,0.0
Primary production,Solid fossil fuels,Luxembourg,2012,0.0
Primary production,Solid fossil fuels,Luxembourg,2013,0.0
Primary production,Solid fossil fuels,Luxembourg,2014,0.0
Primary production,Solid fossil fuels,Luxembourg,2015,0.0
Primary production,Solid fossil fuels,Luxembourg,2016,0.0
Primary production,Solid fossil fuels,Luxembourg,2017,0.0
Primary production,Solid fossil fuels,Luxembourg,2018,0.0
Primary production,Solid fossil fuels,Luxembourg,2019,0.0
Primary production,Solid fossil fuels,Luxembourg,2020,0.0
Primary production,Solid fossil fuels,Luxembourg,2021,0.0
Primary production,Solid fossil fuels,Luxembourg,2022,0.0
Primary production,Solid fossil fuels,Luxembourg,2023,0.0
Primary production,Solid fossil fuels,Luxembourg,2024,0.0
Primary production,Solid fossil fuels,Latvia,2005,0.0
Primary production,Solid fossil fuels,Latvia,2006,0.0
Primary production,Solid fossil fuels,Latvia,2007,0.0
Primary production,Solid fossil fuels,Latvia,2008,0.0
Primary production,Solid fossil fuels,Latvia,2009,0.0
Primary production,Solid fossil fuels,Latvia,2010,0.0
Primary production,Solid fossil fuels,Latvia,2011,0.0
Primary production,Solid fossil fuels,Latvia,2012,0.0
Primary production,Solid fossil fuels,Latvia,2013,0.0
Primary production,Solid fossil fuels,Latvia,2014,0.0
Primary production,Solid fossil fuels,Latvia,2015,0.0
Primary production,Solid fossil fuels,Latvia,2016,0.0
Primary production,Solid fossil fuels,Latvia,2017,0.0
Primary production,Solid fossil fuels,Latvia,2018,0.0
Primary production,Solid fossil fuels,Latvia,2019,0.0
Primary production,Solid fossil fuels,Latvia,2020,0.0
Primary production,Solid fossil fuels,Latvia,2021,0.0
Primary production,Solid fossil fuels,Latvia,2022,0.0
Primary production,Solid fossil fuels,Latvia,2023,0.0
Primary production,Solid fossil fuels,Latvia,2024,0.0
Primary production,Solid fossil fuels,Malta,2005,0.0
Primary production,Solid fossil fuels,Malta,2006,0.0
Primary production,Solid fossil fuels,Malta,2007,0.0
Primary production,Solid fossil fuels,Malta,2008,0.0
Primary production,Solid fossil fuels,Malta,2009,0.0
Primary production,Solid fossil fuels,Malta,2010,0.0
Primary production,Solid fossil fuels,Malta,2011,0.0
Primary production,Solid fossil fuels,Malta,2012,0.0
Primary production,Solid fossil fuels,Malta,2013,0.0
Primary production,Solid fossil fuels,Malta,2014,0.0
Primary production,Solid fossil fuels,Malta,2015,0.0
Primary production,Solid fossil fuels,Malta,2016,0.0
Primary production,Solid fossil fuels,Malta,2017,0.0
Primary production,Solid fossil fuels,Malta,2018,0.0
Primary production,Solid fossil fuels,Malta,2019,0.0
Primary production,Solid fossil fuels,Malta,2020,0.0
Primary production,Solid fossil fuels,Malta,2021,0.0
Primary production,Solid fossil fuels,Malta,2022,0.0
Primary production,Solid fossil fuels,Malta,2023,0.0
Primary production,Solid fossil fuels,Malta,2024,0.0
Primary production,Solid fossil fuels,Netherlands,2005,0.0
Primary production,Solid fossil fuels,Netherlands,2006,0.0
Primary production,Solid fossil fuels,Netherlands,2007,0.0
Primary production,Solid fossil fuels,Netherlands,2008,0.0
Primary production,Solid fossil fuels,Netherlands,2009,0.0
Primary production,Solid fossil fuels,Netherlands,2010,0.0
Primary production,Solid fossil fuels,Netherlands,2011,0.0
Primary production,Solid fossil fuels,Netherlands,2012,0.0
Primary production,Solid fossil fuels,Netherlands,2013,0.0
Primary production,Solid fossil fuels,Netherlands,2014,0.0
Primary production,Solid fossil fuels,Netherlands,2015,0.0
Primary production,Solid fossil fuels,Netherlands,2016,0.0
Primary production,Solid fossil fuels,Netherlands,2017,0.0
Primary production,Solid fossil fuels,Netherlands,2018,0.0
Primary production,Solid fossil fuels,Netherlands,2019,0.0
Primary production,Solid fossil fuels,Netherlands,2020,0.0
Primary production,Solid fossil fuels,Netherlands,2021,0.0
Primary production,Solid fossil fuels,Netherlands,2022,0.0
Primary production,Solid fossil fuels,Netherlands,2023,0.0
Primary production,Solid fossil fuels,Netherlands,2024,0.0
Primary production,Solid fossil fuels,Poland,2005,795720.549
Primary production,Solid fossil fuels,Poland,2006,780441.663
Primary production,Solid fossil fuels,Poland,2007,720965.737
Primary production,Solid fossil fuels,Poland,2008,704023.039
Primary production,Solid fossil fuels,Poland,2009,652391.164
Primary production,Solid fossil fuels,Poland,2010,640544.441
Primary production,Solid fossil fuels,Poland,2011,643118.527
Primary production,Solid fossil fuels,Poland,2012,668804.097
Primary production,Solid fossil fuels,Poland,2013,660988.929
Primary production,Solid fossil fuels,Poland,2014,623825.497
Primary production,Solid fossil fuels,Poland,2015,623249.152
Primary production,Solid fossil fuels,Poland,2016,605825.176
Primary production,Solid fossil fuels,Poland,2017,576002.342
Primary production,Solid fossil fuels,Poland,2018,546736.238
Primary production,Solid fossil fuels,Poland,2019,515820.834
Primary production,Solid fossil fuels,Poland,2020,465569.257
Primary production,Solid fossil fuels,Poland,2021,488951.133
Primary production,Solid fossil fuels,Poland,2022,472954.551
Primary production,Solid fossil fuels,Poland,2023,411140.748
Primary production,Solid fossil fuels,Poland,2024,387064.468
Primary production,Solid fossil fuels,Portugal,2005,0.0
Primary production,Solid fossil fuels,Portugal,2006,0.0
Primary production,Solid fossil fuels,Portugal,2007,0.0
Primary production,Solid fossil fuels,Portugal,2008,0.0
Primary production,Solid fossil fuels,Portugal,2009,0.0
Primary production,Solid fossil fuels,Portugal,2010,0.0
Primary production,Solid fossil fuels,Portugal,2011,0.0
Primary production,Solid fossil fuels,Portugal,2012,0.0
Primary production,Solid fossil fuels,Portugal,2013,0.0
Primary production,Solid fossil fuels,Portugal,2014,0.0
Primary production,Solid fossil fuels,Portugal,2015,0.0
Primary production,Solid fossil fuels,Portugal,2016,0.0
Primary production,Solid fossil fuels,Portugal,2017,0.0
Primary production,Solid fossil fuels,Portugal,2018,0.0
Primary production,Solid fossil fuels,Portugal,2019,0.0
Primary production,Solid fossil fuels,Portugal,2020,0.0
Primary production,Solid fossil fuels,Portugal,2021,0.0
Primary production,Solid fossil fuels,Portugal,2022,0.0
Primary production,Solid fossil fuels,Portugal,2023,0.0
Primary production,Solid fossil fuels,Portugal,2024,0.0
Primary production,Solid fossil fuels,Romania,2005,67376.787
Primary production,Solid fossil fuels,Romania,2006,75336.993
Primary production,Solid fossil fuels,Romania,2007,79760.206
Primary production,Solid fossil fuels,Romania,2008,80958.028
Primary production,Solid fossil fuels,Romania,2009,76332.259
Primary production,Solid fossil fuels,Romania,2010,68650.414
Primary production,Solid fossil fuels,Romania,2011,77477.746
Primary production,Solid fossil fuels,Romania,2012,73800.631
Primary production,Solid fossil fuels,Romania,2013,54154.233
Primary production,Solid fossil fuels,Romania,2014,51738.207
Primary production,Solid fossil fuels,Romania,2015,54790.301
Primary production,Solid fossil fuels,Romania,2016,49241.033
Primary production,Solid fossil fuels,Romania,2017,51948.496
Primary production,Solid fossil fuels,Romania,2018,46713.193
Primary production,Solid fossil fuels,Romania,2019,45679.577
Primary production,Solid fossil fuels,Romania,2020,30143.016
Primary production,Solid fossil fuels,Romania,2021,34963.095
Primary production,Solid fossil fuels,Romania,2022,32274.128
Primary production,Solid fossil fuels,Romania,2023,26115.767
Primary production,Solid fossil fuels,Romania,2024,22496.157
Primary production,Solid fossil fuels,Sweden,2005,0.0
Primary production,Solid fossil fuels,Sweden,2006,0.0
Primary production,Solid fossil fuels,Sweden,2007,0.0
Primary production,Solid fossil fuels,Sweden,2008,0.0
Primary production,Solid fossil fuels,Sweden,2009,0.0
Primary production,Solid fossil fuels,Sweden,2010,0.0
Primary production,Solid fossil fuels,Sweden,2011,0.0
Primary production,Solid fossil fuels,Sweden,2012,0.0
Primary production,Solid fossil fuels,Sweden,2013,0.0
Primary production,Solid fossil fuels,Sweden,2014,0.0
Primary production,Solid fossil fuels,Sweden,2015,0.0
Primary production,Solid fossil fuels,Sweden,2016,0.0
Primary production,Solid fossil fuels,Sweden,2017,0.0
Primary production,Solid fossil fuels,Sweden,2018,0.0
Primary production,Solid fossil fuels,Sweden,2019,0.0
Primary production,Solid fossil fuels,Sweden,2020,0.0
Primary production,Solid fossil fuels,Sweden,2021,0.0
Primary production,Solid fossil fuels,Sweden,2022,0.0
Primary production,Solid fossil fuels,Sweden,2023,0.0
Primary production,Solid fossil fuels,Sweden,2024,0.0
Primary production,Solid fossil fuels,Slovenia,2005,13770.072
Primary production,Solid fossil fuels,Slovenia,2006,14067.188
Primary production,Solid fossil fuels,Slovenia,2007,14412.482
Primary production,Solid fossil fuels,Slovenia,2008,13779.722
Primary production,Solid fossil fuels,Slovenia,2009,13488.766
Primary production,Solid fossil fuels,Slovenia,2010,13908.969
Primary production,Solid fossil fuels,Slovenia,2011,13961.852
Primary production,Solid fossil fuels,Slovenia,2012,12713.978
Primary production,Solid fossil fuels,Slovenia,2013,12501.177
Primary production,Solid fossil fuels,Slovenia,2014,9513.933
Primary production,Solid fossil fuels,Slovenia,2015,10030.24
Primary production,Solid fossil fuels,Slovenia,2016,10954.021
Primary production,Solid fossil fuels,Slovenia,2017,10855.573
Primary production,Solid fossil fuels,Slovenia,2018,10482.982
Primary production,Solid fossil fuels,Slovenia,2019,10366.038
Primary production,Solid fossil fuels,Slovenia,2020,10064.259
Primary production,Solid fossil fuels,Slovenia,2021,8327.987
Primary production,Solid fossil fuels,Slovenia,2022,7605.776
Primary production,Solid fossil fuels,Slovenia,2023,8152.282
Primary production,Solid fossil fuels,Slovenia,2024,6806.687
Primary production,Solid fossil fuels,Slovakia,2005,7409.543
Primary production,Solid fossil fuels,Slovakia,2006,6533.302
Primary production,Solid fossil fuels,Slovakia,2007,6405.126
Primary production,Solid fossil fuels,Slovakia,2008,7254.193
Primary production,Solid fossil fuels,Slovakia,2009,7597.497
Primary production,Solid fossil fuels,Slovakia,2010,7134.0
Primary production,Solid fossil fuels,Slovakia,2011,6996.66
Primary production,Solid fossil fuels,Slovakia,2012,6599.05
Primary production,Solid fossil fuels,Slovakia,2013,6795.595
Primary production,Solid fossil fuels,Slovakia,2014,6737.824
Primary production,Solid fossil fuels,Slovakia,2015,5760.446
Primary production,Solid fossil fuels,Slovakia,2016,5253.689
Primary production,Solid fossil fuels,Slovakia,2017,5191.239
Primary production,Solid fossil fuels,Slovakia,2018,4268.183
Primary production,Solid fossil fuels,Slovakia,2019,4134.556
Primary production,Solid fossil fuels,Slovakia,2020,2842.175
Primary production,Solid fossil fuels,Slovakia,2021,3165.317
Primary production,Solid fossil fuels,Slovakia,2022,2399.406
Primary production,Solid fossil fuels,Slovakia,2023,2082.8
Primary production,Solid fossil fuels,Slovakia,2024,0.0
Primary production,Natural gas,Austria,2005,15477.765
Primary production,Natural gas,Austria,2006,17133.832
Primary production,Natural gas,Austria,2007,17411.765
Primary production,Natural gas,Austria,2008,14357.258
Primary production,Natural gas,Austria,2009,15629.862
Primary production,Natural gas,Austria,2010,16248.496
Primary production,Natural gas,Austria,2011,16010.461
Primary production,Natural gas,Austria,2012,17207.184
Primary production,Natural gas,Austria,2013,13841.016
Primary production,Natural gas,Austria,2014,12618.367
Primary production,Natural gas,Austria,2015,12065.298
Primary production,Natural gas,Austria,2016,11333.246
Primary production,Natural gas,Austria,2017,12129.067
Primary production,Natural gas,Austria,2018,9991.1
Primary production,Natural gas,Austria,2019,8954.679
Primary production,Natural gas,Austria,2020,7357.454
Primary production,Natural gas,Austria,2021,6591.889
Primary production,Natural gas,Austria,2022,6211.653
Primary production,Natural gas,Austria,2023,5517.902
Primary production,Natural gas,Austria,2024,5362.109
Primary production,Natural gas,Belgium,2005,0.0
Primary production,Natural gas,Belgium,2006,0.0
Primary production,Natural gas,Belgium,2007,0.0
Primary production,Natural gas,Belgium,2008,0.0
Primary production,Natural gas,Belgium,2009,0.0
Primary production,Natural gas,Belgium,2010,0.0
Primary production,Natural gas,Belgium,2011,0.0
Primary production,Natural gas,Belgium,2012,0.0
Primary production,Natural gas,Belgium,2013,0.0
Primary production,Natural gas,Belgium,2014,0.0
Primary production,Natural gas,Belgium,2015,0.0
Primary production,Natural gas,Belgium,2016,0.0
Primary production,Natural gas,Belgium,2017,0.0
Primary production,Natural gas,Belgium,2018,0.0
Primary production,Natural gas,Belgium,2019,34.063
Primary production,Natural gas,Belgium,2020,52.976
Primary production,Natural gas,Belgium,2021,46.505
Primary production,Natural gas,Belgium,2022,120.425
Primary production,Natural gas,Belgium,2023,132.214
Primary production,Natural gas,Belgium,2024,134.572
Primary production,Natural gas,Bulgaria,2005,4471.0
Primary production,Natural gas,Bulgaria,2006,4347.75
Primary production,Natural gas,Bulgaria,2007,2741.532
Primary production,Natural gas,Bulgaria,2008,1818.226
Primary production,Natural gas,Bulgaria,2009,152.252
Primary production,Natural gas,Bulgaria,2010,687.25
Primary production,Natural gas,Bulgaria,2011,4079.024
Primary production,Natural gas,Bulgaria,2012,3585.293
Primary production,Natural gas,Bulgaria,2013,2719.782
Primary production,Natural gas,Bulgaria,2014,1854.75
Primary production,Natural gas,Bulgaria,2015,982.764
Primary production,Natural gas,Bulgaria,2016,891.51
Primary production,Natural gas,Bulgaria,2017,770.53
Primary production,Natural gas,Bulgaria,2018,331.888
Primary production,Natural gas,Bulgaria,2019,376.616
Primary production,Natural gas,Bulgaria,2020,556.019
Primary production,Natural gas,Bulgaria,2021,307.035
Primary production,Natural gas,Bulgaria,2022,170.958
Primary production,Natural gas,Bulgaria,2023,97.647
Primary production,Natural gas,Bulgaria,2024,87.918
Primary production,Natural gas,Cyprus,2005,0.0
Primary production,Natural gas,Cyprus,2006,0.0
Primary production,Natural gas,Cyprus,2007,0.0
Primary production,Natural gas,Cyprus,2008,0.0
Primary production,Natural gas,Cyprus,2009,0.0
Primary production,Natural gas,Cyprus,2010,0.0
Primary production,Natural gas,Cyprus,2011,0.0
Primary production,Natural gas,Cyprus,2012,0.0
Primary production,Natural gas,Cyprus,2013,0.0
Primary production,Natural gas,Cyprus,2014,0.0
Primary production,Natural gas,Cyprus,2015,0.0
Primary production,Natural gas,Cyprus,2016,0.0
Primary production,Natural gas,Cyprus,2017,0.0
Primary production,Natural gas,Cyprus,2018,0.0
Primary production,Natural gas,Cyprus,2019,0.0
Primary production,Natural gas,Cyprus,2020,0.0
Primary production,Natural gas,Cyprus,2021,0.0
Primary production,Natural gas,Cyprus,2022,0.0
Primary production,Natural gas,Cyprus,2023,0.0
Primary production,Natural gas,Cyprus,2024,0.0
Primary production,Natural gas,Czechia,2005,1792.5
Primary production,Natural gas,Czechia,2006,1713.25
Primary production,Natural gas,Czechia,2007,1907.5
Primary production,Natural gas,Czechia,2008,1867.0
Primary production,Natural gas,Czechia,2009,2113.25
Primary production,Natural gas,Czechia,2010,2345.5
Primary production,Natural gas,Czechia,2011,2202.75
Primary production,Natural gas,Czechia,2012,2487.75
Primary production,Natural gas,Czechia,2013,2394.75
Primary production,Natural gas,Czechia,2014,2464.75
Primary production,Natural gas,Czechia,2015,2382.25
Primary production,Natural gas,Czechia,2016,2095.994
Primary production,Natural gas,Czechia,2017,2192.0
Primary production,Natural gas,Czechia,2018,2088.82
Primary production,Natural gas,Czechia,2019,2006.616
Primary production,Natural gas,Czechia,2020,1891.401
Primary production,Natural gas,Czechia,2021,1941.065
Primary production,Natural gas,Czechia,2022,2141.935
Primary production,Natural gas,Czechia,2023,1548.743
Primary production,Natural gas,Czechia,2024,1737.066
Primary production,Natural gas,Germany,2005,166703.042
Primary production,Natural gas,Germany,2006,173482.75
Primary production,Natural gas,Germany,2007,172810.436
Primary production,Natural gas,Germany,2008,153190.009
Primary production,Natural gas,Germany,2009,151378.51
Primary production,Natural gas,Germany,2010,129246.413
Primary production,Natural gas,Germany,2011,126685.824
Primary production,Natural gas,Germany,2012,111285.864
Primary production,Natural gas,Germany,2013,103106.894
Primary production,Natural gas,Germany,2014,79829.276
Primary production,Natural gas,Germany,2015,73678.22
Primary production,Natural gas,Germany,2016,76186.748
Primary production,Natural gas,Germany,2017,70115.417
Primary production,Natural gas,Germany,2018,54831.95
Primary production,Natural gas,Germany,2019,50864.959
Primary production,Natural gas,Germany,2020,46878.674
Primary production,Natural gas,Germany,2021,44975.365
Primary production,Natural gas,Germany,2022,42007.891
Primary production,Natural gas,Germany,2023,37267.699
Primary production,Natural gas,Germany,2024,35404.884
Primary production,Natural gas,Denmark,2005,109131.161
Primary production,Natural gas,Denmark,2006,108428.632
Primary production,Natural gas,Denmark,2007,96151.75
Primary production,Natural gas,Denmark,2008,104876.121
Primary production,Natural gas,Denmark,2009,87497.952
Primary production,Natural gas,Denmark,2010,85396.435
Primary production,Natural gas,Denmark,2011,68498.664
Primary production,Natural gas,Denmark,2012,60000.8
Primary production,Natural gas,Denmark,2013,49797.961
Primary production,Natural gas,Denmark,2014,48127.509
Primary production,Natural gas,Denmark,2015,48197.209
Primary production,Natural gas,Denmark,2016,47148.748
Primary production,Natural gas,Denmark,2017,50595.116
Primary production,Natural gas,Denmark,2018,43075.373
Primary production,Natural gas,Denmark,2019,32150.106
Primary production,Natural gas,Denmark,2020,13850.734
Primary production,Natural gas,Denmark,2021,14753.509
Primary production,Natural gas,Denmark,2022,14756.911
Primary production,Natural gas,Denmark,2023,13511.532
Primary production,Natural gas,Denmark,2024,17020.789
Primary production,Natural gas,Estonia,2005,0.0
Primary production,Natural gas,Estonia,2006,0.0
Primary production,Natural gas,Estonia,2007,0.0
Primary production,Natural gas,Estonia,2008,0.0
Primary production,Natural gas,Estonia,2009,0.0
Primary production,Natural gas,Estonia,2010,0.0
Primary production,Natural gas,Estonia,2011,0.0
Primary production,Natural gas,Estonia,2012,0.0
Primary production,Natural gas,Estonia,2013,0.0
Primary production,Natural gas,Estonia,2014,0.0
Primary production,Natural gas,Estonia,2015,0.0
Primary production,Natural gas,Estonia,2016,0.0
Primary production,Natural gas,Estonia,2017,0.0
Primary production,Natural gas,Estonia,2018,0.0
Primary production,Natural gas,Estonia,2019,0.0
Primary production,Natural gas,Estonia,2020,0.0
Primary production,Natural gas,Estonia,2021,0.0
Primary production,Natural gas,Estonia,2022,0.0
Primary production,Natural gas,Estonia,2023,0.0
Primary production,Natural gas,Estonia,2024,0.0
Primary production,Natural gas,Greece,2005,212.749
Primary production,Natural gas,Greece,2006,302.253
Primary production,Natural gas,Greece,2007,256.498
Primary production,Natural gas,Greece,2008,170.251
Primary production,Natural gas,Greece,2009,136.252
Primary production,Natural gas,Greece,2010,88.501
Primary production,Natural gas,Greece,2011,74.751
Primary production,Natural gas,Greece,2012,80.25
Primary production,Natural gas,Greece,2013,67.5
Primary production,Natural gas,Greece,2014,63.25
Primary production,Natural gas,Greece,2015,54.75
Primary production,Natural gas,Greece,2016,111.499
Primary production,Natural gas,Greece,2017,105.42
Primary production,Natural gas,Greece,2018,147.341
Primary production,Natural gas,Greece,2019,111.183
Primary production,Natural gas,Greece,2020,77.738
Primary production,Natural gas,Greece,2021,47.207
Primary production,Natural gas,Greece,2022,0.0
Primary production,Natural gas,Greece,2023,30.288
Primary production,Natural gas,Greece,2024,25.967
Primary production,Natural gas,Spain,2005,1673.486
Primary production,Natural gas,Spain,2006,732.506
Primary production,Natural gas,Spain,2007,181.752
Primary production,Natural gas,Spain,2008,163.001
Primary production,Natural gas,Spain,2009,141.999
Primary production,Natural gas,Spain,2010,518.496
Primary production,Natural gas,Spain,2011,528.754
Primary production,Natural gas,Spain,2012,602.253
Primary production,Natural gas,Spain,2013,584.062
Primary production,Natural gas,Spain,2014,242.002
Primary production,Natural gas,Spain,2015,628.998
Primary production,Natural gas,Spain,2016,557.757
Primary production,Natural gas,Spain,2017,276.998
Primary production,Natural gas,Spain,2018,878.0
Primary production,Natural gas,Spain,2019,1351.5
Primary production,Natural gas,Spain,2020,483.995
Primary production,Natural gas,Spain,2021,395.954
Primary production,Natural gas,Spain,2022,342.832
Primary production,Natural gas,Spain,2023,272.899
Primary production,Natural gas,Spain,2024,225.897
Primary production,Natural gas,Finland,2005,0.0
Primary production,Natural gas,Finland,2006,0.0
Primary production,Natural gas,Finland,2007,0.0
Primary production,Natural gas,Finland,2008,0.0
Primary production,Natural gas,Finland,2009,0.0
Primary production,Natural gas,Finland,2010,0.0
Primary production,Natural gas,Finland,2011,0.0
Primary production,Natural gas,Finland,2012,0.0
Primary production,Natural gas,Finland,2013,0.0
Primary production,Natural gas,Finland,2014,0.0
Primary production,Natural gas,Finland,2015,0.0
Primary production,Natural gas,Finland,2016,0.0
Primary production,Natural gas,Finland,2017,0.0
Primary production,Natural gas,Finland,2018,0.0
Primary production,Natural gas,Finland,2019,0.0
Primary production,Natural gas,Finland,2020,0.0
Primary production,Natural gas,Finland,2021,0.0
Primary production,Natural gas,Finland,2022,0.0
Primary production,Natural gas,Finland,2023,0.0
Primary production,Natural gas,Finland,2024,0.0
Primary production,Natural gas,France,2005,10568.878
Primary production,Natural gas,France,2006,12310.392
Primary production,Natural gas,France,2007,10646.158
Primary production,Natural gas,France,2008,9431.107
Primary production,Natural gas,France,2009,8878.899
Primary production,Natural gas,France,2010,7510.935
Primary production,Natural gas,France,2011,5882.468
Primary production,Natural gas,France,2012,5255.19
Primary production,Natural gas,France,2013,3365.228
Primary production,Natural gas,France,2014,145.675
Primary production,Natural gas,France,2015,222.597
Primary production,Natural gas,France,2016,209.23
Primary production,Natural gas,France,2017,164.495
Primary production,Natural gas,France,2018,90.116
Primary production,Natural gas,France,2019,166.888
Primary production,Natural gas,France,2020,181.119
Primary production,Natural gas,France,2021,232.479
Primary production,Natural gas,France,2022,206.977
Primary production,Natural gas,France,2023,184.308
Primary production,Natural gas,France,2024,129.223
Primary production,Natural gas,Croatia,2005,21697.666
Primary production,Natural gas,Croatia,2006,25778.25
Primary production,Natural gas,Croatia,2007,27475.0
Primary production,Natural gas,Croatia,2008,25520.0
Primary production,Natural gas,Croatia,2009,25545.25
Primary production,Natural gas,Croatia,2010,25757.0
Primary production,Natural gas,Croatia,2011,23341.0
Primary production,Natural gas,Croatia,2012,19012.5
Primary production,Natural gas,Croatia,2013,17529.75
Primary production,Natural gas,Croatia,2014,16790.75
Primary production,Natural gas,Croatia,2015,17112.5
Primary production,Natural gas,Croatia,2016,15922.863
Primary production,Natural gas,Croatia,2017,14299.292
Primary production,Natural gas,Croatia,2018,11836.295
Primary production,Natural gas,Croatia,2019,9900.304
Primary production,Natural gas,Croatia,2020,8199.925
Primary production,Natural gas,Croatia,2021,7251.805
Primary production,Natural gas,Croatia,2022,7305.139
Primary production,Natural gas,Croatia,2023,7105.025
Primary production,Natural gas,Croatia,2024,6691.85
Primary production,Natural gas,Hungary,2005,27105.5
Primary production,Natural gas,Hungary,2006,27703.75
Primary production,Natural gas,Hungary,2007,23312.75
Primary production,Natural gas,Hungary,2008,23328.0
Primary production,Natural gas,Hungary,2009,26601.25
Primary production,Natural gas,Hungary,2010,25991.75
Primary production,Natural gas,Hungary,2011,24600.5
Primary production,Natural gas,Hungary,2012,20563.0
Primary production,Natural gas,Hungary,2013,17960.0
Primary production,Natural gas,Hungary,2014,16715.75
Primary production,Natural gas,Hungary,2015,15922.0
Primary production,Natural gas,Hungary,2016,16617.205
Primary production,Natural gas,Hungary,2017,16406.75
Primary production,Natural gas,Hungary,2018,17063.0
Primary production,Natural gas,Hungary,2019,15446.5
Primary production,Natural gas,Hungary,2020,15355.75
Primary production,Natural gas,Hungary,2021,13704.75
Primary production,Natural gas,Hungary,2022,13729.0
Primary production,Natural gas,Hungary,2023,14397.75
Primary production,Natural gas,Hungary,2024,15220.5
Primary production,Natural gas,Ireland,2005,5659.517
Primary production,Natural gas,Ireland,2006,5032.691
Primary production,Natural gas,Ireland,2007,3742.113
Primary production,Natural gas,Ireland,2008,4280.936
Primary production,Natural gas,Ireland,2009,2946.073
Primary production,Natural gas,Ireland,2010,2725.117
Primary production,Natural gas,Ireland,2011,2283.025
Primary production,Natural gas,Ireland,2012,2087.484
Primary production,Natural gas,Ireland,2013,1919.253
Primary production,Natural gas,Ireland,2014,1538.238
Primary production,Natural gas,Ireland,2015,1311.607
Primary production,Natural gas,Ireland,2016,28934.769
Primary production,Natural gas,Ireland,2017,33124.541
Primary production,Natural gas,Ireland,2018,31950.497
Primary production,Natural gas,Ireland,2019,24929.423
Primary production,Natural gas,Ireland,2020,19339.381
Primary production,Natural gas,Ireland,2021,14602.747
Primary production,Natural gas,Ireland,2022,13517.772
Primary production,Natural gas,Ireland,2023,10849.822
Primary production,Natural gas,Ireland,2024,10174.092
Primary production,Natural gas,Italy,2005,114976.25
Primary production,Natural gas,Italy,2006,104575.25
Primary production,Natural gas,Italy,2007,92449.75
Primary production,Natural gas,Italy,2008,88154.25
Primary production,Natural gas,Italy,2009,76323.25
Primary production,Natural gas,Italy,2010,80067.0
Primary production,Natural gas,Italy,2011,80476.25
Primary production,Natural gas,Italy,2012,81962.75
Primary production,Natural gas,Italy,2013,73676.0
Primary production,Natural gas,Italy,2014,68094.25
Primary production,Natural gas,Italy,2015,64493.75
Primary production,Natural gas,Italy,2016,55102.25
Primary production,Natural gas,Italy,2017,52752.812
Primary production,Natural gas,Italy,2018,51891.962
Primary production,Natural gas,Italy,2019,45719.203
Primary production,Natural gas,Italy,2020,38230.435
Primary production,Natural gas,Italy,2021,30329.543
Primary production,Natural gas,Italy,2022,29584.841
Primary production,Natural gas,Italy,2023,25761.134
Primary production,Natural gas,Italy,2024,24704.758
Primary production,Natural gas,Lithuania,2005,0.0
Primary production,Natural gas,Lithuania,2006,0.0
Primary production,Natural gas,Lithuania,2007,0.0
Primary production,Natural gas,Lithuania,2008,0.0
Primary production,Natural gas,Lithuania,2009,0.0
Primary production,Natural gas,Lithuania,2010,0.0
Primary production,Natural gas,Lithuania,2011,0.0
Primary production,Natural gas,Lithuania,2012,0.0
Primary production,Natural gas,Lithuania,2013,0.0
Primary production,Natural gas,Lithuania,2014,0.0
Primary production,Natural gas,Lithuania,2015,0.0
Primary production,Natural gas,Lithuania,2016,0.0
Primary production,Natural gas,Lithuania,2017,0.0
Primary production,Natural gas,Lithuania,2018,0.0
Primary production,Natural gas,Lithuania,2019,0.0
Primary production,Natural gas,Lithuania,2020,0.0
Primary production,Natural gas,Lithuania,2021,0.0
Primary production,Natural gas,Lithuania,2022,0.0
Primary production,Natural gas,Lithuania,2023,0.0
Primary production,Natural gas,Lithuania,2024,0.0
Primary production,Natural gas,Luxembourg,2005,0.0
Primary production,Natural gas,Luxembourg,2006,0.0
Primary production,Natural gas,Luxembourg,2007,0.0
Primary production,Natural gas,Luxembourg,2008,0.0
Primary production,Natural gas,Luxembourg,2009,0.0
Primary production,Natural gas,Luxembourg,2010,0.0
Primary production,Natural gas,Luxembourg,2011,0.0
Primary production,Natural gas,Luxembourg,2012,0.0
Primary production,Natural gas,Luxembourg,2013,0.0
Primary production,Natural gas,Luxembourg,2014,0.0
Primary production,Natural gas,Luxembourg,2015,0.0
Primary production,Natural gas,Luxembourg,2016,0.0
Primary production,Natural gas,Luxembourg,2017,0.0
Primary production,Natural gas,Luxembourg,2018,0.0
Primary production,Natural gas,Luxembourg,2019,0.0
Primary production,Natural gas,Luxembourg,2020,0.0
Primary production,Natural gas,Luxembourg,2021,0.0
Primary production,Natural gas,Luxembourg,2022,0.0
Primary production,Natural gas,Luxembourg,2023,0.0
Primary production,Natural gas,Luxembourg,2024,0.0
Primary production,Natural gas,Latvia,2005,0.0
Primary production,Natural gas,Latvia,2006,0.0
Primary production,Natural gas,Latvia,2007,0.0
Primary production,Natural gas,Latvia,2008,0.0
Primary production,Natural gas,Latvia,2009,0.0
Primary production,Natural gas,Latvia,2010,0.0
Primary production,Natural gas,Latvia,2011,0.0
Primary production,Natural gas,Latvia,2012,0.0
Primary production,Natural gas,Latvia,2013,0.0
Primary production,Natural gas,Latvia,2014,0.0
Primary production,Natural gas,Latvia,2015,0.0
Primary production,Natural gas,Latvia,2016,0.0
Primary production,Natural gas,Latvia,2017,0.0
Primary production,Natural gas,Latvia,2018,0.0
Primary production,Natural gas,Latvia,2019,0.0
Primary production,Natural gas,Latvia,2020,0.0
Primary production,Natural gas,Latvia,2021,0.0
Primary production,Natural gas,Latvia,2022,0.0
Primary production,Natural gas,Latvia,2023,0.0
Primary production,Natural gas,Latvia,2024,0.0
Primary production,Natural gas,Malta,2005,0.0
Primary production,Natural gas,Malta,2006,0.0
Primary production,Natural gas,Malta,2007,0.0
Primary production,Natural gas,Malta,2008,0.0
Primary production,Natural gas,Malta,2009,0.0
Primary production,Natural gas,Malta,2010,0.0
Primary production,Natural gas,Malta,2011,0.0
Primary production,Natural gas,Malta,2012,0.0
Primary production,Natural gas,Malta,2013,0.0
Primary production,Natural gas,Malta,2014,0.0
Primary production,Natural gas,Malta,2015,0.0
Primary production,Natural gas,Malta,2016,0.0
Primary production,Natural gas,Malta,2017,0.0
Primary production,Natural gas,Malta,2018,0.0
Primary production,Natural gas,Malta,2019,0.0
Primary production,Natural gas,Malta,2020,0.0
Primary production,Natural gas,Malta,2021,0.0
Primary production,Natural gas,Malta,2022,0.0
Primary production,Natural gas,Malta,2023,0.0
Primary production,Natural gas,Malta,2024,0.0
Primary production,Natural gas,Netherlands,2005,653331.073
Primary production,Natural gas,Netherlands,2006,645025.6
Primary production,Natural gas,Netherlands,2007,620025.684
Primary production,Natural gas,Netherlands,2008,709080.887
Primary production,Natural gas,Netherlands,2009,654997.817
Primary production,Natural gas,Netherlands,2010,752664.242
Primary production,Natural gas,Netherlands,2011,694969.934
Primary production,Natural gas,Netherlands,2012,684025.47
Primary production,Natural gas,Netherlands,2013,724053.087
Primary production,Natural gas,Netherlands,2014,603858.987
Primary production,Natural gas,Netherlands,2015,458811.139
Primary production,Natural gas,Netherlands,2016,442972.849
Primary production,Natural gas,Netherlands,2017,379312.593
Primary production,Natural gas,Netherlands,2018,324874.173
Primary production,Natural gas,Netherlands,2019,277464.796
Primary production,Natural gas,Netherlands,2020,200948.661
Primary production,Natural gas,Netherlands,2021,180235.25
Primary production,Natural gas,Netherlands,2022,149821.343
Primary production,Natural gas,Netherlands,2023,98532.109
Primary production,Natural gas,Netherlands,2024,83382.59
Primary production,Natural gas,Poland,2005,45175.0
Primary production,Natural gas,Poland,2006,45128.5
Primary production,Natural gas,Poland,2007,45318.5
Primary production,Natural gas,Poland,2008,42913.0
Primary production,Natural gas,Poland,2009,42772.25
Primary production,Natural gas,Poland,2010,42949.081
Primary production,Natural gas,Poland,2011,44773.75
Primary production,Natural gas,Poland,2012,45436.175
Primary production,Natural gas,Poland,2013,44462.655
Primary production,Natural gas,Poland,2014,43337.25
Primary production,Natural gas,Poland,2015,42832.081
Primary production,Natural gas,Poland,2016,41317.356
Primary production,Natural gas,Poland,2017,40843.191
Primary production,Natural gas,Poland,2018,40344.391
Primary production,Natural gas,Poland,2019,39852.012
Primary production,Natural gas,Poland,2020,39500.603
Primary production,Natural gas,Poland,2021,38842.731
Primary production,Natural gas,Poland,2022,38043.708
Primary production,Natural gas,Poland,2023,36722.825
Primary production,Natural gas,Poland,2024,35818.883
Primary production,Natural gas,Portugal,2005,0.0
Primary production,Natural gas,Portugal,2006,0.0
Primary production,Natural gas,Portugal,2007,0.0
Primary production,Natural gas,Portugal,2008,0.0
Primary production,Natural gas,Portugal,2009,0.0
Primary production,Natural gas,Portugal,2010,0.0
Primary production,Natural gas,Portugal,2011,0.0
Primary production,Natural gas,Portugal,2012,0.0
Primary production,Natural gas,Portugal,2013,0.0
Primary production,Natural gas,Portugal,2014,0.0
Primary production,Natural gas,Portugal,2015,0.0
Primary production,Natural gas,Portugal,2016,0.0
Primary production,Natural gas,Portugal,2017,0.0
Primary production,Natural gas,Portugal,2018,0.0
Primary production,Natural gas,Portugal,2019,0.0
Primary production,Natural gas,Portugal,2020,0.0
Primary production,Natural gas,Portugal,2021,0.0
Primary production,Natural gas,Portugal,2022,0.0
Primary production,Natural gas,Portugal,2023,0.0
Primary production,Natural gas,Portugal,2024,0.0
Primary production,Natural gas,Romania,2005,112826.25
Primary production,Natural gas,Romania,2006,111164.0
Primary production,Natural gas,Romania,2007,107376.75
Primary production,Natural gas,Romania,2008,104583.5
Primary production,Natural gas,Romania,2009,103954.0
Primary production,Natural gas,Romania,2010,100234.5
Primary production,Natural gas,Romania,2011,100795.0
Primary production,Natural gas,Romania,2012,100979.75
Primary production,Natural gas,Romania,2013,100019.0
Primary production,Natural gas,Romania,2014,101943.0
Primary production,Natural gas,Romania,2015,102172.25
Primary production,Natural gas,Romania,2016,90527.75
Primary production,Natural gas,Romania,2017,100114.01
Primary production,Natural gas,Romania,2018,99576.495
Primary production,Natural gas,Romania,2019,96225.866
Primary production,Natural gas,Romania,2020,85963.214
Primary production,Natural gas,Romania,2021,86356.866
Primary production,Natural gas,Romania,2022,87505.689
Primary production,Natural gas,Romania,2023,88994.724
Primary production,Natural gas,Romania,2024,89703.794
Primary production,Natural gas,Sweden,2005,0.0
Primary production,Natural gas,Sweden,2006,0.0
Primary production,Natural gas,Sweden,2007,0.0
Primary production,Natural gas,Sweden,2008,0.0
Primary production,Natural gas,Sweden,2009,0.0
Primary production,Natural gas,Sweden,2010,0.0
Primary production,Natural gas,Sweden,2011,0.0
Primary production,Natural gas,Sweden,2012,0.0
Primary production,Natural gas,Sweden,2013,0.0
Primary production,Natural gas,Sweden,2014,0.0
Primary production,Natural gas,Sweden,2015,0.0
Primary production,Natural gas,Sweden,2016,0.0
Primary production,Natural gas,Sweden,2017,0.0
Primary production,Natural gas,Sweden,2018,0.0
Primary production,Natural gas,Sweden,2019,0.0
Primary production,Natural gas,Sweden,2020,0.0
Primary production,Natural gas,Sweden,2021,0.0
Primary production,Natural gas,Sweden,2022,0.0
Primary production,Natural gas,Sweden,2023,0.0
Primary production,Natural gas,Sweden,2024,0.0
Primary production,Natural gas,Slovenia,2005,40.0
Primary production,Natural gas,Slovenia,2006,40.0
Primary production,Natural gas,Slovenia,2007,30.0
Primary production,Natural gas,Slovenia,2008,30.0
Primary production,Natural gas,Slovenia,2009,30.0
Primary production,Natural gas,Slovenia,2010,69.75
Primary production,Natural gas,Slovenia,2011,20.0
Primary production,Natural gas,Slovenia,2012,20.0
Primary production,Natural gas,Slovenia,2013,30.0
Primary production,Natural gas,Slovenia,2014,30.0
Primary production,Natural gas,Slovenia,2015,30.0
Primary production,Natural gas,Slovenia,2016,49.75
Primary production,Natural gas,Slovenia,2017,83.52
Primary production,Natural gas,Slovenia,2018,158.557
Primary production,Natural gas,Slovenia,2019,68.322
Primary production,Natural gas,Slovenia,2020,53.333
Primary production,Natural gas,Slovenia,2021,50.502
Primary production,Natural gas,Slovenia,2022,43.006
Primary production,Natural gas,Slovenia,2023,44.521
Primary production,Natural gas,Slovenia,2024,37.892
Primary production,Natural gas,Slovakia,2005,1469.0
Primary production,Natural gas,Slovakia,2006,2046.75
Primary production,Natural gas,Slovakia,2007,1264.0
Primary production,Natural gas,Slovakia,2008,1016.25
Primary production,Natural gas,Slovakia,2009,1019.5
Primary production,Natural gas,Slovakia,2010,1027.0
Primary production,Natural gas,Slovakia,2011,1195.25
Primary production,Natural gas,Slovakia,2012,1479.25
Primary production,Natural gas,Slovakia,2013,1214.0
Primary production,Natural gas,Slovakia,2014,975.0
Primary production,Natural gas,Slovakia,2015,905.0
Primary production,Natural gas,Slovakia,2016,890.5
Primary production,Natural gas,Slovakia,2017,1358.238
Primary production,Natural gas,Slovakia,2018,902.266
Primary production,Natural gas,Slovakia,2019,1198.747
Primary production,Natural gas,Slovakia,2020,636.007
Primary production,Natural gas,Slovakia,2021,567.753
Primary production,Natural gas,Slovakia,2022,539.756
Primary production,Natural gas,Slovakia,2023,486.75
Primary production,Natural gas,Slovakia,2024,402.997
Primary production,Oil and petroleum products (excluding biofuel portion),Austria,2005,11012.057
Primary production,Oil and petroleum products (excluding biofuel portion),Austria,2006,11228.736
Primary production,Oil and petroleum products (excluding biofuel portion),Austria,2007,11029.104
Primary production,Oil and petroleum products (excluding biofuel portion),Austria,2008,11644.835
Primary production,Oil and petroleum products (excluding biofuel portion),Austria,2009,12675.897
Primary production,Oil and petroleum products (excluding biofuel portion),Austria,2010,12242.385
Primary production,Oil and petroleum products (excluding biofuel portion),Austria,2011,9715.724
Primary production,Oil and petroleum products (excluding biofuel portion),Austria,2012,10848.16
Primary production,Oil and petroleum products (excluding biofuel portion),Austria,2013,10298.872
Primary production,Oil and petroleum products (excluding biofuel portion),Austria,2014,11520.935
Primary production,Oil and petroleum products (excluding biofuel portion),Austria,2015,10326.225
Primary production,Oil and petroleum products (excluding biofuel portion),Austria,2016,9350.201
Primary production,Oil and petroleum products (excluding biofuel portion),Austria,2017,8673.624
Primary production,Oil and petroleum products (excluding biofuel portion),Austria,2018,8124.666
Primary production,Oil and petroleum products (excluding biofuel portion),Austria,2019,7678.676
Primary production,Oil and petroleum products (excluding biofuel portion),Austria,2020,6637.083
Primary production,Oil and petroleum products (excluding biofuel portion),Austria,2021,6632.975
Primary production,Oil and petroleum products (excluding biofuel portion),Austria,2022,6089.093
Primary production,Oil and petroleum products (excluding biofuel portion),Austria,2023,5501.283
Primary production,Oil and petroleum products (excluding biofuel portion),Austria,2024,5460.424
Primary production,Oil and petroleum products (excluding biofuel portion),Belgium,2005,0.0
Primary production,Oil and petroleum products (excluding biofuel portion),Belgium,2006,0.0
Primary production,Oil and petroleum products (excluding biofuel portion),Belgium,2007,0.0
Primary production,Oil and petroleum products (excluding biofuel portion),Belgium,2008,0.0
Primary production,Oil and petroleum products (excluding biofuel portion),Belgium,2009,0.0
Primary production,Oil and petroleum products (excluding biofuel portion),Belgium,2010,0.0
Primary production,Oil and petroleum products (excluding biofuel portion),Belgium,2011,0.0
Primary production,Oil and petroleum products (excluding biofuel portion),Belgium,2012,0.0
Primary production,Oil and petroleum products (excluding biofuel portion),Belgium,2013,0.0
Primary production,Oil and petroleum products (excluding biofuel portion),Belgium,2014,0.0
Primary production,Oil and petroleum products (excluding biofuel portion),Belgium,2015,0.0
Primary production,Oil and petroleum products (excluding biofuel portion),Belgium,2016,0.0
Primary production,Oil and petroleum products (excluding biofuel portion),Belgium,2017,0.0
Primary production,Oil and petroleum products (excluding biofuel portion),Belgium,2018,0.0
Primary production,Oil and petroleum products (excluding biofuel portion),Belgium,2019,0.0
Primary production,Oil and petroleum products (excluding biofuel portion),Belgium,2020,0.0
Primary production,Oil and petroleum products (excluding biofuel portion),Belgium,2021,0.0
Primary production,Oil and petroleum products (excluding biofuel portion),Belgium,2022,0.0
Primary production,Oil and petroleum products (excluding biofuel portion),Belgium,2023,0.0
Primary production,Oil and petroleum products (excluding biofuel portion),Belgium,2024,0.0
Primary production,Oil and petroleum products (excluding biofuel portion),Bulgaria,2005,354.483
Primary production,Oil and petroleum products (excluding biofuel portion),Bulgaria,2006,330.851
Primary production,Oil and petroleum products (excluding biofuel portion),Bulgaria,2007,307.219
Primary production,Oil and petroleum products (excluding biofuel portion),Bulgaria,2008,283.587
Primary production,Oil and petroleum products (excluding biofuel portion),Bulgaria,2009,295.403
Primary production,Oil and petroleum products (excluding biofuel portion),Bulgaria,2010,271.771
Primary production,Oil and petroleum products (excluding biofuel portion),Bulgaria,2011,259.954
Primary production,Oil and petroleum products (excluding biofuel portion),Bulgaria,2012,283.587
Primary production,Oil and petroleum products (excluding biofuel portion),Bulgaria,2013,330.851
Primary production,Oil and petroleum products (excluding biofuel portion),Bulgaria,2014,307.219
Primary production,Oil and petroleum products (excluding biofuel portion),Bulgaria,2015,295.403
Primary production,Oil and petroleum products (excluding biofuel portion),Bulgaria,2016,283.587
Primary production,Oil and petroleum products (excluding biofuel portion),Bulgaria,2017,282.452
Primary production,Oil and petroleum products (excluding biofuel portion),Bulgaria,2018,265.508
Primary production,Oil and petroleum products (excluding biofuel portion),Bulgaria,2019,0.0
Primary production,Oil and petroleum products (excluding biofuel portion),Bulgaria,2020,0.0
Primary production,Oil and petroleum products (excluding biofuel portion),Bulgaria,2021,0.0
Primary production,Oil and petroleum products (excluding biofuel portion),Bulgaria,2022,42.193
Primary production,Oil and petroleum products (excluding biofuel portion),Bulgaria,2023,0.0
Primary production,Oil and petroleum products (excluding biofuel portion),Bulgaria,2024,0.0
Primary production,Oil and petroleum products (excluding biofuel portion),Cyprus,2005,0.0
Primary production,Oil and petroleum products (excluding biofuel portion),Cyprus,2006,0.0
Primary production,Oil and petroleum products (excluding biofuel portion),Cyprus,2007,0.0
Primary production,Oil and petroleum products (excluding biofuel portion),Cyprus,2008,0.0
Primary production,Oil and petroleum products (excluding biofuel portion),Cyprus,2009,0.0
Primary production,Oil and petroleum products (excluding biofuel portion),Cyprus,2010,0.0
Primary production,Oil and petroleum products (excluding biofuel portion),Cyprus,2011,0.0
Primary production,Oil and petroleum products (excluding biofuel portion),Cyprus,2012,0.0
Primary production,Oil and petroleum products (excluding biofuel portion),Cyprus,2013,0.0
Primary production,Oil and petroleum products (excluding biofuel portion),Cyprus,2014,0.0
Primary production,Oil and petroleum products (excluding biofuel portion),Cyprus,2015,0.0
Primary production,Oil and petroleum products (excluding biofuel portion),Cyprus,2016,0.0
Primary production,Oil and petroleum products (excluding biofuel portion),Cyprus,2017,0.0
Primary production,Oil and petroleum products (excluding biofuel portion),Cyprus,2018,0.0
Primary production,Oil and petroleum products (excluding biofuel portion),Cyprus,2019,0.0
Primary production,Oil and petroleum products (excluding biofuel portion),Cyprus,2020,0.0
Primary production,Oil and petroleum products (excluding biofuel portion),Cyprus,2021,0.0
Primary production,Oil and petroleum products (excluding biofuel portion),Cyprus,2022,0.0
Primary production,Oil and petroleum products (excluding biofuel portion),Cyprus,2023,0.0
Primary production,Oil and petroleum products (excluding biofuel portion),Cyprus,2024,0.0
Primary production,Oil and petroleum products (excluding biofuel portion),Czechia,2005,6881.161
Primary production,Oil and petroleum products (excluding biofuel portion),Czechia,2006,5131.322
Primary production,Oil and petroleum products (excluding biofuel portion),Czechia,2007,5008.039
Primary production,Oil and petroleum products (excluding biofuel portion),Czechia,2008,3986.389
Primary production,Oil and petroleum products (excluding biofuel portion),Czechia,2009,3555.556
Primary production,Oil and petroleum products (excluding biofuel portion),Czechia,2010,3126.222
Primary production,Oil and petroleum products (excluding biofuel portion),Czechia,2011,3885.417
Primary production,Oil and petroleum products (excluding biofuel portion),Czechia,2012,3647.75
Primary production,Oil and petroleum products (excluding biofuel portion),Czechia,2013,2976.876
Primary production,Oil and petroleum products (excluding biofuel portion),Czechia,2014,3028.472
Primary production,Oil and petroleum products (excluding biofuel portion),Czechia,2015,2396.306
Primary production,Oil and petroleum products (excluding biofuel portion),Czechia,2016,2146.056
Primary production,Oil and petroleum products (excluding biofuel portion),Czechia,2017,2424.083
Primary production,Oil and petroleum products (excluding biofuel portion),Czechia,2018,2284.306
Primary production,Oil and petroleum products (excluding biofuel portion),Czechia,2019,1855.972
Primary production,Oil and petroleum products (excluding biofuel portion),Czechia,2020,1119.028
Primary production,Oil and petroleum products (excluding biofuel portion),Czechia,2021,1024.583
Primary production,Oil and petroleum products (excluding biofuel portion),Czechia,2022,919.167
Primary production,Oil and petroleum products (excluding biofuel portion),Czechia,2023,825.556
Primary production,Oil and petroleum products (excluding biofuel portion),Czechia,2024,836.528
Primary production,Oil and petroleum products (excluding biofuel portion),Germany,2005,59342.292
Primary production,Oil and petroleum products (excluding biofuel portion),Germany,2006,59154.403
Primary production,Oil and petroleum products (excluding biofuel portion),Germany,2007,58839.656
Primary production,Oil and petroleum products (excluding biofuel portion),Germany,2008,55777.633
Primary production,Oil and petroleum products (excluding biofuel portion),Germany,2009,50560.273
Primary production,Oil and petroleum products (excluding biofuel portion),Germany,2010,42703.268
Primary production,Oil and petroleum products (excluding biofuel portion),Germany,2011,44279.491
Primary production,Oil and petroleum products (excluding biofuel portion),Germany,2012,43445.329
Primary production,Oil and petroleum products (excluding biofuel portion),Germany,2013,43334.291
Primary production,Oil and petroleum products (excluding biofuel portion),Germany,2014,39963.384
Primary production,Oil and petroleum products (excluding biofuel portion),Germany,2015,41168.339
Primary production,Oil and petroleum products (excluding biofuel portion),Germany,2016,41834.941
Primary production,Oil and petroleum products (excluding biofuel portion),Germany,2017,41048.795
Primary production,Oil and petroleum products (excluding biofuel portion),Germany,2018,40603.089
Primary production,Oil and petroleum products (excluding biofuel portion),Germany,2019,37370.125
Primary production,Oil and petroleum products (excluding biofuel portion),Germany,2020,36186.128
Primary production,Oil and petroleum products (excluding biofuel portion),Germany,2021,34606.328
Primary production,Oil and petroleum products (excluding biofuel portion),Germany,2022,33047.162
Primary production,Oil and petroleum products (excluding biofuel portion),Germany,2023,31756.541
Primary production,Oil and petroleum products (excluding biofuel portion),Germany,2024,32673.839
Primary production,Oil and petroleum products (excluding biofuel portion),Denmark,2005,221175.278
Primary production,Oil and petroleum products (excluding biofuel portion),Denmark,2006,201132.5
Primary production,Oil and petroleum products (excluding biofuel portion),Denmark,2007,181185.278
Primary production,Oil and petroleum products (excluding biofuel portion),Denmark,2008,167640.278
Primary production,Oil and petroleum products (excluding biofuel portion),Denmark,2009,154119.167
Primary production,Oil and petroleum products (excluding biofuel portion),Denmark,2010,145208.611
Primary production,Oil and petroleum products (excluding biofuel portion),Denmark,2011,130684.167
Primary production,Oil and petroleum products (excluding biofuel portion),Denmark,2012,119205.556
Primary production,Oil and petroleum products (excluding biofuel portion),Denmark,2013,103713.611
Primary production,Oil and petroleum products (excluding biofuel portion),Denmark,2014,97120.278
Primary production,Oil and petroleum products (excluding biofuel portion),Denmark,2015,91850.532
Primary production,Oil and petroleum products (excluding biofuel portion),Denmark,2016,82707.801
Primary production,Oil and petroleum products (excluding biofuel portion),Denmark,2017,80469.328
Primary production,Oil and petroleum products (excluding biofuel portion),Denmark,2018,67674.678
Primary production,Oil and petroleum products (excluding biofuel portion),Denmark,2019,59928.073
Primary production,Oil and petroleum products (excluding biofuel portion),Denmark,2020,42046.917
Primary production,Oil and petroleum products (excluding biofuel portion),Denmark,2021,38661.204
Primary production,Oil and petroleum products (excluding biofuel portion),Denmark,2022,38041.383
Primary production,Oil and petroleum products (excluding biofuel portion),Denmark,2023,34901.834
Primary production,Oil and petroleum products (excluding biofuel portion),Denmark,2024,35303.776
Primary production,Oil and petroleum products (excluding biofuel portion),Estonia,2005,0.0
Primary production,Oil and petroleum products (excluding biofuel portion),Estonia,2006,0.0
Primary production,Oil and petroleum products (excluding biofuel portion),Estonia,2007,0.0
Primary production,Oil and petroleum products (excluding biofuel portion),Estonia,2008,0.0
Primary production,Oil and petroleum products (excluding biofuel portion),Estonia,2009,0.0
Primary production,Oil and petroleum products (excluding biofuel portion),Estonia,2010,0.0
Primary production,Oil and petroleum products (excluding biofuel portion),Estonia,2011,0.0
Primary production,Oil and petroleum products (excluding biofuel portion),Estonia,2012,0.0
Primary production,Oil and petroleum products (excluding biofuel portion),Estonia,2013,0.0
Primary production,Oil and petroleum products (excluding biofuel portion),Estonia,2014,0.0
Primary production,Oil and petroleum products (excluding biofuel portion),Estonia,2015,0.0
Primary production,Oil and petroleum products (excluding biofuel portion),Estonia,2016,0.0
Primary production,Oil and petroleum products (excluding biofuel portion),Estonia,2017,0.0
Primary production,Oil and petroleum products (excluding biofuel portion),Estonia,2018,0.0
Primary production,Oil and petroleum products (excluding biofuel portion),Estonia,2019,0.0
Primary production,Oil and petroleum products (excluding biofuel portion),Estonia,2020,0.0
Primary production,Oil and petroleum products (excluding biofuel portion),Estonia,2021,0.0
Primary production,Oil and petroleum products (excluding biofuel portion),Estonia,2022,0.0
Primary production,Oil and petroleum products (excluding biofuel portion),Estonia,2023,0.0
Primary production,Oil and petroleum products (excluding biofuel portion),Estonia,2024,0.0
Primary production,Oil and petroleum products (excluding biofuel portion),Greece,2005,1070.324
Primary production,Oil and petroleum products (excluding biofuel portion),Greece,2006,1006.728
Primary production,Oil and petroleum products (excluding biofuel portion),Greece,2007,865.16
Primary production,Oil and petroleum products (excluding biofuel portion),Greece,2008,659.996
Primary production,Oil and petroleum products (excluding biofuel portion),Greece,2009,847.956
Primary production,Oil and petroleum products (excluding biofuel portion),Greece,2010,1218.936
Primary production,Oil and petroleum products (excluding biofuel portion),Greece,2011,1038.746
Primary production,Oil and petroleum products (excluding biofuel portion),Greece,2012,996.348
Primary production,Oil and petroleum products (excluding biofuel portion),Greece,2013,741.961
Primary production,Oil and petroleum products (excluding biofuel portion),Greece,2014,678.364
Primary production,Oil and petroleum products (excluding biofuel portion),Greece,2015,657.166
Primary production,Oil and petroleum products (excluding biofuel portion),Greece,2016,1865.502
Primary production,Oil and petroleum products (excluding biofuel portion),Greece,2017,1500.595
Primary production,Oil and petroleum products (excluding biofuel portion),Greece,2018,2339.881
Primary production,Oil and petroleum products (excluding biofuel portion),Greece,2019,1912.21
Primary production,Oil and petroleum products (excluding biofuel portion),Greece,2020,1076.383
Primary production,Oil and petroleum products (excluding biofuel portion),Greece,2021,691.191
Primary production,Oil and petroleum products (excluding biofuel portion),Greece,2022,0.0
Primary production,Oil and petroleum products (excluding biofuel portion),Greece,2023,586.06
Primary production,Oil and petroleum products (excluding biofuel portion),Greece,2024,596.076
Primary production,Oil and petroleum products (excluding biofuel portion),Spain,2005,1950.5
Primary production,Oil and petroleum products (excluding biofuel portion),Spain,2006,1633.25
Primary production,Oil and petroleum products (excluding biofuel portion),Spain,2007,1668.5
Primary production,Oil and petroleum products (excluding biofuel portion),Spain,2008,1492.25
Primary production,Oil and petroleum products (excluding biofuel portion),Spain,2009,1233.75
Primary production,Oil and petroleum products (excluding biofuel portion),Spain,2010,1445.25
Primary production,Oil and petroleum products (excluding biofuel portion),Spain,2011,1175.0
Primary production,Oil and petroleum products (excluding biofuel portion),Spain,2012,1668.5
Primary production,Oil and petroleum products (excluding biofuel portion),Spain,2013,4324.0
Primary production,Oil and petroleum products (excluding biofuel portion),Spain,2014,3583.75
Primary production,Oil and petroleum products (excluding biofuel portion),Spain,2015,2726.0
Primary production,Oil and petroleum products (excluding biofuel portion),Spain,2016,1656.75
Primary production,Oil and petroleum products (excluding biofuel portion),Spain,2017,1410.0
Primary production,Oil and petroleum products (excluding biofuel portion),Spain,2018,1022.25
Primary production,Oil and petroleum products (excluding biofuel portion),Spain,2019,470.0
Primary production,Oil and petroleum products (excluding biofuel portion),Spain,2020,329.0
Primary production,Oil and petroleum products (excluding biofuel portion),Spain,2021,68.338
Primary production,Oil and petroleum products (excluding biofuel portion),Spain,2022,10.716
Primary production,Oil and petroleum products (excluding biofuel portion),Spain,2023,7.896
Primary production,Oil and petroleum products (excluding biofuel portion),Spain,2024,7.038
Primary production,Oil and petroleum products (excluding biofuel portion),Finland,2005,1747.222
Primary production,Oil and petroleum products (excluding biofuel portion),Finland,2006,1770.833
Primary production,Oil and petroleum products (excluding biofuel portion),Finland,2007,472.222
Primary production,Oil and petroleum products (excluding biofuel portion),Finland,2008,259.722
Primary production,Oil and petroleum products (excluding biofuel portion),Finland,2009,1145.139
Primary production,Oil and petroleum products (excluding biofuel portion),Finland,2010,790.972
Primary production,Oil and petroleum products (excluding biofuel portion),Finland,2011,708.333
Primary production,Oil and petroleum products (excluding biofuel portion),Finland,2012,826.389
Primary production,Oil and petroleum products (excluding biofuel portion),Finland,2013,0.0
Primary production,Oil and petroleum products (excluding biofuel portion),Finland,2014,0.0
Primary production,Oil and petroleum products (excluding biofuel portion),Finland,2015,0.0
Primary production,Oil and petroleum products (excluding biofuel portion),Finland,2016,0.0
Primary production,Oil and petroleum products (excluding biofuel portion),Finland,2017,0.0
Primary production,Oil and petroleum products (excluding biofuel portion),Finland,2018,0.0
Primary production,Oil and petroleum products (excluding biofuel portion),Finland,2019,0.0
Primary production,Oil and petroleum products (excluding biofuel portion),Finland,2020,0.0
Primary production,Oil and petroleum products (excluding biofuel portion),Finland,2021,0.0
Primary production,Oil and petroleum products (excluding biofuel portion),Finland,2022,0.0
Primary production,Oil and petroleum products (excluding biofuel portion),Finland,2023,0.0
Primary production,Oil and petroleum products (excluding biofuel portion),Finland,2024,0.0
Primary production,Oil and petroleum products (excluding biofuel portion),France,2005,17099.165
Primary production,Oil and petroleum products (excluding biofuel portion),France,2006,15529.596
Primary production,Oil and petroleum products (excluding biofuel portion),France,2007,15642.159
Primary production,Oil and petroleum products (excluding biofuel portion),France,2008,16894.179
Primary production,Oil and petroleum products (excluding biofuel portion),France,2009,14728.107
Primary production,Oil and petroleum products (excluding biofuel portion),France,2010,13866.621
Primary production,Oil and petroleum products (excluding biofuel portion),France,2011,12967.074
Primary production,Oil and petroleum products (excluding biofuel portion),France,2012,11776.751
Primary production,Oil and petroleum products (excluding biofuel portion),France,2013,12300.291
Primary production,Oil and petroleum products (excluding biofuel portion),France,2014,11926.6
Primary production,Oil and petroleum products (excluding biofuel portion),France,2015,12212.249
Primary production,Oil and petroleum products (excluding biofuel portion),France,2016,11472.842
Primary production,Oil and petroleum products (excluding biofuel portion),France,2017,11094.518
Primary production,Oil and petroleum products (excluding biofuel portion),France,2018,10598.106
Primary production,Oil and petroleum products (excluding biofuel portion),France,2019,11027.547
Primary production,Oil and petroleum products (excluding biofuel portion),France,2020,9405.031
Primary production,Oil and petroleum products (excluding biofuel portion),France,2021,9852.426
Primary production,Oil and petroleum products (excluding biofuel portion),France,2022,9115.28
Primary production,Oil and petroleum products (excluding biofuel portion),France,2023,9124.101
Primary production,Oil and petroleum products (excluding biofuel portion),France,2024,8891.312
Primary production,Oil and petroleum products (excluding biofuel portion),Croatia,2005,12027.599
Primary production,Oil and petroleum products (excluding biofuel portion),Croatia,2006,11653.076
Primary production,Oil and petroleum products (excluding biofuel portion),Croatia,2007,11076.695
Primary production,Oil and petroleum products (excluding biofuel portion),Croatia,2008,10336.016
Primary production,Oil and petroleum products (excluding biofuel portion),Croatia,2009,9624.932
Primary production,Oil and petroleum products (excluding biofuel portion),Croatia,2010,8894.927
Primary production,Oil and petroleum products (excluding biofuel portion),Croatia,2011,8222.749
Primary production,Oil and petroleum products (excluding biofuel portion),Croatia,2012,7343.371
Primary production,Oil and petroleum products (excluding biofuel portion),Croatia,2013,7139.203
Primary production,Oil and petroleum products (excluding biofuel portion),Croatia,2014,7108.856
Primary production,Oil and petroleum products (excluding biofuel portion),Croatia,2015,8060.337
Primary production,Oil and petroleum products (excluding biofuel portion),Croatia,2016,8869.544
Primary production,Oil and petroleum products (excluding biofuel portion),Croatia,2017,8992.92
Primary production,Oil and petroleum products (excluding biofuel portion),Croatia,2018,8906.461
Primary production,Oil and petroleum products (excluding biofuel portion),Croatia,2019,8630.679
Primary production,Oil and petroleum products (excluding biofuel portion),Croatia,2020,7693.861
Primary production,Oil and petroleum products (excluding biofuel portion),Croatia,2021,7347.423
Primary production,Oil and petroleum products (excluding biofuel portion),Croatia,2022,7057.325
Primary production,Oil and petroleum products (excluding biofuel portion),Croatia,2023,6800.051
Primary production,Oil and petroleum products (excluding biofuel portion),Croatia,2024,6387.348
Primary production,Oil and petroleum products (excluding biofuel portion),Hungary,2005,16388.444
Primary production,Oil and petroleum products (excluding biofuel portion),Hungary,2006,15793.167
Primary production,Oil and petroleum products (excluding biofuel portion),Hungary,2007,14113.038
Primary production,Oil and petroleum products (excluding biofuel portion),Hungary,2008,14483.308
Primary production,Oil and petroleum products (excluding biofuel portion),Hungary,2009,14021.889
Primary production,Oil and petroleum products (excluding biofuel portion),Hungary,2010,12607.556
Primary production,Oil and petroleum products (excluding biofuel portion),Hungary,2011,11146.444
Primary production,Oil and petroleum products (excluding biofuel portion),Hungary,2012,11982.0
Primary production,Oil and petroleum products (excluding biofuel portion),Hungary,2013,10203.944
Primary production,Oil and petroleum products (excluding biofuel portion),Hungary,2014,9739.778
Primary production,Oil and petroleum products (excluding biofuel portion),Hungary,2015,10071.5
Primary production,Oil and petroleum products (excluding biofuel portion),Hungary,2016,11535.222
Primary production,Oil and petroleum products (excluding biofuel portion),Hungary,2017,12157.944
Primary production,Oil and petroleum products (excluding biofuel portion),Hungary,2018,12887.722
Primary production,Oil and petroleum products (excluding biofuel portion),Hungary,2019,13530.222
Primary production,Oil and petroleum products (excluding biofuel portion),Hungary,2020,12007.778
Primary production,Oil and petroleum products (excluding biofuel portion),Hungary,2021,12677.278
Primary production,Oil and petroleum products (excluding biofuel portion),Hungary,2022,12594.333
Primary production,Oil and petroleum products (excluding biofuel portion),Hungary,2023,13162.278
Primary production,Oil and petroleum products (excluding biofuel portion),Hungary,2024,14790.167
Primary production,Oil and petroleum products (excluding biofuel portion),Ireland,2005,0.0
Primary production,Oil and petroleum products (excluding biofuel portion),Ireland,2006,0.0
Primary production,Oil and petroleum products (excluding biofuel portion),Ireland,2007,0.0
Primary production,Oil and petroleum products (excluding biofuel portion),Ireland,2008,0.0
Primary production,Oil and petroleum products (excluding biofuel portion),Ireland,2009,0.0
Primary production,Oil and petroleum products (excluding biofuel portion),Ireland,2010,0.0
Primary production,Oil and petroleum products (excluding biofuel portion),Ireland,2011,0.0
Primary production,Oil and petroleum products (excluding biofuel portion),Ireland,2012,0.0
Primary production,Oil and petroleum products (excluding biofuel portion),Ireland,2013,0.0
Primary production,Oil and petroleum products (excluding biofuel portion),Ireland,2014,0.0
Primary production,Oil and petroleum products (excluding biofuel portion),Ireland,2015,0.0
Primary production,Oil and petroleum products (excluding biofuel portion),Ireland,2016,0.0
Primary production,Oil and petroleum products (excluding biofuel portion),Ireland,2017,0.0
Primary production,Oil and petroleum products (excluding biofuel portion),Ireland,2018,0.0
Primary production,Oil and petroleum products (excluding biofuel portion),Ireland,2019,0.0
Primary production,Oil and petroleum products (excluding biofuel portion),Ireland,2020,0.0
Primary production,Oil and petroleum products (excluding biofuel portion),Ireland,2021,0.0
Primary production,Oil and petroleum products (excluding biofuel portion),Ireland,2022,0.0
Primary production,Oil and petroleum products (excluding biofuel portion),Ireland,2023,0.0
Primary production,Oil and petroleum products (excluding biofuel portion),Ireland,2024,0.0
Primary production,Oil and petroleum products (excluding biofuel portion),Italy,2005,72808.842
Primary production,Oil and petroleum products (excluding biofuel portion),Italy,2006,70974.405
Primary production,Oil and petroleum products (excluding biofuel portion),Italy,2007,73365.341
Primary production,Oil and petroleum products (excluding biofuel portion),Italy,2008,66111.971
Primary production,Oil and petroleum products (excluding biofuel portion),Italy,2009,57181.609
Primary production,Oil and petroleum products (excluding biofuel portion),Italy,2010,64665.512
Primary production,Oil and petroleum products (excluding biofuel portion),Italy,2011,64902.293
Primary production,Oil and petroleum products (excluding biofuel portion),Italy,2012,65469.58
Primary production,Oil and petroleum products (excluding biofuel portion),Italy,2013,66844.014
Primary production,Oil and petroleum products (excluding biofuel portion),Italy,2014,69581.129
Primary production,Oil and petroleum products (excluding biofuel portion),Italy,2015,67316.1
Primary production,Oil and petroleum products (excluding biofuel portion),Italy,2016,46854.869
Primary production,Oil and petroleum products (excluding biofuel portion),Italy,2017,51824.94
Primary production,Oil and petroleum products (excluding biofuel portion),Italy,2018,59202.545
Primary production,Oil and petroleum products (excluding biofuel portion),Italy,2019,54754.571
Primary production,Oil and petroleum products (excluding biofuel portion),Italy,2020,68105.111
Primary production,Oil and petroleum products (excluding biofuel portion),Italy,2021,60802.542
Primary production,Oil and petroleum products (excluding biofuel portion),Italy,2022,56101.336
Primary production,Oil and petroleum products (excluding biofuel portion),Italy,2023,64522.724
Primary production,Oil and petroleum products (excluding biofuel portion),Italy,2024,53984.306
Primary production,Oil and petroleum products (excluding biofuel portion),Lithuania,2005,2558.4
Primary production,Oil and petroleum products (excluding biofuel portion),Lithuania,2006,2143.844
Primary production,Oil and petroleum products (excluding biofuel portion),Lithuania,2007,1830.033
Primary production,Oil and petroleum products (excluding biofuel portion),Lithuania,2008,1521.067
Primary production,Oil and petroleum products (excluding biofuel portion),Lithuania,2009,1366.583
Primary production,Oil and petroleum products (excluding biofuel portion),Lithuania,2010,1366.583
Primary production,Oil and petroleum products (excluding biofuel portion),Lithuania,2011,1354.7
Primary production,Oil and petroleum products (excluding biofuel portion),Lithuania,2012,1212.1
Primary production,Oil and petroleum products (excluding biofuel portion),Lithuania,2013,1021.967
Primary production,Oil and petroleum products (excluding biofuel portion),Lithuania,2014,974.433
Primary production,Oil and petroleum products (excluding biofuel portion),Lithuania,2015,873.75
Primary production,Oil and petroleum products (excluding biofuel portion),Lithuania,2016,752.356
Primary production,Oil and petroleum products (excluding biofuel portion),Lithuania,2017,657.136
Primary production,Oil and petroleum products (excluding biofuel portion),Lithuania,2018,540.756
Primary production,Oil and petroleum products (excluding biofuel portion),Lithuania,2019,464.632
Primary production,Oil and petroleum products (excluding biofuel portion),Lithuania,2020,370.3
Primary production,Oil and petroleum products (excluding biofuel portion),Lithuania,2021,335.033
Primary production,Oil and petroleum products (excluding biofuel portion),Lithuania,2022,318.0
Primary production,Oil and petroleum products (excluding biofuel portion),Lithuania,2023,273.992
Primary production,Oil and petroleum products (excluding biofuel portion),Lithuania,2024,257.386
Primary production,Oil and petroleum products (excluding biofuel portion),Luxembourg,2005,0.0
Primary production,Oil and petroleum products (excluding biofuel portion),Luxembourg,2006,0.0
Primary production,Oil and petroleum products (excluding biofuel portion),Luxembourg,2007,0.0
Primary production,Oil and petroleum products (excluding biofuel portion),Luxembourg,2008,0.0
Primary production,Oil and petroleum products (excluding biofuel portion),Luxembourg,2009,0.0
Primary production,Oil and petroleum products (excluding biofuel portion),Luxembourg,2010,0.0
Primary production,Oil and petroleum products (excluding biofuel portion),Luxembourg,2011,0.0
Primary production,Oil and petroleum products (excluding biofuel portion),Luxembourg,2012,0.0
Primary production,Oil and petroleum products (excluding biofuel portion),Luxembourg,2013,0.0
Primary production,Oil and petroleum products (excluding biofuel portion),Luxembourg,2014,0.0
Primary production,Oil and petroleum products (excluding biofuel portion),Luxembourg,2015,0.0
Primary production,Oil and petroleum products (excluding biofuel portion),Luxembourg,2016,0.0
Primary production,Oil and petroleum products (excluding biofuel portion),Luxembourg,2017,0.0
Primary production,Oil and petroleum products (excluding biofuel portion),Luxembourg,2018,0.0
Primary production,Oil and petroleum products (excluding biofuel portion),Luxembourg,2019,0.0
Primary production,Oil and petroleum products (excluding biofuel portion),Luxembourg,2020,0.0
Primary production,Oil and petroleum products (excluding biofuel portion),Luxembourg,2021,0.0
Primary production,Oil and petroleum products (excluding biofuel portion),Luxembourg,2022,0.0
Primary production,Oil and petroleum products (excluding biofuel portion),Luxembourg,2023,0.0
Primary production,Oil and petroleum products (excluding biofuel portion),Luxembourg,2024,0.0
Primary production,Oil and petroleum products (excluding biofuel portion),Latvia,2005,0.0
Primary production,Oil and petroleum products (excluding biofuel portion),Latvia,2006,0.0
Primary production,Oil and petroleum products (excluding biofuel portion),Latvia,2007,0.0
Primary production,Oil and petroleum products (excluding biofuel portion),Latvia,2008,0.0
Primary production,Oil and petroleum products (excluding biofuel portion),Latvia,2009,0.0
Primary production,Oil and petroleum products (excluding biofuel portion),Latvia,2010,0.0
Primary production,Oil and petroleum products (excluding biofuel portion),Latvia,2011,0.0
Primary production,Oil and petroleum products (excluding biofuel portion),Latvia,2012,0.0
Primary production,Oil and petroleum products (excluding biofuel portion),Latvia,2013,0.0
Primary production,Oil and petroleum products (excluding biofuel portion),Latvia,2014,0.0
Primary production,Oil and petroleum products (excluding biofuel portion),Latvia,2015,0.0
Primary production,Oil and petroleum products (excluding biofuel portion),Latvia,2016,0.0
Primary production,Oil and petroleum products (excluding biofuel portion),Latvia,2017,0.0
Primary production,Oil and petroleum products (excluding biofuel portion),Latvia,2018,0.0
Primary production,Oil and petroleum products (excluding biofuel portion),Latvia,2019,0.0
Primary production,Oil and petroleum products (excluding biofuel portion),Latvia,2020,0.0
Primary production,Oil and petroleum products (excluding biofuel portion),Latvia,2021,0.0
Primary production,Oil and petroleum products (excluding biofuel portion),Latvia,2022,0.0
Primary production,Oil and petroleum products (excluding biofuel portion),Latvia,2023,0.0
Primary production,Oil and petroleum products (excluding biofuel portion),Latvia,2024,0.0
Primary production,Oil and petroleum products (excluding biofuel portion),Malta,2005,0.0
Primary production,Oil and petroleum products (excluding biofuel portion),Malta,2006,0.0
Primary production,Oil and petroleum products (excluding biofuel portion),Malta,2007,0.0
Primary production,Oil and petroleum products (excluding biofuel portion),Malta,2008,0.0
Primary production,Oil and petroleum products (excluding biofuel portion),Malta,2009,0.0
Primary production,Oil and petroleum products (excluding biofuel portion),Malta,2010,0.0
Primary production,Oil and petroleum products (excluding biofuel portion),Malta,2011,0.0
Primary production,Oil and petroleum products (excluding biofuel portion),Malta,2012,0.0
Primary production,Oil and petroleum products (excluding biofuel portion),Malta,2013,0.0
Primary production,Oil and petroleum products (excluding biofuel portion),Malta,2014,0.0
Primary production,Oil and petroleum products (excluding biofuel portion),Malta,2015,0.0
Primary production,Oil and petroleum products (excluding biofuel portion),Malta,2016,0.0
Primary production,Oil and petroleum products (excluding biofuel portion),Malta,2017,0.0
Primary production,Oil and petroleum products (excluding biofuel portion),Malta,2018,0.0
Primary production,Oil and petroleum products (excluding biofuel portion),Malta,2019,0.0
Primary production,Oil and petroleum products (excluding biofuel portion),Malta,2020,0.0
Primary production,Oil and petroleum products (excluding biofuel portion),Malta,2021,0.0
Primary production,Oil and petroleum products (excluding biofuel portion),Malta,2022,0.0
Primary production,Oil and petroleum products (excluding biofuel portion),Malta,2023,0.0
Primary production,Oil and petroleum products (excluding biofuel portion),Malta,2024,0.0
Primary production,Oil and petroleum products (excluding biofuel portion),Netherlands,2005,29613.444
Primary production,Oil and petroleum products (excluding biofuel portion),Netherlands,2006,26279.889
Primary production,Oil and petroleum products (excluding biofuel portion),Netherlands,2007,32742.111
Primary production,Oil and petroleum products (excluding biofuel portion),Netherlands,2008,27351.583
Primary production,Oil and petroleum products (excluding biofuel portion),Netherlands,2009,22345.111
Primary production,Oil and petroleum products (excluding biofuel portion),Netherlands,2010,19028.333
Primary production,Oil and petroleum products (excluding biofuel portion),Netherlands,2011,19091.861
Primary production,Oil and petroleum products (excluding biofuel portion),Netherlands,2012,19667.694
Primary production,Oil and petroleum products (excluding biofuel portion),Netherlands,2013,20177.056
Primary production,Oil and petroleum products (excluding biofuel portion),Netherlands,2014,24284.861
Primary production,Oil and petroleum products (excluding biofuel portion),Netherlands,2015,24020.595
Primary production,Oil and petroleum products (excluding biofuel portion),Netherlands,2016,18829.938
Primary production,Oil and petroleum products (excluding biofuel portion),Netherlands,2017,17623.318
Primary production,Oil and petroleum products (excluding biofuel portion),Netherlands,2018,17757.458
Primary production,Oil and petroleum products (excluding biofuel portion),Netherlands,2019,13323.737
Primary production,Oil and petroleum products (excluding biofuel portion),Netherlands,2020,12449.37
Primary production,Oil and petroleum products (excluding biofuel portion),Netherlands,2021,13365.638
Primary production,Oil and petroleum products (excluding biofuel portion),Netherlands,2022,8573.766
Primary production,Oil and petroleum products (excluding biofuel portion),Netherlands,2023,7817.903
Primary production,Oil and petroleum products (excluding biofuel portion),Netherlands,2024,7109.842
Primary production,Oil and petroleum products (excluding biofuel portion),Poland,2005,10406.436
Primary production,Oil and petroleum products (excluding biofuel portion),Poland,2006,9459.461
Primary production,Oil and petroleum products (excluding biofuel portion),Poland,2007,8532.081
Primary production,Oil and petroleum products (excluding biofuel portion),Poland,2008,9198.616
Primary production,Oil and petroleum products (excluding biofuel portion),Poland,2009,8113.379
Primary production,Oil and petroleum products (excluding biofuel portion),Poland,2010,8692.318
Primary production,Oil and petroleum products (excluding biofuel portion),Poland,2011,7924.359
Primary production,Oil and petroleum products (excluding biofuel portion),Poland,2012,8154.825
Primary production,Oil and petroleum products (excluding biofuel portion),Poland,2013,11431.441
Primary production,Oil and petroleum products (excluding biofuel portion),Poland,2014,11276.747
Primary production,Oil and petroleum products (excluding biofuel portion),Poland,2015,11005.387
Primary production,Oil and petroleum products (excluding biofuel portion),Poland,2016,11940.164
Primary production,Oil and petroleum products (excluding biofuel portion),Poland,2017,11658.269
Primary production,Oil and petroleum products (excluding biofuel portion),Poland,2018,12000.978
Primary production,Oil and petroleum products (excluding biofuel portion),Poland,2019,11729.329
Primary production,Oil and petroleum products (excluding biofuel portion),Poland,2020,10867.589
Primary production,Oil and petroleum products (excluding biofuel portion),Poland,2021,10601.359
Primary production,Oil and petroleum products (excluding biofuel portion),Poland,2022,10652.851
Primary production,Oil and petroleum products (excluding biofuel portion),Poland,2023,9873.236
Primary production,Oil and petroleum products (excluding biofuel portion),Poland,2024,9545.725
Primary production,Oil and petroleum products (excluding biofuel portion),Portugal,2005,0.0
Primary production,Oil and petroleum products (excluding biofuel portion),Portugal,2006,0.0
Primary production,Oil and petroleum products (excluding biofuel portion),Portugal,2007,0.0
Primary production,Oil and petroleum products (excluding biofuel portion),Portugal,2008,0.0
Primary production,Oil and petroleum products (excluding biofuel portion),Portugal,2009,0.0
Primary production,Oil and petroleum products (excluding biofuel portion),Portugal,2010,0.0
Primary production,Oil and petroleum products (excluding biofuel portion),Portugal,2011,0.0
Primary production,Oil and petroleum products (excluding biofuel portion),Portugal,2012,0.0
Primary production,Oil and petroleum products (excluding biofuel portion),Portugal,2013,0.0
Primary production,Oil and petroleum products (excluding biofuel portion),Portugal,2014,0.0
Primary production,Oil and petroleum products (excluding biofuel portion),Portugal,2015,0.0
Primary production,Oil and petroleum products (excluding biofuel portion),Portugal,2016,0.0
Primary production,Oil and petroleum products (excluding biofuel portion),Portugal,2017,0.0
Primary production,Oil and petroleum products (excluding biofuel portion),Portugal,2018,0.0
Primary production,Oil and petroleum products (excluding biofuel portion),Portugal,2019,0.0
Primary production,Oil and petroleum products (excluding biofuel portion),Portugal,2020,0.0
Primary production,Oil and petroleum products (excluding biofuel portion),Portugal,2021,0.0
Primary production,Oil and petroleum products (excluding biofuel portion),Portugal,2022,0.0
Primary production,Oil and petroleum products (excluding biofuel portion),Portugal,2023,0.0
Primary production,Oil and petroleum products (excluding biofuel portion),Portugal,2024,0.0
Primary production,Oil and petroleum products (excluding biofuel portion),Romania,2005,68773.66
Primary production,Oil and petroleum products (excluding biofuel portion),Romania,2006,65085.995
Primary production,Oil and petroleum products (excluding biofuel portion),Romania,2007,55977.314
Primary production,Oil and petroleum products (excluding biofuel portion),Romania,2008,54160.242
Primary production,Oil and petroleum products (excluding biofuel portion),Romania,2009,51265.162
Primary production,Oil and petroleum products (excluding biofuel portion),Romania,2010,48685.793
Primary production,Oil and petroleum products (excluding biofuel portion),Romania,2011,48020.625
Primary production,Oil and petroleum products (excluding biofuel portion),Romania,2012,45250.116
Primary production,Oil and petroleum products (excluding biofuel portion),Romania,2013,46848.828
Primary production,Oil and petroleum products (excluding biofuel portion),Romania,2014,46061.678
Primary production,Oil and petroleum products (excluding biofuel portion),Romania,2015,45691.232
Primary production,Oil and petroleum products (excluding biofuel portion),Romania,2016,43428.307
Primary production,Oil and petroleum products (excluding biofuel portion),Romania,2017,41493.182
Primary production,Oil and petroleum products (excluding biofuel portion),Romania,2018,40919.262
Primary production,Oil and petroleum products (excluding biofuel portion),Romania,2019,40954.079
Primary production,Oil and petroleum products (excluding biofuel portion),Romania,2020,39668.473
Primary production,Oil and petroleum products (excluding biofuel portion),Romania,2021,37586.382
Primary production,Oil and petroleum products (excluding biofuel portion),Romania,2022,35455.857
Primary production,Oil and petroleum products (excluding biofuel portion),Romania,2023,33816.351
Primary production,Oil and petroleum products (excluding biofuel portion),Romania,2024,32471.863
Primary production,Oil and petroleum products (excluding biofuel portion),Sweden,2005,0.0
Primary production,Oil and petroleum products (excluding biofuel portion),Sweden,2006,0.0
Primary production,Oil and petroleum products (excluding biofuel portion),Sweden,2007,0.0
Primary production,Oil and petroleum products (excluding biofuel portion),Sweden,2008,0.0
Primary production,Oil and petroleum products (excluding biofuel portion),Sweden,2009,0.0
Primary production,Oil and petroleum products (excluding biofuel portion),Sweden,2010,0.0
Primary production,Oil and petroleum products (excluding biofuel portion),Sweden,2011,0.0
Primary production,Oil and petroleum products (excluding biofuel portion),Sweden,2012,0.0
Primary production,Oil and petroleum products (excluding biofuel portion),Sweden,2013,0.0
Primary production,Oil and petroleum products (excluding biofuel portion),Sweden,2014,0.0
Primary production,Oil and petroleum products (excluding biofuel portion),Sweden,2015,0.0
Primary production,Oil and petroleum products (excluding biofuel portion),Sweden,2016,0.0
Primary production,Oil and petroleum products (excluding biofuel portion),Sweden,2017,0.0
Primary production,Oil and petroleum products (excluding biofuel portion),Sweden,2018,0.0
Primary production,Oil and petroleum products (excluding biofuel portion),Sweden,2019,0.0
Primary production,Oil and petroleum products (excluding biofuel portion),Sweden,2020,0.0
Primary production,Oil and petroleum products (excluding biofuel portion),Sweden,2021,0.0
Primary production,Oil and petroleum products (excluding biofuel portion),Sweden,2022,0.0
Primary production,Oil and petroleum products (excluding biofuel portion),Sweden,2023,0.0
Primary production,Oil and petroleum products (excluding biofuel portion),Sweden,2024,0.0
Primary production,Oil and petroleum products (excluding biofuel portion),Slovenia,2005,0.0
Primary production,Oil and petroleum products (excluding biofuel portion),Slovenia,2006,0.0
Primary production,Oil and petroleum products (excluding biofuel portion),Slovenia,2007,0.0
Primary production,Oil and petroleum products (excluding biofuel portion),Slovenia,2008,0.0
Primary production,Oil and petroleum products (excluding biofuel portion),Slovenia,2009,0.0
Primary production,Oil and petroleum products (excluding biofuel portion),Slovenia,2010,0.0
Primary production,Oil and petroleum products (excluding biofuel portion),Slovenia,2011,0.0
Primary production,Oil and petroleum products (excluding biofuel portion),Slovenia,2012,0.0
Primary production,Oil and petroleum products (excluding biofuel portion),Slovenia,2013,0.0
Primary production,Oil and petroleum products (excluding biofuel portion),Slovenia,2014,0.0
Primary production,Oil and petroleum products (excluding biofuel portion),Slovenia,2015,0.0
Primary production,Oil and petroleum products (excluding biofuel portion),Slovenia,2016,0.0
Primary production,Oil and petroleum products (excluding biofuel portion),Slovenia,2017,6.188
Primary production,Oil and petroleum products (excluding biofuel portion),Slovenia,2018,10.224
Primary production,Oil and petroleum products (excluding biofuel portion),Slovenia,2019,6.167
Primary production,Oil and petroleum products (excluding biofuel portion),Slovenia,2020,4.805
Primary production,Oil and petroleum products (excluding biofuel portion),Slovenia,2021,3.653
Primary production,Oil and petroleum products (excluding biofuel portion),Slovenia,2022,1.824
Primary production,Oil and petroleum products (excluding biofuel portion),Slovenia,2023,1.891
Primary production,Oil and petroleum products (excluding biofuel portion),Slovenia,2024,1.2
Primary production,Oil and petroleum products (excluding biofuel portion),Slovakia,2005,389.611
Primary production,Oil and petroleum products (excluding biofuel portion),Slovakia,2006,359.444
Primary production,Oil and petroleum products (excluding biofuel portion),Slovakia,2007,276.833
Primary production,Oil and petroleum products (excluding biofuel portion),Slovakia,2008,240.333
Primary production,Oil and petroleum products (excluding biofuel portion),Slovakia,2009,202.5
Primary production,Oil and petroleum products (excluding biofuel portion),Slovakia,2010,179.611
Primary production,Oil and petroleum products (excluding biofuel portion),Slovakia,2011,202.5
Primary production,Oil and petroleum products (excluding biofuel portion),Slovakia,2012,167.0
Primary production,Oil and petroleum products (excluding biofuel portion),Slovakia,2013,145.278
Primary production,Oil and petroleum products (excluding biofuel portion),Slovakia,2014,133.833
Primary production,Oil and petroleum products (excluding biofuel portion),Slovakia,2015,135.0
Primary production,Oil and petroleum products (excluding biofuel portion),Slovakia,2016,119.589
Primary production,Oil and petroleum products (excluding biofuel portion),Slovakia,2017,95.422
Primary production,Oil and petroleum products (excluding biofuel portion),Slovakia,2018,83.406
Primary production,Oil and petroleum products (excluding biofuel portion),Slovakia,2019,71.389
Primary production,Oil and petroleum products (excluding biofuel portion),Slovakia,2020,46.389
Primary production,Oil and petroleum products (excluding biofuel portion),Slovakia,2021,82.897
Primary production,Oil and petroleum products (excluding biofuel portion),Slovakia,2022,35.511
Primary production,Oil and petroleum products (excluding biofuel portion),Slovakia,2023,23.586
Primary production,Oil and petroleum products (excluding biofuel portion),Slovakia,2024,23.703
