balance_type,energy_source,country,year,value_gwh
Gross available energy,Nuclear heat,Austria,2005,0.0
Gross available energy,Nuclear heat,Austria,2006,0.0
Gross available energy,Nuclear heat,Austria,2007,0.0
Gross available energy,Nuclear heat,Austria,2008,0.0
Gross available energy,Nuclear heat,Austria,2009,0.0
Gross available energy,Nuclear heat,Austria,2010,0.0
Gross available energy,Nuclear heat,Austria,2011,0.0
Gross available energy,Nuclear heat,Austria,2012,0.0
Gross available energy,Nuclear heat,Austria,2013,0.0
Gross available energy,Nuclear heat,Austria,2014,0.0
Gross available energy,Nuclear heat,Austria,2015,0.0
Gross available energy,Nuclear heat,Austria,2016,0.0
Gross available energy,Nuclear heat,Austria,2017,0.0
Gross available energy,Nuclear heat,Austria,2018,0.0
Gross available energy,Nuclear heat,Austria,2019,0.0
Gross available energy,Nuclear heat,Austria,2020,0.0
Gross available energy,Nuclear heat,Austria,2021,0.0
Gross available energy,Nuclear heat,Austria,2022,0.0
Gross available energy,Nuclear heat,Austria,2023,0.0
Gross available energy,Nuclear heat,Austria,2024,0.0
Gross available energy,Nuclear heat,Belgium,2005,142785.0
Gross available energy,Nuclear heat,Belgium,2006,139935.0
Gross available energy,Nuclear heat,Belgium,2007,144681.0
Gross available energy,Nuclear heat,Belgium,2008,136704.0
Gross available energy,Nuclear heat,Belgium,2009,137853.728
Gross available energy,Nuclear heat,Belgium,2010,135010.96
Gross available energy,Nuclear heat,Belgium,2011,136078.106
Gross available energy,Nuclear heat,Belgium,2012,113570.59
Gross available energy,Nuclear heat,Belgium,2013,120213.425
Gross available energy,Nuclear heat,Belgium,2014,95089.636
Gross available energy,Nuclear heat,Belgium,2015,73073.36
Gross available energy,Nuclear heat,Belgium,2016,123149.686
Gross available energy,Nuclear heat,Belgium,2017,119785.627
Gross available energy,Nuclear heat,Belgium,2018,80954.825
Gross available energy,Nuclear heat,Belgium,2019,123202.928
Gross available energy,Nuclear heat,Belgium,2020,97354.904
Gross available energy,Nuclear heat,Belgium,2021,142156.025
Gross available energy,Nuclear heat,Belgium,2022,124412.518
Gross available energy,Nuclear heat,Belgium,2023,92170.111
Gross available energy,Nuclear heat,Belgium,2024,87393.972
Gross available energy,Nuclear heat,Bulgaria,2005,56460.667
Gross available energy,Nuclear heat,Bulgaria,2006,58966.5
Gross available energy,Nuclear heat,Bulgaria,2007,44640.667
Gross available energy,Nuclear heat,Bulgaria,2008,48050.0
Gross available energy,Nuclear heat,Bulgaria,2009,45100.093
Gross available energy,Nuclear heat,Bulgaria,2010,44765.266
Gross available energy,Nuclear heat,Bulgaria,2011,47741.964
Gross available energy,Nuclear heat,Bulgaria,2012,46755.391
Gross available energy,Nuclear heat,Bulgaria,2013,42653.955
Gross available energy,Nuclear heat,Bulgaria,2014,47063.121
Gross available energy,Nuclear heat,Bulgaria,2015,45496.56
Gross available energy,Nuclear heat,Bulgaria,2016,46646.767
Gross available energy,Nuclear heat,Bulgaria,2017,45830.341
Gross available energy,Nuclear heat,Bulgaria,2018,48477.329
Gross available energy,Nuclear heat,Bulgaria,2019,50029.492
Gross available energy,Nuclear heat,Bulgaria,2020,50412.294
Gross available energy,Nuclear heat,Bulgaria,2021,49950.199
Gross available energy,Nuclear heat,Bulgaria,2022,49889.548
Gross available energy,Nuclear heat,Bulgaria,2023,49055.387
Gross available energy,Nuclear heat,Bulgaria,2024,47855.81
Gross available energy,Nuclear heat,Cyprus,2005,0.0
Gross available energy,Nuclear heat,Cyprus,2006,0.0
Gross available energy,Nuclear heat,Cyprus,2007,0.0
Gross available energy,Nuclear heat,Cyprus,2008,0.0
Gross available energy,Nuclear heat,Cyprus,2009,0.0
Gross available energy,Nuclear heat,Cyprus,2010,0.0
Gross available energy,Nuclear heat,Cyprus,2011,0.0
Gross available energy,Nuclear heat,Cyprus,2012,0.0
Gross available energy,Nuclear heat,Cyprus,2013,0.0
Gross available energy,Nuclear heat,Cyprus,2014,0.0
Gross available energy,Nuclear heat,Cyprus,2015,0.0
Gross available energy,Nuclear heat,Cyprus,2016,0.0
Gross available energy,Nuclear heat,Cyprus,2017,0.0
Gross available energy,Nuclear heat,Cyprus,2018,0.0
Gross available energy,Nuclear heat,Cyprus,2019,0.0
Gross available energy,Nuclear heat,Cyprus,2020,0.0
Gross available energy,Nuclear heat,Cyprus,2021,0.0
Gross available energy,Nuclear heat,Cyprus,2022,0.0
Gross available energy,Nuclear heat,Cyprus,2023,0.0
Gross available energy,Nuclear heat,Cyprus,2024,0.0
Gross available energy,Nuclear heat,Czechia,2005,75097.333
Gross available energy,Nuclear heat,Czechia,2006,79029.667
Gross available energy,Nuclear heat,Czechia,2007,79351.833
Gross available energy,Nuclear heat,Czechia,2008,80461.333
Gross available energy,Nuclear heat,Czechia,2009,81123.333
Gross available energy,Nuclear heat,Czechia,2010,83275.388
Gross available energy,Nuclear heat,Czechia,2011,83734.255
Gross available energy,Nuclear heat,Czechia,2012,89248.451
Gross available energy,Nuclear heat,Czechia,2013,90231.594
Gross available energy,Nuclear heat,Czechia,2014,88745.807
Gross available energy,Nuclear heat,Czechia,2015,77692.497
Gross available energy,Nuclear heat,Czechia,2016,69518.298
Gross available energy,Nuclear heat,Czechia,2017,81605.118
Gross available energy,Nuclear heat,Czechia,2018,86631.87
Gross available energy,Nuclear heat,Czechia,2019,87785.616
Gross available energy,Nuclear heat,Czechia,2020,87181.916
Gross available energy,Nuclear heat,Czechia,2021,88872.18
Gross available energy,Nuclear heat,Czechia,2022,89720.226
Gross available energy,Nuclear heat,Czechia,2023,88060.867
Gross available energy,Nuclear heat,Czechia,2024,86197.763
Gross available energy,Nuclear heat,Germany,2005,489165.0
Gross available energy,Nuclear heat,Germany,2006,501807.0
Gross available energy,Nuclear heat,Germany,2007,421602.0
Gross available energy,Nuclear heat,Germany,2008,445485.0
Gross available energy,Nuclear heat,Germany,2009,403947.116
Gross available energy,Nuclear heat,Germany,2010,421015.304
Gross available energy,Nuclear heat,Germany,2011,323397.736
Gross available energy,Nuclear heat,Germany,2012,297944.318
Gross available energy,Nuclear heat,Germany,2013,291357.086
Gross available energy,Nuclear heat,Germany,2014,290874.441
Gross available energy,Nuclear heat,Germany,2015,274890.686
Gross available energy,Nuclear heat,Germany,2016,253472.361
Gross available energy,Nuclear heat,Germany,2017,228584.161
Gross available energy,Nuclear heat,Germany,2018,227610.73
Gross available energy,Nuclear heat,Germany,2019,224831.16
Gross available energy,Nuclear heat,Germany,2020,192788.184
Gross available energy,Nuclear heat,Germany,2021,206648.697
Gross available energy,Nuclear heat,Germany,2022,103948.94
Gross available energy,Nuclear heat,Germany,2023,21620.17
Gross available energy,Nuclear heat,Germany,2024,0.0
Gross available energy,Nuclear heat,Denmark,2005,0.0
Gross available energy,Nuclear heat,Denmark,2006,0.0
Gross available energy,Nuclear heat,Denmark,2007,0.0
Gross available energy,Nuclear heat,Denmark,2008,0.0
Gross available energy,Nuclear heat,Denmark,2009,0.0
Gross available energy,Nuclear heat,Denmark,2010,0.0
Gross available energy,Nuclear heat,Denmark,2011,0.0
Gross available energy,Nuclear heat,Denmark,2012,0.0
Gross available energy,Nuclear heat,Denmark,2013,0.0
Gross available energy,Nuclear heat,Denmark,2014,0.0
Gross available energy,Nuclear heat,Denmark,2015,0.0
Gross available energy,Nuclear heat,Denmark,2016,0.0
Gross available energy,Nuclear heat,Denmark,2017,0.0
Gross available energy,Nuclear heat,Denmark,2018,0.0
Gross available energy,Nuclear heat,Denmark,2019,0.0
Gross available energy,Nuclear heat,Denmark,2020,0.0
Gross available energy,Nuclear heat,Denmark,2021,0.0
Gross available energy,Nuclear heat,Denmark,2022,0.0
Gross available energy,Nuclear heat,Denmark,2023,0.0
Gross available energy,Nuclear heat,Denmark,2024,0.0
Gross available energy,Nuclear heat,Estonia,2005,0.0
Gross available energy,Nuclear heat,Estonia,2006,0.0
Gross available energy,Nuclear heat,Estonia,2007,0.0
Gross available energy,Nuclear heat,Estonia,2008,0.0
Gross available energy,Nuclear heat,Estonia,2009,0.0
Gross available energy,Nuclear heat,Estonia,2010,0.0
Gross available energy,Nuclear heat,Estonia,2011,0.0
Gross available energy,Nuclear heat,Estonia,2012,0.0
Gross available energy,Nuclear heat,Estonia,2013,0.0
Gross available energy,Nuclear heat,Estonia,2014,0.0
Gross available energy,Nuclear heat,Estonia,2015,0.0
Gross available energy,Nuclear heat,Estonia,2016,0.0
Gross available energy,Nuclear heat,Estonia,2017,0.0
Gross available energy,Nuclear heat,Estonia,2018,0.0
Gross available energy,Nuclear heat,Estonia,2019,0.0
Gross available energy,Nuclear heat,Estonia,2020,0.0
Gross available energy,Nuclear heat,Estonia,2021,0.0
Gross available energy,Nuclear heat,Estonia,2022,0.0
Gross available energy,Nuclear heat,Estonia,2023,0.0
Gross available energy,Nuclear heat,Estonia,2024,0.0
Gross available energy,Nuclear heat,Greece,2005,0.0
Gross available energy,Nuclear heat,Greece,2006,0.0
Gross available energy,Nuclear heat,Greece,2007,0.0
Gross available energy,Nuclear heat,Greece,2008,0.0
Gross available energy,Nuclear heat,Greece,2009,0.0
Gross available energy,Nuclear heat,Greece,2010,0.0
Gross available energy,Nuclear heat,Greece,2011,0.0
Gross available energy,Nuclear heat,Greece,2012,0.0
Gross available energy,Nuclear heat,Greece,2013,0.0
Gross available energy,Nuclear heat,Greece,2014,0.0
Gross available energy,Nuclear heat,Greece,2015,0.0
Gross available energy,Nuclear heat,Greece,2016,0.0
Gross available energy,Nuclear heat,Greece,2017,0.0
Gross available energy,Nuclear heat,Greece,2018,0.0
Gross available energy,Nuclear heat,Greece,2019,0.0
Gross available energy,Nuclear heat,Greece,2020,0.0
Gross available energy,Nuclear heat,Greece,2021,0.0
Gross available energy,Nuclear heat,Greece,2022,0.0
Gross available energy,Nuclear heat,Greece,2023,0.0
Gross available energy,Nuclear heat,Greece,2024,0.0
Gross available energy,Nuclear heat,Spain,2005,172617.0
Gross available energy,Nuclear heat,Spain,2006,180378.0
Gross available energy,Nuclear heat,Spain,2007,165309.0
Gross available energy,Nuclear heat,Spain,2008,176919.0
Gross available energy,Nuclear heat,Spain,2009,160296.29
Gross available energy,Nuclear heat,Spain,2010,187647.724
Gross available energy,Nuclear heat,Spain,2011,174969.861
Gross available energy,Nuclear heat,Spain,2012,185969.515
Gross available energy,Nuclear heat,Spain,2013,171949.55
Gross available energy,Nuclear heat,Spain,2014,173648.693
Gross available energy,Nuclear heat,Spain,2015,173324.216
Gross available energy,Nuclear heat,Spain,2016,177623.827
Gross available energy,Nuclear heat,Spain,2017,175979.229
Gross available energy,Nuclear heat,Spain,2018,168388.444
Gross available energy,Nuclear heat,Spain,2019,176985.34
Gross available energy,Nuclear heat,Spain,2020,176473.62
Gross available energy,Nuclear heat,Spain,2021,171251.75
Gross available energy,Nuclear heat,Spain,2022,177880.85
Gross available energy,Nuclear heat,Spain,2023,171868.14
Gross available energy,Nuclear heat,Spain,2024,165273.93
Gross available energy,Nuclear heat,Finland,2005,69813.0
Gross available energy,Nuclear heat,Finland,2006,68718.0
Gross available energy,Nuclear heat,Finland,2007,70269.0
Gross available energy,Nuclear heat,Finland,2008,68874.0
Gross available energy,Nuclear heat,Finland,2009,67012.06
Gross available energy,Nuclear heat,Finland,2010,64720.95
Gross available energy,Nuclear heat,Finland,2011,65442.01
Gross available energy,Nuclear heat,Finland,2012,64383.68
Gross available energy,Nuclear heat,Finland,2013,66221.22
Gross available energy,Nuclear heat,Finland,2014,66157.255
Gross available energy,Nuclear heat,Finland,2015,65200.106
Gross available energy,Nuclear heat,Finland,2016,65009.374
Gross available energy,Nuclear heat,Finland,2017,62686.863
Gross available energy,Nuclear heat,Finland,2018,63314.883
Gross available energy,Nuclear heat,Finland,2019,66010.717
Gross available energy,Nuclear heat,Finland,2020,64518.588
Gross available energy,Nuclear heat,Finland,2021,65234.996
Gross available energy,Nuclear heat,Finland,2022,71119.776
Gross available energy,Nuclear heat,Finland,2023,93292.371
Gross available energy,Nuclear heat,Finland,2024,88957.87
Gross available energy,Nuclear heat,France,2005,1354587.0
Gross available energy,Nuclear heat,France,2006,1350573.0
Gross available energy,Nuclear heat,France,2007,1319190.0
Gross available energy,Nuclear heat,France,2008,1318341.0
Gross available energy,Nuclear heat,France,2009,1242746.91
Gross available energy,Nuclear heat,France,2010,1298047.56
Gross available energy,Nuclear heat,France,2011,1339880.67
Gross available energy,Nuclear heat,France,2012,1289336.69
Gross available energy,Nuclear heat,France,2013,1284125.471
Gross available energy,Nuclear heat,France,2014,1322886.562
Gross available energy,Nuclear heat,France,2015,1325778.655
Gross available energy,Nuclear heat,France,2016,1222066.875
Gross available energy,Nuclear heat,France,2017,1207900.404
Gross available energy,Nuclear heat,France,2018,1251721.665
Gross available energy,Nuclear heat,France,2019,1209368.81
Gross available energy,Nuclear heat,France,2020,1072413.93
Gross available energy,Nuclear heat,France,2021,1149788.32
Gross available energy,Nuclear heat,France,2022,893288.67
Gross available energy,Nuclear heat,France,2023,1025044.94
Gross available energy,Nuclear heat,France,2024,1025044.94
Gross available energy,Nuclear heat,Croatia,2005,0.0
Gross available energy,Nuclear heat,Croatia,2006,0.0
Gross available energy,Nuclear heat,Croatia,2007,0.0
Gross available energy,Nuclear heat,Croatia,2008,0.0
Gross available energy,Nuclear heat,Croatia,2009,0.0
Gross available energy,Nuclear heat,Croatia,2010,0.0
Gross available energy,Nuclear heat,Croatia,2011,0.0
Gross available energy,Nuclear heat,Croatia,2012,0.0
Gross available energy,Nuclear heat,Croatia,2013,0.0
Gross available energy,Nuclear heat,Croatia,2014,0.0
Gross available energy,Nuclear heat,Croatia,2015,0.0
Gross available energy,Nuclear heat,Croatia,2016,0.0
Gross available energy,Nuclear heat,Croatia,2017,0.0
Gross available energy,Nuclear heat,Croatia,2018,0.0
Gross available energy,Nuclear heat,Croatia,2019,0.0
Gross available energy,Nuclear heat,Croatia,2020,0.0
Gross available energy,Nuclear heat,Croatia,2021,0.0
Gross available energy,Nuclear heat,Croatia,2022,0.0
Gross available energy,Nuclear heat,Croatia,2023,0.0
Gross available energy,Nuclear heat,Croatia,2024,0.0
Gross available energy,Nuclear heat,Hungary,2005,42059.5
Gross available energy,Nuclear heat,Hungary,2006,40878.0
Gross available energy,Nuclear heat,Hungary,2007,44481.0
Gross available energy,Nuclear heat,Hungary,2008,44915.667
Gross available energy,Nuclear heat,Hungary,2009,45101.14
Gross available energy,Nuclear heat,Hungary,2010,46089.69
Gross available energy,Nuclear heat,Hungary,2011,46111.787
Gross available energy,Nuclear heat,Hungary,2012,46358.75
Gross available energy,Nuclear heat,Hungary,2013,45002.587
Gross available energy,Nuclear heat,Hungary,2014,45792.125
Gross available energy,Nuclear heat,Hungary,2015,46453.5
Gross available energy,Nuclear heat,Hungary,2016,47342.29
Gross available energy,Nuclear heat,Hungary,2017,47496.92
Gross available energy,Nuclear heat,Hungary,2018,46589.78
Gross available energy,Nuclear heat,Hungary,2019,47752.78
Gross available energy,Nuclear heat,Hungary,2020,47136.39
Gross available energy,Nuclear heat,Hungary,2021,46915.42
Gross available energy,Nuclear heat,Hungary,2022,46426.96
Gross available energy,Nuclear heat,Hungary,2023,46694.45
Gross available energy,Nuclear heat,Hungary,2024,47124.76
Gross available energy,Nuclear heat,Ireland,2005,0.0
Gross available energy,Nuclear heat,Ireland,2006,0.0
Gross available energy,Nuclear heat,Ireland,2007,0.0
Gross available energy,Nuclear heat,Ireland,2008,0.0
Gross available energy,Nuclear heat,Ireland,2009,0.0
Gross available energy,Nuclear heat,Ireland,2010,0.0
Gross available energy,Nuclear heat,Ireland,2011,0.0
Gross available energy,Nuclear heat,Ireland,2012,0.0
Gross available energy,Nuclear heat,Ireland,2013,0.0
Gross available energy,Nuclear heat,Ireland,2014,0.0
Gross available energy,Nuclear heat,Ireland,2015,0.0
Gross available energy,Nuclear heat,Ireland,2016,0.0
Gross available energy,Nuclear heat,Ireland,2017,0.0
Gross available energy,Nuclear heat,Ireland,2018,0.0
Gross available energy,Nuclear heat,Ireland,2019,0.0
Gross available energy,Nuclear heat,Ireland,2020,0.0
Gross available energy,Nuclear heat,Ireland,2021,0.0
Gross available energy,Nuclear heat,Ireland,2022,0.0
Gross available energy,Nuclear heat,Ireland,2023,0.0
Gross available energy,Nuclear heat,Ireland,2024,0.0
Gross available energy,Nuclear heat,Italy,2005,0.0
Gross available energy,Nuclear heat,Italy,2006,0.0
Gross available energy,Nuclear heat,Italy,2007,0.0
Gross available energy,Nuclear heat,Italy,2008,0.0
Gross available energy,Nuclear heat,Italy,2009,0.0
Gross available energy,Nuclear heat,Italy,2010,0.0
Gross available energy,Nuclear heat,Italy,2011,0.0
Gross available energy,Nuclear heat,Italy,2012,0.0
Gross available energy,Nuclear heat,Italy,2013,0.0
Gross available energy,Nuclear heat,Italy,2014,0.0
Gross available energy,Nuclear heat,Italy,2015,0.0
Gross available energy,Nuclear heat,Italy,2016,0.0
Gross available energy,Nuclear heat,Italy,2017,0.0
Gross available energy,Nuclear heat,Italy,2018,0.0
Gross available energy,Nuclear heat,Italy,2019,0.0
Gross available energy,Nuclear heat,Italy,2020,0.0
Gross available energy,Nuclear heat,Italy,2021,0.0
Gross available energy,Nuclear heat,Italy,2022,0.0
Gross available energy,Nuclear heat,Italy,2023,0.0
Gross available energy,Nuclear heat,Italy,2024,0.0
Gross available energy,Nuclear heat,Lithuania,2005,32619.333
Gross available energy,Nuclear heat,Lithuania,2006,27613.833
Gross available energy,Nuclear heat,Lithuania,2007,31104.833
Gross available energy,Nuclear heat,Lithuania,2008,31246.167
Gross available energy,Nuclear heat,Lithuania,2009,34176.833
Gross available energy,Nuclear heat,Lithuania,2010,0.0
Gross available energy,Nuclear heat,Lithuania,2011,0.0
Gross available energy,Nuclear heat,Lithuania,2012,0.0
Gross available energy,Nuclear heat,Lithuania,2013,0.0
Gross available energy,Nuclear heat,Lithuania,2014,0.0
Gross available energy,Nuclear heat,Lithuania,2015,0.0
Gross available energy,Nuclear heat,Lithuania,2016,0.0
Gross available energy,Nuclear heat,Lithuania,2017,0.0
Gross available energy,Nuclear heat,Lithuania,2018,0.0
Gross available energy,Nuclear heat,Lithuania,2019,0.0
Gross available energy,Nuclear heat,Lithuania,2020,0.0
Gross available energy,Nuclear heat,Lithuania,2021,0.0
Gross available energy,Nuclear heat,Lithuania,2022,0.0
Gross available energy,Nuclear heat,Lithuania,2023,0.0
Gross available energy,Nuclear heat,Lithuania,2024,0.0
Gross available energy,Nuclear heat,Luxembourg,2005,0.0
Gross available energy,Nuclear heat,Luxembourg,2006,0.0
Gross available energy,Nuclear heat,Luxembourg,2007,0.0
Gross available energy,Nuclear heat,Luxembourg,2008,0.0
Gross available energy,Nuclear heat,Luxembourg,2009,0.0
Gross available energy,Nuclear heat,Luxembourg,2010,0.0
Gross available energy,Nuclear heat,Luxembourg,2011,0.0
Gross available energy,Nuclear heat,Luxembourg,2012,0.0
Gross available energy,Nuclear heat,Luxembourg,2013,0.0
Gross available energy,Nuclear heat,Luxembourg,2014,0.0
Gross available energy,Nuclear heat,Luxembourg,2015,0.0
Gross available energy,Nuclear heat,Luxembourg,2016,0.0
Gross available energy,Nuclear heat,Luxembourg,2017,0.0
Gross available energy,Nuclear heat,Luxembourg,2018,0.0
Gross available energy,Nuclear heat,Luxembourg,2019,0.0
Gross available energy,Nuclear heat,Luxembourg,2020,0.0
Gross available energy,Nuclear heat,Luxembourg,2021,0.0
Gross available energy,Nuclear heat,Luxembourg,2022,0.0
Gross available energy,Nuclear heat,Luxembourg,2023,0.0
Gross available energy,Nuclear heat,Luxembourg,2024,0.0
Gross available energy,Nuclear heat,Latvia,2005,0.0
Gross available energy,Nuclear heat,Latvia,2006,0.0
Gross available energy,Nuclear heat,Latvia,2007,0.0
Gross available energy,Nuclear heat,Latvia,2008,0.0
Gross available energy,Nuclear heat,Latvia,2009,0.0
Gross available energy,Nuclear heat,Latvia,2010,0.0
Gross available energy,Nuclear heat,Latvia,2011,0.0
Gross available energy,Nuclear heat,Latvia,2012,0.0
Gross available energy,Nuclear heat,Latvia,2013,0.0
Gross available energy,Nuclear heat,Latvia,2014,0.0
Gross available energy,Nuclear heat,Latvia,2015,0.0
Gross available energy,Nuclear heat,Latvia,2016,0.0
Gross available energy,Nuclear heat,Latvia,2017,0.0
Gross available energy,Nuclear heat,Latvia,2018,0.0
Gross available energy,Nuclear heat,Latvia,2019,0.0
Gross available energy,Nuclear heat,Latvia,2020,0.0
Gross available energy,Nuclear heat,Latvia,2021,0.0
Gross available energy,Nuclear heat,Latvia,2022,0.0
Gross available energy,Nuclear heat,Latvia,2023,0.0
Gross available energy,Nuclear heat,Latvia,2024,0.0
Gross available energy,Nuclear heat,Malta,2005,0.0
Gross available energy,Nuclear heat,Malta,2006,0.0
Gross available energy,Nuclear heat,Malta,2007,0.0
Gross available energy,Nuclear heat,Malta,2008,0.0
Gross available energy,Nuclear heat,Malta,2009,0.0
Gross available energy,Nuclear heat,Malta,2010,0.0
Gross available energy,Nuclear heat,Malta,2011,0.0
Gross available energy,Nuclear heat,Malta,2012,0.0
Gross available energy,Nuclear heat,Malta,2013,0.0
Gross available energy,Nuclear heat,Malta,2014,0.0
Gross available energy,Nuclear heat,Malta,2015,0.0
Gross available energy,Nuclear heat,Malta,2016,0.0
Gross available energy,Nuclear heat,Malta,2017,0.0
Gross available energy,Nuclear heat,Malta,2018,0.0
Gross available energy,Nuclear heat,Malta,2019,0.0
Gross available energy,Nuclear heat,Malta,2020,0.0
Gross available energy,Nuclear heat,Malta,2021,0.0
Gross available energy,Nuclear heat,Malta,2022,0.0
Gross available energy,Nuclear heat,Malta,2023,0.0
Gross available energy,Nuclear heat,Malta,2024,0.0
Gross available energy,Nuclear heat,Netherlands,2005,11991.0
Gross available energy,Nuclear heat,Netherlands,2006,10407.0
Gross available energy,Nuclear heat,Netherlands,2007,12600.0
Gross available energy,Nuclear heat,Netherlands,2008,12507.0
Gross available energy,Nuclear heat,Netherlands,2009,11397.4
Gross available energy,Nuclear heat,Netherlands,2010,10669.362
Gross available energy,Nuclear heat,Netherlands,2011,11155.496
Gross available energy,Nuclear heat,Netherlands,2012,10699.6
Gross available energy,Nuclear heat,Netherlands,2013,7631.606
Gross available energy,Nuclear heat,Netherlands,2014,10947.319
Gross available energy,Nuclear heat,Netherlands,2015,10901.381
Gross available energy,Nuclear heat,Netherlands,2016,10654.708
Gross available energy,Nuclear heat,Netherlands,2017,9182.35
Gross available energy,Nuclear heat,Netherlands,2018,9446.584
Gross available energy,Nuclear heat,Netherlands,2019,10586.905
Gross available energy,Nuclear heat,Netherlands,2020,11117.001
Gross available energy,Nuclear heat,Netherlands,2021,10355.701
Gross available energy,Nuclear heat,Netherlands,2022,11232.929
Gross available energy,Nuclear heat,Netherlands,2023,10821.959
Gross available energy,Nuclear heat,Netherlands,2024,9642.335
Gross available energy,Nuclear heat,Poland,2005,0.0
Gross available energy,Nuclear heat,Poland,2006,0.0
Gross available energy,Nuclear heat,Poland,2007,0.0
Gross available energy,Nuclear heat,Poland,2008,0.0
Gross available energy,Nuclear heat,Poland,2009,0.0
Gross available energy,Nuclear heat,Poland,2010,0.0
Gross available energy,Nuclear heat,Poland,2011,0.0
Gross available energy,Nuclear heat,Poland,2012,0.0
Gross available energy,Nuclear heat,Poland,2013,0.0
Gross available energy,Nuclear heat,Poland,2014,0.0
Gross available energy,Nuclear heat,Poland,2015,0.0
Gross available energy,Nuclear heat,Poland,2016,0.0
Gross available energy,Nuclear heat,Poland,2017,0.0
Gross available energy,Nuclear heat,Poland,2018,0.0
Gross available energy,Nuclear heat,Poland,2019,0.0
Gross available energy,Nuclear heat,Poland,2020,0.0
Gross available energy,Nuclear heat,Poland,2021,0.0
Gross available energy,Nuclear heat,Poland,2022,0.0
Gross available energy,Nuclear heat,Poland,2023,0.0
Gross available energy,Nuclear heat,Poland,2024,0.0
Gross available energy,Nuclear heat,Portugal,2005,0.0
Gross available energy,Nuclear heat,Portugal,2006,0.0
Gross available energy,Nuclear heat,Portugal,2007,0.0
Gross available energy,Nuclear heat,Portugal,2008,0.0
Gross available energy,Nuclear heat,Portugal,2009,0.0
Gross available energy,Nuclear heat,Portugal,2010,0.0
Gross available energy,Nuclear heat,Portugal,2011,0.0
Gross available energy,Nuclear heat,Portugal,2012,0.0
Gross available energy,Nuclear heat,Portugal,2013,0.0
Gross available energy,Nuclear heat,Portugal,2014,0.0
Gross available energy,Nuclear heat,Portugal,2015,0.0
Gross available energy,Nuclear heat,Portugal,2016,0.0
Gross available energy,Nuclear heat,Portugal,2017,0.0
Gross available energy,Nuclear heat,Portugal,2018,0.0
Gross available energy,Nuclear heat,Portugal,2019,0.0
Gross available energy,Nuclear heat,Portugal,2020,0.0
Gross available energy,Nuclear heat,Portugal,2021,0.0
Gross available energy,Nuclear heat,Portugal,2022,0.0
Gross available energy,Nuclear heat,Portugal,2023,0.0
Gross available energy,Nuclear heat,Portugal,2024,0.0
Gross available energy,Nuclear heat,Romania,2005,16665.0
Gross available energy,Nuclear heat,Romania,2006,16896.0
Gross available energy,Nuclear heat,Romania,2007,23127.0
Gross available energy,Nuclear heat,Romania,2008,33678.0
Gross available energy,Nuclear heat,Romania,2009,34652.748
Gross available energy,Nuclear heat,Romania,2010,33992.513
Gross available energy,Nuclear heat,Romania,2011,34644.607
Gross available energy,Nuclear heat,Romania,2012,34988.739
Gross available energy,Nuclear heat,Romania,2013,33985.186
Gross available energy,Nuclear heat,Romania,2014,34206.156
Gross available energy,Nuclear heat,Romania,2015,34193.363
Gross available energy,Nuclear heat,Romania,2016,32688.441
Gross available energy,Nuclear heat,Romania,2017,33808.41
Gross available energy,Nuclear heat,Romania,2018,33459.51
Gross available energy,Nuclear heat,Romania,2019,33098.98
Gross available energy,Nuclear heat,Romania,2020,33575.81
Gross available energy,Nuclear heat,Romania,2021,33331.58
Gross available energy,Nuclear heat,Romania,2022,32819.86
Gross available energy,Nuclear heat,Romania,2023,33343.21
Gross available energy,Nuclear heat,Romania,2024,32598.89
Gross available energy,Nuclear heat,Sweden,2005,217131.0
Gross available energy,Nuclear heat,Sweden,2006,200931.0
Gross available energy,Nuclear heat,Sweden,2007,200907.0
Gross available energy,Nuclear heat,Sweden,2008,191667.0
Gross available energy,Nuclear heat,Sweden,2009,149806.03
Gross available energy,Nuclear heat,Sweden,2010,168611.74
Gross available energy,Nuclear heat,Sweden,2011,177380.76
Gross available energy,Nuclear heat,Sweden,2012,181800.16
Gross available energy,Nuclear heat,Sweden,2013,186033.48
Gross available energy,Nuclear heat,Sweden,2014,190290.06
Gross available energy,Nuclear heat,Sweden,2015,180637.16
Gross available energy,Nuclear heat,Sweden,2016,182579.37
Gross available energy,Nuclear heat,Sweden,2017,190162.13
Gross available energy,Nuclear heat,Sweden,2018,194535.01
Gross available energy,Nuclear heat,Sweden,2019,188859.57
Gross available energy,Nuclear heat,Sweden,2020,139885.64
Gross available energy,Nuclear heat,Sweden,2021,143537.46
Gross available energy,Nuclear heat,Sweden,2022,144316.67
Gross available energy,Nuclear heat,Sweden,2023,134630.973
Gross available energy,Nuclear heat,Sweden,2024,140618.33
Gross available energy,Nuclear heat,Slovenia,2005,17652.0
Gross available energy,Nuclear heat,Slovenia,2006,16644.0
Gross available energy,Nuclear heat,Slovenia,2007,17085.0
Gross available energy,Nuclear heat,Slovenia,2008,18819.0
Gross available energy,Nuclear heat,Slovenia,2009,15755.0
Gross available energy,Nuclear heat,Slovenia,2010,15528.841
Gross available energy,Nuclear heat,Slovenia,2011,17101.709
Gross available energy,Nuclear heat,Slovenia,2012,15213.58
Gross available energy,Nuclear heat,Slovenia,2013,14547.967
Gross available energy,Nuclear heat,Slovenia,2014,17438.707
Gross available energy,Nuclear heat,Slovenia,2015,15493.486
Gross available energy,Nuclear heat,Slovenia,2016,15684.752
Gross available energy,Nuclear heat,Slovenia,2017,17306.603
Gross available energy,Nuclear heat,Slovenia,2018,15870.298
Gross available energy,Nuclear heat,Slovenia,2019,15993.576
Gross available energy,Nuclear heat,Slovenia,2020,17408.388
Gross available energy,Nuclear heat,Slovenia,2021,15728.913
Gross available energy,Nuclear heat,Slovenia,2022,15544.064
Gross available energy,Nuclear heat,Slovenia,2023,15323.699
Gross available energy,Nuclear heat,Slovenia,2024,15932.207
Gross available energy,Nuclear heat,Slovakia,2005,55041.833
Gross available energy,Nuclear heat,Slovakia,2006,55966.833
Gross available energy,Nuclear heat,Slovakia,2007,47697.833
Gross available energy,Nuclear heat,Slovakia,2008,51779.0
Gross available energy,Nuclear heat,Slovakia,2009,43996.29
Gross available energy,Nuclear heat,Slovakia,2010,44813.646
Gross available energy,Nuclear heat,Slovakia,2011,46834.01
Gross available energy,Nuclear heat,Slovakia,2012,47101.5
Gross available energy,Nuclear heat,Slovakia,2013,47805.231
Gross available energy,Nuclear heat,Slovakia,2014,47136.39
Gross available energy,Nuclear heat,Slovakia,2015,46845.64
Gross available energy,Nuclear heat,Slovakia,2016,45287.22
Gross available energy,Nuclear heat,Slovakia,2017,46345.55
Gross available energy,Nuclear heat,Slovakia,2018,43728.8
Gross available energy,Nuclear heat,Slovakia,2019,47078.24
Gross available energy,Nuclear heat,Slovakia,2020,47031.72
Gross available energy,Nuclear heat,Slovakia,2021,47113.712
Gross available energy,Nuclear heat,Slovakia,2022,47647.994
Gross available energy,Nuclear heat,Slovakia,2023,55039.44
Gross available energy,Nuclear heat,Slovakia,2024,54335.127
Gross available energy,Renewables and biofuels,Austria,2005,83438.787
Gross available energy,Renewables and biofuels,Austria,2006,89596.386
Gross available energy,Renewables and biofuels,Austria,2007,96467.37
Gross available energy,Renewables and biofuels,Austria,2008,100578.802
Gross available energy,Renewables and biofuels,Austria,2009,106400.872
Gross available energy,Renewables and biofuels,Austria,2010,110235.45
Gross available energy,Renewables and biofuels,Austria,2011,105336.267
Gross available energy,Renewables and biofuels,Austria,2012,119581.267
Gross available energy,Renewables and biofuels,Austria,2013,119000.381
Gross available energy,Renewables and biofuels,Austria,2014,117083.824
Gross available energy,Renewables and biofuels,Austria,2015,116819.27
Gross available energy,Renewables and biofuels,Austria,2016,120254.109
Gross available energy,Renewables and biofuels,Austria,2017,120769.858
Gross available energy,Renewables and biofuels,Austria,2018,116427.257
Gross available energy,Renewables and biofuels,Austria,2019,121271.531
Gross available energy,Renewables and biofuels,Austria,2020,122471.27
Gross available energy,Renewables and biofuels,Austria,2021,125347.492
Gross available energy,Renewables and biofuels,Austria,2022,122472.345
Gross available energy,Renewables and biofuels,Austria,2023,135641.061
Gross available energy,Renewables and biofuels,Austria,2024,144457.23
Gross available energy,Renewables and biofuels,Belgium,2005,13576.291
Gross available energy,Renewables and biofuels,Belgium,2006,15920.501
Gross available energy,Renewables and biofuels,Belgium,2007,18597.371
Gross available energy,Renewables and biofuels,Belgium,2008,22333.374
Gross available energy,Renewables and biofuels,Belgium,2009,26600.926
Gross available energy,Renewables and biofuels,Belgium,2010,34640.654
Gross available energy,Renewables and biofuels,Belgium,2011,34863.687
Gross available energy,Renewables and biofuels,Belgium,2012,39500.997
Gross available energy,Renewables and biofuels,Belgium,2013,42108.257
Gross available energy,Renewables and biofuels,Belgium,2014,40246.767
Gross available energy,Renewables and biofuels,Belgium,2015,43460.125
Gross available energy,Renewables and biofuels,Belgium,2016,46240.447
Gross available energy,Renewables and biofuels,Belgium,2017,48095.118
Gross available energy,Renewables and biofuels,Belgium,2018,49367.876
Gross available energy,Renewables and biofuels,Belgium,2019,51084.208
Gross available energy,Renewables and biofuels,Belgium,2020,57295.834
Gross available energy,Renewables and biofuels,Belgium,2021,60006.092
Gross available energy,Renewables and biofuels,Belgium,2022,61942.083
Gross available energy,Renewables and biofuels,Belgium,2023,64140.327
Gross available energy,Renewables and biofuels,Belgium,2024,62626.682
Gross available energy,Renewables and biofuels,Bulgaria,2005,12927.093
Gross available energy,Renewables and biofuels,Bulgaria,2006,13501.432
Gross available energy,Renewables and biofuels,Bulgaria,2007,11426.583
Gross available energy,Renewables and biofuels,Bulgaria,2008,12606.175
Gross available energy,Renewables and biofuels,Bulgaria,2009,13221.622
Gross available energy,Renewables and biofuels,Bulgaria,2010,17277.186
Gross available energy,Renewables and biofuels,Bulgaria,2011,16219.985
Gross available energy,Renewables and biofuels,Bulgaria,2012,19200.555
Gross available energy,Renewables and biofuels,Bulgaria,2013,21879.142
Gross available energy,Renewables and biofuels,Bulgaria,2014,21633.251
Gross available energy,Renewables and biofuels,Bulgaria,2015,24146.543
Gross available energy,Renewables and biofuels,Bulgaria,2016,23522.335
Gross available energy,Renewables and biofuels,Bulgaria,2017,22704.098
Gross available energy,Renewables and biofuels,Bulgaria,2018,29557.204
Gross available energy,Renewables and biofuels,Bulgaria,2019,28719.349
Gross available energy,Renewables and biofuels,Bulgaria,2020,29644.808
Gross available energy,Renewables and biofuels,Bulgaria,2021,34006.859
Gross available energy,Renewables and biofuels,Bulgaria,2022,31967.563
Gross available energy,Renewables and biofuels,Bulgaria,2023,30072.757
Gross available energy,Renewables and biofuels,Bulgaria,2024,30351.355
Gross available energy,Renewables and biofuels,Cyprus,2005,624.643
Gross available energy,Renewables and biofuels,Cyprus,2006,649.524
Gross available energy,Renewables and biofuels,Cyprus,2007,851.32
Gross available energy,Renewables and biofuels,Cyprus,2008,1147.354
Gross available energy,Renewables and biofuels,Cyprus,2009,1237.246
Gross available energy,Renewables and biofuels,Cyprus,2010,1272.84
Gross available energy,Renewables and biofuels,Cyprus,2011,1462.852
Gross available energy,Renewables and biofuels,Cyprus,2012,1578.273
Gross available energy,Renewables and biofuels,Cyprus,2013,1625.506
Gross available energy,Renewables and biofuels,Cyprus,2014,1586.579
Gross available energy,Renewables and biofuels,Cyprus,2015,1813.794
Gross available energy,Renewables and biofuels,Cyprus,2016,1885.863
Gross available energy,Renewables and biofuels,Cyprus,2017,2078.16
Gross available energy,Renewables and biofuels,Cyprus,2018,2771.689
Gross available energy,Renewables and biofuels,Cyprus,2019,2864.441
Gross available energy,Renewables and biofuels,Cyprus,2020,3233.744
Gross available energy,Renewables and biofuels,Cyprus,2021,3459.226
Gross available energy,Renewables and biofuels,Cyprus,2022,3562.276
Gross available energy,Renewables and biofuels,Cyprus,2023,3679.133
Gross available energy,Renewables and biofuels,Cyprus,2024,3876.25
Gross available energy,Renewables and biofuels,Czechia,2005,24430.062
Gross available energy,Renewables and biofuels,Czechia,2006,25951.24
Gross available energy,Renewables and biofuels,Czechia,2007,27252.257
Gross available energy,Renewables and biofuels,Czechia,2008,29631.262
Gross available energy,Renewables and biofuels,Czechia,2009,33496.528
Gross available energy,Renewables and biofuels,Czechia,2010,36942.995
Gross available energy,Renewables and biofuels,Czechia,2011,40674.485
Gross available energy,Renewables and biofuels,Czechia,2012,43685.912
Gross available energy,Renewables and biofuels,Czechia,2013,48034.162
Gross available energy,Renewables and biofuels,Czechia,2014,49636.782
Gross available energy,Renewables and biofuels,Czechia,2015,50988.566
Gross available energy,Renewables and biofuels,Czechia,2016,51558.165
Gross available energy,Renewables and biofuels,Czechia,2017,52795.318
Gross available energy,Renewables and biofuels,Czechia,2018,53111.076
Gross available energy,Renewables and biofuels,Czechia,2019,57134.095
Gross available energy,Renewables and biofuels,Czechia,2020,59568.956
Gross available energy,Renewables and biofuels,Czechia,2021,63703.335
Gross available energy,Renewables and biofuels,Czechia,2022,62967.724
Gross available energy,Renewables and biofuels,Czechia,2023,60945.223
Gross available energy,Renewables and biofuels,Czechia,2024,63158.812
Gross available energy,Renewables and biofuels,Germany,2005,218143.506
Gross available energy,Renewables and biofuels,Germany,2006,266176.927
Gross available energy,Renewables and biofuels,Germany,2007,307994.836
Gross available energy,Renewables and biofuels,Germany,2008,320609.213
Gross available energy,Renewables and biofuels,Germany,2009,320090.898
Gross available energy,Renewables and biofuels,Germany,2010,363642.364
Gross available energy,Renewables and biofuels,Germany,2011,377258.963
Gross available energy,Renewables and biofuels,Germany,2012,423946.991
Gross available energy,Renewables and biofuels,Germany,2013,437661.742
Gross available energy,Renewables and biofuels,Germany,2014,435596.153
Gross available energy,Renewables and biofuels,Germany,2015,464375.725
Gross available energy,Renewables and biofuels,Germany,2016,463269.665
Gross available energy,Renewables and biofuels,Germany,2017,494437.164
Gross available energy,Renewables and biofuels,Germany,2018,506011.521
Gross available energy,Renewables and biofuels,Germany,2019,527007.705
Gross available energy,Renewables and biofuels,Germany,2020,546911.435
Gross available energy,Renewables and biofuels,Germany,2021,547143.879
Gross available energy,Renewables and biofuels,Germany,2022,570374.433
Gross available energy,Renewables and biofuels,Germany,2023,570877.482
Gross available energy,Renewables and biofuels,Germany,2024,581571.381
Gross available energy,Renewables and biofuels,Denmark,2005,34012.665
Gross available energy,Renewables and biofuels,Denmark,2006,34681.298
Gross available energy,Renewables and biofuels,Denmark,2007,38432.036
Gross available energy,Renewables and biofuels,Denmark,2008,38491.912
Gross available energy,Renewables and biofuels,Denmark,2009,39271.127
Gross available energy,Renewables and biofuels,Denmark,2010,46509.404
Gross available energy,Renewables and biofuels,Denmark,2011,47980.362
Gross available energy,Renewables and biofuels,Denmark,2012,49960.346
Gross available energy,Renewables and biofuels,Denmark,2013,51827.675
Gross available energy,Renewables and biofuels,Denmark,2014,54298.4
Gross available energy,Renewables and biofuels,Denmark,2015,57719.708
Gross available energy,Renewables and biofuels,Denmark,2016,60139.65
Gross available energy,Renewables and biofuels,Denmark,2017,66749.881
Gross available energy,Renewables and biofuels,Denmark,2018,66278.425
Gross available energy,Renewables and biofuels,Denmark,2019,69614.196
Gross available energy,Renewables and biofuels,Denmark,2020,72120.329
Gross available energy,Renewables and biofuels,Denmark,2021,81750.263
Gross available energy,Renewables and biofuels,Denmark,2022,79152.595
Gross available energy,Renewables and biofuels,Denmark,2023,81728.486
Gross available energy,Renewables and biofuels,Denmark,2024,85931.733
Gross available energy,Renewables and biofuels,Estonia,2005,6846.973
Gross available energy,Renewables and biofuels,Estonia,2006,6186.447
Gross available energy,Renewables and biofuels,Estonia,2007,7003.608
Gross available energy,Renewables and biofuels,Estonia,2008,7563.309
Gross available energy,Renewables and biofuels,Estonia,2009,8365.52
Gross available energy,Renewables and biofuels,Estonia,2010,9934.706
Gross available energy,Renewables and biofuels,Estonia,2011,9724.594
Gross available energy,Renewables and biofuels,Estonia,2012,10018.575
Gross available energy,Renewables and biofuels,Estonia,2013,9898.738
Gross available energy,Renewables and biofuels,Estonia,2014,9981.381
Gross available energy,Renewables and biofuels,Estonia,2015,10859.989
Gross available energy,Renewables and biofuels,Estonia,2016,11642.399
Gross available energy,Renewables and biofuels,Estonia,2017,12510.145
Gross available energy,Renewables and biofuels,Estonia,2018,13445.316
Gross available energy,Renewables and biofuels,Estonia,2019,13716.158
Gross available energy,Renewables and biofuels,Estonia,2020,15347.297
Gross available energy,Renewables and biofuels,Estonia,2021,15349.915
Gross available energy,Renewables and biofuels,Estonia,2022,15355.135
Gross available energy,Renewables and biofuels,Estonia,2023,16273.538
Gross available energy,Renewables and biofuels,Estonia,2024,18831.812
Gross available energy,Renewables and biofuels,Greece,2005,19823.204
Gross available energy,Renewables and biofuels,Greece,2006,21496.894
Gross available energy,Renewables and biofuels,Greece,2007,20429.914
Gross available energy,Renewables and biofuels,Greece,2008,20419.102
Gross available energy,Renewables and biofuels,Greece,2009,22357.858
Gross available energy,Renewables and biofuels,Greece,2010,25477.127
Gross available energy,Renewables and biofuels,Greece,2011,25570.47
Gross available energy,Renewables and biofuels,Greece,2012,29155.129
Gross available energy,Renewables and biofuels,Greece,2013,31122.859
Gross available energy,Renewables and biofuels,Greece,2014,29144.202
Gross available energy,Renewables and biofuels,Greece,2015,33033.996
Gross available energy,Renewables and biofuels,Greece,2016,31448.717
Gross available energy,Renewables and biofuels,Greece,2017,33906.215
Gross available energy,Renewables and biofuels,Greece,2018,36530.589
Gross available energy,Renewables and biofuels,Greece,2019,36887.243
Gross available energy,Renewables and biofuels,Greece,2020,38960.47
Gross available energy,Renewables and biofuels,Greece,2021,44636.374
Gross available energy,Renewables and biofuels,Greece,2022,42752.157
Gross available energy,Renewables and biofuels,Greece,2023,46437.881
Gross available energy,Renewables and biofuels,Greece,2024,52623.346
Gross available energy,Renewables and biofuels,Spain,2005,97610.127
Gross available energy,Renewables and biofuels,Spain,2006,106494.869
Gross available energy,Renewables and biofuels,Spain,2007,116308.348
Gross available energy,Renewables and biofuels,Spain,2008,122641.483
Gross available energy,Renewables and biofuels,Spain,2009,146130.821
Gross available energy,Renewables and biofuels,Spain,2010,174965.728
Gross available energy,Renewables and biofuels,Spain,2011,172289.55
Gross available energy,Renewables and biofuels,Spain,2012,187513.931
Gross available energy,Renewables and biofuels,Spain,2013,206037.249
Gross available energy,Renewables and biofuels,Spain,2014,210088.022
Gross available energy,Renewables and biofuels,Spain,2015,197801.383
Gross available energy,Renewables and biofuels,Spain,2016,203349.238
Gross available energy,Renewables and biofuels,Spain,2017,192947.593
Gross available energy,Renewables and biofuels,Spain,2018,211238.288
Gross available energy,Renewables and biofuels,Spain,2019,213591.358
Gross available energy,Renewables and biofuels,Spain,2020,222011.282
Gross available energy,Renewables and biofuels,Spain,2021,232000.922
Gross available energy,Renewables and biofuels,Spain,2022,230683.862
Gross available energy,Renewables and biofuels,Spain,2023,263614.523
Gross available energy,Renewables and biofuels,Spain,2024,278320.943
Gross available energy,Renewables and biofuels,Finland,2005,94037.406
Gross available energy,Renewables and biofuels,Finland,2006,101072.989
Gross available energy,Renewables and biofuels,Finland,2007,100680.302
Gross available energy,Renewables and biofuels,Finland,2008,105737.067
Gross available energy,Renewables and biofuels,Finland,2009,93028.742
Gross available energy,Renewables and biofuels,Finland,2010,108081.475
Gross available energy,Renewables and biofuels,Finland,2011,105802.511
Gross available energy,Renewables and biofuels,Finland,2012,115767.576
Gross available energy,Renewables and biofuels,Finland,2013,114689.468
Gross available energy,Renewables and biofuels,Finland,2014,119512.492
Gross available energy,Renewables and biofuels,Finland,2015,121987.195
Gross available energy,Renewables and biofuels,Finland,2016,123688.319
Gross available energy,Renewables and biofuels,Finland,2017,137051.35
Gross available energy,Renewables and biofuels,Finland,2018,140225.313
Gross available energy,Renewables and biofuels,Finland,2019,142037.275
Gross available energy,Renewables and biofuels,Finland,2020,139739.666
Gross available energy,Renewables and biofuels,Finland,2021,159446.595
Gross available energy,Renewables and biofuels,Finland,2022,150209.756
Gross available energy,Renewables and biofuels,Finland,2023,154525.451
Gross available energy,Renewables and biofuels,Finland,2024,156875.545
Gross available energy,Renewables and biofuels,France,2005,184032.106
Gross available energy,Renewables and biofuels,France,2006,181558.144
Gross available energy,Renewables and biofuels,France,2007,198188.909
Gross available energy,Renewables and biofuels,France,2008,225510.243
Gross available energy,Renewables and biofuels,France,2009,230052.746
Gross available energy,Renewables and biofuels,France,2010,258039.237
Gross available energy,Renewables and biofuels,France,2011,226484.356
Gross available energy,Renewables and biofuels,France,2012,268555.131
Gross available energy,Renewables and biofuels,France,2013,300150.858
Gross available energy,Renewables and biofuels,France,2014,275577.64
Gross available energy,Renewables and biofuels,France,2015,286572.869
Gross available energy,Renewables and biofuels,France,2016,311018.286
Gross available energy,Renewables and biofuels,France,2017,307520.692
Gross available energy,Renewables and biofuels,France,2018,332385.036
Gross available energy,Renewables and biofuels,France,2019,337603.989
Gross available energy,Renewables and biofuels,France,2020,337939.983
Gross available energy,Renewables and biofuels,France,2021,366787.192
Gross available energy,Renewables and biofuels,France,2022,355981.532
Gross available energy,Renewables and biofuels,France,2023,394495.239
Gross available energy,Renewables and biofuels,France,2024,414782.351
Gross available energy,Renewables and biofuels,Croatia,2005,21639.333
Gross available energy,Renewables and biofuels,Croatia,2006,20213.139
Gross available energy,Renewables and biofuels,Croatia,2007,17972.117
Gross available energy,Renewables and biofuels,Croatia,2008,19094.802
Gross available energy,Renewables and biofuels,Croatia,2009,21419.075
Gross available energy,Renewables and biofuels,Croatia,2010,24183.023
Gross available energy,Renewables and biofuels,Croatia,2011,19985.183
Gross available energy,Renewables and biofuels,Croatia,2012,20497.308
Gross available energy,Renewables and biofuels,Croatia,2013,24391.742
Gross available energy,Renewables and biofuels,Croatia,2014,23458.085
Gross available energy,Renewables and biofuels,Croatia,2015,22967.351
Gross available energy,Renewables and biofuels,Croatia,2016,23469.213
Gross available energy,Renewables and biofuels,Croatia,2017,22215.733
Gross available energy,Renewables and biofuels,Croatia,2018,25393.785
Gross available energy,Renewables and biofuels,Croatia,2019,24845.56
Gross available energy,Renewables and biofuels,Croatia,2020,25500.324
Gross available energy,Renewables and biofuels,Croatia,2021,29218.455
Gross available energy,Renewables and biofuels,Croatia,2022,25885.563
Gross available energy,Renewables and biofuels,Croatia,2023,28155.657
Gross available energy,Renewables and biofuels,Croatia,2024,27683.347
Gross available energy,Renewables and biofuels,Hungary,2005,19651.192
Gross available energy,Renewables and biofuels,Hungary,2006,19823.999
Gross available energy,Renewables and biofuels,Hungary,2007,21900.46
Gross available energy,Renewables and biofuels,Hungary,2008,23175.357
Gross available energy,Renewables and biofuels,Hungary,2009,29569.809
Gross available energy,Renewables and biofuels,Hungary,2010,32302.582
Gross available energy,Renewables and biofuels,Hungary,2011,33569.056
Gross available energy,Renewables and biofuels,Hungary,2012,34340.561
Gross available energy,Renewables and biofuels,Hungary,2013,36187.255
Gross available energy,Renewables and biofuels,Hungary,2014,33262.656
Gross available energy,Renewables and biofuels,Hungary,2015,35117.527
Gross available energy,Renewables and biofuels,Hungary,2016,34949.618
Gross available energy,Renewables and biofuels,Hungary,2017,34582.306
Gross available energy,Renewables and biofuels,Hungary,2018,32558.417
Gross available energy,Renewables and biofuels,Hungary,2019,32915.639
Gross available energy,Renewables and biofuels,Hungary,2020,34490.694
Gross available energy,Renewables and biofuels,Hungary,2021,37660.528
Gross available energy,Renewables and biofuels,Hungary,2022,38546.333
Gross available energy,Renewables and biofuels,Hungary,2023,38691.528
Gross available energy,Renewables and biofuels,Hungary,2024,41882.972
Gross available energy,Renewables and biofuels,Ireland,2005,4325.632
Gross available energy,Renewables and biofuels,Ireland,2006,5026.413
Gross available energy,Renewables and biofuels,Ireland,2007,5704.717
Gross available energy,Renewables and biofuels,Ireland,2008,6881.304
Gross available energy,Renewables and biofuels,Ireland,2009,7926.901
Gross available energy,Renewables and biofuels,Ireland,2010,7936.296
Gross available energy,Renewables and biofuels,Ireland,2011,9564.147
Gross available energy,Renewables and biofuels,Ireland,2012,9619.781
Gross available energy,Renewables and biofuels,Ireland,2013,10399.176
Gross available energy,Renewables and biofuels,Ireland,2014,11761.087
Gross available energy,Renewables and biofuels,Ireland,2015,13334.408
Gross available energy,Renewables and biofuels,Ireland,2016,13309.054
Gross available energy,Renewables and biofuels,Ireland,2017,15663.045
Gross available energy,Renewables and biofuels,Ireland,2018,17299.55
Gross available energy,Renewables and biofuels,Ireland,2019,19199.412
Gross available energy,Renewables and biofuels,Ireland,2020,21035.671
Gross available energy,Renewables and biofuels,Ireland,2021,19107.316
Gross available energy,Renewables and biofuels,Ireland,2022,21421.905
Gross available energy,Renewables and biofuels,Ireland,2023,23087.949
Gross available energy,Renewables and biofuels,Ireland,2024,24304.454
Gross available energy,Renewables and biofuels,Italy,2005,164061.132
Gross available energy,Renewables and biofuels,Italy,2006,178247.102
Gross available energy,Renewables and biofuels,Italy,2007,197081.928
Gross available energy,Renewables and biofuels,Italy,2008,229194.493
Gross available energy,Renewables and biofuels,Italy,2009,244538.86
Gross available energy,Renewables and biofuels,Italy,2010,254281.837
Gross available energy,Renewables and biofuels,Italy,2011,244530.67
Gross available energy,Renewables and biofuels,Italy,2012,277779.523
Gross available energy,Renewables and biofuels,Italy,2013,306690.385
Gross available energy,Renewables and biofuels,Italy,2014,308337.946
Gross available energy,Renewables and biofuels,Italy,2015,305505.034
Gross available energy,Renewables and biofuels,Italy,2016,302588.425
Gross available energy,Renewables and biofuels,Italy,2017,335189.332
Gross available energy,Renewables and biofuels,Italy,2018,340546.403
Gross available energy,Renewables and biofuels,Italy,2019,343226.049
Gross available energy,Renewables and biofuels,Italy,2020,341278.697
Gross available energy,Renewables and biofuels,Italy,2021,350293.561
Gross available energy,Renewables and biofuels,Italy,2022,320310.304
Gross available energy,Renewables and biofuels,Italy,2023,327638.35
Gross available energy,Renewables and biofuels,Italy,2024,346073.014
Gross available energy,Renewables and biofuels,Lithuania,2005,10247.444
Gross available energy,Renewables and biofuels,Lithuania,2006,10824.611
Gross available energy,Renewables and biofuels,Lithuania,2007,11211.444
Gross available energy,Renewables and biofuels,Lithuania,2008,11875.389
Gross available energy,Renewables and biofuels,Lithuania,2009,12234.722
Gross available energy,Renewables and biofuels,Lithuania,2010,12385.333
Gross available energy,Renewables and biofuels,Lithuania,2011,12288.278
Gross available energy,Renewables and biofuels,Lithuania,2012,13506.389
Gross available energy,Renewables and biofuels,Lithuania,2013,14098.722
Gross available energy,Renewables and biofuels,Lithuania,2014,14851.833
Gross available energy,Renewables and biofuels,Lithuania,2015,16502.222
Gross available energy,Renewables and biofuels,Lithuania,2016,17030.389
Gross available energy,Renewables and biofuels,Lithuania,2017,18298.589
Gross available energy,Renewables and biofuels,Lithuania,2018,18473.122
Gross available energy,Renewables and biofuels,Lithuania,2019,18481.483
Gross available energy,Renewables and biofuels,Lithuania,2020,19255.1
Gross available energy,Renewables and biofuels,Lithuania,2021,21798.644
Gross available energy,Renewables and biofuels,Lithuania,2022,20840.128
Gross available energy,Renewables and biofuels,Lithuania,2023,22932.544
Gross available energy,Renewables and biofuels,Lithuania,2024,26579.517
Gross available energy,Renewables and biofuels,Luxembourg,2005,829.341
Gross available energy,Renewables and biofuels,Luxembourg,2006,881.647
Gross available energy,Renewables and biofuels,Luxembourg,2007,1497.846
Gross available energy,Renewables and biofuels,Luxembourg,2008,1552.146
Gross available energy,Renewables and biofuels,Luxembourg,2009,1455.145
Gross available energy,Renewables and biofuels,Luxembourg,2010,1503.708
Gross available energy,Renewables and biofuels,Luxembourg,2011,1474.417
Gross available energy,Renewables and biofuels,Luxembourg,2012,1609.443
Gross available energy,Renewables and biofuels,Luxembourg,2013,1801.03
Gross available energy,Renewables and biofuels,Luxembourg,2014,2197.141
Gross available energy,Renewables and biofuels,Luxembourg,2015,2421.669
Gross available energy,Renewables and biofuels,Luxembourg,2016,2582.004
Gross available energy,Renewables and biofuels,Luxembourg,2017,3089.466
Gross available energy,Renewables and biofuels,Luxembourg,2018,3437.806
Gross available energy,Renewables and biofuels,Luxembourg,2019,3752.598
Gross available energy,Renewables and biofuels,Luxembourg,2020,4645.04
Gross available energy,Renewables and biofuels,Luxembourg,2021,4743.134
Gross available energy,Renewables and biofuels,Luxembourg,2022,4608.005
Gross available energy,Renewables and biofuels,Luxembourg,2023,4730.815
Gross available energy,Renewables and biofuels,Luxembourg,2024,5360.108
Gross available energy,Renewables and biofuels,Latvia,2005,17168.976
Gross available energy,Renewables and biofuels,Latvia,2006,16640.692
Gross available energy,Renewables and biofuels,Latvia,2007,16362.394
Gross available energy,Renewables and biofuels,Latvia,2008,16020.01
Gross available energy,Renewables and biofuels,Latvia,2009,18223.19
Gross available energy,Renewables and biofuels,Latvia,2010,16682.04
Gross available energy,Renewables and biofuels,Latvia,2011,16487.132
Gross available energy,Renewables and biofuels,Latvia,2012,19206.145
Gross available energy,Renewables and biofuels,Latvia,2013,18740.297
Gross available energy,Renewables and biofuels,Latvia,2014,18763.45
Gross available energy,Renewables and biofuels,Latvia,2015,17876.725
Gross available energy,Renewables and biofuels,Latvia,2016,18884.292
Gross available energy,Renewables and biofuels,Latvia,2017,22502.54
Gross available energy,Renewables and biofuels,Latvia,2018,21656.331
Gross available energy,Renewables and biofuels,Latvia,2019,21167.49
Gross available energy,Renewables and biofuels,Latvia,2020,21037.006
Gross available energy,Renewables and biofuels,Latvia,2021,22133.432
Gross available energy,Renewables and biofuels,Latvia,2022,22238.353
Gross available energy,Renewables and biofuels,Latvia,2023,22980.212
Gross available energy,Renewables and biofuels,Latvia,2024,23211.247
Gross available energy,Renewables and biofuels,Malta,2005,6.111
Gross available energy,Renewables and biofuels,Malta,2006,7.5
Gross available energy,Renewables and biofuels,Malta,2007,9.167
Gross available energy,Renewables and biofuels,Malta,2008,10.556
Gross available energy,Renewables and biofuels,Malta,2009,10.833
Gross available energy,Renewables and biofuels,Malta,2010,58.83
Gross available energy,Renewables and biofuels,Malta,2011,96.078
Gross available energy,Renewables and biofuels,Malta,2012,137.42
Gross available energy,Renewables and biofuels,Malta,2013,147.876
Gross available energy,Renewables and biofuels,Malta,2014,215.973
Gross available energy,Renewables and biofuels,Malta,2015,245.525
Gross available energy,Renewables and biofuels,Malta,2016,285.971
Gross available energy,Renewables and biofuels,Malta,2017,454.199
Gross available energy,Renewables and biofuels,Malta,2018,526.939
Gross available energy,Renewables and biofuels,Malta,2019,569.185
Gross available energy,Renewables and biofuels,Malta,2020,667.709
Gross available energy,Renewables and biofuels,Malta,2021,672.919
Gross available energy,Renewables and biofuels,Malta,2022,755.154
Gross available energy,Renewables and biofuels,Malta,2023,806.704
Gross available energy,Renewables and biofuels,Malta,2024,848.416
Gross available energy,Renewables and biofuels,Netherlands,2005,26405.639
Gross available energy,Renewables and biofuels,Netherlands,2006,28185.043
Gross available energy,Renewables and biofuels,Netherlands,2007,29488.651
Gross available energy,Renewables and biofuels,Netherlands,2008,34183.402
Gross available energy,Renewables and biofuels,Netherlands,2009,38518.194
Gross available energy,Renewables and biofuels,Netherlands,2010,38549.418
Gross available energy,Renewables and biofuels,Netherlands,2011,40878.192
Gross available energy,Renewables and biofuels,Netherlands,2012,42108.16
Gross available energy,Renewables and biofuels,Netherlands,2013,40907.987
Gross available energy,Renewables and biofuels,Netherlands,2014,40940.298
Gross available energy,Renewables and biofuels,Netherlands,2015,43375.795
Gross available energy,Renewables and biofuels,Netherlands,2016,44725.247
Gross available energy,Renewables and biofuels,Netherlands,2017,48947.53
Gross available energy,Renewables and biofuels,Netherlands,2018,54057.119
Gross available energy,Renewables and biofuels,Netherlands,2019,63810.532
Gross available energy,Renewables and biofuels,Netherlands,2020,81506.58
Gross available energy,Renewables and biofuels,Netherlands,2021,94451.803
Gross available energy,Renewables and biofuels,Netherlands,2022,104393.341
Gross available energy,Renewables and biofuels,Netherlands,2023,109416.68
Gross available energy,Renewables and biofuels,Netherlands,2024,118036.446
Gross available energy,Renewables and biofuels,Poland,2005,52178.16
Gross available energy,Renewables and biofuels,Poland,2006,54602.199
Gross available energy,Renewables and biofuels,Poland,2007,56100.156
Gross available energy,Renewables and biofuels,Poland,2008,64655.973
Gross available energy,Renewables and biofuels,Poland,2009,73029.636
Gross available energy,Renewables and biofuels,Poland,2010,85063.667
Gross available energy,Renewables and biofuels,Poland,2011,92953.477
Gross available energy,Renewables and biofuels,Poland,2012,100922.07
Gross available energy,Renewables and biofuels,Poland,2013,100658.689
Gross available energy,Renewables and biofuels,Poland,2014,101386.924
Gross available energy,Renewables and biofuels,Poland,2015,105869.207
Gross available energy,Renewables and biofuels,Poland,2016,103619.724
Gross available energy,Renewables and biofuels,Poland,2017,105218.913
Gross available energy,Renewables and biofuels,Poland,2018,142875.17
Gross available energy,Renewables and biofuels,Poland,2019,147723.892
Gross available energy,Renewables and biofuels,Poland,2020,150618.113
Gross available energy,Renewables and biofuels,Poland,2021,151960.119
Gross available energy,Renewables and biofuels,Poland,2022,156554.584
Gross available energy,Renewables and biofuels,Poland,2023,162807.576
Gross available energy,Renewables and biofuels,Poland,2024,171880.103
Gross available energy,Renewables and biofuels,Portugal,2005,40408.593
Gross available energy,Renewables and biofuels,Portugal,2006,48991.77
Gross available energy,Renewables and biofuels,Portugal,2007,52109.908
Gross available energy,Renewables and biofuels,Portugal,2008,50350.586
Gross available energy,Renewables and biofuels,Portugal,2009,55656.877
Gross available energy,Renewables and biofuels,Portugal,2010,63489.983
Gross available energy,Renewables and biofuels,Portugal,2011,59753.491
Gross available energy,Renewables and biofuels,Portugal,2012,50642.853
Gross available energy,Renewables and biofuels,Portugal,2013,61649.626
Gross available energy,Renewables and biofuels,Portugal,2014,71032.344
Gross available energy,Renewables and biofuels,Portugal,2015,64738.278
Gross available energy,Renewables and biofuels,Portugal,2016,72452.164
Gross available energy,Renewables and biofuels,Portugal,2017,63456.638
Gross available energy,Renewables and biofuels,Portugal,2018,71048.021
Gross available energy,Renewables and biofuels,Portugal,2019,70478.944
Gross available energy,Renewables and biofuels,Portugal,2020,74077.195
Gross available energy,Renewables and biofuels,Portugal,2021,77186.572
Gross available energy,Renewables and biofuels,Portugal,2022,75811.493
Gross available energy,Renewables and biofuels,Portugal,2023,82719.757
Gross available energy,Renewables and biofuels,Portugal,2024,89000.969
Gross available energy,Renewables and biofuels,Romania,2005,57456.247
Gross available energy,Renewables and biofuels,Romania,2006,55601.732
Gross available energy,Renewables and biofuels,Romania,2007,55216.753
Gross available energy,Renewables and biofuels,Romania,2008,62143.36
Gross available energy,Renewables and biofuels,Romania,2009,61273.069
Gross available energy,Renewables and biofuels,Romania,2010,68158.663
Gross available energy,Renewables and biofuels,Romania,2011,58933.883
Gross available energy,Renewables and biofuels,Romania,2012,60418.756
Gross available energy,Renewables and biofuels,Romania,2013,64557.658
Gross available energy,Renewables and biofuels,Romania,2014,71217.952
Gross available energy,Renewables and biofuels,Romania,2015,69467.385
Gross available energy,Renewables and biofuels,Romania,2016,72022.596
Gross available energy,Renewables and biofuels,Romania,2017,70267.682
Gross available energy,Renewables and biofuels,Romania,2018,70217.28
Gross available energy,Renewables and biofuels,Romania,2019,69926.994
Gross available energy,Renewables and biofuels,Romania,2020,69654.42
Gross available energy,Renewables and biofuels,Romania,2021,74388.441
Gross available energy,Renewables and biofuels,Romania,2022,69876.885
Gross available energy,Renewables and biofuels,Romania,2023,73072.079
Gross available energy,Renewables and biofuels,Romania,2024,69210.611
Gross available energy,Renewables and biofuels,Sweden,2005,169605.842
Gross available energy,Renewables and biofuels,Sweden,2006,164752.505
Gross available energy,Renewables and biofuels,Sweden,2007,173957.942
Gross available energy,Renewables and biofuels,Sweden,2008,178704.054
Gross available energy,Renewables and biofuels,Sweden,2009,181116.185
Gross available energy,Renewables and biofuels,Sweden,2010,194825.494
Gross available energy,Renewables and biofuels,Sweden,2011,204871.776
Gross available energy,Renewables and biofuels,Sweden,2012,230092.186
Gross available energy,Renewables and biofuels,Sweden,2013,213600.376
Gross available energy,Renewables and biofuels,Sweden,2014,215423.598
Gross available energy,Renewables and biofuels,Sweden,2015,237988.894
Gross available energy,Renewables and biofuels,Sweden,2016,230255.988
Gross available energy,Renewables and biofuels,Sweden,2017,245233.661
Gross available energy,Renewables and biofuels,Sweden,2018,234857.646
Gross available energy,Renewables and biofuels,Sweden,2019,248904.512
Gross available energy,Renewables and biofuels,Sweden,2020,262540.027
Gross available energy,Renewables and biofuels,Sweden,2021,278756.874
Gross available energy,Renewables and biofuels,Sweden,2022,276749.434
Gross available energy,Renewables and biofuels,Sweden,2023,274078.382
Gross available energy,Renewables and biofuels,Sweden,2024,265640.367
Gross available energy,Renewables and biofuels,Slovenia,2005,11800.088
Gross available energy,Renewables and biofuels,Slovenia,2006,11025.998
Gross available energy,Renewables and biofuels,Slovenia,2007,11543.974
Gross available energy,Renewables and biofuels,Slovenia,2008,12757.256
Gross available energy,Renewables and biofuels,Slovenia,2009,12996.506
Gross available energy,Renewables and biofuels,Slovenia,2010,13524.483
Gross available energy,Renewables and biofuels,Slovenia,2011,12556.799
Gross available energy,Renewables and biofuels,Slovenia,2012,12913.049
Gross available energy,Renewables and biofuels,Slovenia,2013,14173.37
Gross available energy,Renewables and biofuels,Slovenia,2014,14601.76
Gross available energy,Renewables and biofuels,Slovenia,2015,13014.846
Gross available energy,Renewables and biofuels,Slovenia,2016,13693.016
Gross available energy,Renewables and biofuels,Slovenia,2017,12964.684
Gross available energy,Renewables and biofuels,Slovenia,2018,13587.881
Gross available energy,Renewables and biofuels,Slovenia,2019,13516.541
Gross available energy,Renewables and biofuels,Slovenia,2020,13897.625
Gross available energy,Renewables and biofuels,Slovenia,2021,14659.225
Gross available energy,Renewables and biofuels,Slovenia,2022,12218.043
Gross available energy,Renewables and biofuels,Slovenia,2023,14529.494
Gross available energy,Renewables and biofuels,Slovenia,2024,14949.773
Gross available energy,Renewables and biofuels,Slovakia,2005,9403.474
Gross available energy,Renewables and biofuels,Slovakia,2006,9709.228
Gross available energy,Renewables and biofuels,Slovakia,2007,10963.954
Gross available energy,Renewables and biofuels,Slovakia,2008,10915.563
Gross available energy,Renewables and biofuels,Slovakia,2009,13154.311
Gross available energy,Renewables and biofuels,Slovakia,2010,23740.999
Gross available energy,Renewables and biofuels,Slovakia,2011,22817.906
Gross available energy,Renewables and biofuels,Slovakia,2012,24529.75
Gross available energy,Renewables and biofuels,Slovakia,2013,24481.443
Gross available energy,Renewables and biofuels,Slovakia,2014,20853.575
Gross available energy,Renewables and biofuels,Slovakia,2015,25137.222
Gross available energy,Renewables and biofuels,Slovakia,2016,25996.495
Gross available energy,Renewables and biofuels,Slovakia,2017,25904.67
Gross available energy,Renewables and biofuels,Slovakia,2018,24071.576
Gross available energy,Renewables and biofuels,Slovakia,2019,25560.549
Gross available energy,Renewables and biofuels,Slovakia,2020,24969.878
Gross available energy,Renewables and biofuels,Slovakia,2021,27040.336
Gross available energy,Renewables and biofuels,Slovakia,2022,25078.019
Gross available energy,Renewables and biofuels,Slovakia,2023,23901.563
Gross available energy,Renewables and biofuels,Slovakia,2024,23835.842
Gross available energy,Hydro,Austria,2005,37095.138
Gross available energy,Hydro,Austria,2006,35656.085
Gross available energy,Hydro,Austria,2007,37054.453
Gross available energy,Hydro,Austria,2008,38329.491
Gross available energy,Hydro,Austria,2009,40896.304
Gross available energy,Hydro,Austria,2010,38363.418
Gross available energy,Hydro,Austria,2011,34237.171
Gross available energy,Hydro,Austria,2012,43847.698
Gross available energy,Hydro,Austria,2013,42016.72
Gross available energy,Hydro,Austria,2014,41007.237
Gross available energy,Hydro,Austria,2015,37156.866
Gross available energy,Hydro,Austria,2016,39971.337
Gross available energy,Hydro,Austria,2017,38293.75
Gross available energy,Hydro,Austria,2018,37637.911
Gross available energy,Hydro,Austria,2019,40825.97
Gross available energy,Hydro,Austria,2020,41998.029
Gross available energy,Hydro,Austria,2021,38751.33
Gross available energy,Hydro,Austria,2022,34625.11
Gross available energy,Hydro,Austria,2023,40672.636
Gross available energy,Hydro,Austria,2024,45707.084
Gross available energy,Hydro,Belgium,2005,288.0
Gross available energy,Hydro,Belgium,2006,359.0
Gross available energy,Hydro,Belgium,2007,389.0
Gross available energy,Hydro,Belgium,2008,410.0
Gross available energy,Hydro,Belgium,2009,328.0
Gross available energy,Hydro,Belgium,2010,312.0
Gross available energy,Hydro,Belgium,2011,196.0
Gross available energy,Hydro,Belgium,2012,357.0
Gross available energy,Hydro,Belgium,2013,380.0
Gross available energy,Hydro,Belgium,2014,292.2
Gross available energy,Hydro,Belgium,2015,318.4
Gross available energy,Hydro,Belgium,2016,370.0
Gross available energy,Hydro,Belgium,2017,270.1
Gross available energy,Hydro,Belgium,2018,292.3
Gross available energy,Hydro,Belgium,2019,301.0
Gross available energy,Hydro,Belgium,2020,266.9
Gross available energy,Hydro,Belgium,2021,418.1
Gross available energy,Hydro,Belgium,2022,271.1
Gross available energy,Hydro,Belgium,2023,402.3
Gross available energy,Hydro,Belgium,2024,545.7
Gross available energy,Hydro,Bulgaria,2005,4297.428
Gross available energy,Hydro,Bulgaria,2006,4212.974
Gross available energy,Hydro,Bulgaria,2007,2829.847
Gross available energy,Hydro,Bulgaria,2008,2792.71
Gross available energy,Hydro,Bulgaria,2009,3431.712
Gross available energy,Hydro,Bulgaria,2010,5031.341
Gross available energy,Hydro,Bulgaria,2011,2871.581
Gross available energy,Hydro,Bulgaria,2012,3177.636
Gross available energy,Hydro,Bulgaria,2013,4036.138
Gross available energy,Hydro,Bulgaria,2014,4601.629
Gross available energy,Hydro,Bulgaria,2015,5654.542
Gross available energy,Hydro,Bulgaria,2016,3879.842
Gross available energy,Hydro,Bulgaria,2017,2828.103
Gross available energy,Hydro,Bulgaria,2018,5146.578
Gross available energy,Hydro,Bulgaria,2019,2929.499
Gross available energy,Hydro,Bulgaria,2020,2820.398
Gross available energy,Hydro,Bulgaria,2021,4819.205
Gross available energy,Hydro,Bulgaria,2022,3803.279
Gross available energy,Hydro,Bulgaria,2023,3080.132
Gross available energy,Hydro,Bulgaria,2024,2787.148
Gross available energy,Hydro,Cyprus,2005,0.0
Gross available energy,Hydro,Cyprus,2006,0.0
Gross available energy,Hydro,Cyprus,2007,0.0
Gross available energy,Hydro,Cyprus,2008,0.0
Gross available energy,Hydro,Cyprus,2009,0.0
Gross available energy,Hydro,Cyprus,2010,0.0
Gross available energy,Hydro,Cyprus,2011,0.0
Gross available energy,Hydro,Cyprus,2012,0.0
Gross available energy,Hydro,Cyprus,2013,0.0
Gross available energy,Hydro,Cyprus,2014,0.0
Gross available energy,Hydro,Cyprus,2015,0.0
Gross available energy,Hydro,Cyprus,2016,0.0
Gross available energy,Hydro,Cyprus,2017,0.0
Gross available energy,Hydro,Cyprus,2018,0.0
Gross available energy,Hydro,Cyprus,2019,0.0
Gross available energy,Hydro,Cyprus,2020,0.0
Gross available energy,Hydro,Cyprus,2021,0.0
Gross available energy,Hydro,Cyprus,2022,0.0
Gross available energy,Hydro,Cyprus,2023,0.0
Gross available energy,Hydro,Cyprus,2024,0.0
Gross available energy,Hydro,Czechia,2005,2379.91
Gross available energy,Hydro,Czechia,2006,2550.3
Gross available energy,Hydro,Czechia,2007,2089.409
Gross available energy,Hydro,Czechia,2008,2024.335
Gross available energy,Hydro,Czechia,2009,2429.607
Gross available energy,Hydro,Czechia,2010,2789.474
Gross available energy,Hydro,Czechia,2011,1963.016
Gross available energy,Hydro,Czechia,2012,2129.143
Gross available energy,Hydro,Czechia,2013,2734.507
Gross available energy,Hydro,Czechia,2014,1908.749
Gross available energy,Hydro,Czechia,2015,1794.769
Gross available energy,Hydro,Czechia,2016,2000.036
Gross available energy,Hydro,Czechia,2017,1869.464
Gross available energy,Hydro,Czechia,2018,1628.83
Gross available energy,Hydro,Czechia,2019,2008.029
Gross available energy,Hydro,Czechia,2020,2143.884
Gross available energy,Hydro,Czechia,2021,2408.52
Gross available energy,Hydro,Czechia,2022,2093.465
Gross available energy,Hydro,Czechia,2023,2362.978
Gross available energy,Hydro,Czechia,2024,2662.82
Gross available energy,Hydro,Germany,2005,19638.0
Gross available energy,Hydro,Germany,2006,20031.0
Gross available energy,Hydro,Germany,2007,21169.0
Gross available energy,Hydro,Germany,2008,20443.0
Gross available energy,Hydro,Germany,2009,19031.0
Gross available energy,Hydro,Germany,2010,20953.0
Gross available energy,Hydro,Germany,2011,17672.0
Gross available energy,Hydro,Germany,2012,21755.0
Gross available energy,Hydro,Germany,2013,22998.0
Gross available energy,Hydro,Germany,2014,19587.0
Gross available energy,Hydro,Germany,2015,18976.0
Gross available energy,Hydro,Germany,2016,20546.0
Gross available energy,Hydro,Germany,2017,20150.0
Gross available energy,Hydro,Germany,2018,17693.0
Gross available energy,Hydro,Germany,2019,19731.0
Gross available energy,Hydro,Germany,2020,18721.0
Gross available energy,Hydro,Germany,2021,19657.0
Gross available energy,Hydro,Germany,2022,17624.0
Gross available energy,Hydro,Germany,2023,21244.0
Gross available energy,Hydro,Germany,2024,23825.0
Gross available energy,Hydro,Denmark,2005,23.0
Gross available energy,Hydro,Denmark,2006,23.0
Gross available energy,Hydro,Denmark,2007,28.0
Gross available energy,Hydro,Denmark,2008,26.0
Gross available energy,Hydro,Denmark,2009,19.0
Gross available energy,Hydro,Denmark,2010,20.642
Gross available energy,Hydro,Denmark,2011,16.868
Gross available energy,Hydro,Denmark,2012,17.476
Gross available energy,Hydro,Denmark,2013,13.419
Gross available energy,Hydro,Denmark,2014,15.104
Gross available energy,Hydro,Denmark,2015,18.03
Gross available energy,Hydro,Denmark,2016,19.272
Gross available energy,Hydro,Denmark,2017,17.871
Gross available energy,Hydro,Denmark,2018,14.862
Gross available energy,Hydro,Denmark,2019,16.955
Gross available energy,Hydro,Denmark,2020,17.064
Gross available energy,Hydro,Denmark,2021,16.294
Gross available energy,Hydro,Denmark,2022,14.947
Gross available energy,Hydro,Denmark,2023,19.628
Gross available energy,Hydro,Denmark,2024,22.562
Gross available energy,Hydro,Estonia,2005,22.0
Gross available energy,Hydro,Estonia,2006,13.5
Gross available energy,Hydro,Estonia,2007,21.822
Gross available energy,Hydro,Estonia,2008,27.908
Gross available energy,Hydro,Estonia,2009,31.988
Gross available energy,Hydro,Estonia,2010,26.881
Gross available energy,Hydro,Estonia,2011,30.028
Gross available energy,Hydro,Estonia,2012,42.058
Gross available energy,Hydro,Estonia,2013,25.532
Gross available energy,Hydro,Estonia,2014,27.034
Gross available energy,Hydro,Estonia,2015,26.6
Gross available energy,Hydro,Estonia,2016,35.0
Gross available energy,Hydro,Estonia,2017,26.0
Gross available energy,Hydro,Estonia,2018,15.0
Gross available energy,Hydro,Estonia,2019,19.0
Gross available energy,Hydro,Estonia,2020,30.0
Gross available energy,Hydro,Estonia,2021,23.0
Gross available energy,Hydro,Estonia,2022,23.0
Gross available energy,Hydro,Estonia,2023,24.0
Gross available energy,Hydro,Estonia,2024,30.045
Gross available energy,Hydro,Greece,2005,5017.271
Gross available energy,Hydro,Greece,2006,5864.849
Gross available energy,Hydro,Greece,2007,2591.422
Gross available energy,Hydro,Greece,2008,3312.288
Gross available energy,Hydro,Greece,2009,5352.558
Gross available energy,Hydro,Greece,2010,7474.753
Gross available energy,Hydro,Greece,2011,4011.165
Gross available energy,Hydro,Greece,2012,4392.525
Gross available energy,Hydro,Greece,2013,6346.921
Gross available energy,Hydro,Greece,2014,4478.322
Gross available energy,Hydro,Greece,2015,6098.194
Gross available energy,Hydro,Greece,2016,5542.638
Gross available energy,Hydro,Greece,2017,3962.547
Gross available energy,Hydro,Greece,2018,5743.448
Gross available energy,Hydro,Greece,2019,3999.598
Gross available energy,Hydro,Greece,2020,3343.687
Gross available energy,Hydro,Greece,2021,5903.439
Gross available energy,Hydro,Greece,2022,3855.192
Gross available energy,Hydro,Greece,2023,3815.328
Gross available energy,Hydro,Greece,2024,3581.68
Gross available energy,Hydro,Spain,2005,18393.0
Gross available energy,Hydro,Spain,2006,25959.0
Gross available energy,Hydro,Spain,2007,27309.0
Gross available energy,Hydro,Spain,2008,23364.0
Gross available energy,Hydro,Spain,2009,26411.0
Gross available energy,Hydro,Spain,2010,42304.0
Gross available energy,Hydro,Spain,2011,30596.0
Gross available energy,Hydro,Spain,2012,20545.0
Gross available energy,Hydro,Spain,2013,36865.017
Gross available energy,Hydro,Spain,2014,39168.487
Gross available energy,Hydro,Spain,2015,28140.0
Gross available energy,Hydro,Spain,2016,36395.357
Gross available energy,Hydro,Spain,2017,18322.0
Gross available energy,Hydro,Spain,2018,34334.0
Gross available energy,Hydro,Spain,2019,24646.0
Gross available energy,Hydro,Spain,2020,30507.0
Gross available energy,Hydro,Spain,2021,29626.0
Gross available energy,Hydro,Spain,2022,17590.0
Gross available energy,Hydro,Spain,2023,24996.0
Gross available energy,Hydro,Spain,2024,34414.726
Gross available energy,Hydro,Finland,2005,13784.0
Gross available energy,Hydro,Finland,2006,11493.691
Gross available energy,Hydro,Finland,2007,14177.206
Gross available energy,Hydro,Finland,2008,17112.132
Gross available energy,Hydro,Finland,2009,12686.03
Gross available energy,Hydro,Finland,2010,12921.994
Gross available energy,Hydro,Finland,2011,12445.039
Gross available energy,Hydro,Finland,2012,16859.128
Gross available energy,Hydro,Finland,2013,12838.601
Gross available energy,Hydro,Finland,2014,13397.044
Gross available energy,Hydro,Finland,2015,16768.698
Gross available energy,Hydro,Finland,2016,15799.127
Gross available energy,Hydro,Finland,2017,14771.469
Gross available energy,Hydro,Finland,2018,13301.104
Gross available energy,Hydro,Finland,2019,12420.475
Gross available energy,Hydro,Finland,2020,15883.341
Gross available energy,Hydro,Finland,2021,15791.129
Gross available energy,Hydro,Finland,2022,13491.76
Gross available energy,Hydro,Finland,2023,15200.385
Gross available energy,Hydro,Finland,2024,14299.241
Gross available energy,Hydro,France,2005,50139.149
Gross available energy,Hydro,France,2006,54877.946
Gross available energy,Hydro,France,2007,55989.95
Gross available energy,Hydro,France,2008,62158.522
Gross available energy,Hydro,France,2009,55494.548
Gross available energy,Hydro,France,2010,61202.19
Gross available energy,Hydro,France,2011,45743.862
Gross available energy,Hydro,France,2012,59830.634
Gross available energy,Hydro,France,2013,71920.432
Gross available energy,Hydro,France,2014,63772.627
Gross available energy,Hydro,France,2015,55556.272
Gross available energy,Hydro,France,2016,60839.21
Gross available energy,Hydro,France,2017,50001.257
Gross available energy,Hydro,France,2018,65111.426
Gross available energy,Hydro,France,2019,56913.549
Gross available energy,Hydro,France,2020,62523.508
Gross available energy,Hydro,France,2021,59537.246
Gross available energy,Hydro,France,2022,45555.248
Gross available energy,Hydro,France,2023,55895.181
Gross available energy,Hydro,France,2024,71115.895
Gross available energy,Hydro,Croatia,2005,7035.5
Gross available energy,Hydro,Croatia,2006,6617.0
Gross available energy,Hydro,Croatia,2007,4699.8
Gross available energy,Hydro,Croatia,2008,5780.0
Gross available energy,Hydro,Croatia,2009,7408.401
Gross available energy,Hydro,Croatia,2010,9126.203
Gross available energy,Hydro,Croatia,2011,5031.887
Gross available energy,Hydro,Croatia,2012,4836.9
Gross available energy,Hydro,Croatia,2013,8621.7
Gross available energy,Hydro,Croatia,2014,9006.12
Gross available energy,Hydro,Croatia,2015,6390.636
Gross available energy,Hydro,Croatia,2016,6852.099
Gross available energy,Hydro,Croatia,2017,5307.4
Gross available energy,Hydro,Croatia,2018,7700.9
Gross available energy,Hydro,Croatia,2019,5826.1
Gross available energy,Hydro,Croatia,2020,5662.4
Gross available energy,Hydro,Croatia,2021,7127.7
Gross available energy,Hydro,Croatia,2022,5459.7
Gross available energy,Hydro,Croatia,2023,8160.5
Gross available energy,Hydro,Croatia,2024,6727.0
Gross available energy,Hydro,Hungary,2005,202.153
Gross available energy,Hydro,Hungary,2006,185.746
Gross available energy,Hydro,Hungary,2007,209.993
Gross available energy,Hydro,Hungary,2008,212.951
Gross available energy,Hydro,Hungary,2009,228.285
Gross available energy,Hydro,Hungary,2010,188.384
Gross available energy,Hydro,Hungary,2011,222.03
Gross available energy,Hydro,Hungary,2012,212.939
Gross available energy,Hydro,Hungary,2013,213.125
Gross available energy,Hydro,Hungary,2014,301.477
Gross available energy,Hydro,Hungary,2015,233.711
Gross available energy,Hydro,Hungary,2016,259.315
Gross available energy,Hydro,Hungary,2017,220.0
Gross available energy,Hydro,Hungary,2018,222.0
Gross available energy,Hydro,Hungary,2019,219.0
Gross available energy,Hydro,Hungary,2020,244.0
Gross available energy,Hydro,Hungary,2021,212.0
Gross available energy,Hydro,Hungary,2022,178.0
Gross available energy,Hydro,Hungary,2023,222.0
Gross available energy,Hydro,Hungary,2024,231.0
Gross available energy,Hydro,Ireland,2005,631.26
Gross available energy,Hydro,Ireland,2006,724.273
Gross available energy,Hydro,Ireland,2007,666.576
Gross available energy,Hydro,Ireland,2008,968.323
Gross available energy,Hydro,Ireland,2009,901.734
Gross available energy,Hydro,Ireland,2010,599.231
Gross available energy,Hydro,Ireland,2011,706.687
Gross available energy,Hydro,Ireland,2012,802.349
Gross available energy,Hydro,Ireland,2013,599.497
Gross available energy,Hydro,Ireland,2014,708.654
Gross available energy,Hydro,Ireland,2015,806.49
Gross available energy,Hydro,Ireland,2016,681.025
Gross available energy,Hydro,Ireland,2017,691.603
Gross available energy,Hydro,Ireland,2018,694.09
Gross available energy,Hydro,Ireland,2019,886.584
Gross available energy,Hydro,Ireland,2020,932.655
Gross available energy,Hydro,Ireland,2021,749.42
Gross available energy,Hydro,Ireland,2022,701.202
Gross available energy,Hydro,Ireland,2023,942.751
Gross available energy,Hydro,Ireland,2024,766.112
Gross available energy,Hydro,Italy,2005,36066.733
Gross available energy,Hydro,Italy,2006,36994.311
Gross available energy,Hydro,Italy,2007,32815.227
Gross available energy,Hydro,Italy,2008,41622.96
Gross available energy,Hydro,Italy,2009,49137.482
Gross available energy,Hydro,Italy,2010,51116.764
Gross available energy,Hydro,Italy,2011,45822.721
Gross available energy,Hydro,Italy,2012,41874.893
Gross available energy,Hydro,Italy,2013,52773.395
Gross available energy,Hydro,Italy,2014,58545.441
Gross available energy,Hydro,Italy,2015,45537.324
Gross available energy,Hydro,Italy,2016,42431.756
Gross available energy,Hydro,Italy,2017,36198.71
Gross available energy,Hydro,Italy,2018,48786.414
Gross available energy,Hydro,Italy,2019,46318.533
Gross available energy,Hydro,Italy,2020,47551.784
Gross available energy,Hydro,Italy,2021,45388.164
Gross available energy,Hydro,Italy,2022,28397.575
Gross available energy,Hydro,Italy,2023,40517.259
Gross available energy,Hydro,Italy,2024,53130.8
Gross available energy,Hydro,Lithuania,2005,451.0
Gross available energy,Hydro,Lithuania,2006,397.0
Gross available energy,Hydro,Lithuania,2007,421.0
Gross available energy,Hydro,Lithuania,2008,402.0
Gross available energy,Hydro,Lithuania,2009,424.0
Gross available energy,Hydro,Lithuania,2010,540.0
Gross available energy,Hydro,Lithuania,2011,480.0
Gross available energy,Hydro,Lithuania,2012,423.0
Gross available energy,Hydro,Lithuania,2013,521.0
Gross available energy,Hydro,Lithuania,2014,399.0
Gross available energy,Hydro,Lithuania,2015,349.0
Gross available energy,Hydro,Lithuania,2016,454.0
Gross available energy,Hydro,Lithuania,2017,602.4
Gross available energy,Hydro,Lithuania,2018,431.0
Gross available energy,Hydro,Lithuania,2019,345.4
Gross available energy,Hydro,Lithuania,2020,300.6
Gross available energy,Hydro,Lithuania,2021,383.7
Gross available energy,Hydro,Lithuania,2022,464.4
Gross available energy,Hydro,Lithuania,2023,450.2
Gross available energy,Hydro,Lithuania,2024,436.5
Gross available energy,Hydro,Luxembourg,2005,92.939
Gross available energy,Hydro,Luxembourg,2006,111.312
Gross available energy,Hydro,Luxembourg,2007,116.702
Gross available energy,Hydro,Luxembourg,2008,132.114
Gross available energy,Hydro,Luxembourg,2009,105.839
Gross available energy,Hydro,Luxembourg,2010,107.661
Gross available energy,Hydro,Luxembourg,2011,63.0
Gross available energy,Hydro,Luxembourg,2012,98.302
Gross available energy,Hydro,Luxembourg,2013,119.195
Gross available energy,Hydro,Luxembourg,2014,107.788
Gross available energy,Hydro,Luxembourg,2015,99.253
Gross available energy,Hydro,Luxembourg,2016,115.411
Gross available energy,Hydro,Luxembourg,2017,85.649
Gross available energy,Hydro,Luxembourg,2018,92.778
Gross available energy,Hydro,Luxembourg,2019,106.915
Gross available energy,Hydro,Luxembourg,2020,91.602
Gross available energy,Hydro,Luxembourg,2021,106.812
Gross available energy,Hydro,Luxembourg,2022,64.091
Gross available energy,Hydro,Luxembourg,2023,89.616
Gross available energy,Hydro,Luxembourg,2024,105.181
Gross available energy,Hydro,Latvia,2005,3325.289
Gross available energy,Hydro,Latvia,2006,2698.324
Gross available energy,Hydro,Latvia,2007,2733.395
Gross available energy,Hydro,Latvia,2008,3109.038
Gross available energy,Hydro,Latvia,2009,3457.102
Gross available energy,Hydro,Latvia,2010,3520.506
Gross available energy,Hydro,Latvia,2011,2886.968
Gross available energy,Hydro,Latvia,2012,3706.957
Gross available energy,Hydro,Latvia,2013,2912.008
Gross available energy,Hydro,Latvia,2014,1993.639
Gross available energy,Hydro,Latvia,2015,1860.355
Gross available energy,Hydro,Latvia,2016,2529.521
Gross available energy,Hydro,Latvia,2017,4380.62
Gross available energy,Hydro,Latvia,2018,2431.569
Gross available energy,Hydro,Latvia,2019,2107.554
Gross available energy,Hydro,Latvia,2020,2603.042
Gross available energy,Hydro,Latvia,2021,2707.796
Gross available energy,Hydro,Latvia,2022,2749.823
Gross available energy,Hydro,Latvia,2023,3794.456
Gross available energy,Hydro,Latvia,2024,3208.793
Gross available energy,Hydro,Malta,2005,0.0
Gross available energy,Hydro,Malta,2006,0.0
Gross available energy,Hydro,Malta,2007,0.0
Gross available energy,Hydro,Malta,2008,0.0
Gross available energy,Hydro,Malta,2009,0.0
Gross available energy,Hydro,Malta,2010,0.0
Gross available energy,Hydro,Malta,2011,0.0
Gross available energy,Hydro,Malta,2012,0.0
Gross available energy,Hydro,Malta,2013,0.0
Gross available energy,Hydro,Malta,2014,0.0
Gross available energy,Hydro,Malta,2015,0.0
Gross available energy,Hydro,Malta,2016,0.0
Gross available energy,Hydro,Malta,2017,0.0
Gross available energy,Hydro,Malta,2018,0.0
Gross available energy,Hydro,Malta,2019,0.0
Gross available energy,Hydro,Malta,2020,0.0
Gross available energy,Hydro,Malta,2021,0.0
Gross available energy,Hydro,Malta,2022,0.0
Gross available energy,Hydro,Malta,2023,0.0
Gross available energy,Hydro,Malta,2024,0.0
Gross available energy,Hydro,Netherlands,2005,88.0
Gross available energy,Hydro,Netherlands,2006,106.0
Gross available energy,Hydro,Netherlands,2007,107.0
Gross available energy,Hydro,Netherlands,2008,102.0
Gross available energy,Hydro,Netherlands,2009,98.0
Gross available energy,Hydro,Netherlands,2010,105.0
Gross available energy,Hydro,Netherlands,2011,57.0
Gross available energy,Hydro,Netherlands,2012,104.388
Gross available energy,Hydro,Netherlands,2013,114.312
Gross available energy,Hydro,Netherlands,2014,112.2
Gross available energy,Hydro,Netherlands,2015,92.7
Gross available energy,Hydro,Netherlands,2016,100.079
Gross available energy,Hydro,Netherlands,2017,60.757
Gross available energy,Hydro,Netherlands,2018,72.348
Gross available energy,Hydro,Netherlands,2019,74.182
Gross available energy,Hydro,Netherlands,2020,46.066
Gross available energy,Hydro,Netherlands,2021,88.24
Gross available energy,Hydro,Netherlands,2022,49.998
Gross available energy,Hydro,Netherlands,2023,69.369
Gross available energy,Hydro,Netherlands,2024,85.391
Gross available energy,Hydro,Poland,2005,2200.885
Gross available energy,Hydro,Poland,2006,2042.085
Gross available energy,Hydro,Poland,2007,2352.138
Gross available energy,Hydro,Poland,2008,2152.16
Gross available energy,Hydro,Poland,2009,2375.131
Gross available energy,Hydro,Poland,2010,2919.942
Gross available energy,Hydro,Poland,2011,2331.379
Gross available energy,Hydro,Poland,2012,2036.754
Gross available energy,Hydro,Poland,2013,2438.873
Gross available energy,Hydro,Poland,2014,2182.45
Gross available energy,Hydro,Poland,2015,1832.196
Gross available energy,Hydro,Poland,2016,2139.446
Gross available energy,Hydro,Poland,2017,2559.581
Gross available energy,Hydro,Poland,2018,1969.997
Gross available energy,Hydro,Poland,2019,1958.416
Gross available energy,Hydro,Poland,2020,2118.337
Gross available energy,Hydro,Poland,2021,2339.182
Gross available energy,Hydro,Poland,2022,1968.187
Gross available energy,Hydro,Poland,2023,2409.511
Gross available energy,Hydro,Poland,2024,2114.529
Gross available energy,Hydro,Portugal,2005,4730.663
Gross available energy,Hydro,Portugal,2006,11002.179
Gross available energy,Hydro,Portugal,2007,10091.972
Gross available energy,Hydro,Portugal,2008,6799.047
Gross available energy,Hydro,Portugal,2009,8284.267
Gross available energy,Hydro,Portugal,2010,16147.897
Gross available energy,Hydro,Portugal,2011,11539.213
Gross available energy,Hydro,Portugal,2012,5622.715
Gross available energy,Hydro,Portugal,2013,13730.418
Gross available energy,Hydro,Portugal,2014,15568.913
Gross available energy,Hydro,Portugal,2015,8660.506
Gross available energy,Hydro,Portugal,2016,15723.323
Gross available energy,Hydro,Portugal,2017,5896.883
Gross available energy,Hydro,Portugal,2018,12393.349
Gross available energy,Hydro,Portugal,2019,8817.714
Gross available energy,Hydro,Portugal,2020,12082.581
Gross available energy,Hydro,Portugal,2021,11907.543
Gross available energy,Hydro,Portugal,2022,6536.022
Gross available energy,Hydro,Portugal,2023,12039.301
Gross available energy,Hydro,Portugal,2024,14892.597
Gross available energy,Hydro,Romania,2005,20206.853
Gross available energy,Hydro,Romania,2006,18355.343
Gross available energy,Hydro,Romania,2007,15965.963
Gross available energy,Hydro,Romania,2008,17195.75
Gross available energy,Hydro,Romania,2009,15533.516
Gross available energy,Hydro,Romania,2010,19882.884
Gross available energy,Hydro,Romania,2011,14727.658
Gross available energy,Hydro,Romania,2012,12066.294
Gross available energy,Hydro,Romania,2013,14956.214
Gross available energy,Hydro,Romania,2014,18804.575
Gross available energy,Hydro,Romania,2015,16632.077
Gross available energy,Hydro,Romania,2016,18028.207
Gross available energy,Hydro,Romania,2017,14494.457
Gross available energy,Hydro,Romania,2018,17664.206
Gross available energy,Hydro,Romania,2019,15580.622
Gross available energy,Hydro,Romania,2020,15381.243
Gross available energy,Hydro,Romania,2021,17411.941
Gross available energy,Hydro,Romania,2022,13976.673
Gross available energy,Hydro,Romania,2023,18137.022
Gross available energy,Hydro,Romania,2024,14192.604
Gross available energy,Hydro,Sweden,2005,72803.0
Gross available energy,Hydro,Sweden,2006,61722.206
Gross available energy,Hydro,Sweden,2007,66158.923
Gross available energy,Hydro,Sweden,2008,69069.322
Gross available energy,Hydro,Sweden,2009,65851.684
Gross available energy,Hydro,Sweden,2010,66397.788
Gross available energy,Hydro,Sweden,2011,66434.0
Gross available energy,Hydro,Sweden,2012,78932.0
Gross available energy,Hydro,Sweden,2013,61360.863
Gross available energy,Hydro,Sweden,2014,63762.967
Gross available energy,Hydro,Sweden,2015,75312.482
Gross available energy,Hydro,Sweden,2016,62017.56
Gross available energy,Hydro,Sweden,2017,65143.0
Gross available energy,Hydro,Sweden,2018,62210.0
Gross available energy,Hydro,Sweden,2019,65371.0
Gross available energy,Hydro,Sweden,2020,72389.0
Gross available energy,Hydro,Sweden,2021,73885.0
Gross available energy,Hydro,Sweden,2022,69871.0
Gross available energy,Hydro,Sweden,2023,66187.0
Gross available energy,Hydro,Sweden,2024,64615.0
Gross available energy,Hydro,Slovenia,2005,3460.965
Gross available energy,Hydro,Slovenia,2006,3590.917
Gross available energy,Hydro,Slovenia,2007,3265.976
Gross available energy,Hydro,Slovenia,2008,4017.863
Gross available energy,Hydro,Slovenia,2009,4714.589
Gross available energy,Hydro,Slovenia,2010,4517.955
Gross available energy,Hydro,Slovenia,2011,3561.916
Gross available energy,Hydro,Slovenia,2012,3898.866
Gross available energy,Hydro,Slovenia,2013,4629.432
Gross available energy,Hydro,Slovenia,2014,6091.554
Gross available energy,Hydro,Slovenia,2015,3807.104
Gross available energy,Hydro,Slovenia,2016,4503.277
Gross available energy,Hydro,Slovenia,2017,3868.344
Gross available energy,Hydro,Slovenia,2018,4704.32
Gross available energy,Hydro,Slovenia,2019,4479.396
Gross available energy,Hydro,Slovenia,2020,4934.06
Gross available energy,Hydro,Slovenia,2021,4712.511
Gross available energy,Hydro,Slovenia,2022,3148.507
Gross available energy,Hydro,Slovenia,2023,5020.766
Gross available energy,Hydro,Slovenia,2024,5335.883
Gross available energy,Hydro,Slovakia,2005,4638.0
Gross available energy,Hydro,Slovakia,2006,4399.0
Gross available energy,Hydro,Slovakia,2007,4451.0
Gross available energy,Hydro,Slovakia,2008,4039.332
Gross available energy,Hydro,Slovakia,2009,4367.561
Gross available energy,Hydro,Slovakia,2010,5255.0
Gross available energy,Hydro,Slovakia,2011,3778.187
Gross available energy,Hydro,Slovakia,2012,4103.0
Gross available energy,Hydro,Slovakia,2013,4848.0
Gross available energy,Hydro,Slovakia,2014,4209.0
Gross available energy,Hydro,Slovakia,2015,3866.0
Gross available energy,Hydro,Slovakia,2016,4359.0
Gross available energy,Hydro,Slovakia,2017,4324.0
Gross available energy,Hydro,Slovakia,2018,3590.0
Gross available energy,Hydro,Slovakia,2019,4356.0
Gross available energy,Hydro,Slovakia,2020,4517.0
Gross available energy,Hydro,Slovakia,2021,4258.0
Gross available energy,Hydro,Slovakia,2022,3678.0
Gross available energy,Hydro,Slovakia,2023,4686.0
Gross available energy,Hydro,Slovakia,2024,4826.0
Gross available energy,Wind,Austria,2005,1331.277
Gross available energy,Wind,Austria,2006,1752.793
Gross available energy,Wind,Austria,2007,2037.185
Gross available energy,Wind,Austria,2008,2011.257
Gross available energy,Wind,Austria,2009,1954.04
Gross available energy,Wind,Austria,2010,2063.914
Gross available energy,Wind,Austria,2011,1936.196
Gross available energy,Wind,Austria,2012,2462.864
Gross available energy,Wind,Austria,2013,3152.433
Gross available energy,Wind,Austria,2014,3845.675
Gross available energy,Wind,Austria,2015,4840.321
Gross available energy,Wind,Austria,2016,5234.838
Gross available energy,Wind,Austria,2017,6571.511
Gross available energy,Wind,Austria,2018,6030.429
Gross available energy,Wind,Austria,2019,7450.076
Gross available energy,Wind,Austria,2020,6791.53
Gross available energy,Wind,Austria,2021,6740.042
Gross available energy,Wind,Austria,2022,7241.65
Gross available energy,Wind,Austria,2023,8036.705
Gross available energy,Wind,Austria,2024,9257.422
Gross available energy,Wind,Belgium,2005,227.0
Gross available energy,Wind,Belgium,2006,366.0
Gross available energy,Wind,Belgium,2007,491.0
Gross available energy,Wind,Belgium,2008,637.0
Gross available energy,Wind,Belgium,2009,996.0
Gross available energy,Wind,Belgium,2010,1295.9
Gross available energy,Wind,Belgium,2011,2318.5
Gross available energy,Wind,Belgium,2012,2759.3
Gross available energy,Wind,Belgium,2013,3665.0
Gross available energy,Wind,Belgium,2014,4615.3
Gross available energy,Wind,Belgium,2015,5574.0
Gross available energy,Wind,Belgium,2016,5419.5
Gross available energy,Wind,Belgium,2017,6520.7
Gross available energy,Wind,Belgium,2018,7574.1
Gross available energy,Wind,Belgium,2019,9755.4
Gross available energy,Wind,Belgium,2020,12818.6
Gross available energy,Wind,Belgium,2021,11997.6
Gross available energy,Wind,Belgium,2022,12352.6
Gross available energy,Wind,Belgium,2023,15443.9
Gross available energy,Wind,Belgium,2024,13824.5
Gross available energy,Wind,Bulgaria,2005,4.587
Gross available energy,Wind,Bulgaria,2006,20.047
Gross available energy,Wind,Bulgaria,2007,46.802
Gross available energy,Wind,Bulgaria,2008,121.758
Gross available energy,Wind,Bulgaria,2009,237.009
Gross available energy,Wind,Bulgaria,2010,681.369
Gross available energy,Wind,Bulgaria,2011,861.095
Gross available energy,Wind,Bulgaria,2012,1220.898
Gross available energy,Wind,Bulgaria,2013,1373.512
Gross available energy,Wind,Bulgaria,2014,1330.577
Gross available energy,Wind,Bulgaria,2015,1451.511
Gross available energy,Wind,Bulgaria,2016,1424.97
Gross available energy,Wind,Bulgaria,2017,1504.064
Gross available energy,Wind,Bulgaria,2018,1318.123
Gross available energy,Wind,Bulgaria,2019,1316.988
Gross available energy,Wind,Bulgaria,2020,1477.131
Gross available energy,Wind,Bulgaria,2021,1433.561
Gross available energy,Wind,Bulgaria,2022,1499.125
Gross available energy,Wind,Bulgaria,2023,1583.852
Gross available energy,Wind,Bulgaria,2024,1377.086
Gross available energy,Wind,Cyprus,2005,0.355
Gross available energy,Wind,Cyprus,2006,0.355
Gross available energy,Wind,Cyprus,2007,0.355
Gross available energy,Wind,Cyprus,2008,0.355
Gross available energy,Wind,Cyprus,2009,0.355
Gross available energy,Wind,Cyprus,2010,31.725
Gross available energy,Wind,Cyprus,2011,114.665
Gross available energy,Wind,Cyprus,2012,185.478
Gross available energy,Wind,Cyprus,2013,231.04
Gross available energy,Wind,Cyprus,2014,182.85
Gross available energy,Wind,Cyprus,2015,221.857
Gross available energy,Wind,Cyprus,2016,226.701
Gross available energy,Wind,Cyprus,2017,211.448
Gross available energy,Wind,Cyprus,2018,221.04
Gross available energy,Wind,Cyprus,2019,238.565
Gross available energy,Wind,Cyprus,2020,240.408
Gross available energy,Wind,Cyprus,2021,246.478
Gross available energy,Wind,Cyprus,2022,224.266
Gross available energy,Wind,Cyprus,2023,208.477
Gross available energy,Wind,Cyprus,2024,202.649
Gross available energy,Wind,Czechia,2005,21.28
Gross available energy,Wind,Czechia,2006,49.4
Gross available energy,Wind,Czechia,2007,125.1
Gross available energy,Wind,Czechia,2008,244.661
Gross available energy,Wind,Czechia,2009,288.067
Gross available energy,Wind,Czechia,2010,335.493
Gross available energy,Wind,Czechia,2011,397.003
Gross available energy,Wind,Czechia,2012,415.817
Gross available energy,Wind,Czechia,2013,480.519
Gross available energy,Wind,Czechia,2014,476.544
Gross available energy,Wind,Czechia,2015,572.612
Gross available energy,Wind,Czechia,2016,496.957
Gross available energy,Wind,Czechia,2017,591.038
Gross available energy,Wind,Czechia,2018,609.33
Gross available energy,Wind,Czechia,2019,700.014
Gross available energy,Wind,Czechia,2020,699.083
Gross available energy,Wind,Czechia,2021,601.534
Gross available energy,Wind,Czechia,2022,641.331
Gross available energy,Wind,Czechia,2023,701.641
Gross available energy,Wind,Czechia,2024,716.81
Gross available energy,Wind,Germany,2005,27774.0
Gross available energy,Wind,Germany,2006,31324.0
Gross available energy,Wind,Germany,2007,40507.0
Gross available energy,Wind,Germany,2008,41385.0
Gross available energy,Wind,Germany,2009,39420.0
Gross available energy,Wind,Germany,2010,38547.0
Gross available energy,Wind,Germany,2011,49858.0
Gross available energy,Wind,Germany,2012,51680.0
Gross available energy,Wind,Germany,2013,52737.0
Gross available energy,Wind,Germany,2014,58497.0
Gross available energy,Wind,Germany,2015,80624.0
Gross available energy,Wind,Germany,2016,79924.0
Gross available energy,Wind,Germany,2017,105693.0
Gross available energy,Wind,Germany,2018,109951.0
Gross available energy,Wind,Germany,2019,125894.0
Gross available energy,Wind,Germany,2020,132102.0
Gross available energy,Wind,Germany,2021,114169.0
Gross available energy,Wind,Germany,2022,124816.0
Gross available energy,Wind,Germany,2023,141764.0
Gross available energy,Wind,Germany,2024,138914.0
Gross available energy,Wind,Denmark,2005,6614.0
Gross available energy,Wind,Denmark,2006,6108.0
Gross available energy,Wind,Denmark,2007,7171.0
Gross available energy,Wind,Denmark,2008,6928.0
Gross available energy,Wind,Denmark,2009,6721.0
Gross available energy,Wind,Denmark,2010,7809.422
Gross available energy,Wind,Denmark,2011,9774.184
Gross available energy,Wind,Denmark,2012,10269.94
Gross available energy,Wind,Denmark,2013,11123.273
Gross available energy,Wind,Denmark,2014,13078.504
Gross available energy,Wind,Denmark,2015,14133.092
Gross available energy,Wind,Denmark,2016,12781.731
Gross available energy,Wind,Denmark,2017,14780.0
Gross available energy,Wind,Denmark,2018,13901.955
Gross available energy,Wind,Denmark,2019,16149.833
Gross available energy,Wind,Denmark,2020,16330.214
Gross available energy,Wind,Denmark,2021,16054.467
Gross available energy,Wind,Denmark,2022,19048.16
Gross available energy,Wind,Denmark,2023,19434.295
Gross available energy,Wind,Denmark,2024,20552.836
Gross available energy,Wind,Estonia,2005,54.0
Gross available energy,Wind,Estonia,2006,76.299
Gross available energy,Wind,Estonia,2007,90.783
Gross available energy,Wind,Estonia,2008,133.453
Gross available energy,Wind,Estonia,2009,195.553
Gross available energy,Wind,Estonia,2010,276.992
Gross available energy,Wind,Estonia,2011,368.659
Gross available energy,Wind,Estonia,2012,433.517
Gross available energy,Wind,Estonia,2013,529.039
Gross available energy,Wind,Estonia,2014,603.68
Gross available energy,Wind,Estonia,2015,715.0
Gross available energy,Wind,Estonia,2016,594.0
Gross available energy,Wind,Estonia,2017,723.0
Gross available energy,Wind,Estonia,2018,636.0
Gross available energy,Wind,Estonia,2019,687.0
Gross available energy,Wind,Estonia,2020,844.0
Gross available energy,Wind,Estonia,2021,733.0
Gross available energy,Wind,Estonia,2022,668.0
Gross available energy,Wind,Estonia,2023,683.0
Gross available energy,Wind,Estonia,2024,1166.079
Gross available energy,Wind,Greece,2005,1266.452
Gross available energy,Wind,Greece,2006,1699.353
Gross available energy,Wind,Greece,2007,1818.0
Gross available energy,Wind,Greece,2008,2242.0
Gross available energy,Wind,Greece,2009,2543.0
Gross available energy,Wind,Greece,2010,2713.937
Gross available energy,Wind,Greece,2011,3315.227
Gross available energy,Wind,Greece,2012,3850.157
Gross available energy,Wind,Greece,2013,4139.136
Gross available energy,Wind,Greece,2014,3688.575
Gross available energy,Wind,Greece,2015,4621.019
Gross available energy,Wind,Greece,2016,5145.896
Gross available energy,Wind,Greece,2017,5536.987
Gross available energy,Wind,Greece,2018,6300.259
Gross available energy,Wind,Greece,2019,7266.347
Gross available energy,Wind,Greece,2020,9310.104
Gross available energy,Wind,Greece,2021,10482.981
Gross available energy,Wind,Greece,2022,10883.25
Gross available energy,Wind,Greece,2023,11021.764
Gross available energy,Wind,Greece,2024,12136.202
Gross available energy,Wind,Spain,2005,21176.0
Gross available energy,Wind,Spain,2006,23297.0
Gross available energy,Wind,Spain,2007,27568.0
Gross available energy,Wind,Spain,2008,32946.0
Gross available energy,Wind,Spain,2009,38117.0
Gross available energy,Wind,Spain,2010,44271.0
Gross available energy,Wind,Spain,2011,42918.0
Gross available energy,Wind,Spain,2012,49472.0
Gross available energy,Wind,Spain,2013,55646.0
Gross available energy,Wind,Spain,2014,52013.0
Gross available energy,Wind,Spain,2015,49325.0
Gross available energy,Wind,Spain,2016,48905.0
Gross available energy,Wind,Spain,2017,49127.0
Gross available energy,Wind,Spain,2018,50896.0
Gross available energy,Wind,Spain,2019,55647.0
Gross available energy,Wind,Spain,2020,56444.0
Gross available energy,Wind,Spain,2021,62061.0
Gross available energy,Wind,Spain,2022,62784.0
Gross available energy,Wind,Spain,2023,64275.0
Gross available energy,Wind,Spain,2024,62089.787
Gross available energy,Wind,Finland,2005,169.942
Gross available energy,Wind,Finland,2006,155.641
Gross available energy,Wind,Finland,2007,188.408
Gross available energy,Wind,Finland,2008,260.52
Gross available energy,Wind,Finland,2009,276.624
Gross available energy,Wind,Finland,2010,294.317
Gross available energy,Wind,Finland,2011,481.393
Gross available energy,Wind,Finland,2012,494.323
Gross available energy,Wind,Finland,2013,773.692
Gross available energy,Wind,Finland,2014,1107.172
Gross available energy,Wind,Finland,2015,2327.359
Gross available energy,Wind,Finland,2016,3068.041
Gross available energy,Wind,Finland,2017,4795.192
Gross available energy,Wind,Finland,2018,5838.668
Gross available energy,Wind,Finland,2019,6024.746
Gross available energy,Wind,Finland,2020,8255.676
Gross available energy,Wind,Finland,2021,8506.734
Gross available energy,Wind,Finland,2022,12021.995
Gross available energy,Wind,Finland,2023,15043.174
Gross available energy,Wind,Finland,2024,21046.257
Gross available energy,Wind,France,2005,962.57
Gross available energy,Wind,France,2006,2182.58
Gross available energy,Wind,France,2007,4070.11
Gross available energy,Wind,France,2008,5694.21
Gross available energy,Wind,France,2009,7911.57
Gross available energy,Wind,France,2010,9944.99
Gross available energy,Wind,France,2011,12624.101
Gross available energy,Wind,France,2012,15488.163
Gross available energy,Wind,France,2013,16466.332
Gross available energy,Wind,France,2014,17677.323
Gross available energy,Wind,France,2015,21857.757
Gross available energy,Wind,France,2016,21817.332
Gross available energy,Wind,France,2017,25111.67
Gross available energy,Wind,France,2018,29182.24
Gross available energy,Wind,France,2019,35458.502
Gross available energy,Wind,France,2020,40707.599
Gross available energy,Wind,France,2021,37693.415
Gross available energy,Wind,France,2022,38975.853
Gross available energy,Wind,France,2023,51457.201
Gross available energy,Wind,France,2024,47499.378
Gross available energy,Wind,Croatia,2005,10.0
Gross available energy,Wind,Croatia,2006,19.0
Gross available energy,Wind,Croatia,2007,34.9
Gross available energy,Wind,Croatia,2008,39.9
Gross available energy,Wind,Croatia,2009,54.2
Gross available energy,Wind,Croatia,2010,139.1
Gross available energy,Wind,Croatia,2011,201.0
Gross available energy,Wind,Croatia,2012,328.746
Gross available energy,Wind,Croatia,2013,517.287
Gross available energy,Wind,Croatia,2014,729.97
Gross available energy,Wind,Croatia,2015,796.295
Gross available energy,Wind,Croatia,2016,1014.248
Gross available energy,Wind,Croatia,2017,1204.0
Gross available energy,Wind,Croatia,2018,1335.4
Gross available energy,Wind,Croatia,2019,1467.3
Gross available energy,Wind,Croatia,2020,1720.7
Gross available energy,Wind,Croatia,2021,2061.8
Gross available energy,Wind,Croatia,2022,2137.8
Gross available energy,Wind,Croatia,2023,2586.5
Gross available energy,Wind,Croatia,2024,2576.6
Gross available energy,Wind,Hungary,2005,10.095
Gross available energy,Wind,Hungary,2006,43.364
Gross available energy,Wind,Hungary,2007,110.0
Gross available energy,Wind,Hungary,2008,204.828
Gross available energy,Wind,Hungary,2009,330.93
Gross available energy,Wind,Hungary,2010,533.792
Gross available energy,Wind,Hungary,2011,625.693
Gross available energy,Wind,Hungary,2012,769.992
Gross available energy,Wind,Hungary,2013,717.51
Gross available energy,Wind,Hungary,2014,656.54
Gross available energy,Wind,Hungary,2015,693.323
Gross available energy,Wind,Hungary,2016,683.692
Gross available energy,Wind,Hungary,2017,758.0
Gross available energy,Wind,Hungary,2018,607.0
Gross available energy,Wind,Hungary,2019,729.0
Gross available energy,Wind,Hungary,2020,655.0
Gross available energy,Wind,Hungary,2021,664.0
Gross available energy,Wind,Hungary,2022,610.0
Gross available energy,Wind,Hungary,2023,646.0
Gross available energy,Wind,Hungary,2024,659.0
Gross available energy,Wind,Ireland,2005,1130.368
Gross available energy,Wind,Ireland,2006,1648.967
Gross available energy,Wind,Ireland,2007,1990.88
Gross available energy,Wind,Ireland,2008,2450.019
Gross available energy,Wind,Ireland,2009,3004.274
Gross available energy,Wind,Ireland,2010,2861.382
Gross available energy,Wind,Ireland,2011,4453.028
Gross available energy,Wind,Ireland,2012,4076.868
Gross available energy,Wind,Ireland,2013,4616.707
Gross available energy,Wind,Ireland,2014,5224.982
Gross available energy,Wind,Ireland,2015,6681.507
Gross available energy,Wind,Ireland,2016,6248.551
Gross available energy,Wind,Ireland,2017,7567.004
Gross available energy,Wind,Ireland,2018,8782.527
Gross available energy,Wind,Ireland,2019,10184.945
Gross available energy,Wind,Ireland,2020,11740.253
Gross available energy,Wind,Ireland,2021,9939.705
Gross available energy,Wind,Ireland,2022,11393.491
Gross available energy,Wind,Ireland,2023,11863.352
Gross available energy,Wind,Ireland,2024,11649.561
Gross available energy,Wind,Italy,2005,2343.399
Gross available energy,Wind,Italy,2006,2970.735
Gross available energy,Wind,Italy,2007,4034.359
Gross available energy,Wind,Italy,2008,4861.317
Gross available energy,Wind,Italy,2009,6542.859
Gross available energy,Wind,Italy,2010,9125.918
Gross available energy,Wind,Italy,2011,9856.375
Gross available energy,Wind,Italy,2012,13407.127
Gross available energy,Wind,Italy,2013,14896.962
Gross available energy,Wind,Italy,2014,15178.31
Gross available energy,Wind,Italy,2015,14843.882
Gross available energy,Wind,Italy,2016,17688.67
Gross available energy,Wind,Italy,2017,17741.909
Gross available energy,Wind,Italy,2018,17716.434
Gross available energy,Wind,Italy,2019,20202.042
Gross available energy,Wind,Italy,2020,18761.557
Gross available energy,Wind,Italy,2021,20927.303
Gross available energy,Wind,Italy,2022,20494.178
Gross available energy,Wind,Italy,2023,23640.472
Gross available energy,Wind,Italy,2024,22321.895
Gross available energy,Wind,Lithuania,2005,2.0
Gross available energy,Wind,Lithuania,2006,14.0
Gross available energy,Wind,Lithuania,2007,106.0
Gross available energy,Wind,Lithuania,2008,131.0
Gross available energy,Wind,Lithuania,2009,158.0
Gross available energy,Wind,Lithuania,2010,224.0
Gross available energy,Wind,Lithuania,2011,475.0
Gross available energy,Wind,Lithuania,2012,540.0
Gross available energy,Wind,Lithuania,2013,603.0
Gross available energy,Wind,Lithuania,2014,639.0
Gross available energy,Wind,Lithuania,2015,810.0
Gross available energy,Wind,Lithuania,2016,1136.0
Gross available energy,Wind,Lithuania,2017,1363.8
Gross available energy,Wind,Lithuania,2018,1144.0
Gross available energy,Wind,Lithuania,2019,1499.4
Gross available energy,Wind,Lithuania,2020,1551.7
Gross available energy,Wind,Lithuania,2021,1361.7
Gross available energy,Wind,Lithuania,2022,1512.4
Gross available energy,Wind,Lithuania,2023,2536.1
Gross available energy,Wind,Lithuania,2024,3448.2
Gross available energy,Wind,Luxembourg,2005,52.251
Gross available energy,Wind,Luxembourg,2006,57.986
Gross available energy,Wind,Luxembourg,2007,64.286
Gross available energy,Wind,Luxembourg,2008,60.589
Gross available energy,Wind,Luxembourg,2009,63.472
Gross available energy,Wind,Luxembourg,2010,55.083
Gross available energy,Wind,Luxembourg,2011,64.05
Gross available energy,Wind,Luxembourg,2012,77.466
Gross available energy,Wind,Luxembourg,2013,83.027
Gross available energy,Wind,Luxembourg,2014,79.876
Gross available energy,Wind,Luxembourg,2015,101.848
Gross available energy,Wind,Luxembourg,2016,101.486
Gross available energy,Wind,Luxembourg,2017,234.823
Gross available energy,Wind,Luxembourg,2018,254.575
Gross available energy,Wind,Luxembourg,2019,281.283
Gross available energy,Wind,Luxembourg,2020,351.135
Gross available energy,Wind,Luxembourg,2021,314.313
Gross available energy,Wind,Luxembourg,2022,312.221
Gross available energy,Wind,Luxembourg,2023,495.289
Gross available energy,Wind,Luxembourg,2024,466.796
Gross available energy,Wind,Latvia,2005,46.854
Gross available energy,Wind,Latvia,2006,46.212
Gross available energy,Wind,Latvia,2007,52.929
Gross available energy,Wind,Latvia,2008,59.1
Gross available energy,Wind,Latvia,2009,50.089
Gross available energy,Wind,Latvia,2010,49.057
Gross available energy,Wind,Latvia,2011,70.894
Gross available energy,Wind,Latvia,2012,114.266
Gross available energy,Wind,Latvia,2013,120.055
Gross available energy,Wind,Latvia,2014,139.712
Gross available energy,Wind,Latvia,2015,147.135
Gross available energy,Wind,Latvia,2016,127.889
Gross available energy,Wind,Latvia,2017,150.0
Gross available energy,Wind,Latvia,2018,122.038
Gross available energy,Wind,Latvia,2019,153.999
Gross available energy,Wind,Latvia,2020,176.842
Gross available energy,Wind,Latvia,2021,141.436
Gross available energy,Wind,Latvia,2022,190.183
Gross available energy,Wind,Latvia,2023,270.757
Gross available energy,Wind,Latvia,2024,275.985
Gross available energy,Wind,Malta,2005,0.0
Gross available energy,Wind,Malta,2006,0.0
Gross available energy,Wind,Malta,2007,0.0
Gross available energy,Wind,Malta,2008,0.0
Gross available energy,Wind,Malta,2009,0.0
Gross available energy,Wind,Malta,2010,0.0
Gross available energy,Wind,Malta,2011,0.0
Gross available energy,Wind,Malta,2012,0.075
Gross available energy,Wind,Malta,2013,0.085
Gross available energy,Wind,Malta,2014,0.058
Gross available energy,Wind,Malta,2015,0.058
Gross available energy,Wind,Malta,2016,0.058
Gross available energy,Wind,Malta,2017,0.058
Gross available energy,Wind,Malta,2018,0.058
Gross available energy,Wind,Malta,2019,0.058
Gross available energy,Wind,Malta,2020,0.058
Gross available energy,Wind,Malta,2021,0.058
Gross available energy,Wind,Malta,2022,0.058
Gross available energy,Wind,Malta,2023,0.033
Gross available energy,Wind,Malta,2024,0.033
Gross available energy,Wind,Netherlands,2005,2066.655
Gross available energy,Wind,Netherlands,2006,2734.291
Gross available energy,Wind,Netherlands,2007,3438.026
Gross available energy,Wind,Netherlands,2008,4259.711
Gross available energy,Wind,Netherlands,2009,4580.623
Gross available energy,Wind,Netherlands,2010,3993.137
Gross available energy,Wind,Netherlands,2011,5100.171
Gross available energy,Wind,Netherlands,2012,4981.829
Gross available energy,Wind,Netherlands,2013,5627.147
Gross available energy,Wind,Netherlands,2014,5797.335
Gross available energy,Wind,Netherlands,2015,7549.858
Gross available energy,Wind,Netherlands,2016,8170.446
Gross available energy,Wind,Netherlands,2017,10568.801
Gross available energy,Wind,Netherlands,2018,10548.511
Gross available energy,Wind,Netherlands,2019,11507.927
Gross available energy,Wind,Netherlands,2020,15277.726
Gross available energy,Wind,Netherlands,2021,18123.359
Gross available energy,Wind,Netherlands,2022,21565.971
Gross available energy,Wind,Netherlands,2023,29634.139
Gross available energy,Wind,Netherlands,2024,33509.406
Gross available energy,Wind,Poland,2005,135.47
Gross available energy,Wind,Poland,2006,256.077
Gross available energy,Wind,Poland,2007,521.582
Gross available energy,Wind,Poland,2008,836.801
Gross available energy,Wind,Poland,2009,1077.278
Gross available energy,Wind,Poland,2010,1664.339
Gross available energy,Wind,Poland,2011,3204.548
Gross available energy,Wind,Poland,2012,4746.59
Gross available energy,Wind,Poland,2013,6003.806
Gross available energy,Wind,Poland,2014,7675.629
Gross available energy,Wind,Poland,2015,10858.365
Gross available energy,Wind,Poland,2016,12587.59
Gross available energy,Wind,Poland,2017,14909.041
Gross available energy,Wind,Poland,2018,12798.792
Gross available energy,Wind,Poland,2019,15106.759
Gross available energy,Wind,Poland,2020,15800.049
Gross available energy,Wind,Poland,2021,16233.547
Gross available energy,Wind,Poland,2022,19779.538
Gross available energy,Wind,Poland,2023,24176.356
Gross available energy,Wind,Poland,2024,24945.223
Gross available energy,Wind,Portugal,2005,1773.263
Gross available energy,Wind,Portugal,2006,2925.472
Gross available energy,Wind,Portugal,2007,4036.708
Gross available energy,Wind,Portugal,2008,5757.38
Gross available energy,Wind,Portugal,2009,7576.963
Gross available energy,Wind,Portugal,2010,9181.572
Gross available energy,Wind,Portugal,2011,9161.612
Gross available energy,Wind,Portugal,2012,10259.778
Gross available energy,Wind,Portugal,2013,12014.601
Gross available energy,Wind,Portugal,2014,12111.395
Gross available energy,Wind,Portugal,2015,11607.638
Gross available energy,Wind,Portugal,2016,12474.096
Gross available energy,Wind,Portugal,2017,12247.853
Gross available energy,Wind,Portugal,2018,12616.584
Gross available energy,Wind,Portugal,2019,13666.949
Gross available energy,Wind,Portugal,2020,12298.663
Gross available energy,Wind,Portugal,2021,13215.614
Gross available energy,Wind,Portugal,2022,13244.007
Gross available energy,Wind,Portugal,2023,13145.398
Gross available energy,Wind,Portugal,2024,14418.962
Gross available energy,Wind,Romania,2005,0.227
Gross available energy,Wind,Romania,2006,0.556
Gross available energy,Wind,Romania,2007,2.524
Gross available energy,Wind,Romania,2008,4.978
Gross available energy,Wind,Romania,2009,9.069
Gross available energy,Wind,Romania,2010,306.348
Gross available energy,Wind,Romania,2011,1387.2
Gross available energy,Wind,Romania,2012,2639.875
Gross available energy,Wind,Romania,2013,4520.21
Gross available energy,Wind,Romania,2014,6200.91
Gross available energy,Wind,Romania,2015,7062.93
Gross available energy,Wind,Romania,2016,6590.0
Gross available energy,Wind,Romania,2017,7406.702
Gross available energy,Wind,Romania,2018,6322.219
Gross available energy,Wind,Romania,2019,6772.809
Gross available energy,Wind,Romania,2020,6945.462
Gross available energy,Wind,Romania,2021,6575.55
Gross available energy,Wind,Romania,2022,6996.872
Gross available energy,Wind,Romania,2023,7548.0
Gross available energy,Wind,Romania,2024,6350.28
Gross available energy,Wind,Sweden,2005,935.0
Gross available energy,Wind,Sweden,2006,984.0
Gross available energy,Wind,Sweden,2007,1426.0
Gross available energy,Wind,Sweden,2008,1998.0
Gross available energy,Wind,Sweden,2009,2491.0
Gross available energy,Wind,Sweden,2010,3487.0
Gross available energy,Wind,Sweden,2011,6107.0
Gross available energy,Wind,Sweden,2012,7164.0
Gross available energy,Wind,Sweden,2013,9842.0
Gross available energy,Wind,Sweden,2014,11235.0
Gross available energy,Wind,Sweden,2015,16322.0
Gross available energy,Wind,Sweden,2016,15479.0
Gross available energy,Wind,Sweden,2017,17609.0
Gross available energy,Wind,Sweden,2018,16623.0
Gross available energy,Wind,Sweden,2019,19847.0
Gross available energy,Wind,Sweden,2020,27526.0
Gross available energy,Wind,Sweden,2021,27244.0
Gross available energy,Wind,Sweden,2022,33253.0
Gross available energy,Wind,Sweden,2023,34245.0
Gross available energy,Wind,Sweden,2024,40621.0
Gross available energy,Wind,Slovenia,2005,0.0
Gross available energy,Wind,Slovenia,2006,0.0
Gross available energy,Wind,Slovenia,2007,0.0
Gross available energy,Wind,Slovenia,2008,0.0
Gross available energy,Wind,Slovenia,2009,0.0
Gross available energy,Wind,Slovenia,2010,0.0
Gross available energy,Wind,Slovenia,2011,0.0
Gross available energy,Wind,Slovenia,2012,0.0
Gross available energy,Wind,Slovenia,2013,4.221
Gross available energy,Wind,Slovenia,2014,4.209
Gross available energy,Wind,Slovenia,2015,6.028
Gross available energy,Wind,Slovenia,2016,5.778
Gross available energy,Wind,Slovenia,2017,5.716
Gross available energy,Wind,Slovenia,2018,6.021
Gross available energy,Wind,Slovenia,2019,6.15
Gross available energy,Wind,Slovenia,2020,6.251
Gross available energy,Wind,Slovenia,2021,5.593
Gross available energy,Wind,Slovenia,2022,5.731
Gross available energy,Wind,Slovenia,2023,6.372
Gross available energy,Wind,Slovenia,2024,6.55
Gross available energy,Wind,Slovakia,2005,6.0
Gross available energy,Wind,Slovakia,2006,6.0
Gross available energy,Wind,Slovakia,2007,8.0
Gross available energy,Wind,Slovakia,2008,7.0
Gross available energy,Wind,Slovakia,2009,6.0
Gross available energy,Wind,Slovakia,2010,6.0
Gross available energy,Wind,Slovakia,2011,5.0
Gross available energy,Wind,Slovakia,2012,6.0
Gross available energy,Wind,Slovakia,2013,6.0
Gross available energy,Wind,Slovakia,2014,6.0
Gross available energy,Wind,Slovakia,2015,6.0
Gross available energy,Wind,Slovakia,2016,6.0
Gross available energy,Wind,Slovakia,2017,6.0
Gross available energy,Wind,Slovakia,2018,6.0
Gross available energy,Wind,Slovakia,2019,6.0
Gross available energy,Wind,Slovakia,2020,4.0
Gross available energy,Wind,Slovakia,2021,5.0
Gross available energy,Wind,Slovakia,2022,4.0
Gross available energy,Wind,Slovakia,2023,4.0
Gross available energy,Wind,Slovakia,2024,5.0
Gross available energy,Solar photovoltaic,Austria,2005,21.018
Gross available energy,Solar photovoltaic,Austria,2006,22.387
Gross available energy,Solar photovoltaic,Austria,2007,24.238
Gross available energy,Solar photovoltaic,Austria,2008,30.12
Gross available energy,Solar photovoltaic,Austria,2009,48.915
Gross available energy,Solar photovoltaic,Austria,2010,88.813
Gross available energy,Solar photovoltaic,Austria,2011,174.07
Gross available energy,Solar photovoltaic,Austria,2012,337.483
Gross available energy,Solar photovoltaic,Austria,2013,625.974
Gross available energy,Solar photovoltaic,Austria,2014,785.246
Gross available energy,Solar photovoltaic,Austria,2015,937.098
Gross available energy,Solar photovoltaic,Austria,2016,1096.016
Gross available energy,Solar photovoltaic,Austria,2017,1268.971
Gross available energy,Solar photovoltaic,Austria,2018,1455.132
Gross available energy,Solar photovoltaic,Austria,2019,1702.093
Gross available energy,Solar photovoltaic,Austria,2020,2042.934
Gross available energy,Solar photovoltaic,Austria,2021,2782.602
Gross available energy,Solar photovoltaic,Austria,2022,3791.704
Gross available energy,Solar photovoltaic,Austria,2023,6888.539
Gross available energy,Solar photovoltaic,Austria,2024,8143.267
Gross available energy,Solar photovoltaic,Belgium,2005,1.34
Gross available energy,Solar photovoltaic,Belgium,2006,1.623
Gross available energy,Solar photovoltaic,Belgium,2007,6.058
Gross available energy,Solar photovoltaic,Belgium,2008,41.388
Gross available energy,Solar photovoltaic,Belgium,2009,166.008
Gross available energy,Solar photovoltaic,Belgium,2010,583.9
Gross available energy,Solar photovoltaic,Belgium,2011,1212.3
Gross available energy,Solar photovoltaic,Belgium,2012,2153.7
Gross available energy,Solar photovoltaic,Belgium,2013,2640.0
Gross available energy,Solar photovoltaic,Belgium,2014,2886.4
Gross available energy,Solar photovoltaic,Belgium,2015,3056.5
Gross available energy,Solar photovoltaic,Belgium,2016,3095.4
Gross available energy,Solar photovoltaic,Belgium,2017,3308.0
Gross available energy,Solar photovoltaic,Belgium,2018,3903.536
Gross available energy,Solar photovoltaic,Belgium,2019,4252.395
Gross available energy,Solar photovoltaic,Belgium,2020,5112.691
Gross available energy,Solar photovoltaic,Belgium,2021,5623.0
Gross available energy,Solar photovoltaic,Belgium,2022,6880.6
Gross available energy,Solar photovoltaic,Belgium,2023,7834.5
Gross available energy,Solar photovoltaic,Belgium,2024,8562.1
Gross available energy,Solar photovoltaic,Bulgaria,2005,0.0
Gross available energy,Solar photovoltaic,Bulgaria,2006,0.0
Gross available energy,Solar photovoltaic,Bulgaria,2007,0.06
Gross available energy,Solar photovoltaic,Bulgaria,2008,0.167
Gross available energy,Solar photovoltaic,Bulgaria,2009,3.267
Gross available energy,Solar photovoltaic,Bulgaria,2010,14.865
Gross available energy,Solar photovoltaic,Bulgaria,2011,100.862
Gross available energy,Solar photovoltaic,Bulgaria,2012,778.696
Gross available energy,Solar photovoltaic,Bulgaria,2013,1391.987
Gross available energy,Solar photovoltaic,Bulgaria,2014,1256.651
Gross available energy,Solar photovoltaic,Bulgaria,2015,1381.661
Gross available energy,Solar photovoltaic,Bulgaria,2016,1387.99
Gross available energy,Solar photovoltaic,Bulgaria,2017,1402.97
Gross available energy,Solar photovoltaic,Bulgaria,2018,1342.788
Gross available energy,Solar photovoltaic,Bulgaria,2019,1417.286
Gross available energy,Solar photovoltaic,Bulgaria,2020,1468.72
Gross available energy,Solar photovoltaic,Bulgaria,2021,1466.598
Gross available energy,Solar photovoltaic,Bulgaria,2022,2093.838
Gross available energy,Solar photovoltaic,Bulgaria,2023,3520.709
Gross available energy,Solar photovoltaic,Bulgaria,2024,5489.148
Gross available energy,Solar photovoltaic,Cyprus,2005,0.566
Gross available energy,Solar photovoltaic,Cyprus,2006,1.002
Gross available energy,Solar photovoltaic,Cyprus,2007,1.743
Gross available energy,Solar photovoltaic,Cyprus,2008,2.555
Gross available energy,Solar photovoltaic,Cyprus,2009,3.835
Gross available energy,Solar photovoltaic,Cyprus,2010,6.393
Gross available energy,Solar photovoltaic,Cyprus,2011,11.937
Gross available energy,Solar photovoltaic,Cyprus,2012,21.545
Gross available energy,Solar photovoltaic,Cyprus,2013,47.105
Gross available energy,Solar photovoltaic,Cyprus,2014,83.59
Gross available energy,Solar photovoltaic,Cyprus,2015,126.659
Gross available energy,Solar photovoltaic,Cyprus,2016,145.937
Gross available energy,Solar photovoltaic,Cyprus,2017,172.013
Gross available energy,Solar photovoltaic,Cyprus,2018,199.493
Gross available energy,Solar photovoltaic,Cyprus,2019,218.267
Gross available energy,Solar photovoltaic,Cyprus,2020,295.608
Gross available energy,Solar photovoltaic,Cyprus,2021,468.338
Gross available energy,Solar photovoltaic,Cyprus,2022,601.859
Gross available energy,Solar photovoltaic,Cyprus,2023,830.523
Gross available energy,Solar photovoltaic,Cyprus,2024,1108.457
Gross available energy,Solar photovoltaic,Czechia,2005,0.414
Gross available energy,Solar photovoltaic,Czechia,2006,0.592
Gross available energy,Solar photovoltaic,Czechia,2007,2.127
Gross available energy,Solar photovoltaic,Czechia,2008,12.937
Gross available energy,Solar photovoltaic,Czechia,2009,88.807
Gross available energy,Solar photovoltaic,Czechia,2010,615.702
Gross available energy,Solar photovoltaic,Czechia,2011,2182.018
Gross available energy,Solar photovoltaic,Czechia,2012,2148.624
Gross available energy,Solar photovoltaic,Czechia,2013,2032.654
Gross available energy,Solar photovoltaic,Czechia,2014,2122.869
Gross available energy,Solar photovoltaic,Czechia,2015,2263.846
Gross available energy,Solar photovoltaic,Czechia,2016,2131.455
Gross available energy,Solar photovoltaic,Czechia,2017,2199.263
Gross available energy,Solar photovoltaic,Czechia,2018,2364.775
Gross available energy,Solar photovoltaic,Czechia,2019,2316.154
Gross available energy,Solar photovoltaic,Czechia,2020,2294.363
Gross available energy,Solar photovoltaic,Czechia,2021,2249.863
Gross available energy,Solar photovoltaic,Czechia,2022,2626.272
Gross available energy,Solar photovoltaic,Czechia,2023,2892.093
Gross available energy,Solar photovoltaic,Czechia,2024,3592.683
Gross available energy,Solar photovoltaic,Germany,2005,1282.0
Gross available energy,Solar photovoltaic,Germany,2006,2220.0
Gross available energy,Solar photovoltaic,Germany,2007,3075.0
Gross available energy,Solar photovoltaic,Germany,2008,4420.0
Gross available energy,Solar photovoltaic,Germany,2009,6583.0
Gross available energy,Solar photovoltaic,Germany,2010,11729.0
Gross available energy,Solar photovoltaic,Germany,2011,19599.0
Gross available energy,Solar photovoltaic,Germany,2012,26380.0
Gross available energy,Solar photovoltaic,Germany,2013,31010.0
Gross available energy,Solar photovoltaic,Germany,2014,36056.0
Gross available energy,Solar photovoltaic,Germany,2015,38726.0
Gross available energy,Solar photovoltaic,Germany,2016,38098.0
Gross available energy,Solar photovoltaic,Germany,2017,39401.0
Gross available energy,Solar photovoltaic,Germany,2018,43459.0
Gross available energy,Solar photovoltaic,Germany,2019,44383.0
Gross available energy,Solar photovoltaic,Germany,2020,49496.0
Gross available energy,Solar photovoltaic,Germany,2021,50472.0
Gross available energy,Solar photovoltaic,Germany,2022,61022.0
Gross available energy,Solar photovoltaic,Germany,2023,64299.0
Gross available energy,Solar photovoltaic,Germany,2024,75379.0
Gross available energy,Solar photovoltaic,Denmark,2005,2.0
Gross available energy,Solar photovoltaic,Denmark,2006,2.0
Gross available energy,Solar photovoltaic,Denmark,2007,2.0
Gross available energy,Solar photovoltaic,Denmark,2008,3.0
Gross available energy,Solar photovoltaic,Denmark,2009,4.0
Gross available energy,Solar photovoltaic,Denmark,2010,6.027
Gross available energy,Solar photovoltaic,Denmark,2011,14.94
Gross available energy,Solar photovoltaic,Denmark,2012,103.861
Gross available energy,Solar photovoltaic,Denmark,2013,517.541
Gross available energy,Solar photovoltaic,Denmark,2014,595.518
Gross available energy,Solar photovoltaic,Denmark,2015,604.262
Gross available energy,Solar photovoltaic,Denmark,2016,743.78
Gross available energy,Solar photovoltaic,Denmark,2017,751.485
Gross available energy,Solar photovoltaic,Denmark,2018,952.973
Gross available energy,Solar photovoltaic,Denmark,2019,963.269
Gross available energy,Solar photovoltaic,Denmark,2020,1180.532
Gross available energy,Solar photovoltaic,Denmark,2021,1308.929
Gross available energy,Solar photovoltaic,Denmark,2022,2384.925
Gross available energy,Solar photovoltaic,Denmark,2023,3658.14
Gross available energy,Solar photovoltaic,Denmark,2024,3776.202
Gross available energy,Solar photovoltaic,Estonia,2005,0.0
Gross available energy,Solar photovoltaic,Estonia,2006,0.0
Gross available energy,Solar photovoltaic,Estonia,2007,0.0
Gross available energy,Solar photovoltaic,Estonia,2008,0.0
Gross available energy,Solar photovoltaic,Estonia,2009,0.0
Gross available energy,Solar photovoltaic,Estonia,2010,0.0
Gross available energy,Solar photovoltaic,Estonia,2011,0.0
Gross available energy,Solar photovoltaic,Estonia,2012,0.0
Gross available energy,Solar photovoltaic,Estonia,2013,0.0
Gross available energy,Solar photovoltaic,Estonia,2014,0.0
Gross available energy,Solar photovoltaic,Estonia,2015,0.0
Gross available energy,Solar photovoltaic,Estonia,2016,9.677
Gross available energy,Solar photovoltaic,Estonia,2017,14.492
Gross available energy,Solar photovoltaic,Estonia,2018,30.802
Gross available energy,Solar photovoltaic,Estonia,2019,73.5
Gross available energy,Solar photovoltaic,Estonia,2020,245.132
Gross available energy,Solar photovoltaic,Estonia,2021,353.67
Gross available energy,Solar photovoltaic,Estonia,2022,596.0
Gross available energy,Solar photovoltaic,Estonia,2023,721.0
Gross available energy,Solar photovoltaic,Estonia,2024,1065.427
Gross available energy,Solar photovoltaic,Greece,2005,0.953
Gross available energy,Solar photovoltaic,Greece,2006,1.386
Gross available energy,Solar photovoltaic,Greece,2007,1.42
Gross available energy,Solar photovoltaic,Greece,2008,5.236
Gross available energy,Solar photovoltaic,Greece,2009,50.0
Gross available energy,Solar photovoltaic,Greece,2010,157.748
Gross available energy,Solar photovoltaic,Greece,2011,610.311
Gross available energy,Solar photovoltaic,Greece,2012,1693.986
Gross available energy,Solar photovoltaic,Greece,2013,3648.101
Gross available energy,Solar photovoltaic,Greece,2014,3791.885
Gross available energy,Solar photovoltaic,Greece,2015,3899.636
Gross available energy,Solar photovoltaic,Greece,2016,3929.716
Gross available energy,Solar photovoltaic,Greece,2017,3991.477
Gross available energy,Solar photovoltaic,Greece,2018,3790.652
Gross available energy,Solar photovoltaic,Greece,2019,4428.51
Gross available energy,Solar photovoltaic,Greece,2020,4446.854
Gross available energy,Solar photovoltaic,Greece,2021,5250.978
Gross available energy,Solar photovoltaic,Greece,2022,7139.715
Gross available energy,Solar photovoltaic,Greece,2023,8893.572
Gross available energy,Solar photovoltaic,Greece,2024,11258.411
Gross available energy,Solar photovoltaic,Spain,2005,47.979
Gross available energy,Solar photovoltaic,Spain,2006,124.968
Gross available energy,Solar photovoltaic,Spain,2007,507.198
Gross available energy,Solar photovoltaic,Spain,2008,2562.0
Gross available energy,Solar photovoltaic,Spain,2009,5961.0
Gross available energy,Solar photovoltaic,Spain,2010,6425.0
Gross available energy,Solar photovoltaic,Spain,2011,7440.0
Gross available energy,Solar photovoltaic,Spain,2012,8192.581
Gross available energy,Solar photovoltaic,Spain,2013,8326.097
Gross available energy,Solar photovoltaic,Spain,2014,8217.637
Gross available energy,Solar photovoltaic,Spain,2015,8266.217
Gross available energy,Solar photovoltaic,Spain,2016,8063.53
Gross available energy,Solar photovoltaic,Spain,2017,8514.0
Gross available energy,Solar photovoltaic,Spain,2018,7877.0
Gross available energy,Solar photovoltaic,Spain,2019,9420.0
Gross available energy,Solar photovoltaic,Spain,2020,15675.0
Gross available energy,Solar photovoltaic,Spain,2021,21922.0
Gross available energy,Solar photovoltaic,Spain,2022,31187.0
Gross available energy,Solar photovoltaic,Spain,2023,43421.0
Gross available energy,Solar photovoltaic,Spain,2024,53752.44
Gross available energy,Solar photovoltaic,Finland,2005,2.631
Gross available energy,Solar photovoltaic,Finland,2006,3.379
Gross available energy,Solar photovoltaic,Finland,2007,3.811
Gross available energy,Solar photovoltaic,Finland,2008,3.944
Gross available energy,Solar photovoltaic,Finland,2009,4.317
Gross available energy,Solar photovoltaic,Finland,2010,4.739
Gross available energy,Solar photovoltaic,Finland,2011,5.3
Gross available energy,Solar photovoltaic,Finland,2012,5.749
Gross available energy,Solar photovoltaic,Finland,2013,6.452
Gross available energy,Solar photovoltaic,Finland,2014,7.752
Gross available energy,Solar photovoltaic,Finland,2015,11.311
Gross available energy,Solar photovoltaic,Finland,2016,22.066
Gross available energy,Solar photovoltaic,Finland,2017,48.513
Gross available energy,Solar photovoltaic,Finland,2018,90.225
Gross available energy,Solar photovoltaic,Finland,2019,147.182
Gross available energy,Solar photovoltaic,Finland,2020,218.471
Gross available energy,Solar photovoltaic,Finland,2021,297.518
Gross available energy,Solar photovoltaic,Finland,2022,392.342
Gross available energy,Solar photovoltaic,Finland,2023,716.44
Gross available energy,Solar photovoltaic,Finland,2024,939.941
Gross available energy,Solar photovoltaic,France,2005,10.501
Gross available energy,Solar photovoltaic,France,2006,12.103
Gross available energy,Solar photovoltaic,France,2007,17.572
Gross available energy,Solar photovoltaic,France,2008,41.692
Gross available energy,Solar photovoltaic,France,2009,173.971
Gross available energy,Solar photovoltaic,France,2010,620.0
Gross available energy,Solar photovoltaic,France,2011,2333.809
Gross available energy,Solar photovoltaic,France,2012,4427.939
Gross available energy,Solar photovoltaic,France,2013,5193.598
Gross available energy,Solar photovoltaic,France,2014,6391.62
Gross available energy,Solar photovoltaic,France,2015,7753.821
Gross available energy,Solar photovoltaic,France,2016,8659.959
Gross available energy,Solar photovoltaic,France,2017,8865.682
Gross available energy,Solar photovoltaic,France,2018,11146.014
Gross available energy,Solar photovoltaic,France,2019,12024.928
Gross available energy,Solar photovoltaic,France,2020,13090.073
Gross available energy,Solar photovoltaic,France,2021,15282.073
Gross available energy,Solar photovoltaic,France,2022,19341.015
Gross available energy,Solar photovoltaic,France,2023,22588.318
Gross available energy,Solar photovoltaic,France,2024,24871.343
Gross available energy,Solar photovoltaic,Croatia,2005,0.0
Gross available energy,Solar photovoltaic,Croatia,2006,0.0
Gross available energy,Solar photovoltaic,Croatia,2007,0.0
Gross available energy,Solar photovoltaic,Croatia,2008,0.0
Gross available energy,Solar photovoltaic,Croatia,2009,0.091
Gross available energy,Solar photovoltaic,Croatia,2010,0.12
Gross available energy,Solar photovoltaic,Croatia,2011,0.137
Gross available energy,Solar photovoltaic,Croatia,2012,2.404
Gross available energy,Solar photovoltaic,Croatia,2013,11.283
Gross available energy,Solar photovoltaic,Croatia,2014,35.174
Gross available energy,Solar photovoltaic,Croatia,2015,57.264
Gross available energy,Solar photovoltaic,Croatia,2016,65.541
Gross available energy,Solar photovoltaic,Croatia,2017,78.7
Gross available energy,Solar photovoltaic,Croatia,2018,74.9
Gross available energy,Solar photovoltaic,Croatia,2019,83.1
Gross available energy,Solar photovoltaic,Croatia,2020,95.5
Gross available energy,Solar photovoltaic,Croatia,2021,148.9
Gross available energy,Solar photovoltaic,Croatia,2022,151.9
Gross available energy,Solar photovoltaic,Croatia,2023,413.1
Gross available energy,Solar photovoltaic,Croatia,2024,820.0
Gross available energy,Solar photovoltaic,Hungary,2005,0.0
Gross available energy,Solar photovoltaic,Hungary,2006,0.0
Gross available energy,Solar photovoltaic,Hungary,2007,0.3
Gross available energy,Solar photovoltaic,Hungary,2008,0.55
Gross available energy,Solar photovoltaic,Hungary,2009,0.65
Gross available energy,Solar photovoltaic,Hungary,2010,0.85
Gross available energy,Solar photovoltaic,Hungary,2011,1.444
Gross available energy,Solar photovoltaic,Hungary,2012,7.908
Gross available energy,Solar photovoltaic,Hungary,2013,24.62
Gross available energy,Solar photovoltaic,Hungary,2014,67.0
Gross available energy,Solar photovoltaic,Hungary,2015,141.0
Gross available energy,Solar photovoltaic,Hungary,2016,244.0
Gross available energy,Solar photovoltaic,Hungary,2017,349.0
Gross available energy,Solar photovoltaic,Hungary,2018,629.0
Gross available energy,Solar photovoltaic,Hungary,2019,1497.0
Gross available energy,Solar photovoltaic,Hungary,2020,2459.0
Gross available energy,Solar photovoltaic,Hungary,2021,3796.0
Gross available energy,Solar photovoltaic,Hungary,2022,4732.0
Gross available energy,Solar photovoltaic,Hungary,2023,6925.0
Gross available energy,Solar photovoltaic,Hungary,2024,9200.0
Gross available energy,Solar photovoltaic,Ireland,2005,0.0
Gross available energy,Solar photovoltaic,Ireland,2006,0.0
Gross available energy,Solar photovoltaic,Ireland,2007,0.0
Gross available energy,Solar photovoltaic,Ireland,2008,0.0
Gross available energy,Solar photovoltaic,Ireland,2009,0.424
Gross available energy,Solar photovoltaic,Ireland,2010,0.476
Gross available energy,Solar photovoltaic,Ireland,2011,0.542
Gross available energy,Solar photovoltaic,Ireland,2012,0.645
Gross available energy,Solar photovoltaic,Ireland,2013,0.828
Gross available energy,Solar photovoltaic,Ireland,2014,1.129
Gross available energy,Solar photovoltaic,Ireland,2015,2.046
Gross available energy,Solar photovoltaic,Ireland,2016,4.736
Gross available energy,Solar photovoltaic,Ireland,2017,9.951
Gross available energy,Solar photovoltaic,Ireland,2018,18.151
Gross available energy,Solar photovoltaic,Ireland,2019,33.811
Gross available energy,Solar photovoltaic,Ireland,2020,55.114
Gross available energy,Solar photovoltaic,Ireland,2021,84.647
Gross available energy,Solar photovoltaic,Ireland,2022,148.665
Gross available energy,Solar photovoltaic,Ireland,2023,646.482
Gross available energy,Solar photovoltaic,Ireland,2024,1093.092
Gross available energy,Solar photovoltaic,Italy,2005,31.0
Gross available energy,Solar photovoltaic,Italy,2006,35.0
Gross available energy,Solar photovoltaic,Italy,2007,38.953
Gross available energy,Solar photovoltaic,Italy,2008,192.965
Gross available energy,Solar photovoltaic,Italy,2009,676.481
Gross available energy,Solar photovoltaic,Italy,2010,1905.661
Gross available energy,Solar photovoltaic,Italy,2011,10795.723
Gross available energy,Solar photovoltaic,Italy,2012,18861.732
Gross available energy,Solar photovoltaic,Italy,2013,21588.622
Gross available energy,Solar photovoltaic,Italy,2014,22306.365
Gross available energy,Solar photovoltaic,Italy,2015,22942.192
Gross available energy,Solar photovoltaic,Italy,2016,22104.259
Gross available energy,Solar photovoltaic,Italy,2017,24377.711
Gross available energy,Solar photovoltaic,Italy,2018,22653.838
Gross available energy,Solar photovoltaic,Italy,2019,23688.9
Gross available energy,Solar photovoltaic,Italy,2020,24941.504
Gross available energy,Solar photovoltaic,Italy,2021,25038.99
Gross available energy,Solar photovoltaic,Italy,2022,28121.457
Gross available energy,Solar photovoltaic,Italy,2023,30711.082
Gross available energy,Solar photovoltaic,Italy,2024,35993.103
Gross available energy,Solar photovoltaic,Lithuania,2005,0.0
Gross available energy,Solar photovoltaic,Lithuania,2006,0.0
Gross available energy,Solar photovoltaic,Lithuania,2007,0.0
Gross available energy,Solar photovoltaic,Lithuania,2008,0.0
Gross available energy,Solar photovoltaic,Lithuania,2009,0.0
Gross available energy,Solar photovoltaic,Lithuania,2010,0.0
Gross available energy,Solar photovoltaic,Lithuania,2011,0.0
Gross available energy,Solar photovoltaic,Lithuania,2012,2.0
Gross available energy,Solar photovoltaic,Lithuania,2013,45.0
Gross available energy,Solar photovoltaic,Lithuania,2014,73.0
Gross available energy,Solar photovoltaic,Lithuania,2015,73.0
Gross available energy,Solar photovoltaic,Lithuania,2016,66.0
Gross available energy,Solar photovoltaic,Lithuania,2017,68.0
Gross available energy,Solar photovoltaic,Lithuania,2018,86.6
Gross available energy,Solar photovoltaic,Lithuania,2019,91.1
Gross available energy,Solar photovoltaic,Lithuania,2020,128.8
Gross available energy,Solar photovoltaic,Lithuania,2021,190.8
Gross available energy,Solar photovoltaic,Lithuania,2022,342.0
Gross available energy,Solar photovoltaic,Lithuania,2023,688.4
Gross available energy,Solar photovoltaic,Lithuania,2024,1397.2
Gross available energy,Solar photovoltaic,Luxembourg,2005,17.698
Gross available energy,Solar photovoltaic,Luxembourg,2006,21.114
Gross available energy,Solar photovoltaic,Luxembourg,2007,20.901
Gross available energy,Solar photovoltaic,Luxembourg,2008,20.031
Gross available energy,Solar photovoltaic,Luxembourg,2009,20.316
Gross available energy,Solar photovoltaic,Luxembourg,2010,21.148
Gross available energy,Solar photovoltaic,Luxembourg,2011,25.744
Gross available energy,Solar photovoltaic,Luxembourg,2012,38.277
Gross available energy,Solar photovoltaic,Luxembourg,2013,73.738
Gross available energy,Solar photovoltaic,Luxembourg,2014,94.741
Gross available energy,Solar photovoltaic,Luxembourg,2015,103.721
Gross available energy,Solar photovoltaic,Luxembourg,2016,100.288
Gross available energy,Solar photovoltaic,Luxembourg,2017,108.463
Gross available energy,Solar photovoltaic,Luxembourg,2018,118.725
Gross available energy,Solar photovoltaic,Luxembourg,2019,130.385
Gross available energy,Solar photovoltaic,Luxembourg,2020,161.261
Gross available energy,Solar photovoltaic,Luxembourg,2021,180.187
Gross available energy,Solar photovoltaic,Luxembourg,2022,276.268
Gross available energy,Solar photovoltaic,Luxembourg,2023,293.914
Gross available energy,Solar photovoltaic,Luxembourg,2024,359.596
Gross available energy,Solar photovoltaic,Latvia,2005,0.0
Gross available energy,Solar photovoltaic,Latvia,2006,0.0
Gross available energy,Solar photovoltaic,Latvia,2007,0.0
Gross available energy,Solar photovoltaic,Latvia,2008,0.0
Gross available energy,Solar photovoltaic,Latvia,2009,0.0
Gross available energy,Solar photovoltaic,Latvia,2010,0.0
Gross available energy,Solar photovoltaic,Latvia,2011,0.0
Gross available energy,Solar photovoltaic,Latvia,2012,0.01
Gross available energy,Solar photovoltaic,Latvia,2013,0.067
Gross available energy,Solar photovoltaic,Latvia,2014,0.099
Gross available energy,Solar photovoltaic,Latvia,2015,0.235
Gross available energy,Solar photovoltaic,Latvia,2016,0.382
Gross available energy,Solar photovoltaic,Latvia,2017,0.44
Gross available energy,Solar photovoltaic,Latvia,2018,1.273
Gross available energy,Solar photovoltaic,Latvia,2019,3.137
Gross available energy,Solar photovoltaic,Latvia,2020,4.847
Gross available energy,Solar photovoltaic,Latvia,2021,6.797
Gross available energy,Solar photovoltaic,Latvia,2022,75.163
Gross available energy,Solar photovoltaic,Latvia,2023,239.068
Gross available energy,Solar photovoltaic,Latvia,2024,536.379
Gross available energy,Solar photovoltaic,Malta,2005,0.0
Gross available energy,Solar photovoltaic,Malta,2006,0.0
Gross available energy,Solar photovoltaic,Malta,2007,0.0
Gross available energy,Solar photovoltaic,Malta,2008,0.0
Gross available energy,Solar photovoltaic,Malta,2009,0.0
Gross available energy,Solar photovoltaic,Malta,2010,0.68
Gross available energy,Solar photovoltaic,Malta,2011,4.99
Gross available energy,Solar photovoltaic,Malta,2012,16.69
Gross available energy,Solar photovoltaic,Malta,2013,29.47
Gross available energy,Solar photovoltaic,Malta,2014,68.38
Gross available energy,Solar photovoltaic,Malta,2015,94.99
Gross available energy,Solar photovoltaic,Malta,2016,127.885
Gross available energy,Solar photovoltaic,Malta,2017,162.261
Gross available energy,Solar photovoltaic,Malta,2018,189.981
Gross available energy,Solar photovoltaic,Malta,2019,195.386
Gross available energy,Solar photovoltaic,Malta,2020,236.866
Gross available energy,Solar photovoltaic,Malta,2021,255.754
Gross available energy,Solar photovoltaic,Malta,2022,288.972
Gross available energy,Solar photovoltaic,Malta,2023,308.621
Gross available energy,Solar photovoltaic,Malta,2024,326.676
Gross available energy,Solar photovoltaic,Netherlands,2005,35.426
Gross available energy,Solar photovoltaic,Netherlands,2006,36.543
Gross available energy,Solar photovoltaic,Netherlands,2007,37.565
Gross available energy,Solar photovoltaic,Netherlands,2008,39.61
Gross available energy,Solar photovoltaic,Netherlands,2009,44.9
Gross available energy,Solar photovoltaic,Netherlands,2010,55.872
Gross available energy,Solar photovoltaic,Netherlands,2011,104.471
Gross available energy,Solar photovoltaic,Netherlands,2012,190.644
Gross available energy,Solar photovoltaic,Netherlands,2013,409.998
Gross available energy,Solar photovoltaic,Netherlands,2014,725.161
Gross available energy,Solar photovoltaic,Netherlands,2015,1108.52
Gross available energy,Solar photovoltaic,Netherlands,2016,1601.808
Gross available energy,Solar photovoltaic,Netherlands,2017,2204.346
Gross available energy,Solar photovoltaic,Netherlands,2018,3707.792
Gross available energy,Solar photovoltaic,Netherlands,2019,5399.406
Gross available energy,Solar photovoltaic,Netherlands,2020,8567.013
Gross available energy,Solar photovoltaic,Netherlands,2021,11303.873
Gross available energy,Solar photovoltaic,Netherlands,2022,16656.805
Gross available energy,Solar photovoltaic,Netherlands,2023,19607.192
Gross available energy,Solar photovoltaic,Netherlands,2024,21822.202
Gross available energy,Solar photovoltaic,Poland,2005,0.0
Gross available energy,Solar photovoltaic,Poland,2006,0.0
Gross available energy,Solar photovoltaic,Poland,2007,0.0
Gross available energy,Solar photovoltaic,Poland,2008,0.0
Gross available energy,Solar photovoltaic,Poland,2009,0.0
Gross available energy,Solar photovoltaic,Poland,2010,0.0
Gross available energy,Solar photovoltaic,Poland,2011,0.175
Gross available energy,Solar photovoltaic,Poland,2012,1.141
Gross available energy,Solar photovoltaic,Poland,2013,1.482
Gross available energy,Solar photovoltaic,Poland,2014,6.891
Gross available energy,Solar photovoltaic,Poland,2015,56.639
Gross available energy,Solar photovoltaic,Poland,2016,123.875
Gross available energy,Solar photovoltaic,Poland,2017,165.463
Gross available energy,Solar photovoltaic,Poland,2018,300.488
Gross available energy,Solar photovoltaic,Poland,2019,710.673
Gross available energy,Solar photovoltaic,Poland,2020,1957.916
Gross available energy,Solar photovoltaic,Poland,2021,3934.448
Gross available energy,Solar photovoltaic,Poland,2022,8309.67
Gross available energy,Solar photovoltaic,Poland,2023,11107.089
Gross available energy,Solar photovoltaic,Poland,2024,17662.76
Gross available energy,Solar photovoltaic,Portugal,2005,3.0
Gross available energy,Solar photovoltaic,Portugal,2006,4.8
Gross available energy,Solar photovoltaic,Portugal,2007,24.0
Gross available energy,Solar photovoltaic,Portugal,2008,40.534
Gross available energy,Solar photovoltaic,Portugal,2009,160.0
Gross available energy,Solar photovoltaic,Portugal,2010,211.33
Gross available energy,Solar photovoltaic,Portugal,2011,279.929
Gross available energy,Solar photovoltaic,Portugal,2012,392.645
Gross available energy,Solar photovoltaic,Portugal,2013,479.14
Gross available energy,Solar photovoltaic,Portugal,2014,627.316
Gross available energy,Solar photovoltaic,Portugal,2015,796.155
Gross available energy,Solar photovoltaic,Portugal,2016,870.603
Gross available energy,Solar photovoltaic,Portugal,2017,991.546
Gross available energy,Solar photovoltaic,Portugal,2018,1005.897
Gross available energy,Solar photovoltaic,Portugal,2019,1342.252
Gross available energy,Solar photovoltaic,Portugal,2020,1715.59
Gross available energy,Solar photovoltaic,Portugal,2021,2237.164
Gross available energy,Solar photovoltaic,Portugal,2022,3519.034
Gross available energy,Solar photovoltaic,Portugal,2023,5160.143
Gross available energy,Solar photovoltaic,Portugal,2024,7088.01
Gross available energy,Solar photovoltaic,Romania,2005,0.0
Gross available energy,Solar photovoltaic,Romania,2006,0.0
Gross available energy,Solar photovoltaic,Romania,2007,0.0
Gross available energy,Solar photovoltaic,Romania,2008,0.008
Gross available energy,Solar photovoltaic,Romania,2009,0.025
Gross available energy,Solar photovoltaic,Romania,2010,0.036
Gross available energy,Solar photovoltaic,Romania,2011,1.427
Gross available energy,Solar photovoltaic,Romania,2012,7.998
Gross available energy,Solar photovoltaic,Romania,2013,420.162
Gross available energy,Solar photovoltaic,Romania,2014,1615.991
Gross available energy,Solar photovoltaic,Romania,2015,1982.0
Gross available energy,Solar photovoltaic,Romania,2016,1819.742
Gross available energy,Solar photovoltaic,Romania,2017,1855.674
Gross available energy,Solar photovoltaic,Romania,2018,1771.027
Gross available energy,Solar photovoltaic,Romania,2019,1777.615
Gross available energy,Solar photovoltaic,Romania,2020,1733.375
Gross available energy,Solar photovoltaic,Romania,2021,1703.35
Gross available energy,Solar photovoltaic,Romania,2022,1988.419
Gross available energy,Solar photovoltaic,Romania,2023,2227.05
Gross available energy,Solar photovoltaic,Romania,2024,3422.688
Gross available energy,Solar photovoltaic,Sweden,2005,2.127
Gross available energy,Solar photovoltaic,Sweden,2006,2.43
Gross available energy,Solar photovoltaic,Sweden,2007,3.139
Gross available energy,Solar photovoltaic,Sweden,2008,4.0
Gross available energy,Solar photovoltaic,Sweden,2009,7.0
Gross available energy,Solar photovoltaic,Sweden,2010,8.6
Gross available energy,Solar photovoltaic,Sweden,2011,11.0
Gross available energy,Solar photovoltaic,Sweden,2012,19.0
Gross available energy,Solar photovoltaic,Sweden,2013,35.0
Gross available energy,Solar photovoltaic,Sweden,2014,47.0
Gross available energy,Solar photovoltaic,Sweden,2015,97.0
Gross available energy,Solar photovoltaic,Sweden,2016,143.0
Gross available energy,Solar photovoltaic,Sweden,2017,230.0
Gross available energy,Solar photovoltaic,Sweden,2018,407.0
Gross available energy,Solar photovoltaic,Sweden,2019,679.0
Gross available energy,Solar photovoltaic,Sweden,2020,1051.0
Gross available energy,Solar photovoltaic,Sweden,2021,1526.0
Gross available energy,Solar photovoltaic,Sweden,2022,1980.0
Gross available energy,Solar photovoltaic,Sweden,2023,3114.0
Gross available energy,Solar photovoltaic,Sweden,2024,4163.0
Gross available energy,Solar photovoltaic,Slovenia,2005,0.035
Gross available energy,Solar photovoltaic,Slovenia,2006,0.143
Gross available energy,Solar photovoltaic,Slovenia,2007,0.432
Gross available energy,Solar photovoltaic,Slovenia,2008,0.737
Gross available energy,Solar photovoltaic,Slovenia,2009,3.974
Gross available energy,Solar photovoltaic,Slovenia,2010,12.861
Gross available energy,Solar photovoltaic,Slovenia,2011,65.704
Gross available energy,Solar photovoltaic,Slovenia,2012,162.806
Gross available energy,Solar photovoltaic,Slovenia,2013,215.064
Gross available energy,Solar photovoltaic,Slovenia,2014,256.819
Gross available energy,Solar photovoltaic,Slovenia,2015,274.232
Gross available energy,Solar photovoltaic,Slovenia,2016,267.472
Gross available energy,Solar photovoltaic,Slovenia,2017,283.867
Gross available energy,Solar photovoltaic,Slovenia,2018,254.961
Gross available energy,Solar photovoltaic,Slovenia,2019,303.039
Gross available energy,Solar photovoltaic,Slovenia,2020,368.196
Gross available energy,Solar photovoltaic,Slovenia,2021,453.113
Gross available energy,Solar photovoltaic,Slovenia,2022,645.587
Gross available energy,Solar photovoltaic,Slovenia,2023,984.359
Gross available energy,Solar photovoltaic,Slovenia,2024,1268.145
Gross available energy,Solar photovoltaic,Slovakia,2005,0.0
Gross available energy,Solar photovoltaic,Slovakia,2006,0.0
Gross available energy,Solar photovoltaic,Slovakia,2007,0.0
Gross available energy,Solar photovoltaic,Slovakia,2008,0.0
Gross available energy,Solar photovoltaic,Slovakia,2009,0.0
Gross available energy,Solar photovoltaic,Slovakia,2010,16.942
Gross available energy,Solar photovoltaic,Slovakia,2011,397.0
Gross available energy,Solar photovoltaic,Slovakia,2012,424.0
Gross available energy,Solar photovoltaic,Slovakia,2013,588.0
Gross available energy,Solar photovoltaic,Slovakia,2014,597.0
Gross available energy,Solar photovoltaic,Slovakia,2015,506.0
Gross available energy,Solar photovoltaic,Slovakia,2016,533.0
Gross available energy,Solar photovoltaic,Slovakia,2017,506.0
Gross available energy,Solar photovoltaic,Slovakia,2018,585.0
Gross available energy,Solar photovoltaic,Slovakia,2019,589.0
Gross available energy,Solar photovoltaic,Slovakia,2020,663.0
Gross available energy,Solar photovoltaic,Slovakia,2021,671.0
Gross available energy,Solar photovoltaic,Slovakia,2022,650.0
Gross available energy,Solar photovoltaic,Slovakia,2023,605.0
Gross available energy,Solar photovoltaic,Slovakia,2024,694.0
Primary production,Nuclear heat,Austria,2005,0.0
Primary production,Nuclear heat,Austria,2006,0.0
Primary production,Nuclear heat,Austria,2007,0.0
Primary production,Nuclear heat,Austria,2008,0.0
Primary production,Nuclear heat,Austria,2009,0.0
Primary production,Nuclear heat,Austria,2010,0.0
Primary production,Nuclear heat,Austria,2011,0.0
Primary production,Nuclear heat,Austria,2012,0.0
Primary production,Nuclear heat,Austria,2013,0.0
Primary production,Nuclear heat,Austria,2014,0.0
Primary production,Nuclear heat,Austria,2015,0.0
Primary production,Nuclear heat,Austria,2016,0.0
Primary production,Nuclear heat,Austria,2017,0.0
Primary production,Nuclear heat,Austria,2018,0.0
Primary production,Nuclear heat,Austria,2019,0.0
Primary production,Nuclear heat,Austria,2020,0.0
Primary production,Nuclear heat,Austria,2021,0.0
Primary production,Nuclear heat,Austria,2022,0.0
Primary production,Nuclear heat,Austria,2023,0.0
Primary production,Nuclear heat,Austria,2024,0.0
Primary production,Nuclear heat,Belgium,2005,142785.0
Primary production,Nuclear heat,Belgium,2006,139935.0
Primary production,Nuclear heat,Belgium,2007,144681.0
Primary production,Nuclear heat,Belgium,2008,136704.0
Primary production,Nuclear heat,Belgium,2009,137853.728
Primary production,Nuclear heat,Belgium,2010,135010.96
Primary production,Nuclear heat,Belgium,2011,136078.106
Primary production,Nuclear heat,Belgium,2012,113570.59
Primary production,Nuclear heat,Belgium,2013,120213.425
Primary production,Nuclear heat,Belgium,2014,95089.636
Primary production,Nuclear heat,Belgium,2015,73073.36
Primary production,Nuclear heat,Belgium,2016,123149.686
Primary production,Nuclear heat,Belgium,2017,119785.627
Primary production,Nuclear heat,Belgium,2018,80954.825
Primary production,Nuclear heat,Belgium,2019,123202.928
Primary production,Nuclear heat,Belgium,2020,97354.904
Primary production,Nuclear heat,Belgium,2021,142156.025
Primary production,Nuclear heat,Belgium,2022,124412.518
Primary production,Nuclear heat,Belgium,2023,92170.111
Primary production,Nuclear heat,Belgium,2024,87393.972
Primary production,Nuclear heat,Bulgaria,2005,56460.667
Primary production,Nuclear heat,Bulgaria,2006,58966.5
Primary production,Nuclear heat,Bulgaria,2007,44640.667
Primary production,Nuclear heat,Bulgaria,2008,48050.0
Primary production,Nuclear heat,Bulgaria,2009,45100.093
Primary production,Nuclear heat,Bulgaria,2010,44765.266
Primary production,Nuclear heat,Bulgaria,2011,47741.964
Primary production,Nuclear heat,Bulgaria,2012,46755.391
Primary production,Nuclear heat,Bulgaria,2013,42653.955
Primary production,Nuclear heat,Bulgaria,2014,47063.121
Primary production,Nuclear heat,Bulgaria,2015,45496.56
Primary production,Nuclear heat,Bulgaria,2016,46646.767
Primary production,Nuclear heat,Bulgaria,2017,45830.341
Primary production,Nuclear heat,Bulgaria,2018,48477.329
Primary production,Nuclear heat,Bulgaria,2019,50029.492
Primary production,Nuclear heat,Bulgaria,2020,50412.294
Primary production,Nuclear heat,Bulgaria,2021,49950.199
Primary production,Nuclear heat,Bulgaria,2022,49889.548
Primary production,Nuclear heat,Bulgaria,2023,49055.387
Primary production,Nuclear heat,Bulgaria,2024,47855.81
Primary production,Nuclear heat,Cyprus,2005,0.0
Primary production,Nuclear heat,Cyprus,2006,0.0
Primary production,Nuclear heat,Cyprus,2007,0.0
Primary production,Nuclear heat,Cyprus,2008,0.0
Primary production,Nuclear heat,Cyprus,2009,0.0
Primary production,Nuclear heat,Cyprus,2010,0.0
Primary production,Nuclear heat,Cyprus,2011,0.0
Primary production,Nuclear heat,Cyprus,2012,0.0
Primary production,Nuclear heat,Cyprus,2013,0.0
Primary production,Nuclear heat,Cyprus,2014,0.0
Primary production,Nuclear heat,Cyprus,2015,0.0
Primary production,Nuclear heat,Cyprus,2016,0.0
Primary production,Nuclear heat,Cyprus,2017,0.0
Primary production,Nuclear heat,Cyprus,2018,0.0
Primary production,Nuclear heat,Cyprus,2019,0.0
Primary production,Nuclear heat,Cyprus,2020,0.0
Primary production,Nuclear heat,Cyprus,2021,0.0
Primary production,Nuclear heat,Cyprus,2022,0.0
Primary production,Nuclear heat,Cyprus,2023,0.0
Primary production,Nuclear heat,Cyprus,2024,0.0
Primary production,Nuclear heat,Czechia,2005,75097.333
Primary production,Nuclear heat,Czechia,2006,79029.667
Primary production,Nuclear heat,Czechia,2007,79351.833
Primary production,Nuclear heat,Czechia,2008,80461.333
Primary production,Nuclear heat,Czechia,2009,81123.333
Primary production,Nuclear heat,Czechia,2010,83275.388
Primary production,Nuclear heat,Czechia,2011,83734.255
Primary production,Nuclear heat,Czechia,2012,89248.451
Primary production,Nuclear heat,Czechia,2013,90231.594
Primary production,Nuclear heat,Czechia,2014,88745.807
Primary production,Nuclear heat,Czechia,2015,77692.497
Primary production,Nuclear heat,Czechia,2016,69518.298
Primary production,Nuclear heat,Czechia,2017,81605.118
Primary production,Nuclear heat,Czechia,2018,86631.87
Primary production,Nuclear heat,Czechia,2019,87785.616
Primary production,Nuclear heat,Czechia,2020,87181.916
Primary production,Nuclear heat,Czechia,2021,88872.18
Primary production,Nuclear heat,Czechia,2022,89720.226
Primary production,Nuclear heat,Czechia,2023,88060.867
Primary production,Nuclear heat,Czechia,2024,86197.763
Primary production,Nuclear heat,Germany,2005,489165.0
Primary production,Nuclear heat,Germany,2006,501807.0
Primary production,Nuclear heat,Germany,2007,421602.0
Primary production,Nuclear heat,Germany,2008,445485.0
Primary production,Nuclear heat,Germany,2009,403947.116
Primary production,Nuclear heat,Germany,2010,421015.304
Primary production,Nuclear heat,Germany,2011,323397.736
Primary production,Nuclear heat,Germany,2012,297944.318
Primary production,Nuclear heat,Germany,2013,291357.086
Primary production,Nuclear heat,Germany,2014,290874.441
Primary production,Nuclear heat,Germany,2015,274890.686
Primary production,Nuclear heat,Germany,2016,253472.361
Primary production,Nuclear heat,Germany,2017,228584.161
Primary production,Nuclear heat,Germany,2018,227610.73
Primary production,Nuclear heat,Germany,2019,224831.16
Primary production,Nuclear heat,Germany,2020,192788.184
Primary production,Nuclear heat,Germany,2021,206648.697
Primary production,Nuclear heat,Germany,2022,103948.94
Primary production,Nuclear heat,Germany,2023,21620.17
Primary production,Nuclear heat,Germany,2024,0.0
Primary production,Nuclear heat,Denmark,2005,0.0
Primary production,Nuclear heat,Denmark,2006,0.0
Primary production,Nuclear heat,Denmark,2007,0.0
Primary production,Nuclear heat,Denmark,2008,0.0
Primary production,Nuclear heat,Denmark,2009,0.0
Primary production,Nuclear heat,Denmark,2010,0.0
Primary production,Nuclear heat,Denmark,2011,0.0
Primary production,Nuclear heat,Denmark,2012,0.0
Primary production,Nuclear heat,Denmark,2013,0.0
Primary production,Nuclear heat,Denmark,2014,0.0
Primary production,Nuclear heat,Denmark,2015,0.0
Primary production,Nuclear heat,Denmark,2016,0.0
Primary production,Nuclear heat,Denmark,2017,0.0
Primary production,Nuclear heat,Denmark,2018,0.0
Primary production,Nuclear heat,Denmark,2019,0.0
Primary production,Nuclear heat,Denmark,2020,0.0
Primary production,Nuclear heat,Denmark,2021,0.0
Primary production,Nuclear heat,Denmark,2022,0.0
Primary production,Nuclear heat,Denmark,2023,0.0
Primary production,Nuclear heat,Denmark,2024,0.0
Primary production,Nuclear heat,Estonia,2005,0.0
Primary production,Nuclear heat,Estonia,2006,0.0
Primary production,Nuclear heat,Estonia,2007,0.0
Primary production,Nuclear heat,Estonia,2008,0.0
Primary production,Nuclear heat,Estonia,2009,0.0
Primary production,Nuclear heat,Estonia,2010,0.0
Primary production,Nuclear heat,Estonia,2011,0.0
Primary production,Nuclear heat,Estonia,2012,0.0
Primary production,Nuclear heat,Estonia,2013,0.0
Primary production,Nuclear heat,Estonia,2014,0.0
Primary production,Nuclear heat,Estonia,2015,0.0
Primary production,Nuclear heat,Estonia,2016,0.0
Primary production,Nuclear heat,Estonia,2017,0.0
Primary production,Nuclear heat,Estonia,2018,0.0
Primary production,Nuclear heat,Estonia,2019,0.0
Primary production,Nuclear heat,Estonia,2020,0.0
Primary production,Nuclear heat,Estonia,2021,0.0
Primary production,Nuclear heat,Estonia,2022,0.0
Primary production,Nuclear heat,Estonia,2023,0.0
Primary production,Nuclear heat,Estonia,2024,0.0
Primary production,Nuclear heat,Greece,2005,0.0
Primary production,Nuclear heat,Greece,2006,0.0
Primary production,Nuclear heat,Greece,2007,0.0
Primary production,Nuclear heat,Greece,2008,0.0
Primary production,Nuclear heat,Greece,2009,0.0
Primary production,Nuclear heat,Greece,2010,0.0
Primary production,Nuclear heat,Greece,2011,0.0
Primary production,Nuclear heat,Greece,2012,0.0
Primary production,Nuclear heat,Greece,2013,0.0
Primary production,Nuclear heat,Greece,2014,0.0
Primary production,Nuclear heat,Greece,2015,0.0
Primary production,Nuclear heat,Greece,2016,0.0
Primary production,Nuclear heat,Greece,2017,0.0
Primary production,Nuclear heat,Greece,2018,0.0
Primary production,Nuclear heat,Greece,2019,0.0
Primary production,Nuclear heat,Greece,2020,0.0
Primary production,Nuclear heat,Greece,2021,0.0
Primary production,Nuclear heat,Greece,2022,0.0
Primary production,Nuclear heat,Greece,2023,0.0
Primary production,Nuclear heat,Greece,2024,0.0
Primary production,Nuclear heat,Spain,2005,172617.0
Primary production,Nuclear heat,Spain,2006,180378.0
Primary production,Nuclear heat,Spain,2007,165309.0
Primary production,Nuclear heat,Spain,2008,176919.0
Primary production,Nuclear heat,Spain,2009,160296.29
Primary production,Nuclear heat,Spain,2010,187647.724
Primary production,Nuclear heat,Spain,2011,174969.861
Primary production,Nuclear heat,Spain,2012,185969.515
Primary production,Nuclear heat,Spain,2013,171949.55
Primary production,Nuclear heat,Spain,2014,173648.693
Primary production,Nuclear heat,Spain,2015,173324.216
Primary production,Nuclear heat,Spain,2016,177623.827
Primary production,Nuclear heat,Spain,2017,175979.229
Primary production,Nuclear heat,Spain,2018,168388.444
Primary production,Nuclear heat,Spain,2019,176985.34
Primary production,Nuclear heat,Spain,2020,176473.62
Primary production,Nuclear heat,Spain,2021,171251.75
Primary production,Nuclear heat,Spain,2022,177880.85
Primary production,Nuclear heat,Spain,2023,171868.14
Primary production,Nuclear heat,Spain,2024,165273.93
Primary production,Nuclear heat,Finland,2005,69813.0
Primary production,Nuclear heat,Finland,2006,68718.0
Primary production,Nuclear heat,Finland,2007,70269.0
Primary production,Nuclear heat,Finland,2008,68874.0
Primary production,Nuclear heat,Finland,2009,67012.06
Primary production,Nuclear heat,Finland,2010,64720.95
Primary production,Nuclear heat,Finland,2011,65442.01
Primary production,Nuclear heat,Finland,2012,64383.68
Primary production,Nuclear heat,Finland,2013,66221.22
Primary production,Nuclear heat,Finland,2014,66157.255
Primary production,Nuclear heat,Finland,2015,65200.106
Primary production,Nuclear heat,Finland,2016,65009.374
Primary production,Nuclear heat,Finland,2017,62686.863
Primary production,Nuclear heat,Finland,2018,63314.883
Primary production,Nuclear heat,Finland,2019,66010.717
Primary production,Nuclear heat,Finland,2020,64518.588
Primary production,Nuclear heat,Finland,2021,65234.996
Primary production,Nuclear heat,Finland,2022,71119.776
Primary production,Nuclear heat,Finland,2023,93292.371
Primary production,Nuclear heat,Finland,2024,88957.87
Primary production,Nuclear heat,France,2005,1354587.0
Primary production,Nuclear heat,France,2006,1350573.0
Primary production,Nuclear heat,France,2007,1319190.0
Primary production,Nuclear heat,France,2008,1318341.0
Primary production,Nuclear heat,France,2009,1242746.91
Primary production,Nuclear heat,France,2010,1298047.56
Primary production,Nuclear heat,France,2011,1339880.67
Primary production,Nuclear heat,France,2012,1289336.69
Primary production,Nuclear heat,France,2013,1284125.471
Primary production,Nuclear heat,France,2014,1322886.562
Primary production,Nuclear heat,France,2015,1325778.655
Primary production,Nuclear heat,France,2016,1222066.875
Primary production,Nuclear heat,France,2017,1207900.404
Primary production,Nuclear heat,France,2018,1251721.665
Primary production,Nuclear heat,France,2019,1209368.81
Primary production,Nuclear heat,France,2020,1072413.93
Primary production,Nuclear heat,France,2021,1149788.32
Primary production,Nuclear heat,France,2022,893288.67
Primary production,Nuclear heat,France,2023,1025044.94
Primary production,Nuclear heat,France,2024,1025044.94
Primary production,Nuclear heat,Croatia,2005,0.0
Primary production,Nuclear heat,Croatia,2006,0.0
Primary production,Nuclear heat,Croatia,2007,0.0
Primary production,Nuclear heat,Croatia,2008,0.0
Primary production,Nuclear heat,Croatia,2009,0.0
Primary production,Nuclear heat,Croatia,2010,0.0
Primary production,Nuclear heat,Croatia,2011,0.0
Primary production,Nuclear heat,Croatia,2012,0.0
Primary production,Nuclear heat,Croatia,2013,0.0
Primary production,Nuclear heat,Croatia,2014,0.0
Primary production,Nuclear heat,Croatia,2015,0.0
Primary production,Nuclear heat,Croatia,2016,0.0
Primary production,Nuclear heat,Croatia,2017,0.0
Primary production,Nuclear heat,Croatia,2018,0.0
Primary production,Nuclear heat,Croatia,2019,0.0
Primary production,Nuclear heat,Croatia,2020,0.0
Primary production,Nuclear heat,Croatia,2021,0.0
Primary production,Nuclear heat,Croatia,2022,0.0
Primary production,Nuclear heat,Croatia,2023,0.0
Primary production,Nuclear heat,Croatia,2024,0.0
Primary production,Nuclear heat,Hungary,2005,42059.5
Primary production,Nuclear heat,Hungary,2006,40878.0
Primary production,Nuclear heat,Hungary,2007,44481.0
Primary production,Nuclear heat,Hungary,2008,44915.667
Primary production,Nuclear heat,Hungary,2009,45101.14
Primary production,Nuclear heat,Hungary,2010,46089.69
Primary production,Nuclear heat,Hungary,2011,46111.787
Primary production,Nuclear heat,Hungary,2012,46358.75
Primary production,Nuclear heat,Hungary,2013,45002.587
Primary production,Nuclear heat,Hungary,2014,45792.125
Primary production,Nuclear heat,Hungary,2015,46453.5
Primary production,Nuclear heat,Hungary,2016,47342.29
Primary production,Nuclear heat,Hungary,2017,47496.92
Primary production,Nuclear heat,Hungary,2018,46589.78
Primary production,Nuclear heat,Hungary,2019,47752.78
Primary production,Nuclear heat,Hungary,2020,47136.39
Primary production,Nuclear heat,Hungary,2021,46915.42
Primary production,Nuclear heat,Hungary,2022,46426.96
Primary production,Nuclear heat,Hungary,2023,46694.45
Primary production,Nuclear heat,Hungary,2024,47124.76
Primary production,Nuclear heat,Ireland,2005,0.0
Primary production,Nuclear heat,Ireland,2006,0.0
Primary production,Nuclear heat,Ireland,2007,0.0
Primary production,Nuclear heat,Ireland,2008,0.0
Primary production,Nuclear heat,Ireland,2009,0.0
Primary production,Nuclear heat,Ireland,2010,0.0
Primary production,Nuclear heat,Ireland,2011,0.0
Primary production,Nuclear heat,Ireland,2012,0.0
Primary production,Nuclear heat,Ireland,2013,0.0
Primary production,Nuclear heat,Ireland,2014,0.0
Primary production,Nuclear heat,Ireland,2015,0.0
Primary production,Nuclear heat,Ireland,2016,0.0
Primary production,Nuclear heat,Ireland,2017,0.0
Primary production,Nuclear heat,Ireland,2018,0.0
Primary production,Nuclear heat,Ireland,2019,0.0
Primary production,Nuclear heat,Ireland,2020,0.0
Primary production,Nuclear heat,Ireland,2021,0.0
Primary production,Nuclear heat,Ireland,2022,0.0
Primary production,Nuclear heat,Ireland,2023,0.0
Primary production,Nuclear heat,Ireland,2024,0.0
Primary production,Nuclear heat,Italy,2005,0.0
Primary production,Nuclear heat,Italy,2006,0.0
Primary production,Nuclear heat,Italy,2007,0.0
Primary production,Nuclear heat,Italy,2008,0.0
Primary production,Nuclear heat,Italy,2009,0.0
Primary production,Nuclear heat,Italy,2010,0.0
Primary production,Nuclear heat,Italy,2011,0.0
Primary production,Nuclear heat,Italy,2012,0.0
Primary production,Nuclear heat,Italy,2013,0.0
Primary production,Nuclear heat,Italy,2014,0.0
Primary production,Nuclear heat,Italy,2015,0.0
Primary production,Nuclear heat,Italy,2016,0.0
Primary production,Nuclear heat,Italy,2017,0.0
Primary production,Nuclear heat,Italy,2018,0.0
Primary production,Nuclear heat,Italy,2019,0.0
Primary production,Nuclear heat,Italy,2020,0.0
Primary production,Nuclear heat,Italy,2021,0.0
Primary production,Nuclear heat,Italy,2022,0.0
Primary production,Nuclear heat,Italy,2023,0.0
Primary production,Nuclear heat,Italy,2024,0.0
Primary production,Nuclear heat,Lithuania,2005,32619.333
Primary production,Nuclear heat,Lithuania,2006,27613.833
Primary production,Nuclear heat,Lithuania,2007,31104.833
Primary production,Nuclear heat,Lithuania,2008,31246.167
Primary production,Nuclear heat,Lithuania,2009,34176.833
Primary production,Nuclear heat,Lithuania,2010,0.0
Primary production,Nuclear heat,Lithuania,2011,0.0
Primary production,Nuclear heat,Lithuania,2012,0.0
Primary production,Nuclear heat,Lithuania,2013,0.0
Primary production,Nuclear heat,Lithuania,2014,0.0
Primary production,Nuclear heat,Lithuania,2015,0.0
Primary production,Nuclear heat,Lithuania,2016,0.0
Primary production,Nuclear heat,Lithuania,2017,0.0
Primary production,Nuclear heat,Lithuania,2018,0.0
Primary production,Nuclear heat,Lithuania,2019,0.0
Primary production,Nuclear heat,Lithuania,2020,0.0
Primary production,Nuclear heat,Lithuania,2021,0.0
Primary production,Nuclear heat,Lithuania,2022,0.0
Primary production,Nuclear heat,Lithuania,2023,0.0
Primary production,Nuclear heat,Lithuania,2024,0.0
Primary production,Nuclear heat,Luxembourg,2005,0.0
Primary production,Nuclear heat,Luxembourg,2006,0.0
Primary production,Nuclear heat,Luxembourg,2007,0.0
Primary production,Nuclear heat,Luxembourg,2008,0.0
Primary production,Nuclear heat,Luxembourg,2009,0.0
Primary production,Nuclear heat,Luxembourg,2010,0.0
Primary production,Nuclear heat,Luxembourg,2011,0.0
Primary production,Nuclear heat,Luxembourg,2012,0.0
Primary production,Nuclear heat,Luxembourg,2013,0.0
Primary production,Nuclear heat,Luxembourg,2014,0.0
Primary production,Nuclear heat,Luxembourg,2015,0.0
Primary production,Nuclear heat,Luxembourg,2016,0.0
Primary production,Nuclear heat,Luxembourg,2017,0.0
Primary production,Nuclear heat,Luxembourg,2018,0.0
Primary production,Nuclear heat,Luxembourg,2019,0.0
Primary production,Nuclear heat,Luxembourg,2020,0.0
Primary production,Nuclear heat,Luxembourg,2021,0.0
Primary production,Nuclear heat,Luxembourg,2022,0.0
Primary production,Nuclear heat,Luxembourg,2023,0.0
Primary production,Nuclear heat,Luxembourg,2024,0.0
Primary production,Nuclear heat,Latvia,2005,0.0
Primary production,Nuclear heat,Latvia,2006,0.0
Primary production,Nuclear heat,Latvia,2007,0.0
Primary production,Nuclear heat,Latvia,2008,0.0
Primary production,Nuclear heat,Latvia,2009,0.0
Primary production,Nuclear heat,Latvia,2010,0.0
Primary production,Nuclear heat,Latvia,2011,0.0
Primary production,Nuclear heat,Latvia,2012,0.0
Primary production,Nuclear heat,Latvia,2013,0.0
Primary production,Nuclear heat,Latvia,2014,0.0
Primary production,Nuclear heat,Latvia,2015,0.0
Primary production,Nuclear heat,Latvia,2016,0.0
Primary production,Nuclear heat,Latvia,2017,0.0
Primary production,Nuclear heat,Latvia,2018,0.0
Primary production,Nuclear heat,Latvia,2019,0.0
Primary production,Nuclear heat,Latvia,2020,0.0
Primary production,Nuclear heat,Latvia,2021,0.0
Primary production,Nuclear heat,Latvia,2022,0.0
Primary production,Nuclear heat,Latvia,2023,0.0
Primary production,Nuclear heat,Latvia,2024,0.0
Primary production,Nuclear heat,Malta,2005,0.0
Primary production,Nuclear heat,Malta,2006,0.0
Primary production,Nuclear heat,Malta,2007,0.0
Primary production,Nuclear heat,Malta,2008,0.0
Primary production,Nuclear heat,Malta,2009,0.0
Primary production,Nuclear heat,Malta,2010,0.0
Primary production,Nuclear heat,Malta,2011,0.0
Primary production,Nuclear heat,Malta,2012,0.0
Primary production,Nuclear heat,Malta,2013,0.0
Primary production,Nuclear heat,Malta,2014,0.0
Primary production,Nuclear heat,Malta,2015,0.0
Primary production,Nuclear heat,Malta,2016,0.0
Primary production,Nuclear heat,Malta,2017,0.0
Primary production,Nuclear heat,Malta,2018,0.0
Primary production,Nuclear heat,Malta,2019,0.0
Primary production,Nuclear heat,Malta,2020,0.0
Primary production,Nuclear heat,Malta,2021,0.0
Primary production,Nuclear heat,Malta,2022,0.0
Primary production,Nuclear heat,Malta,2023,0.0
Primary production,Nuclear heat,Malta,2024,0.0
Primary production,Nuclear heat,Netherlands,2005,11991.0
Primary production,Nuclear heat,Netherlands,2006,10407.0
Primary production,Nuclear heat,Netherlands,2007,12600.0
Primary production,Nuclear heat,Netherlands,2008,12507.0
Primary production,Nuclear heat,Netherlands,2009,11397.4
Primary production,Nuclear heat,Netherlands,2010,10669.362
Primary production,Nuclear heat,Netherlands,2011,11155.496
Primary production,Nuclear heat,Netherlands,2012,10699.6
Primary production,Nuclear heat,Netherlands,2013,7631.606
Primary production,Nuclear heat,Netherlands,2014,10947.319
Primary production,Nuclear heat,Netherlands,2015,10901.381
Primary production,Nuclear heat,Netherlands,2016,10654.708
Primary production,Nuclear heat,Netherlands,2017,9182.35
Primary production,Nuclear heat,Netherlands,2018,9446.584
Primary production,Nuclear heat,Netherlands,2019,10586.905
Primary production,Nuclear heat,Netherlands,2020,11117.001
Primary production,Nuclear heat,Netherlands,2021,10355.701
Primary production,Nuclear heat,Netherlands,2022,11232.929
Primary production,Nuclear heat,Netherlands,2023,10821.959
Primary production,Nuclear heat,Netherlands,2024,9642.335
Primary production,Nuclear heat,Poland,2005,0.0
Primary production,Nuclear heat,Poland,2006,0.0
Primary production,Nuclear heat,Poland,2007,0.0
Primary production,Nuclear heat,Poland,2008,0.0
Primary production,Nuclear heat,Poland,2009,0.0
Primary production,Nuclear heat,Poland,2010,0.0
Primary production,Nuclear heat,Poland,2011,0.0
Primary production,Nuclear heat,Poland,2012,0.0
Primary production,Nuclear heat,Poland,2013,0.0
Primary production,Nuclear heat,Poland,2014,0.0
Primary production,Nuclear heat,Poland,2015,0.0
Primary production,Nuclear heat,Poland,2016,0.0
Primary production,Nuclear heat,Poland,2017,0.0
Primary production,Nuclear heat,Poland,2018,0.0
Primary production,Nuclear heat,Poland,2019,0.0
Primary production,Nuclear heat,Poland,2020,0.0
Primary production,Nuclear heat,Poland,2021,0.0
Primary production,Nuclear heat,Poland,2022,0.0
Primary production,Nuclear heat,Poland,2023,0.0
Primary production,Nuclear heat,Poland,2024,0.0
Primary production,Nuclear heat,Portugal,2005,0.0
Primary production,Nuclear heat,Portugal,2006,0.0
Primary production,Nuclear heat,Portugal,2007,0.0
Primary production,Nuclear heat,Portugal,2008,0.0
Primary production,Nuclear heat,Portugal,2009,0.0
Primary production,Nuclear heat,Portugal,2010,0.0
Primary production,Nuclear heat,Portugal,2011,0.0
Primary production,Nuclear heat,Portugal,2012,0.0
Primary production,Nuclear heat,Portugal,2013,0.0
Primary production,Nuclear heat,Portugal,2014,0.0
Primary production,Nuclear heat,Portugal,2015,0.0
Primary production,Nuclear heat,Portugal,2016,0.0
Primary production,Nuclear heat,Portugal,2017,0.0
Primary production,Nuclear heat,Portugal,2018,0.0
Primary production,Nuclear heat,Portugal,2019,0.0
Primary production,Nuclear heat,Portugal,2020,0.0
Primary production,Nuclear heat,Portugal,2021,0.0
Primary production,Nuclear heat,Portugal,2022,0.0
Primary production,Nuclear heat,Portugal,2023,0.0
Primary production,Nuclear heat,Portugal,2024,0.0
Primary production,Nuclear heat,Romania,2005,16665.0
Primary production,Nuclear heat,Romania,2006,16896.0
Primary production,Nuclear heat,Romania,2007,23127.0
Primary production,Nuclear heat,Romania,2008,33678.0
Primary production,Nuclear heat,Romania,2009,34652.748
Primary production,Nuclear heat,Romania,2010,33992.513
Primary production,Nuclear heat,Romania,2011,34644.607
Primary production,Nuclear heat,Romania,2012,34988.739
Primary production,Nuclear heat,Romania,2013,33985.186
Primary production,Nuclear heat,Romania,2014,34206.156
Primary production,Nuclear heat,Romania,2015,34193.363
Primary production,Nuclear heat,Romania,2016,32688.441
Primary production,Nuclear heat,Romania,2017,33808.41
Primary production,Nuclear heat,Romania,2018,33459.51
Primary production,Nuclear heat,Romania,2019,33098.98
Primary production,Nuclear heat,Romania,2020,33575.81
Primary production,Nuclear heat,Romania,2021,33331.58
Primary production,Nuclear heat,Romania,2022,32819.86
Primary production,Nuclear heat,Romania,2023,33343.21
Primary production,Nuclear heat,Romania,2024,32598.89
Primary production,Nuclear heat,Sweden,2005,217131.0
Primary production,Nuclear heat,Sweden,2006,200931.0
Primary production,Nuclear heat,Sweden,2007,200907.0
Primary production,Nuclear heat,Sweden,2008,191667.0
Primary production,Nuclear heat,Sweden,2009,149806.03
Primary production,Nuclear heat,Sweden,2010,168611.74
Primary production,Nuclear heat,Sweden,2011,177380.76
Primary production,Nuclear heat,Sweden,2012,181800.16
Primary production,Nuclear heat,Sweden,2013,186033.48
Primary production,Nuclear heat,Sweden,2014,190290.06
Primary production,Nuclear heat,Sweden,2015,180637.16
Primary production,Nuclear heat,Sweden,2016,182579.37
Primary production,Nuclear heat,Sweden,2017,190162.13
Primary production,Nuclear heat,Sweden,2018,194535.01
Primary production,Nuclear heat,Sweden,2019,188859.57
Primary production,Nuclear heat,Sweden,2020,139885.64
Primary production,Nuclear heat,Sweden,2021,143537.46
Primary production,Nuclear heat,Sweden,2022,144316.67
Primary production,Nuclear heat,Sweden,2023,134630.973
Primary production,Nuclear heat,Sweden,2024,140618.33
Primary production,Nuclear heat,Slovenia,2005,17652.0
Primary production,Nuclear heat,Slovenia,2006,16644.0
Primary production,Nuclear heat,Slovenia,2007,17085.0
Primary production,Nuclear heat,Slovenia,2008,18819.0
Primary production,Nuclear heat,Slovenia,2009,15755.0
Primary production,Nuclear heat,Slovenia,2010,15528.841
Primary production,Nuclear heat,Slovenia,2011,17101.709
Primary production,Nuclear heat,Slovenia,2012,15213.58
Primary production,Nuclear heat,Slovenia,2013,14547.967
Primary production,Nuclear heat,Slovenia,2014,17438.707
Primary production,Nuclear heat,Slovenia,2015,15493.486
Primary production,Nuclear heat,Slovenia,2016,15684.752
Primary production,Nuclear heat,Slovenia,2017,17306.603
Primary production,Nuclear heat,Slovenia,2018,15870.298
Primary production,Nuclear heat,Slovenia,2019,15993.576
Primary production,Nuclear heat,Slovenia,2020,17408.388
Primary production,Nuclear heat,Slovenia,2021,15728.913
Primary production,Nuclear heat,Slovenia,2022,15544.064
Primary production,Nuclear heat,Slovenia,2023,15323.699
Primary production,Nuclear heat,Slovenia,2024,15932.207
Primary production,Nuclear heat,Slovakia,2005,55041.833
Primary production,Nuclear heat,Slovakia,2006,55966.833
Primary production,Nuclear heat,Slovakia,2007,47697.833
Primary production,Nuclear heat,Slovakia,2008,51779.0
Primary production,Nuclear heat,Slovakia,2009,43996.29
Primary production,Nuclear heat,Slovakia,2010,44813.646
Primary production,Nuclear heat,Slovakia,2011,46834.01
Primary production,Nuclear heat,Slovakia,2012,47101.5
Primary production,Nuclear heat,Slovakia,2013,47805.231
Primary production,Nuclear heat,Slovakia,2014,47136.39
Primary production,Nuclear heat,Slovakia,2015,46845.64
Primary production,Nuclear heat,Slovakia,2016,45287.22
Primary production,Nuclear heat,Slovakia,2017,46345.55
Primary production,Nuclear heat,Slovakia,2018,43728.8
Primary production,Nuclear heat,Slovakia,2019,47078.24
Primary production,Nuclear heat,Slovakia,2020,47031.72
Primary production,Nuclear heat,Slovakia,2021,47113.712
Primary production,Nuclear heat,Slovakia,2022,47647.994
Primary production,Nuclear heat,Slovakia,2023,55039.44
Primary production,Nuclear heat,Slovakia,2024,54335.127
Primary production,Renewables and biofuels,Austria,2005,83867.036
Primary production,Renewables and biofuels,Austria,2006,86032.989
Primary production,Renewables and biofuels,Austria,2007,93304.336
Primary production,Renewables and biofuels,Austria,2008,97926.661
Primary production,Renewables and biofuels,Austria,2009,101451.343
Primary production,Renewables and biofuels,Austria,2010,105212.17
Primary production,Renewables and biofuels,Austria,2011,99401.013
Primary production,Renewables and biofuels,Austria,2012,113809.993
Primary production,Renewables and biofuels,Austria,2013,112579.941
Primary production,Renewables and biofuels,Austria,2014,111594.54
Primary production,Renewables and biofuels,Austria,2015,112009.703
Primary production,Renewables and biofuels,Austria,2016,117093.103
Primary production,Renewables and biofuels,Austria,2017,118362.962
Primary production,Renewables and biofuels,Austria,2018,114197.709
Primary production,Renewables and biofuels,Austria,2019,120391.164
Primary production,Renewables and biofuels,Austria,2020,122920.651
Primary production,Renewables and biofuels,Austria,2021,125447.239
Primary production,Renewables and biofuels,Austria,2022,124313.868
Primary production,Renewables and biofuels,Austria,2023,135922.163
Primary production,Renewables and biofuels,Austria,2024,144312.035
Primary production,Renewables and biofuels,Belgium,2005,10174.398
Primary production,Renewables and biofuels,Belgium,2006,10839.97
Primary production,Renewables and biofuels,Belgium,2007,13249.022
Primary production,Renewables and biofuels,Belgium,2008,15990.942
Primary production,Renewables and biofuels,Belgium,2009,20229.334
Primary production,Renewables and biofuels,Belgium,2010,28635.938
Primary production,Renewables and biofuels,Belgium,2011,29478.772
Primary production,Renewables and biofuels,Belgium,2012,32812.577
Primary production,Renewables and biofuels,Belgium,2013,35234.888
Primary production,Renewables and biofuels,Belgium,2014,34791.655
Primary production,Renewables and biofuels,Belgium,2015,35466.296
Primary production,Renewables and biofuels,Belgium,2016,36139.237
Primary production,Renewables and biofuels,Belgium,2017,37560.621
Primary production,Renewables and biofuels,Belgium,2018,39375.92
Primary production,Renewables and biofuels,Belgium,2019,42308.172
Primary production,Renewables and biofuels,Belgium,2020,46411.253
Primary production,Renewables and biofuels,Belgium,2021,51465.422
Primary production,Renewables and biofuels,Belgium,2022,54162.132
Primary production,Renewables and biofuels,Belgium,2023,59553.063
Primary production,Renewables and biofuels,Belgium,2024,60244.785
Primary production,Renewables and biofuels,Bulgaria,2005,13224.037
Primary production,Renewables and biofuels,Bulgaria,2006,13878.099
Primary production,Renewables and biofuels,Bulgaria,2007,11812.972
Primary production,Renewables and biofuels,Bulgaria,2008,12948.771
Primary production,Renewables and biofuels,Bulgaria,2009,13716.51
Primary production,Renewables and biofuels,Bulgaria,2010,17834.12
Primary production,Renewables and biofuels,Bulgaria,2011,17107.306
Primary production,Renewables and biofuels,Bulgaria,2012,19327.965
Primary production,Renewables and biofuels,Bulgaria,2013,22012.43
Primary production,Renewables and biofuels,Bulgaria,2014,22261.728
Primary production,Renewables and biofuels,Bulgaria,2015,24621.789
Primary production,Renewables and biofuels,Bulgaria,2016,23217.117
Primary production,Renewables and biofuels,Bulgaria,2017,22541.478
Primary production,Renewables and biofuels,Bulgaria,2018,30055.358
Primary production,Renewables and biofuels,Bulgaria,2019,29645.581
Primary production,Renewables and biofuels,Bulgaria,2020,29988.877
Primary production,Renewables and biofuels,Bulgaria,2021,34587.424
Primary production,Renewables and biofuels,Bulgaria,2022,32570.836
Primary production,Renewables and biofuels,Bulgaria,2023,31557.146
Primary production,Renewables and biofuels,Bulgaria,2024,32427.486
Primary production,Renewables and biofuels,Cyprus,2005,555.088
Primary production,Renewables and biofuels,Cyprus,2006,579.413
Primary production,Renewables and biofuels,Cyprus,2007,774.525
Primary production,Renewables and biofuels,Cyprus,2008,917.48
Primary production,Renewables and biofuels,Cyprus,2009,974.711
Primary production,Renewables and biofuels,Cyprus,2010,998.771
Primary production,Renewables and biofuels,Cyprus,2011,1177.616
Primary production,Renewables and biofuels,Cyprus,2012,1316.41
Primary production,Renewables and biofuels,Cyprus,2013,1333.044
Primary production,Renewables and biofuels,Cyprus,2014,1341.162
Primary production,Renewables and biofuels,Cyprus,2015,1485.648
Primary production,Renewables and biofuels,Cyprus,2016,1555.123
Primary production,Renewables and biofuels,Cyprus,2017,1644.694
Primary production,Renewables and biofuels,Cyprus,2018,2238.246
Primary production,Renewables and biofuels,Cyprus,2019,2363.089
Primary production,Renewables and biofuels,Cyprus,2020,2411.282
Primary production,Renewables and biofuels,Cyprus,2021,2651.573
Primary production,Renewables and biofuels,Cyprus,2022,2855.723
Primary production,Renewables and biofuels,Cyprus,2023,3012.878
Primary production,Renewables and biofuels,Cyprus,2024,3220.969
Primary production,Renewables and biofuels,Czechia,2005,26603.417
Primary production,Renewables and biofuels,Czechia,2006,28600.95
Primary production,Renewables and biofuels,Czechia,2007,29871.025
Primary production,Renewables and biofuels,Czechia,2008,32029.661
Primary production,Renewables and biofuels,Czechia,2009,35435.702
Primary production,Renewables and biofuels,Czechia,2010,38353.738
Primary production,Renewables and biofuels,Czechia,2011,41136.853
Primary production,Renewables and biofuels,Czechia,2012,44144.052
Primary production,Renewables and biofuels,Czechia,2013,48820.232
Primary production,Renewables and biofuels,Czechia,2014,49886.148
Primary production,Renewables and biofuels,Czechia,2015,50993.614
Primary production,Renewables and biofuels,Czechia,2016,51192.973
Primary production,Renewables and biofuels,Czechia,2017,51942.845
Primary production,Renewables and biofuels,Czechia,2018,53121.936
Primary production,Renewables and biofuels,Czechia,2019,57850.606
Primary production,Renewables and biofuels,Czechia,2020,60266.296
Primary production,Renewables and biofuels,Czechia,2021,65243.532
Primary production,Renewables and biofuels,Czechia,2022,64604.028
Primary production,Renewables and biofuels,Czechia,2023,62279.243
Primary production,Renewables and biofuels,Czechia,2024,63439.651
Primary production,Renewables and biofuels,Germany,2005,208840.023
Primary production,Renewables and biofuels,Germany,2006,254706.836
Primary production,Renewables and biofuels,Germany,2007,296960.129
Primary production,Renewables and biofuels,Germany,2008,312022.908
Primary production,Renewables and biofuels,Germany,2009,312575.208
Primary production,Renewables and biofuels,Germany,2010,359058.819
Primary production,Renewables and biofuels,Germany,2011,372875.727
Primary production,Renewables and biofuels,Germany,2012,417196.393
Primary production,Renewables and biofuels,Germany,2013,432069.067
Primary production,Renewables and biofuels,Germany,2014,433823.188
Primary production,Renewables and biofuels,Germany,2015,462622.115
Primary production,Renewables and biofuels,Germany,2016,461532.686
Primary production,Renewables and biofuels,Germany,2017,492973.584
Primary production,Renewables and biofuels,Germany,2018,505483.274
Primary production,Renewables and biofuels,Germany,2019,531359.71
Primary production,Renewables and biofuels,Germany,2020,541884.106
Primary production,Renewables and biofuels,Germany,2021,548980.859
Primary production,Renewables and biofuels,Germany,2022,572381.253
Primary production,Renewables and biofuels,Germany,2023,573149.394
Primary production,Renewables and biofuels,Germany,2024,589618.021
Primary production,Renewables and biofuels,Denmark,2005,29488.776
Primary production,Renewables and biofuels,Denmark,2006,29891.52
Primary production,Renewables and biofuels,Denmark,2007,33365.009
Primary production,Renewables and biofuels,Denmark,2008,32379.94
Primary production,Renewables and biofuels,Denmark,2009,32479.155
Primary production,Renewables and biofuels,Denmark,2010,36331.932
Primary production,Renewables and biofuels,Denmark,2011,36224.394
Primary production,Renewables and biofuels,Denmark,2012,35802.61
Primary production,Renewables and biofuels,Denmark,2013,37317.402
Primary production,Renewables and biofuels,Denmark,2014,39005.924
Primary production,Renewables and biofuels,Denmark,2015,43446.127
Primary production,Renewables and biofuels,Denmark,2016,43553.912
Primary production,Renewables and biofuels,Denmark,2017,46169.174
Primary production,Renewables and biofuels,Denmark,2018,46203.317
Primary production,Renewables and biofuels,Denmark,2019,48653.902
Primary production,Renewables and biofuels,Denmark,2020,50332.05
Primary production,Renewables and biofuels,Denmark,2021,53216.486
Primary production,Renewables and biofuels,Denmark,2022,57273.82
Primary production,Renewables and biofuels,Denmark,2023,60657.511
Primary production,Renewables and biofuels,Denmark,2024,61777.116
Primary production,Renewables and biofuels,Estonia,2005,8050.444
Primary production,Renewables and biofuels,Estonia,2006,7502.299
Primary production,Renewables and biofuels,Estonia,2007,8661.494
Primary production,Renewables and biofuels,Estonia,2008,8785.25
Primary production,Renewables and biofuels,Estonia,2009,10055.874
Primary production,Renewables and biofuels,Estonia,2010,11484.706
Primary production,Renewables and biofuels,Estonia,2011,11357.02
Primary production,Renewables and biofuels,Estonia,2012,12284.742
Primary production,Renewables and biofuels,Estonia,2013,13051.238
Primary production,Renewables and biofuels,Estonia,2014,13792.658
Primary production,Renewables and biofuels,Estonia,2015,15202.433
Primary production,Renewables and biofuels,Estonia,2016,17350.344
Primary production,Renewables and biofuels,Estonia,2017,18502.16
Primary production,Renewables and biofuels,Estonia,2018,20275.413
Primary production,Renewables and biofuels,Estonia,2019,21697.513
Primary production,Renewables and biofuels,Estonia,2020,21491.204
Primary production,Renewables and biofuels,Estonia,2021,22618.245
Primary production,Renewables and biofuels,Estonia,2022,22291.488
Primary production,Renewables and biofuels,Estonia,2023,22199.486
Primary production,Renewables and biofuels,Estonia,2024,23827.932
Primary production,Renewables and biofuels,Greece,2005,19823.204
Primary production,Renewables and biofuels,Greece,2006,21453.141
Primary production,Renewables and biofuels,Greece,2007,19873.533
Primary production,Renewables and biofuels,Greece,2008,19772.063
Primary production,Renewables and biofuels,Greece,2009,21696.514
Primary production,Renewables and biofuels,Greece,2010,23653.055
Primary production,Renewables and biofuels,Greece,2011,23846.353
Primary production,Renewables and biofuels,Greece,2012,27029.324
Primary production,Renewables and biofuels,Greece,2013,29618.294
Primary production,Renewables and biofuels,Greece,2014,27806.933
Primary production,Renewables and biofuels,Greece,2015,31448.506
Primary production,Renewables and biofuels,Greece,2016,29876.236
Primary production,Renewables and biofuels,Greece,2017,32391.432
Primary production,Renewables and biofuels,Greece,2018,35088.53
Primary production,Renewables and biofuels,Greece,2019,35653.375
Primary production,Renewables and biofuels,Greece,2020,37341.838
Primary production,Renewables and biofuels,Greece,2021,42827.079
Primary production,Renewables and biofuels,Greece,2022,42026.051
Primary production,Renewables and biofuels,Greece,2023,45640.715
Primary production,Renewables and biofuels,Greece,2024,49114.323
Primary production,Renewables and biofuels,Spain,2005,97610.127
Primary production,Renewables and biofuels,Spain,2006,106494.869
Primary production,Renewables and biofuels,Spain,2007,116252.551
Primary production,Renewables and biofuels,Spain,2008,119851.346
Primary production,Renewables and biofuels,Spain,2009,143935.175
Primary production,Renewables and biofuels,Spain,2010,170102.552
Primary production,Renewables and biofuels,Spain,2011,161959.566
Primary production,Renewables and biofuels,Spain,2012,169975.176
Primary production,Renewables and biofuels,Spain,2013,203913.744
Primary production,Renewables and biofuels,Spain,2014,212912.795
Primary production,Renewables and biofuels,Spain,2015,200809.522
Primary production,Renewables and biofuels,Spain,2016,206370.354
Primary production,Renewables and biofuels,Spain,2017,198704.495
Primary production,Renewables and biofuels,Spain,2018,212432.546
Primary production,Renewables and biofuels,Spain,2019,218310.261
Primary production,Renewables and biofuels,Spain,2020,228351.154
Primary production,Renewables and biofuels,Spain,2021,237585.388
Primary production,Renewables and biofuels,Spain,2022,236572.279
Primary production,Renewables and biofuels,Spain,2023,259952.773
Primary production,Renewables and biofuels,Spain,2024,276814.137
Primary production,Renewables and biofuels,Finland,2005,94944.629
Primary production,Renewables and biofuels,Finland,2006,101969.933
Primary production,Renewables and biofuels,Finland,2007,101823.027
Primary production,Renewables and biofuels,Finland,2008,106568.427
Primary production,Renewables and biofuels,Finland,2009,92212.438
Primary production,Renewables and biofuels,Finland,2010,109028.713
Primary production,Renewables and biofuels,Finland,2011,106282.942
Primary production,Renewables and biofuels,Finland,2012,115572.773
Primary production,Renewables and biofuels,Finland,2013,115530.114
Primary production,Renewables and biofuels,Finland,2014,117807.974
Primary production,Renewables and biofuels,Finland,2015,120981.792
Primary production,Renewables and biofuels,Finland,2016,122678.56
Primary production,Renewables and biofuels,Finland,2017,135826.406
Primary production,Renewables and biofuels,Finland,2018,137014.234
Primary production,Renewables and biofuels,Finland,2019,137199.548
Primary production,Renewables and biofuels,Finland,2020,133918.676
Primary production,Renewables and biofuels,Finland,2021,153381.855
Primary production,Renewables and biofuels,Finland,2022,147822.054
Primary production,Renewables and biofuels,Finland,2023,152090.543
Primary production,Renewables and biofuels,Finland,2024,153022.817
Primary production,Renewables and biofuels,France,2005,184731.586
Primary production,Renewables and biofuels,France,2006,181191.758
Primary production,Renewables and biofuels,France,2007,194710.244
Primary production,Renewables and biofuels,France,2008,222997.514
Primary production,Renewables and biofuels,France,2009,228470.958
Primary production,Renewables and biofuels,France,2010,256274.597
Primary production,Renewables and biofuels,France,2011,225866.905
Primary production,Renewables and biofuels,France,2012,269157.268
Primary production,Renewables and biofuels,France,2013,298478.582
Primary production,Renewables and biofuels,France,2014,270860.82
Primary production,Renewables and biofuels,France,2015,283111.936
Primary production,Renewables and biofuels,France,2016,302870.774
Primary production,Renewables and biofuels,France,2017,295862.575
Primary production,Renewables and biofuels,France,2018,323101.002
Primary production,Renewables and biofuels,France,2019,321064.353
Primary production,Renewables and biofuels,France,2020,327059.281
Primary production,Renewables and biofuels,France,2021,349109.447
Primary production,Renewables and biofuels,France,2022,335644.123
Primary production,Renewables and biofuels,France,2023,370795.32
Primary production,Renewables and biofuels,France,2024,387573.198
Primary production,Renewables and biofuels,Croatia,2005,21639.333
Primary production,Renewables and biofuels,Croatia,2006,20738.417
Primary production,Renewables and biofuels,Croatia,2007,18482.394
Primary production,Renewables and biofuels,Croatia,2008,19980.496
Primary production,Renewables and biofuels,Croatia,2009,22382.022
Primary production,Renewables and biofuels,Croatia,2010,25375.921
Primary production,Renewables and biofuels,Croatia,2011,22100.81
Primary production,Renewables and biofuels,Croatia,2012,22777.674
Primary production,Renewables and biofuels,Croatia,2013,27070.918
Primary production,Renewables and biofuels,Croatia,2014,26768.591
Primary production,Renewables and biofuels,Croatia,2015,26058.185
Primary production,Renewables and biofuels,Croatia,2016,26717.018
Primary production,Renewables and biofuels,Croatia,2017,25705.827
Primary production,Renewables and biofuels,Croatia,2018,27820.981
Primary production,Renewables and biofuels,Croatia,2019,26516.113
Primary production,Renewables and biofuels,Croatia,2020,27061.162
Primary production,Renewables and biofuels,Croatia,2021,30873.489
Primary production,Renewables and biofuels,Croatia,2022,28162.515
Primary production,Renewables and biofuels,Croatia,2023,29907.559
Primary production,Renewables and biofuels,Croatia,2024,29164.427
Primary production,Renewables and biofuels,Hungary,2005,19649.406
Primary production,Renewables and biofuels,Hungary,2006,19943.232
Primary production,Renewables and biofuels,Hungary,2007,21556.014
Primary production,Renewables and biofuels,Hungary,2008,23379.962
Primary production,Renewables and biofuels,Hungary,2009,29737.651
Primary production,Renewables and biofuels,Hungary,2010,31916.25
Primary production,Renewables and biofuels,Hungary,2011,33223.472
Primary production,Renewables and biofuels,Hungary,2012,36441.074
Primary production,Renewables and biofuels,Hungary,2013,38541.57
Primary production,Renewables and biofuels,Hungary,2014,34670.767
Primary production,Renewables and biofuels,Hungary,2015,37794.567
Primary production,Renewables and biofuels,Hungary,2016,37221.611
Primary production,Renewables and biofuels,Hungary,2017,37171.722
Primary production,Renewables and biofuels,Hungary,2018,34927.194
Primary production,Renewables and biofuels,Hungary,2019,35515.333
Primary production,Renewables and biofuels,Hungary,2020,36071.25
Primary production,Renewables and biofuels,Hungary,2021,39861.806
Primary production,Renewables and biofuels,Hungary,2022,40122.5
Primary production,Renewables and biofuels,Hungary,2023,40168.722
Primary production,Renewables and biofuels,Hungary,2024,44908.361
Primary production,Renewables and biofuels,Ireland,2005,4312.006
Primary production,Renewables and biofuels,Ireland,2006,4974.137
Primary production,Renewables and biofuels,Ireland,2007,5308.881
Primary production,Renewables and biofuels,Ireland,2008,6085.458
Primary production,Renewables and biofuels,Ireland,2009,6896.612
Primary production,Renewables and biofuels,Ireland,2010,6697.083
Primary production,Renewables and biofuels,Ireland,2011,8652.195
Primary production,Renewables and biofuels,Ireland,2012,8721.74
Primary production,Renewables and biofuels,Ireland,2013,9091.524
Primary production,Renewables and biofuels,Ireland,2014,10247.301
Primary production,Renewables and biofuels,Ireland,2015,11882.267
Primary production,Renewables and biofuels,Ireland,2016,11789.267
Primary production,Renewables and biofuels,Ireland,2017,13775.696
Primary production,Renewables and biofuels,Ireland,2018,15587.083
Primary production,Renewables and biofuels,Ireland,2019,17233.58
Primary production,Renewables and biofuels,Ireland,2020,19050.108
Primary production,Renewables and biofuels,Ireland,2021,17516.66
Primary production,Renewables and biofuels,Ireland,2022,19641.627
Primary production,Renewables and biofuels,Ireland,2023,20347.188
Primary production,Renewables and biofuels,Ireland,2024,20964.497
Primary production,Renewables and biofuels,Italy,2005,155009.465
Primary production,Renewables and biofuels,Italy,2006,165155.879
Primary production,Renewables and biofuels,Italy,2007,185533.539
Primary production,Renewables and biofuels,Italy,2008,218497.12
Primary production,Renewables and biofuels,Italy,2009,224395.84
Primary production,Renewables and biofuels,Italy,2010,225561.507
Primary production,Renewables and biofuels,Italy,2011,211940.271
Primary production,Renewables and biofuels,Italy,2012,245444.506
Primary production,Renewables and biofuels,Italy,2013,273301.564
Primary production,Renewables and biofuels,Italy,2014,274981.573
Primary production,Renewables and biofuels,Italy,2015,274047.154
Primary production,Renewables and biofuels,Italy,2016,274104.15
Primary production,Renewables and biofuels,Italy,2017,308664.82
Primary production,Renewables and biofuels,Italy,2018,310017.902
Primary production,Renewables and biofuels,Italy,2019,315036.439
Primary production,Renewables and biofuels,Italy,2020,315710.077
Primary production,Renewables and biofuels,Italy,2021,324897.276
Primary production,Renewables and biofuels,Italy,2022,297264.016
Primary production,Renewables and biofuels,Italy,2023,304066.728
Primary production,Renewables and biofuels,Italy,2024,324877.766
Primary production,Renewables and biofuels,Lithuania,2005,10464.616
Primary production,Renewables and biofuels,Lithuania,2006,11121.464
Primary production,Renewables and biofuels,Lithuania,2007,11215.002
Primary production,Renewables and biofuels,Lithuania,2008,12255.513
Primary production,Renewables and biofuels,Lithuania,2009,13608.657
Primary production,Renewables and biofuels,Lithuania,2010,13778.278
Primary production,Renewables and biofuels,Lithuania,2011,13515.648
Primary production,Renewables and biofuels,Lithuania,2012,13931.168
Primary production,Renewables and biofuels,Lithuania,2013,14983.781
Primary production,Renewables and biofuels,Lithuania,2014,15796.341
Primary production,Renewables and biofuels,Lithuania,2015,17050.171
Primary production,Renewables and biofuels,Lithuania,2016,17464.585
Primary production,Renewables and biofuels,Lithuania,2017,19263.593
Primary production,Renewables and biofuels,Lithuania,2018,19273.85
Primary production,Renewables and biofuels,Lithuania,2019,19248.956
Primary production,Renewables and biofuels,Lithuania,2020,19819.183
Primary production,Renewables and biofuels,Lithuania,2021,21771.394
Primary production,Renewables and biofuels,Lithuania,2022,21303.522
Primary production,Renewables and biofuels,Lithuania,2023,23220.478
Primary production,Renewables and biofuels,Lithuania,2024,26649.15
Primary production,Renewables and biofuels,Luxembourg,2005,831.948
Primary production,Renewables and biofuels,Luxembourg,2006,901.173
Primary production,Renewables and biofuels,Luxembourg,2007,986.811
Primary production,Renewables and biofuels,Luxembourg,2008,1031.925
Primary production,Renewables and biofuels,Luxembourg,2009,966.847
Primary production,Renewables and biofuels,Luxembourg,2010,1021.182
Primary production,Renewables and biofuels,Luxembourg,2011,946.351
Primary production,Renewables and biofuels,Luxembourg,2012,1060.08
Primary production,Renewables and biofuels,Luxembourg,2013,1149.284
Primary production,Renewables and biofuels,Luxembourg,2014,1400.488
Primary production,Renewables and biofuels,Luxembourg,2015,1357.067
Primary production,Renewables and biofuels,Luxembourg,2016,1477.214
Primary production,Renewables and biofuels,Luxembourg,2017,1701.887
Primary production,Renewables and biofuels,Luxembourg,2018,2005.856
Primary production,Renewables and biofuels,Luxembourg,2019,2289.405
Primary production,Renewables and biofuels,Luxembourg,2020,3050.781
Primary production,Renewables and biofuels,Luxembourg,2021,3162.444
Primary production,Renewables and biofuels,Luxembourg,2022,3207.45
Primary production,Renewables and biofuels,Luxembourg,2023,3121.441
Primary production,Renewables and biofuels,Luxembourg,2024,3735.183
Primary production,Renewables and biofuels,Latvia,2005,21558.287
Primary production,Renewables and biofuels,Latvia,2006,21397.886
Primary production,Renewables and biofuels,Latvia,2007,20865.807
Primary production,Renewables and biofuels,Latvia,2008,20720.802
Primary production,Renewables and biofuels,Latvia,2009,24298.153
Primary production,Renewables and biofuels,Latvia,2010,22845.906
Primary production,Renewables and biofuels,Latvia,2011,24089.013
Primary production,Renewables and biofuels,Latvia,2012,27113.948
Primary production,Renewables and biofuels,Latvia,2013,24853.643
Primary production,Renewables and biofuels,Latvia,2014,27575.145
Primary production,Renewables and biofuels,Latvia,2015,27100.085
Primary production,Renewables and biofuels,Latvia,2016,28346.413
Primary production,Renewables and biofuels,Latvia,2017,30002.67
Primary production,Renewables and biofuels,Latvia,2018,33103.231
Primary production,Renewables and biofuels,Latvia,2019,32726.822
Primary production,Renewables and biofuels,Latvia,2020,31290.025
Primary production,Renewables and biofuels,Latvia,2021,31388.292
Primary production,Renewables and biofuels,Latvia,2022,33915.755
Primary production,Renewables and biofuels,Latvia,2023,37778.187
Primary production,Renewables and biofuels,Latvia,2024,35485.111
Primary production,Renewables and biofuels,Malta,2005,6.111
Primary production,Renewables and biofuels,Malta,2006,7.5
Primary production,Renewables and biofuels,Malta,2007,9.167
Primary production,Renewables and biofuels,Malta,2008,10.556
Primary production,Renewables and biofuels,Malta,2009,10.833
Primary production,Renewables and biofuels,Malta,2010,50.219
Primary production,Renewables and biofuels,Malta,2011,74.054
Primary production,Renewables and biofuels,Malta,2012,102.187
Primary production,Renewables and biofuels,Malta,2013,109.442
Primary production,Renewables and biofuels,Malta,2014,155.318
Primary production,Renewables and biofuels,Malta,2015,182.493
Primary production,Renewables and biofuels,Malta,2016,215.469
Primary production,Renewables and biofuels,Malta,2017,355.152
Primary production,Renewables and biofuels,Malta,2018,390.33
Primary production,Renewables and biofuels,Malta,2019,420.794
Primary production,Renewables and biofuels,Malta,2020,481.623
Primary production,Renewables and biofuels,Malta,2021,526.275
Primary production,Renewables and biofuels,Malta,2022,581.881
Primary production,Renewables and biofuels,Malta,2023,629.245
Primary production,Renewables and biofuels,Malta,2024,663.003
Primary production,Renewables and biofuels,Netherlands,2005,22979.954
Primary production,Renewables and biofuels,Netherlands,2006,25214.04
Primary production,Renewables and biofuels,Netherlands,2007,26568.441
Primary production,Renewables and biofuels,Netherlands,2008,30079.061
Primary production,Renewables and biofuels,Netherlands,2009,34221.374
Primary production,Renewables and biofuels,Netherlands,2010,36377.196
Primary production,Renewables and biofuels,Netherlands,2011,38254.025
Primary production,Renewables and biofuels,Netherlands,2012,46419.827
Primary production,Renewables and biofuels,Netherlands,2013,51752.154
Primary production,Renewables and biofuels,Netherlands,2014,53877.242
Primary production,Renewables and biofuels,Netherlands,2015,56502.84
Primary production,Renewables and biofuels,Netherlands,2016,56624.388
Primary production,Renewables and biofuels,Netherlands,2017,65421.126
Primary production,Renewables and biofuels,Netherlands,2018,66434.462
Primary production,Renewables and biofuels,Netherlands,2019,72986.415
Primary production,Renewables and biofuels,Netherlands,2020,83707.6
Primary production,Renewables and biofuels,Netherlands,2021,92282.883
Primary production,Renewables and biofuels,Netherlands,2022,100746.929
Primary production,Renewables and biofuels,Netherlands,2023,113258.108
Primary production,Renewables and biofuels,Netherlands,2024,118777.819
Primary production,Renewables and biofuels,Poland,2005,52909.433
Primary production,Renewables and biofuels,Poland,2006,55425.473
Primary production,Renewables and biofuels,Poland,2007,56407.376
Primary production,Renewables and biofuels,Poland,2008,62828.498
Primary production,Renewables and biofuels,Poland,2009,70461.47
Primary production,Renewables and biofuels,Poland,2010,80157.437
Primary production,Renewables and biofuels,Poland,2011,87193.947
Primary production,Renewables and biofuels,Poland,2012,99268.88
Primary production,Renewables and biofuels,Poland,2013,100105.932
Primary production,Renewables and biofuels,Poland,2014,95150.963
Primary production,Renewables and biofuels,Poland,2015,104323.305
Primary production,Renewables and biofuels,Poland,2016,106611.798
Primary production,Renewables and biofuels,Poland,2017,107326.281
Primary production,Renewables and biofuels,Poland,2018,140444.735
Primary production,Renewables and biofuels,Poland,2019,142672.838
Primary production,Renewables and biofuels,Poland,2020,145586.96
Primary production,Renewables and biofuels,Poland,2021,148398.281
Primary production,Renewables and biofuels,Poland,2022,154291.126
Primary production,Renewables and biofuels,Poland,2023,160399.865
Primary production,Renewables and biofuels,Poland,2024,169389.066
Primary production,Renewables and biofuels,Portugal,2005,40410.227
Primary production,Renewables and biofuels,Portugal,2006,49099.039
Primary production,Renewables and biofuels,Portugal,2007,52407.861
Primary production,Renewables and biofuels,Portugal,2008,50483.426
Primary production,Renewables and biofuels,Portugal,2009,55660.516
Primary production,Renewables and biofuels,Portugal,2010,65610.642
Primary production,Renewables and biofuels,Portugal,2011,62574.507
Primary production,Renewables and biofuels,Portugal,2012,53065.687
Primary production,Renewables and biofuels,Portugal,2013,65210.988
Primary production,Renewables and biofuels,Portugal,2014,74779.423
Primary production,Renewables and biofuels,Portugal,2015,67255.814
Primary production,Renewables and biofuels,Portugal,2016,74802.638
Primary production,Renewables and biofuels,Portugal,2017,66247.166
Primary production,Renewables and biofuels,Portugal,2018,73903.078
Primary production,Renewables and biofuels,Portugal,2019,74420.579
Primary production,Renewables and biofuels,Portugal,2020,77410.25
Primary production,Renewables and biofuels,Portugal,2021,78966.241
Primary production,Renewables and biofuels,Portugal,2022,76713.525
Primary production,Renewables and biofuels,Portugal,2023,83648.68
Primary production,Renewables and biofuels,Portugal,2024,89811.035
Primary production,Renewables and biofuels,Romania,2005,57966.802
Primary production,Renewables and biofuels,Romania,2006,56184.788
Primary production,Renewables and biofuels,Romania,2007,54866.771
Primary production,Renewables and biofuels,Romania,2008,62059.51
Primary production,Renewables and biofuels,Romania,2009,61343.579
Primary production,Renewables and biofuels,Romania,2010,66388.671
Primary production,Renewables and biofuels,Romania,2011,58468.704
Primary production,Renewables and biofuels,Romania,2012,60967.165
Primary production,Renewables and biofuels,Romania,2013,64671.255
Primary production,Renewables and biofuels,Romania,2014,70820.904
Primary production,Renewables and biofuels,Romania,2015,69023.401
Primary production,Renewables and biofuels,Romania,2016,70891.647
Primary production,Renewables and biofuels,Romania,2017,67971.173
Primary production,Renewables and biofuels,Romania,2018,68724.163
Primary production,Renewables and biofuels,Romania,2019,67587.957
Primary production,Renewables and biofuels,Romania,2020,67433.88
Primary production,Renewables and biofuels,Romania,2021,71218.206
Primary production,Renewables and biofuels,Romania,2022,66647.123
Primary production,Renewables and biofuels,Romania,2023,69712.131
Primary production,Renewables and biofuels,Romania,2024,65096.564
Primary production,Renewables and biofuels,Sweden,2005,168092.923
Primary production,Renewables and biofuels,Sweden,2006,162672.875
Primary production,Renewables and biofuels,Sweden,2007,172297.014
Primary production,Renewables and biofuels,Sweden,2008,176382.152
Primary production,Renewables and biofuels,Sweden,2009,178656.18
Primary production,Renewables and biofuels,Sweden,2010,192340.59
Primary production,Renewables and biofuels,Sweden,2011,201285.293
Primary production,Renewables and biofuels,Sweden,2012,224724.192
Primary production,Renewables and biofuels,Sweden,2013,206602.697
Primary production,Renewables and biofuels,Sweden,2014,207595.824
Primary production,Renewables and biofuels,Sweden,2015,228064.49
Primary production,Renewables and biofuels,Sweden,2016,218809.679
Primary production,Renewables and biofuels,Sweden,2017,225005.34
Primary production,Renewables and biofuels,Sweden,2018,221055.719
Primary production,Renewables and biofuels,Sweden,2019,231703.499
Primary production,Renewables and biofuels,Sweden,2020,249898.563
Primary production,Renewables and biofuels,Sweden,2021,261775.232
Primary production,Renewables and biofuels,Sweden,2022,261366.63
Primary production,Renewables and biofuels,Sweden,2023,255893.446
Primary production,Renewables and biofuels,Sweden,2024,257691.18
Primary production,Renewables and biofuels,Slovenia,2005,11800.088
Primary production,Renewables and biofuels,Slovenia,2006,10999.42
Primary production,Renewables and biofuels,Slovenia,2007,11433.174
Primary production,Renewables and biofuels,Slovenia,2008,12554.937
Primary production,Renewables and biofuels,Slovenia,2009,12712.671
Primary production,Renewables and biofuels,Slovenia,2010,13184.366
Primary production,Renewables and biofuels,Slovenia,2011,12132.929
Primary production,Renewables and biofuels,Slovenia,2012,12321.16
Primary production,Renewables and biofuels,Slovenia,2013,13484.831
Primary production,Renewables and biofuels,Slovenia,2014,14083.284
Primary production,Renewables and biofuels,Slovenia,2015,12662.04
Primary production,Renewables and biofuels,Slovenia,2016,13470.738
Primary production,Renewables and biofuels,Slovenia,2017,12660.968
Primary production,Renewables and biofuels,Slovenia,2018,12713.723
Primary production,Renewables and biofuels,Slovenia,2019,12397.386
Primary production,Renewables and biofuels,Slovenia,2020,12794.244
Primary production,Renewables and biofuels,Slovenia,2021,13443.661
Primary production,Renewables and biofuels,Slovenia,2022,11278.24
Primary production,Renewables and biofuels,Slovenia,2023,13409.468
Primary production,Renewables and biofuels,Slovenia,2024,13883.017
Primary production,Renewables and biofuels,Slovakia,2005,10013.007
Primary production,Renewables and biofuels,Slovakia,2006,10042.49
Primary production,Renewables and biofuels,Slovakia,2007,11181.869
Primary production,Renewables and biofuels,Slovakia,2008,12012.07
Primary production,Renewables and biofuels,Slovakia,2009,14222.394
Primary production,Renewables and biofuels,Slovakia,2010,24661.32
Primary production,Renewables and biofuels,Slovakia,2011,23917.779
Primary production,Renewables and biofuels,Slovakia,2012,25399.833
Primary production,Renewables and biofuels,Slovakia,2013,25149.206
Primary production,Renewables and biofuels,Slovakia,2014,21096.469
Primary production,Renewables and biofuels,Slovakia,2015,25321.0
Primary production,Renewables and biofuels,Slovakia,2016,26304.794
Primary production,Renewables and biofuels,Slovakia,2017,26175.22
Primary production,Renewables and biofuels,Slovakia,2018,24445.269
Primary production,Renewables and biofuels,Slovakia,2019,25836.651
Primary production,Renewables and biofuels,Slovakia,2020,25320.178
Primary production,Renewables and biofuels,Slovakia,2021,27342.089
Primary production,Renewables and biofuels,Slovakia,2022,25378.725
Primary production,Renewables and biofuels,Slovakia,2023,24239.896
Primary production,Renewables and biofuels,Slovakia,2024,24175.009
Primary production,Hydro,Austria,2005,37095.138
Primary production,Hydro,Austria,2006,35656.085
Primary production,Hydro,Austria,2007,37054.453
Primary production,Hydro,Austria,2008,38329.491
Primary production,Hydro,Austria,2009,40896.304
Primary production,Hydro,Austria,2010,38363.418
Primary production,Hydro,Austria,2011,34237.171
Primary production,Hydro,Austria,2012,43847.698
Primary production,Hydro,Austria,2013,42016.72
Primary production,Hydro,Austria,2014,41007.237
Primary production,Hydro,Austria,2015,37156.866
Primary production,Hydro,Austria,2016,39971.337
Primary production,Hydro,Austria,2017,38293.75
Primary production,Hydro,Austria,2018,37637.911
Primary production,Hydro,Austria,2019,40825.97
Primary production,Hydro,Austria,2020,41998.029
Primary production,Hydro,Austria,2021,38751.33
Primary production,Hydro,Austria,2022,34625.11
Primary production,Hydro,Austria,2023,40672.636
Primary production,Hydro,Austria,2024,45707.084
Primary production,Hydro,Belgium,2005,288.0
Primary production,Hydro,Belgium,2006,359.0
Primary production,Hydro,Belgium,2007,389.0
Primary production,Hydro,Belgium,2008,410.0
Primary production,Hydro,Belgium,2009,328.0
Primary production,Hydro,Belgium,2010,312.0
Primary production,Hydro,Belgium,2011,196.0
Primary production,Hydro,Belgium,2012,357.0
Primary production,Hydro,Belgium,2013,380.0
Primary production,Hydro,Belgium,2014,292.2
Primary production,Hydro,Belgium,2015,318.4
Primary production,Hydro,Belgium,2016,370.0
Primary production,Hydro,Belgium,2017,270.1
Primary production,Hydro,Belgium,2018,292.3
Primary production,Hydro,Belgium,2019,301.0
Primary production,Hydro,Belgium,2020,266.9
Primary production,Hydro,Belgium,2021,418.1
Primary production,Hydro,Belgium,2022,271.1
Primary production,Hydro,Belgium,2023,402.3
Primary production,Hydro,Belgium,2024,545.7
Primary production,Hydro,Bulgaria,2005,4297.428
Primary production,Hydro,Bulgaria,2006,4212.974
Primary production,Hydro,Bulgaria,2007,2829.847
Primary production,Hydro,Bulgaria,2008,2792.71
Primary production,Hydro,Bulgaria,2009,3431.712
Primary production,Hydro,Bulgaria,2010,5031.341
Primary production,Hydro,Bulgaria,2011,2871.581
Primary production,Hydro,Bulgaria,2012,3177.636
Primary production,Hydro,Bulgaria,2013,4036.138
Primary production,Hydro,Bulgaria,2014,4601.629
Primary production,Hydro,Bulgaria,2015,5654.542
Primary production,Hydro,Bulgaria,2016,3879.842
Primary production,Hydro,Bulgaria,2017,2828.103
Primary production,Hydro,Bulgaria,2018,5146.578
Primary production,Hydro,Bulgaria,2019,2929.499
Primary production,Hydro,Bulgaria,2020,2820.398
Primary production,Hydro,Bulgaria,2021,4819.205
Primary production,Hydro,Bulgaria,2022,3803.279
Primary production,Hydro,Bulgaria,2023,3080.132
Primary production,Hydro,Bulgaria,2024,2787.148
Primary production,Hydro,Cyprus,2005,0.0
Primary production,Hydro,Cyprus,2006,0.0
Primary production,Hydro,Cyprus,2007,0.0
Primary production,Hydro,Cyprus,2008,0.0
Primary production,Hydro,Cyprus,2009,0.0
Primary production,Hydro,Cyprus,2010,0.0
Primary production,Hydro,Cyprus,2011,0.0
Primary production,Hydro,Cyprus,2012,0.0
Primary production,Hydro,Cyprus,2013,0.0
Primary production,Hydro,Cyprus,2014,0.0
Primary production,Hydro,Cyprus,2015,0.0
Primary production,Hydro,Cyprus,2016,0.0
Primary production,Hydro,Cyprus,2017,0.0
Primary production,Hydro,Cyprus,2018,0.0
Primary production,Hydro,Cyprus,2019,0.0
Primary production,Hydro,Cyprus,2020,0.0
Primary production,Hydro,Cyprus,2021,0.0
Primary production,Hydro,Cyprus,2022,0.0
Primary production,Hydro,Cyprus,2023,0.0
Primary production,Hydro,Cyprus,2024,0.0
Primary production,Hydro,Czechia,2005,2379.91
Primary production,Hydro,Czechia,2006,2550.3
Primary production,Hydro,Czechia,2007,2089.409
Primary production,Hydro,Czechia,2008,2024.335
Primary production,Hydro,Czechia,2009,2429.607
Primary production,Hydro,Czechia,2010,2789.474
Primary production,Hydro,Czechia,2011,1963.016
Primary production,Hydro,Czechia,2012,2129.143
Primary production,Hydro,Czechia,2013,2734.507
Primary production,Hydro,Czechia,2014,1908.749
Primary production,Hydro,Czechia,2015,1794.769
Primary production,Hydro,Czechia,2016,2000.036
Primary production,Hydro,Czechia,2017,1869.464
Primary production,Hydro,Czechia,2018,1628.83
Primary production,Hydro,Czechia,2019,2008.029
Primary production,Hydro,Czechia,2020,2143.884
Primary production,Hydro,Czechia,2021,2408.52
Primary production,Hydro,Czechia,2022,2093.465
Primary production,Hydro,Czechia,2023,2362.978
Primary production,Hydro,Czechia,2024,2662.82
Primary production,Hydro,Germany,2005,19638.0
Primary production,Hydro,Germany,2006,20031.0
Primary production,Hydro,Germany,2007,21169.0
Primary production,Hydro,Germany,2008,20443.0
Primary production,Hydro,Germany,2009,19031.0
Primary production,Hydro,Germany,2010,20953.0
Primary production,Hydro,Germany,2011,17672.0
Primary production,Hydro,Germany,2012,21755.0
Primary production,Hydro,Germany,2013,22998.0
Primary production,Hydro,Germany,2014,19587.0
Primary production,Hydro,Germany,2015,18976.0
Primary production,Hydro,Germany,2016,20546.0
Primary production,Hydro,Germany,2017,20150.0
Primary production,Hydro,Germany,2018,17693.0
Primary production,Hydro,Germany,2019,19731.0
Primary production,Hydro,Germany,2020,18721.0
Primary production,Hydro,Germany,2021,19657.0
Primary production,Hydro,Germany,2022,17624.0
Primary production,Hydro,Germany,2023,21244.0
Primary production,Hydro,Germany,2024,23825.0
Primary production,Hydro,Denmark,2005,23.0
Primary production,Hydro,Denmark,2006,23.0
Primary production,Hydro,Denmark,2007,28.0
Primary production,Hydro,Denmark,2008,26.0
Primary production,Hydro,Denmark,2009,19.0
Primary production,Hydro,Denmark,2010,20.642
Primary production,Hydro,Denmark,2011,16.868
Primary production,Hydro,Denmark,2012,17.476
Primary production,Hydro,Denmark,2013,13.419
Primary production,Hydro,Denmark,2014,15.104
Primary production,Hydro,Denmark,2015,18.03
Primary production,Hydro,Denmark,2016,19.272
Primary production,Hydro,Denmark,2017,17.871
Primary production,Hydro,Denmark,2018,14.862
Primary production,Hydro,Denmark,2019,16.955
Primary production,Hydro,Denmark,2020,17.064
Primary production,Hydro,Denmark,2021,16.294
Primary production,Hydro,Denmark,2022,14.947
Primary production,Hydro,Denmark,2023,19.628
Primary production,Hydro,Denmark,2024,22.562
Primary production,Hydro,Estonia,2005,22.0
Primary production,Hydro,Estonia,2006,13.5
Primary production,Hydro,Estonia,2007,21.822
Primary production,Hydro,Estonia,2008,27.908
Primary production,Hydro,Estonia,2009,31.988
Primary production,Hydro,Estonia,2010,26.881
Primary production,Hydro,Estonia,2011,30.028
Primary production,Hydro,Estonia,2012,42.058
Primary production,Hydro,Estonia,2013,25.532
Primary production,Hydro,Estonia,2014,27.034
Primary production,Hydro,Estonia,2015,26.6
Primary production,Hydro,Estonia,2016,35.0
Primary production,Hydro,Estonia,2017,26.0
Primary production,Hydro,Estonia,2018,15.0
Primary production,Hydro,Estonia,2019,19.0
Primary production,Hydro,Estonia,2020,30.0
Primary production,Hydro,Estonia,2021,23.0
Primary production,Hydro,Estonia,2022,23.0
Primary production,Hydro,Estonia,2023,24.0
Primary production,Hydro,Estonia,2024,30.045
Primary production,Hydro,Greece,2005,5017.271
Primary production,Hydro,Greece,2006,5864.849
Primary production,Hydro,Greece,2007,2591.422
Primary production,Hydro,Greece,2008,3312.288
Primary production,Hydro,Greece,2009,5352.558
Primary production,Hydro,Greece,2010,7474.753
Primary production,Hydro,Greece,2011,4011.165
Primary production,Hydro,Greece,2012,4392.525
Primary production,Hydro,Greece,2013,6346.921
Primary production,Hydro,Greece,2014,4478.322
Primary production,Hydro,Greece,2015,6098.194
Primary production,Hydro,Greece,2016,5542.638
Primary production,Hydro,Greece,2017,3962.547
Primary production,Hydro,Greece,2018,5743.448
Primary production,Hydro,Greece,2019,3999.598
Primary production,Hydro,Greece,2020,3343.687
Primary production,Hydro,Greece,2021,5903.439
Primary production,Hydro,Greece,2022,3855.192
Primary production,Hydro,Greece,2023,3815.328
Primary production,Hydro,Greece,2024,3581.68
Primary production,Hydro,Spain,2005,18393.0
Primary production,Hydro,Spain,2006,25959.0
Primary production,Hydro,Spain,2007,27309.0
Primary production,Hydro,Spain,2008,23364.0
Primary production,Hydro,Spain,2009,26411.0
Primary production,Hydro,Spain,2010,42304.0
Primary production,Hydro,Spain,2011,30596.0
Primary production,Hydro,Spain,2012,20545.0
Primary production,Hydro,Spain,2013,36865.017
Primary production,Hydro,Spain,2014,39168.487
Primary production,Hydro,Spain,2015,28140.0
Primary production,Hydro,Spain,2016,36395.357
Primary production,Hydro,Spain,2017,18322.0
Primary production,Hydro,Spain,2018,34334.0
Primary production,Hydro,Spain,2019,24646.0
Primary production,Hydro,Spain,2020,30507.0
Primary production,Hydro,Spain,2021,29626.0
Primary production,Hydro,Spain,2022,17590.0
Primary production,Hydro,Spain,2023,24996.0
Primary production,Hydro,Spain,2024,34414.726
Primary production,Hydro,Finland,2005,13784.0
Primary production,Hydro,Finland,2006,11493.691
Primary production,Hydro,Finland,2007,14177.206
Primary production,Hydro,Finland,2008,17112.132
Primary production,Hydro,Finland,2009,12686.03
Primary production,Hydro,Finland,2010,12921.994
Primary production,Hydro,Finland,2011,12445.039
Primary production,Hydro,Finland,2012,16859.128
Primary production,Hydro,Finland,2013,12838.601
Primary production,Hydro,Finland,2014,13397.044
Primary production,Hydro,Finland,2015,16768.698
Primary production,Hydro,Finland,2016,15799.127
Primary production,Hydro,Finland,2017,14771.469
Primary production,Hydro,Finland,2018,13301.104
Primary production,Hydro,Finland,2019,12420.475
Primary production,Hydro,Finland,2020,15883.341
Primary production,Hydro,Finland,2021,15791.129
Primary production,Hydro,Finland,2022,13491.76
Primary production,Hydro,Finland,2023,15200.385
Primary production,Hydro,Finland,2024,14299.241
Primary production,Hydro,France,2005,50139.149
Primary production,Hydro,France,2006,54877.946
Primary production,Hydro,France,2007,55989.95
Primary production,Hydro,France,2008,62158.522
Primary production,Hydro,France,2009,55494.548
Primary production,Hydro,France,2010,61202.19
Primary production,Hydro,France,2011,45743.862
Primary production,Hydro,France,2012,59830.634
Primary production,Hydro,France,2013,71920.432
Primary production,Hydro,France,2014,63772.627
Primary production,Hydro,France,2015,55556.272
Primary production,Hydro,France,2016,60839.21
Primary production,Hydro,France,2017,50001.257
Primary production,Hydro,France,2018,65111.426
Primary production,Hydro,France,2019,56913.549
Primary production,Hydro,France,2020,62523.508
Primary production,Hydro,France,2021,59537.246
Primary production,Hydro,France,2022,45555.248
Primary production,Hydro,France,2023,55895.181
Primary production,Hydro,France,2024,71115.895
Primary production,Hydro,Croatia,2005,7035.5
Primary production,Hydro,Croatia,2006,6617.0
Primary production,Hydro,Croatia,2007,4699.8
Primary production,Hydro,Croatia,2008,5780.0
Primary production,Hydro,Croatia,2009,7408.401
Primary production,Hydro,Croatia,2010,9126.203
Primary production,Hydro,Croatia,2011,5031.887
Primary production,Hydro,Croatia,2012,4836.9
Primary production,Hydro,Croatia,2013,8621.7
Primary production,Hydro,Croatia,2014,9006.12
Primary production,Hydro,Croatia,2015,6390.636
Primary production,Hydro,Croatia,2016,6852.099
Primary production,Hydro,Croatia,2017,5307.4
Primary production,Hydro,Croatia,2018,7700.9
Primary production,Hydro,Croatia,2019,5826.1
Primary production,Hydro,Croatia,2020,5662.4
Primary production,Hydro,Croatia,2021,7127.7
Primary production,Hydro,Croatia,2022,5459.7
Primary production,Hydro,Croatia,2023,8160.5
Primary production,Hydro,Croatia,2024,6727.0
Primary production,Hydro,Hungary,2005,202.153
Primary production,Hydro,Hungary,2006,185.746
Primary production,Hydro,Hungary,2007,209.993
Primary production,Hydro,Hungary,2008,212.951
Primary production,Hydro,Hungary,2009,228.285
Primary production,Hydro,Hungary,2010,188.384
Primary production,Hydro,Hungary,2011,222.03
Primary production,Hydro,Hungary,2012,212.939
Primary production,Hydro,Hungary,2013,213.125
Primary production,Hydro,Hungary,2014,301.477
Primary production,Hydro,Hungary,2015,233.711
Primary production,Hydro,Hungary,2016,259.315
Primary production,Hydro,Hungary,2017,220.0
Primary production,Hydro,Hungary,2018,222.0
Primary production,Hydro,Hungary,2019,219.0
Primary production,Hydro,Hungary,2020,244.0
Primary production,Hydro,Hungary,2021,212.0
Primary production,Hydro,Hungary,2022,178.0
Primary production,Hydro,Hungary,2023,222.0
Primary production,Hydro,Hungary,2024,231.0
Primary production,Hydro,Ireland,2005,631.26
Primary production,Hydro,Ireland,2006,724.273
Primary production,Hydro,Ireland,2007,666.576
Primary production,Hydro,Ireland,2008,968.323
Primary production,Hydro,Ireland,2009,901.734
Primary production,Hydro,Ireland,2010,599.231
Primary production,Hydro,Ireland,2011,706.687
Primary production,Hydro,Ireland,2012,802.349
Primary production,Hydro,Ireland,2013,599.497
Primary production,Hydro,Ireland,2014,708.654
Primary production,Hydro,Ireland,2015,806.49
Primary production,Hydro,Ireland,2016,681.025
Primary production,Hydro,Ireland,2017,691.603
Primary production,Hydro,Ireland,2018,694.09
Primary production,Hydro,Ireland,2019,886.584
Primary production,Hydro,Ireland,2020,932.655
Primary production,Hydro,Ireland,2021,749.42
Primary production,Hydro,Ireland,2022,701.202
Primary production,Hydro,Ireland,2023,942.751
Primary production,Hydro,Ireland,2024,766.112
Primary production,Hydro,Italy,2005,36066.733
Primary production,Hydro,Italy,2006,36994.311
Primary production,Hydro,Italy,2007,32815.227
Primary production,Hydro,Italy,2008,41622.96
Primary production,Hydro,Italy,2009,49137.482
Primary production,Hydro,Italy,2010,51116.764
Primary production,Hydro,Italy,2011,45822.721
Primary production,Hydro,Italy,2012,41874.893
Primary production,Hydro,Italy,2013,52773.395
Primary production,Hydro,Italy,2014,58545.441
Primary production,Hydro,Italy,2015,45537.324
Primary production,Hydro,Italy,2016,42431.756
Primary production,Hydro,Italy,2017,36198.71
Primary production,Hydro,Italy,2018,48786.414
Primary production,Hydro,Italy,2019,46318.533
Primary production,Hydro,Italy,2020,47551.784
Primary production,Hydro,Italy,2021,45388.164
Primary production,Hydro,Italy,2022,28397.575
Primary production,Hydro,Italy,2023,40517.259
Primary production,Hydro,Italy,2024,53130.8
Primary production,Hydro,Lithuania,2005,451.0
Primary production,Hydro,Lithuania,2006,397.0
Primary production,Hydro,Lithuania,2007,421.0
Primary production,Hydro,Lithuania,2008,402.0
Primary production,Hydro,Lithuania,2009,424.0
Primary production,Hydro,Lithuania,2010,540.0
Primary production,Hydro,Lithuania,2011,480.0
Primary production,Hydro,Lithuania,2012,423.0
Primary production,Hydro,Lithuania,2013,521.0
Primary production,Hydro,Lithuania,2014,399.0
Primary production,Hydro,Lithuania,2015,349.0
Primary production,Hydro,Lithuania,2016,454.0
Primary production,Hydro,Lithuania,2017,602.4
Primary production,Hydro,Lithuania,2018,431.0
Primary production,Hydro,Lithuania,2019,345.4
Primary production,Hydro,Lithuania,2020,300.6
Primary production,Hydro,Lithuania,2021,383.7
Primary production,Hydro,Lithuania,2022,464.4
Primary production,Hydro,Lithuania,2023,450.2
Primary production,Hydro,Lithuania,2024,436.5
Primary production,Hydro,Luxembourg,2005,92.939
Primary production,Hydro,Luxembourg,2006,111.312
Primary production,Hydro,Luxembourg,2007,116.702
Primary production,Hydro,Luxembourg,2008,132.114
Primary production,Hydro,Luxembourg,2009,105.839
Primary production,Hydro,Luxembourg,2010,107.661
Primary production,Hydro,Luxembourg,2011,63.0
Primary production,Hydro,Luxembourg,2012,98.302
Primary production,Hydro,Luxembourg,2013,119.195
Primary production,Hydro,Luxembourg,2014,107.788
Primary production,Hydro,Luxembourg,2015,99.253
Primary production,Hydro,Luxembourg,2016,115.411
Primary production,Hydro,Luxembourg,2017,85.649
Primary production,Hydro,Luxembourg,2018,92.778
Primary production,Hydro,Luxembourg,2019,106.915
Primary production,Hydro,Luxembourg,2020,91.602
Primary production,Hydro,Luxembourg,2021,106.812
Primary production,Hydro,Luxembourg,2022,64.091
Primary production,Hydro,Luxembourg,2023,89.616
Primary production,Hydro,Luxembourg,2024,105.181
Primary production,Hydro,Latvia,2005,3325.289
Primary production,Hydro,Latvia,2006,2698.324
Primary production,Hydro,Latvia,2007,2733.395
Primary production,Hydro,Latvia,2008,3109.038
Primary production,Hydro,Latvia,2009,3457.102
Primary production,Hydro,Latvia,2010,3520.506
Primary production,Hydro,Latvia,2011,2886.968
Primary production,Hydro,Latvia,2012,3706.957
Primary production,Hydro,Latvia,2013,2912.008
Primary production,Hydro,Latvia,2014,1993.639
Primary production,Hydro,Latvia,2015,1860.355
Primary production,Hydro,Latvia,2016,2529.521
Primary production,Hydro,Latvia,2017,4380.62
Primary production,Hydro,Latvia,2018,2431.569
Primary production,Hydro,Latvia,2019,2107.554
Primary production,Hydro,Latvia,2020,2603.042
Primary production,Hydro,Latvia,2021,2707.796
Primary production,Hydro,Latvia,2022,2749.823
Primary production,Hydro,Latvia,2023,3794.456
Primary production,Hydro,Latvia,2024,3208.793
Primary production,Hydro,Malta,2005,0.0
Primary production,Hydro,Malta,2006,0.0
Primary production,Hydro,Malta,2007,0.0
Primary production,Hydro,Malta,2008,0.0
Primary production,Hydro,Malta,2009,0.0
Primary production,Hydro,Malta,2010,0.0
Primary production,Hydro,Malta,2011,0.0
Primary production,Hydro,Malta,2012,0.0
Primary production,Hydro,Malta,2013,0.0
Primary production,Hydro,Malta,2014,0.0
Primary production,Hydro,Malta,2015,0.0
Primary production,Hydro,Malta,2016,0.0
Primary production,Hydro,Malta,2017,0.0
Primary production,Hydro,Malta,2018,0.0
Primary production,Hydro,Malta,2019,0.0
Primary production,Hydro,Malta,2020,0.0
Primary production,Hydro,Malta,2021,0.0
Primary production,Hydro,Malta,2022,0.0
Primary production,Hydro,Malta,2023,0.0
Primary production,Hydro,Malta,2024,0.0
Primary production,Hydro,Netherlands,2005,88.0
Primary production,Hydro,Netherlands,2006,106.0
Primary production,Hydro,Netherlands,2007,107.0
Primary production,Hydro,Netherlands,2008,102.0
Primary production,Hydro,Netherlands,2009,98.0
Primary production,Hydro,Netherlands,2010,105.0
Primary production,Hydro,Netherlands,2011,57.0
Primary production,Hydro,Netherlands,2012,104.388
Primary production,Hydro,Netherlands,2013,114.312
Primary production,Hydro,Netherlands,2014,112.2
Primary production,Hydro,Netherlands,2015,92.7
Primary production,Hydro,Netherlands,2016,100.079
Primary production,Hydro,Netherlands,2017,60.757
Primary production,Hydro,Netherlands,2018,72.348
Primary production,Hydro,Netherlands,2019,74.182
Primary production,Hydro,Netherlands,2020,46.066
Primary production,Hydro,Netherlands,2021,88.24
Primary production,Hydro,Netherlands,2022,49.998
Primary production,Hydro,Netherlands,2023,69.369
Primary production,Hydro,Netherlands,2024,85.391
Primary production,Hydro,Poland,2005,2200.885
Primary production,Hydro,Poland,2006,2042.085
Primary production,Hydro,Poland,2007,2352.138
Primary production,Hydro,Poland,2008,2152.16
Primary production,Hydro,Poland,2009,2375.131
Primary production,Hydro,Poland,2010,2919.942
Primary production,Hydro,Poland,2011,2331.379
Primary production,Hydro,Poland,2012,2036.754
Primary production,Hydro,Poland,2013,2438.873
Primary production,Hydro,Poland,2014,2182.45
Primary production,Hydro,Poland,2015,1832.196
Primary production,Hydro,Poland,2016,2139.446
Primary production,Hydro,Poland,2017,2559.581
Primary production,Hydro,Poland,2018,1969.997
Primary production,Hydro,Poland,2019,1958.416
Primary production,Hydro,Poland,2020,2118.337
Primary production,Hydro,Poland,2021,2339.182
Primary production,Hydro,Poland,2022,1968.187
Primary production,Hydro,Poland,2023,2409.511
Primary production,Hydro,Poland,2024,2114.529
Primary production,Hydro,Portugal,2005,4730.663
Primary production,Hydro,Portugal,2006,11002.179
Primary production,Hydro,Portugal,2007,10091.972
Primary production,Hydro,Portugal,2008,6799.047
Primary production,Hydro,Portugal,2009,8284.267
Primary production,Hydro,Portugal,2010,16147.897
Primary production,Hydro,Portugal,2011,11539.213
Primary production,Hydro,Portugal,2012,5622.715
Primary production,Hydro,Portugal,2013,13730.418
Primary production,Hydro,Portugal,2014,15568.913
Primary production,Hydro,Portugal,2015,8660.506
Primary production,Hydro,Portugal,2016,15723.323
Primary production,Hydro,Portugal,2017,5896.883
Primary production,Hydro,Portugal,2018,12393.349
Primary production,Hydro,Portugal,2019,8817.714
Primary production,Hydro,Portugal,2020,12082.581
Primary production,Hydro,Portugal,2021,11907.543
Primary production,Hydro,Portugal,2022,6536.022
Primary production,Hydro,Portugal,2023,12039.301
Primary production,Hydro,Portugal,2024,14892.597
Primary production,Hydro,Romania,2005,20206.853
Primary production,Hydro,Romania,2006,18355.343
Primary production,Hydro,Romania,2007,15965.963
Primary production,Hydro,Romania,2008,17195.75
Primary production,Hydro,Romania,2009,15533.516
Primary production,Hydro,Romania,2010,19882.884
Primary production,Hydro,Romania,2011,14727.658
Primary production,Hydro,Romania,2012,12066.294
Primary production,Hydro,Romania,2013,14956.214
Primary production,Hydro,Romania,2014,18804.575
Primary production,Hydro,Romania,2015,16632.077
Primary production,Hydro,Romania,2016,18028.207
Primary production,Hydro,Romania,2017,14494.457
Primary production,Hydro,Romania,2018,17664.206
Primary production,Hydro,Romania,2019,15580.622
Primary production,Hydro,Romania,2020,15381.243
Primary production,Hydro,Romania,2021,17411.941
Primary production,Hydro,Romania,2022,13976.673
Primary production,Hydro,Romania,2023,18137.022
Primary production,Hydro,Romania,2024,14192.604
Primary production,Hydro,Sweden,2005,72803.0
Primary production,Hydro,Sweden,2006,61722.206
Primary production,Hydro,Sweden,2007,66158.923
Primary production,Hydro,Sweden,2008,69069.322
Primary production,Hydro,Sweden,2009,65851.684
Primary production,Hydro,Sweden,2010,66397.788
Primary production,Hydro,Sweden,2011,66434.0
Primary production,Hydro,Sweden,2012,78932.0
Primary production,Hydro,Sweden,2013,61360.863
Primary production,Hydro,Sweden,2014,63762.967
Primary production,Hydro,Sweden,2015,75312.482
Primary production,Hydro,Sweden,2016,62017.56
Primary production,Hydro,Sweden,2017,65143.0
Primary production,Hydro,Sweden,2018,62210.0
Primary production,Hydro,Sweden,2019,65371.0
Primary production,Hydro,Sweden,2020,72389.0
Primary production,Hydro,Sweden,2021,73885.0
Primary production,Hydro,Sweden,2022,69871.0
Primary production,Hydro,Sweden,2023,66187.0
Primary production,Hydro,Sweden,2024,64615.0
Primary production,Hydro,Slovenia,2005,3460.965
Primary production,Hydro,Slovenia,2006,3590.917
Primary production,Hydro,Slovenia,2007,3265.976
Primary production,Hydro,Slovenia,2008,4017.863
Primary production,Hydro,Slovenia,2009,4714.589
Primary production,Hydro,Slovenia,2010,4517.955
Primary production,Hydro,Slovenia,2011,3561.916
Primary production,Hydro,Slovenia,2012,3898.866
Primary production,Hydro,Slovenia,2013,4629.432
Primary production,Hydro,Slovenia,2014,6091.554
Primary production,Hydro,Slovenia,2015,3807.104
Primary production,Hydro,Slovenia,2016,4503.277
Primary production,Hydro,Slovenia,2017,3868.344
Primary production,Hydro,Slovenia,2018,4704.32
Primary production,Hydro,Slovenia,2019,4479.396
Primary production,Hydro,Slovenia,2020,4934.06
Primary production,Hydro,Slovenia,2021,4712.511
Primary production,Hydro,Slovenia,2022,3148.507
Primary production,Hydro,Slovenia,2023,5020.766
Primary production,Hydro,Slovenia,2024,5335.883
Primary production,Hydro,Slovakia,2005,4638.0
Primary production,Hydro,Slovakia,2006,4399.0
Primary production,Hydro,Slovakia,2007,4451.0
Primary production,Hydro,Slovakia,2008,4039.332
Primary production,Hydro,Slovakia,2009,4367.561
Primary production,Hydro,Slovakia,2010,5255.0
Primary production,Hydro,Slovakia,2011,3778.187
Primary production,Hydro,Slovakia,2012,4103.0
Primary production,Hydro,Slovakia,2013,4848.0
Primary production,Hydro,Slovakia,2014,4209.0
Primary production,Hydro,Slovakia,2015,3866.0
Primary production,Hydro,Slovakia,2016,4359.0
Primary production,Hydro,Slovakia,2017,4324.0
Primary production,Hydro,Slovakia,2018,3590.0
Primary production,Hydro,Slovakia,2019,4356.0
Primary production,Hydro,Slovakia,2020,4517.0
Primary production,Hydro,Slovakia,2021,4258.0
Primary production,Hydro,Slovakia,2022,3678.0
Primary production,Hydro,Slovakia,2023,4686.0
Primary production,Hydro,Slovakia,2024,4826.0
Primary production,Wind,Austria,2005,1331.277
Primary production,Wind,Austria,2006,1752.793
Primary production,Wind,Austria,2007,2037.185
Primary production,Wind,Austria,2008,2011.257
Primary production,Wind,Austria,2009,1954.04
Primary production,Wind,Austria,2010,2063.914
Primary production,Wind,Austria,2011,1936.196
Primary production,Wind,Austria,2012,2462.864
Primary production,Wind,Austria,2013,3152.433
Primary production,Wind,Austria,2014,3845.675
Primary production,Wind,Austria,2015,4840.321
Primary production,Wind,Austria,2016,5234.838
Primary production,Wind,Austria,2017,6571.511
Primary production,Wind,Austria,2018,6030.429
Primary production,Wind,Austria,2019,7450.076
Primary production,Wind,Austria,2020,6791.53
Primary production,Wind,Austria,2021,6740.042
Primary production,Wind,Austria,2022,7241.65
Primary production,Wind,Austria,2023,8036.705
Primary production,Wind,Austria,2024,9257.422
Primary production,Wind,Belgium,2005,227.0
Primary production,Wind,Belgium,2006,366.0
Primary production,Wind,Belgium,2007,491.0
Primary production,Wind,Belgium,2008,637.0
Primary production,Wind,Belgium,2009,996.0
Primary production,Wind,Belgium,2010,1295.9
Primary production,Wind,Belgium,2011,2318.5
Primary production,Wind,Belgium,2012,2759.3
Primary production,Wind,Belgium,2013,3665.0
Primary production,Wind,Belgium,2014,4615.3
Primary production,Wind,Belgium,2015,5574.0
Primary production,Wind,Belgium,2016,5419.5
Primary production,Wind,Belgium,2017,6520.7
Primary production,Wind,Belgium,2018,7574.1
Primary production,Wind,Belgium,2019,9755.4
Primary production,Wind,Belgium,2020,12818.6
Primary production,Wind,Belgium,2021,11997.6
Primary production,Wind,Belgium,2022,12352.6
Primary production,Wind,Belgium,2023,15443.9
Primary production,Wind,Belgium,2024,13824.5
Primary production,Wind,Bulgaria,2005,4.587
Primary production,Wind,Bulgaria,2006,20.047
Primary production,Wind,Bulgaria,2007,46.802
Primary production,Wind,Bulgaria,2008,121.758
Primary production,Wind,Bulgaria,2009,237.009
Primary production,Wind,Bulgaria,2010,681.369
Primary production,Wind,Bulgaria,2011,861.095
Primary production,Wind,Bulgaria,2012,1220.898
Primary production,Wind,Bulgaria,2013,1373.512
Primary production,Wind,Bulgaria,2014,1330.577
Primary production,Wind,Bulgaria,2015,1451.511
Primary production,Wind,Bulgaria,2016,1424.97
Primary production,Wind,Bulgaria,2017,1504.064
Primary production,Wind,Bulgaria,2018,1318.123
Primary production,Wind,Bulgaria,2019,1316.988
Primary production,Wind,Bulgaria,2020,1477.131
Primary production,Wind,Bulgaria,2021,1433.561
Primary production,Wind,Bulgaria,2022,1499.125
Primary production,Wind,Bulgaria,2023,1583.852
Primary production,Wind,Bulgaria,2024,1377.086
Primary production,Wind,Cyprus,2005,0.355
Primary production,Wind,Cyprus,2006,0.355
Primary production,Wind,Cyprus,2007,0.355
Primary production,Wind,Cyprus,2008,0.355
Primary production,Wind,Cyprus,2009,0.355
Primary production,Wind,Cyprus,2010,31.725
Primary production,Wind,Cyprus,2011,114.665
Primary production,Wind,Cyprus,2012,185.478
Primary production,Wind,Cyprus,2013,231.04
Primary production,Wind,Cyprus,2014,182.85
Primary production,Wind,Cyprus,2015,221.857
Primary production,Wind,Cyprus,2016,226.701
Primary production,Wind,Cyprus,2017,211.448
Primary production,Wind,Cyprus,2018,221.04
Primary production,Wind,Cyprus,2019,238.565
Primary production,Wind,Cyprus,2020,240.408
Primary production,Wind,Cyprus,2021,246.478
Primary production,Wind,Cyprus,2022,224.266
Primary production,Wind,Cyprus,2023,208.477
Primary production,Wind,Cyprus,2024,202.649
Primary production,Wind,Czechia,2005,21.28
Primary production,Wind,Czechia,2006,49.4
Primary production,Wind,Czechia,2007,125.1
Primary production,Wind,Czechia,2008,244.661
Primary production,Wind,Czechia,2009,288.067
Primary production,Wind,Czechia,2010,335.493
Primary production,Wind,Czechia,2011,397.003
Primary production,Wind,Czechia,2012,415.817
Primary production,Wind,Czechia,2013,480.519
Primary production,Wind,Czechia,2014,476.544
Primary production,Wind,Czechia,2015,572.612
Primary production,Wind,Czechia,2016,496.957
Primary production,Wind,Czechia,2017,591.038
Primary production,Wind,Czechia,2018,609.33
Primary production,Wind,Czechia,2019,700.014
Primary production,Wind,Czechia,2020,699.083
Primary production,Wind,Czechia,2021,601.534
Primary production,Wind,Czechia,2022,641.331
Primary production,Wind,Czechia,2023,701.641
Primary production,Wind,Czechia,2024,716.81
Primary production,Wind,Germany,2005,27774.0
Primary production,Wind,Germany,2006,31324.0
Primary production,Wind,Germany,2007,40507.0
Primary production,Wind,Germany,2008,41385.0
Primary production,Wind,Germany,2009,39420.0
Primary production,Wind,Germany,2010,38547.0
Primary production,Wind,Germany,2011,49858.0
Primary production,Wind,Germany,2012,51680.0
Primary production,Wind,Germany,2013,52737.0
Primary production,Wind,Germany,2014,58497.0
Primary production,Wind,Germany,2015,80624.0
Primary production,Wind,Germany,2016,79924.0
Primary production,Wind,Germany,2017,105693.0
Primary production,Wind,Germany,2018,109951.0
Primary production,Wind,Germany,2019,125894.0
Primary production,Wind,Germany,2020,132102.0
Primary production,Wind,Germany,2021,114169.0
Primary production,Wind,Germany,2022,124816.0
Primary production,Wind,Germany,2023,141764.0
Primary production,Wind,Germany,2024,138914.0
Primary production,Wind,Denmark,2005,6614.0
Primary production,Wind,Denmark,2006,6108.0
Primary production,Wind,Denmark,2007,7171.0
Primary production,Wind,Denmark,2008,6928.0
Primary production,Wind,Denmark,2009,6721.0
Primary production,Wind,Denmark,2010,7809.422
Primary production,Wind,Denmark,2011,9774.184
Primary production,Wind,Denmark,2012,10269.94
Primary production,Wind,Denmark,2013,11123.273
Primary production,Wind,Denmark,2014,13078.504
Primary production,Wind,Denmark,2015,14133.092
Primary production,Wind,Denmark,2016,12781.731
Primary production,Wind,Denmark,2017,14780.0
Primary production,Wind,Denmark,2018,13901.955
Primary production,Wind,Denmark,2019,16149.833
Primary production,Wind,Denmark,2020,16330.214
Primary production,Wind,Denmark,2021,16054.467
Primary production,Wind,Denmark,2022,19048.16
Primary production,Wind,Denmark,2023,19434.295
Primary production,Wind,Denmark,2024,20552.836
Primary production,Wind,Estonia,2005,54.0
Primary production,Wind,Estonia,2006,76.299
Primary production,Wind,Estonia,2007,90.783
Primary production,Wind,Estonia,2008,133.453
Primary production,Wind,Estonia,2009,195.553
Primary production,Wind,Estonia,2010,276.992
Primary production,Wind,Estonia,2011,368.659
Primary production,Wind,Estonia,2012,433.517
Primary production,Wind,Estonia,2013,529.039
Primary production,Wind,Estonia,2014,603.68
Primary production,Wind,Estonia,2015,715.0
Primary production,Wind,Estonia,2016,594.0
Primary production,Wind,Estonia,2017,723.0
Primary production,Wind,Estonia,2018,636.0
Primary production,Wind,Estonia,2019,687.0
Primary production,Wind,Estonia,2020,844.0
Primary production,Wind,Estonia,2021,733.0
Primary production,Wind,Estonia,2022,668.0
Primary production,Wind,Estonia,2023,683.0
Primary production,Wind,Estonia,2024,1166.079
Primary production,Wind,Greece,2005,1266.452
Primary production,Wind,Greece,2006,1699.353
Primary production,Wind,Greece,2007,1818.0
Primary production,Wind,Greece,2008,2242.0
Primary production,Wind,Greece,2009,2543.0
Primary production,Wind,Greece,2010,2713.937
Primary production,Wind,Greece,2011,3315.227
Primary production,Wind,Greece,2012,3850.157
Primary production,Wind,Greece,2013,4139.136
Primary production,Wind,Greece,2014,3688.575
Primary production,Wind,Greece,2015,4621.019
Primary production,Wind,Greece,2016,5145.896
Primary production,Wind,Greece,2017,5536.987
Primary production,Wind,Greece,2018,6300.259
Primary production,Wind,Greece,2019,7266.347
Primary production,Wind,Greece,2020,9310.104
Primary production,Wind,Greece,2021,10482.981
Primary production,Wind,Greece,2022,10883.25
Primary production,Wind,Greece,2023,11021.764
Primary production,Wind,Greece,2024,12136.202
Primary production,Wind,Spain,2005,21176.0
Primary production,Wind,Spain,2006,23297.0
Primary production,Wind,Spain,2007,27568.0
Primary production,Wind,Spain,2008,32946.0
Primary production,Wind,Spain,2009,38117.0
Primary production,Wind,Spain,2010,44271.0
Primary production,Wind,Spain,2011,42918.0
Primary production,Wind,Spain,2012,49472.0
Primary production,Wind,Spain,2013,55646.0
Primary production,Wind,Spain,2014,52013.0
Primary production,Wind,Spain,2015,49325.0
Primary production,Wind,Spain,2016,48905.0
Primary production,Wind,Spain,2017,49127.0
Primary production,Wind,Spain,2018,50896.0
Primary production,Wind,Spain,2019,55647.0
Primary production,Wind,Spain,2020,56444.0
Primary production,Wind,Spain,2021,62061.0
Primary production,Wind,Spain,2022,62784.0
Primary production,Wind,Spain,2023,64275.0
Primary production,Wind,Spain,2024,62089.787
Primary production,Wind,Finland,2005,169.942
Primary production,Wind,Finland,2006,155.641
Primary production,Wind,Finland,2007,188.408
Primary production,Wind,Finland,2008,260.52
Primary production,Wind,Finland,2009,276.624
Primary production,Wind,Finland,2010,294.317
Primary production,Wind,Finland,2011,481.393
Primary production,Wind,Finland,2012,494.323
Primary production,Wind,Finland,2013,773.692
Primary production,Wind,Finland,2014,1107.172
Primary production,Wind,Finland,2015,2327.359
Primary production,Wind,Finland,2016,3068.041
Primary production,Wind,Finland,2017,4795.192
Primary production,Wind,Finland,2018,5838.668
Primary production,Wind,Finland,2019,6024.746
Primary production,Wind,Finland,2020,8255.676
Primary production,Wind,Finland,2021,8506.734
Primary production,Wind,Finland,2022,12021.995
Primary production,Wind,Finland,2023,15043.174
Primary production,Wind,Finland,2024,21046.257
Primary production,Wind,France,2005,962.57
Primary production,Wind,France,2006,2182.58
Primary production,Wind,France,2007,4070.11
Primary production,Wind,France,2008,5694.21
Primary production,Wind,France,2009,7911.57
Primary production,Wind,France,2010,9944.99
Primary production,Wind,France,2011,12624.101
Primary production,Wind,France,2012,15488.163
Primary production,Wind,France,2013,16466.332
Primary production,Wind,France,2014,17677.323
Primary production,Wind,France,2015,21857.757
Primary production,Wind,France,2016,21817.332
Primary production,Wind,France,2017,25111.67
Primary production,Wind,France,2018,29182.24
Primary production,Wind,France,2019,35458.502
Primary production,Wind,France,2020,40707.599
Primary production,Wind,France,2021,37693.415
Primary production,Wind,France,2022,38975.853
Primary production,Wind,France,2023,51457.201
Primary production,Wind,France,2024,47499.378
Primary production,Wind,Croatia,2005,10.0
Primary production,Wind,Croatia,2006,19.0
Primary production,Wind,Croatia,2007,34.9
Primary production,Wind,Croatia,2008,39.9
Primary production,Wind,Croatia,2009,54.2
Primary production,Wind,Croatia,2010,139.1
Primary production,Wind,Croatia,2011,201.0
Primary production,Wind,Croatia,2012,328.746
Primary production,Wind,Croatia,2013,517.287
Primary production,Wind,Croatia,2014,729.97
Primary production,Wind,Croatia,2015,796.295
Primary production,Wind,Croatia,2016,1014.248
Primary production,Wind,Croatia,2017,1204.0
Primary production,Wind,Croatia,2018,1335.4
Primary production,Wind,Croatia,2019,1467.3
Primary production,Wind,Croatia,2020,1720.7
Primary production,Wind,Croatia,2021,2061.8
Primary production,Wind,Croatia,2022,2137.8
Primary production,Wind,Croatia,2023,2586.5
Primary production,Wind,Croatia,2024,2576.6
Primary production,Wind,Hungary,2005,10.095
Primary production,Wind,Hungary,2006,43.364
Primary production,Wind,Hungary,2007,110.0
Primary production,Wind,Hungary,2008,204.828
Primary production,Wind,Hungary,2009,330.93
Primary production,Wind,Hungary,2010,533.792
Primary production,Wind,Hungary,2011,625.693
Primary production,Wind,Hungary,2012,769.992
Primary production,Wind,Hungary,2013,717.51
Primary production,Wind,Hungary,2014,656.54
Primary production,Wind,Hungary,2015,693.323
Primary production,Wind,Hungary,2016,683.692
Primary production,Wind,Hungary,2017,758.0
Primary production,Wind,Hungary,2018,607.0
Primary production,Wind,Hungary,2019,729.0
Primary production,Wind,Hungary,2020,655.0
Primary production,Wind,Hungary,2021,664.0
Primary production,Wind,Hungary,2022,610.0
Primary production,Wind,Hungary,2023,646.0
Primary production,Wind,Hungary,2024,659.0
Primary production,Wind,Ireland,2005,1130.368
Primary production,Wind,Ireland,2006,1648.967
Primary production,Wind,Ireland,2007,1990.88
Primary production,Wind,Ireland,2008,2450.019
Primary production,Wind,Ireland,2009,3004.274
Primary production,Wind,Ireland,2010,2861.382
Primary production,Wind,Ireland,2011,4453.028
Primary production,Wind,Ireland,2012,4076.868
Primary production,Wind,Ireland,2013,4616.707
Primary production,Wind,Ireland,2014,5224.982
Primary production,Wind,Ireland,2015,6681.507
Primary production,Wind,Ireland,2016,6248.551
Primary production,Wind,Ireland,2017,7567.004
Primary production,Wind,Ireland,2018,8782.527
Primary production,Wind,Ireland,2019,10184.945
Primary production,Wind,Ireland,2020,11740.253
Primary production,Wind,Ireland,2021,9939.705
Primary production,Wind,Ireland,2022,11393.491
Primary production,Wind,Ireland,2023,11863.352
Primary production,Wind,Ireland,2024,11649.561
Primary production,Wind,Italy,2005,2343.399
Primary production,Wind,Italy,2006,2970.735
Primary production,Wind,Italy,2007,4034.359
Primary production,Wind,Italy,2008,4861.317
Primary production,Wind,Italy,2009,6542.859
Primary production,Wind,Italy,2010,9125.918
Primary production,Wind,Italy,2011,9856.375
Primary production,Wind,Italy,2012,13407.127
Primary production,Wind,Italy,2013,14896.962
Primary production,Wind,Italy,2014,15178.31
Primary production,Wind,Italy,2015,14843.882
Primary production,Wind,Italy,2016,17688.67
Primary production,Wind,Italy,2017,17741.909
Primary production,Wind,Italy,2018,17716.434
Primary production,Wind,Italy,2019,20202.042
Primary production,Wind,Italy,2020,18761.557
Primary production,Wind,Italy,2021,20927.303
Primary production,Wind,Italy,2022,20494.178
Primary production,Wind,Italy,2023,23640.472
Primary production,Wind,Italy,2024,22321.895
Primary production,Wind,Lithuania,2005,2.0
Primary production,Wind,Lithuania,2006,14.0
Primary production,Wind,Lithuania,2007,106.0
Primary production,Wind,Lithuania,2008,131.0
Primary production,Wind,Lithuania,2009,158.0
Primary production,Wind,Lithuania,2010,224.0
Primary production,Wind,Lithuania,2011,475.0
Primary production,Wind,Lithuania,2012,540.0
Primary production,Wind,Lithuania,2013,603.0
Primary production,Wind,Lithuania,2014,639.0
Primary production,Wind,Lithuania,2015,810.0
Primary production,Wind,Lithuania,2016,1136.0
Primary production,Wind,Lithuania,2017,1363.8
Primary production,Wind,Lithuania,2018,1144.0
Primary production,Wind,Lithuania,2019,1499.4
Primary production,Wind,Lithuania,2020,1551.7
Primary production,Wind,Lithuania,2021,1361.7
Primary production,Wind,Lithuania,2022,1512.4
Primary production,Wind,Lithuania,2023,2536.1
Primary production,Wind,Lithuania,2024,3448.2
Primary production,Wind,Luxembourg,2005,52.251
Primary production,Wind,Luxembourg,2006,57.986
Primary production,Wind,Luxembourg,2007,64.286
Primary production,Wind,Luxembourg,2008,60.589
Primary production,Wind,Luxembourg,2009,63.472
Primary production,Wind,Luxembourg,2010,55.083
Primary production,Wind,Luxembourg,2011,64.05
Primary production,Wind,Luxembourg,2012,77.466
Primary production,Wind,Luxembourg,2013,83.027
Primary production,Wind,Luxembourg,2014,79.876
Primary production,Wind,Luxembourg,2015,101.848
Primary production,Wind,Luxembourg,2016,101.486
Primary production,Wind,Luxembourg,2017,234.823
Primary production,Wind,Luxembourg,2018,254.575
Primary production,Wind,Luxembourg,2019,281.283
Primary production,Wind,Luxembourg,2020,351.135
Primary production,Wind,Luxembourg,2021,314.313
Primary production,Wind,Luxembourg,2022,312.221
Primary production,Wind,Luxembourg,2023,495.289
Primary production,Wind,Luxembourg,2024,466.796
Primary production,Wind,Latvia,2005,46.854
Primary production,Wind,Latvia,2006,46.212
Primary production,Wind,Latvia,2007,52.929
Primary production,Wind,Latvia,2008,59.1
Primary production,Wind,Latvia,2009,50.089
Primary production,Wind,Latvia,2010,49.057
Primary production,Wind,Latvia,2011,70.894
Primary production,Wind,Latvia,2012,114.266
Primary production,Wind,Latvia,2013,120.055
Primary production,Wind,Latvia,2014,139.712
Primary production,Wind,Latvia,2015,147.135
Primary production,Wind,Latvia,2016,127.889
Primary production,Wind,Latvia,2017,150.0
Primary production,Wind,Latvia,2018,122.038
Primary production,Wind,Latvia,2019,153.999
Primary production,Wind,Latvia,2020,176.842
Primary production,Wind,Latvia,2021,141.436
Primary production,Wind,Latvia,2022,190.183
Primary production,Wind,Latvia,2023,270.757
Primary production,Wind,Latvia,2024,275.985
Primary production,Wind,Malta,2005,0.0
Primary production,Wind,Malta,2006,0.0
Primary production,Wind,Malta,2007,0.0
Primary production,Wind,Malta,2008,0.0
Primary production,Wind,Malta,2009,0.0
Primary production,Wind,Malta,2010,0.0
Primary production,Wind,Malta,2011,0.0
Primary production,Wind,Malta,2012,0.075
Primary production,Wind,Malta,2013,0.085
Primary production,Wind,Malta,2014,0.058
Primary production,Wind,Malta,2015,0.058
Primary production,Wind,Malta,2016,0.058
Primary production,Wind,Malta,2017,0.058
Primary production,Wind,Malta,2018,0.058
Primary production,Wind,Malta,2019,0.058
Primary production,Wind,Malta,2020,0.058
Primary production,Wind,Malta,2021,0.058
Primary production,Wind,Malta,2022,0.058
Primary production,Wind,Malta,2023,0.033
Primary production,Wind,Malta,2024,0.033
Primary production,Wind,Netherlands,2005,2066.655
Primary production,Wind,Netherlands,2006,2734.291
Primary production,Wind,Netherlands,2007,3438.026
Primary production,Wind,Netherlands,2008,4259.711
Primary production,Wind,Netherlands,2009,4580.623
Primary production,Wind,Netherlands,2010,3993.137
Primary production,Wind,Netherlands,2011,5100.171
Primary production,Wind,Netherlands,2012,4981.829
Primary production,Wind,Netherlands,2013,5627.147
Primary production,Wind,Netherlands,2014,5797.335
Primary production,Wind,Netherlands,2015,7549.858
Primary production,Wind,Netherlands,2016,8170.446
Primary production,Wind,Netherlands,2017,10568.801
Primary production,Wind,Netherlands,2018,10548.511
Primary production,Wind,Netherlands,2019,11507.927
Primary production,Wind,Netherlands,2020,15277.726
Primary production,Wind,Netherlands,2021,18123.359
Primary production,Wind,Netherlands,2022,21565.971
Primary production,Wind,Netherlands,2023,29634.139
Primary production,Wind,Netherlands,2024,33509.406
Primary production,Wind,Poland,2005,135.47
Primary production,Wind,Poland,2006,256.077
Primary production,Wind,Poland,2007,521.582
Primary production,Wind,Poland,2008,836.801
Primary production,Wind,Poland,2009,1077.278
Primary production,Wind,Poland,2010,1664.339
Primary production,Wind,Poland,2011,3204.548
Primary production,Wind,Poland,2012,4746.59
Primary production,Wind,Poland,2013,6003.806
Primary production,Wind,Poland,2014,7675.629
Primary production,Wind,Poland,2015,10858.365
Primary production,Wind,Poland,2016,12587.59
Primary production,Wind,Poland,2017,14909.041
Primary production,Wind,Poland,2018,12798.792
Primary production,Wind,Poland,2019,15106.759
Primary production,Wind,Poland,2020,15800.049
Primary production,Wind,Poland,2021,16233.547
Primary production,Wind,Poland,2022,19779.538
Primary production,Wind,Poland,2023,24176.356
Primary production,Wind,Poland,2024,24945.223
Primary production,Wind,Portugal,2005,1773.263
Primary production,Wind,Portugal,2006,2925.472
Primary production,Wind,Portugal,2007,4036.708
Primary production,Wind,Portugal,2008,5757.38
Primary production,Wind,Portugal,2009,7576.963
Primary production,Wind,Portugal,2010,9181.572
Primary production,Wind,Portugal,2011,9161.612
Primary production,Wind,Portugal,2012,10259.778
Primary production,Wind,Portugal,2013,12014.601
Primary production,Wind,Portugal,2014,12111.395
Primary production,Wind,Portugal,2015,11607.638
Primary production,Wind,Portugal,2016,12474.096
Primary production,Wind,Portugal,2017,12247.853
Primary production,Wind,Portugal,2018,12616.584
Primary production,Wind,Portugal,2019,13666.949
Primary production,Wind,Portugal,2020,12298.663
Primary production,Wind,Portugal,2021,13215.614
Primary production,Wind,Portugal,2022,13244.007
Primary production,Wind,Portugal,2023,13145.398
Primary production,Wind,Portugal,2024,14418.962
Primary production,Wind,Romania,2005,0.227
Primary production,Wind,Romania,2006,0.556
Primary production,Wind,Romania,2007,2.524
Primary production,Wind,Romania,2008,4.978
Primary production,Wind,Romania,2009,9.069
Primary production,Wind,Romania,2010,306.348
Primary production,Wind,Romania,2011,1387.2
Primary production,Wind,Romania,2012,2639.875
Primary production,Wind,Romania,2013,4520.21
Primary production,Wind,Romania,2014,6200.91
Primary production,Wind,Romania,2015,7062.93
Primary production,Wind,Romania,2016,6590.0
Primary production,Wind,Romania,2017,7406.702
Primary production,Wind,Romania,2018,6322.219
Primary production,Wind,Romania,2019,6772.809
Primary production,Wind,Romania,2020,6945.462
Primary production,Wind,Romania,2021,6575.55
Primary production,Wind,Romania,2022,6996.872
Primary production,Wind,Romania,2023,7548.0
Primary production,Wind,Romania,2024,6350.28
Primary production,Wind,Sweden,2005,935.0
Primary production,Wind,Sweden,2006,984.0
Primary production,Wind,Sweden,2007,1426.0
Primary production,Wind,Sweden,2008,1998.0
Primary production,Wind,Sweden,2009,2491.0
Primary production,Wind,Sweden,2010,3487.0
Primary production,Wind,Sweden,2011,6107.0
Primary production,Wind,Sweden,2012,7164.0
Primary production,Wind,Sweden,2013,9842.0
Primary production,Wind,Sweden,2014,11235.0
Primary production,Wind,Sweden,2015,16322.0
Primary production,Wind,Sweden,2016,15479.0
Primary production,Wind,Sweden,2017,17609.0
Primary production,Wind,Sweden,2018,16623.0
Primary production,Wind,Sweden,2019,19847.0
Primary production,Wind,Sweden,2020,27526.0
Primary production,Wind,Sweden,2021,27244.0
Primary production,Wind,Sweden,2022,33253.0
Primary production,Wind,Sweden,2023,34245.0
Primary production,Wind,Sweden,2024,40621.0
Primary production,Wind,Slovenia,2005,0.0
Primary production,Wind,Slovenia,2006,0.0
Primary production,Wind,Slovenia,2007,0.0
Primary production,Wind,Slovenia,2008,0.0
Primary production,Wind,Slovenia,2009,0.0
Primary production,Wind,Slovenia,2010,0.0
Primary production,Wind,Slovenia,2011,0.0
Primary production,Wind,Slovenia,2012,0.0
Primary production,Wind,Slovenia,2013,4.221
Primary production,Wind,Slovenia,2014,4.209
Primary production,Wind,Slovenia,2015,6.028
Primary production,Wind,Slovenia,2016,5.778
Primary production,Wind,Slovenia,2017,5.716
Primary production,Wind,Slovenia,2018,6.021
Primary production,Wind,Slovenia,2019,6.15
Primary production,Wind,Slovenia,2020,6.251
Primary production,Wind,Slovenia,2021,5.593
Primary production,Wind,Slovenia,2022,5.731
Primary production,Wind,Slovenia,2023,6.372
Primary production,Wind,Slovenia,2024,6.55
Primary production,Wind,Slovakia,2005,6.0
Primary production,Wind,Slovakia,2006,6.0
Primary production,Wind,Slovakia,2007,8.0
Primary production,Wind,Slovakia,2008,7.0
Primary production,Wind,Slovakia,2009,6.0
Primary production,Wind,Slovakia,2010,6.0
Primary production,Wind,Slovakia,2011,5.0
Primary production,Wind,Slovakia,2012,6.0
Primary production,Wind,Slovakia,2013,6.0
Primary production,Wind,Slovakia,2014,6.0
Primary production,Wind,Slovakia,2015,6.0
Primary production,Wind,Slovakia,2016,6.0
Primary production,Wind,Slovakia,2017,6.0
Primary production,Wind,Slovakia,2018,6.0
Primary production,Wind,Slovakia,2019,6.0
Primary production,Wind,Slovakia,2020,4.0
Primary production,Wind,Slovakia,2021,5.0
Primary production,Wind,Slovakia,2022,4.0
Primary production,Wind,Slovakia,2023,4.0
Primary production,Wind,Slovakia,2024,5.0
Primary production,Solar photovoltaic,Austria,2005,21.018
Primary production,Solar photovoltaic,Austria,2006,22.387
Primary production,Solar photovoltaic,Austria,2007,24.238
Primary production,Solar photovoltaic,Austria,2008,30.12
Primary production,Solar photovoltaic,Austria,2009,48.915
Primary production,Solar photovoltaic,Austria,2010,88.813
Primary production,Solar photovoltaic,Austria,2011,174.07
Primary production,Solar photovoltaic,Austria,2012,337.483
Primary production,Solar photovoltaic,Austria,2013,625.974
Primary production,Solar photovoltaic,Austria,2014,785.246
Primary production,Solar photovoltaic,Austria,2015,937.098
Primary production,Solar photovoltaic,Austria,2016,1096.016
Primary production,Solar photovoltaic,Austria,2017,1268.971
Primary production,Solar photovoltaic,Austria,2018,1455.132
Primary production,Solar photovoltaic,Austria,2019,1702.093
Primary production,Solar photovoltaic,Austria,2020,2042.934
Primary production,Solar photovoltaic,Austria,2021,2782.602
Primary production,Solar photovoltaic,Austria,2022,3791.704
Primary production,Solar photovoltaic,Austria,2023,6888.539
Primary production,Solar photovoltaic,Austria,2024,8143.267
Primary production,Solar photovoltaic,Belgium,2005,1.34
Primary production,Solar photovoltaic,Belgium,2006,1.623
Primary production,Solar photovoltaic,Belgium,2007,6.058
Primary production,Solar photovoltaic,Belgium,2008,41.388
Primary production,Solar photovoltaic,Belgium,2009,166.008
Primary production,Solar photovoltaic,Belgium,2010,583.9
Primary production,Solar photovoltaic,Belgium,2011,1212.3
Primary production,Solar photovoltaic,Belgium,2012,2153.7
Primary production,Solar photovoltaic,Belgium,2013,2640.0
Primary production,Solar photovoltaic,Belgium,2014,2886.4
Primary production,Solar photovoltaic,Belgium,2015,3056.5
Primary production,Solar photovoltaic,Belgium,2016,3095.4
Primary production,Solar photovoltaic,Belgium,2017,3308.0
Primary production,Solar photovoltaic,Belgium,2018,3903.536
Primary production,Solar photovoltaic,Belgium,2019,4252.395
Primary production,Solar photovoltaic,Belgium,2020,5112.691
Primary production,Solar photovoltaic,Belgium,2021,5623.0
Primary production,Solar photovoltaic,Belgium,2022,6880.6
Primary production,Solar photovoltaic,Belgium,2023,7834.5
Primary production,Solar photovoltaic,Belgium,2024,8562.1
Primary production,Solar photovoltaic,Bulgaria,2005,0.0
Primary production,Solar photovoltaic,Bulgaria,2006,0.0
Primary production,Solar photovoltaic,Bulgaria,2007,0.06
Primary production,Solar photovoltaic,Bulgaria,2008,0.167
Primary production,Solar photovoltaic,Bulgaria,2009,3.267
Primary production,Solar photovoltaic,Bulgaria,2010,14.865
Primary production,Solar photovoltaic,Bulgaria,2011,100.862
Primary production,Solar photovoltaic,Bulgaria,2012,778.696
Primary production,Solar photovoltaic,Bulgaria,2013,1391.987
Primary production,Solar photovoltaic,Bulgaria,2014,1256.651
Primary production,Solar photovoltaic,Bulgaria,2015,1381.661
Primary production,Solar photovoltaic,Bulgaria,2016,1387.99
Primary production,Solar photovoltaic,Bulgaria,2017,1402.97
Primary production,Solar photovoltaic,Bulgaria,2018,1342.788
Primary production,Solar photovoltaic,Bulgaria,2019,1417.286
Primary production,Solar photovoltaic,Bulgaria,2020,1468.72
Primary production,Solar photovoltaic,Bulgaria,2021,1466.598
Primary production,Solar photovoltaic,Bulgaria,2022,2093.838
Primary production,Solar photovoltaic,Bulgaria,2023,3520.709
Primary production,Solar photovoltaic,Bulgaria,2024,5489.148
Primary production,Solar photovoltaic,Cyprus,2005,0.566
Primary production,Solar photovoltaic,Cyprus,2006,1.002
Primary production,Solar photovoltaic,Cyprus,2007,1.743
Primary production,Solar photovoltaic,Cyprus,2008,2.555
Primary production,Solar photovoltaic,Cyprus,2009,3.835
Primary production,Solar photovoltaic,Cyprus,2010,6.393
Primary production,Solar photovoltaic,Cyprus,2011,11.937
Primary production,Solar photovoltaic,Cyprus,2012,21.545
Primary production,Solar photovoltaic,Cyprus,2013,47.105
Primary production,Solar photovoltaic,Cyprus,2014,83.59
Primary production,Solar photovoltaic,Cyprus,2015,126.659
Primary production,Solar photovoltaic,Cyprus,2016,145.937
Primary production,Solar photovoltaic,Cyprus,2017,172.013
Primary production,Solar photovoltaic,Cyprus,2018,199.493
Primary production,Solar photovoltaic,Cyprus,2019,218.267
Primary production,Solar photovoltaic,Cyprus,2020,295.608
Primary production,Solar photovoltaic,Cyprus,2021,468.338
Primary production,Solar photovoltaic,Cyprus,2022,601.859
Primary production,Solar photovoltaic,Cyprus,2023,830.523
Primary production,Solar photovoltaic,Cyprus,2024,1108.457
Primary production,Solar photovoltaic,Czechia,2005,0.414
Primary production,Solar photovoltaic,Czechia,2006,0.592
Primary production,Solar photovoltaic,Czechia,2007,2.127
Primary production,Solar photovoltaic,Czechia,2008,12.937
Primary production,Solar photovoltaic,Czechia,2009,88.807
Primary production,Solar photovoltaic,Czechia,2010,615.702
Primary production,Solar photovoltaic,Czechia,2011,2182.018
Primary production,Solar photovoltaic,Czechia,2012,2148.624
Primary production,Solar photovoltaic,Czechia,2013,2032.654
Primary production,Solar photovoltaic,Czechia,2014,2122.869
Primary production,Solar photovoltaic,Czechia,2015,2263.846
Primary production,Solar photovoltaic,Czechia,2016,2131.455
Primary production,Solar photovoltaic,Czechia,2017,2199.263
Primary production,Solar photovoltaic,Czechia,2018,2364.775
Primary production,Solar photovoltaic,Czechia,2019,2316.154
Primary production,Solar photovoltaic,Czechia,2020,2294.363
Primary production,Solar photovoltaic,Czechia,2021,2249.863
Primary production,Solar photovoltaic,Czechia,2022,2626.272
Primary production,Solar photovoltaic,Czechia,2023,2892.093
Primary production,Solar photovoltaic,Czechia,2024,3592.683
Primary production,Solar photovoltaic,Germany,2005,1282.0
Primary production,Solar photovoltaic,Germany,2006,2220.0
Primary production,Solar photovoltaic,Germany,2007,3075.0
Primary production,Solar photovoltaic,Germany,2008,4420.0
Primary production,Solar photovoltaic,Germany,2009,6583.0
Primary production,Solar photovoltaic,Germany,2010,11729.0
Primary production,Solar photovoltaic,Germany,2011,19599.0
Primary production,Solar photovoltaic,Germany,2012,26380.0
Primary production,Solar photovoltaic,Germany,2013,31010.0
Primary production,Solar photovoltaic,Germany,2014,36056.0
Primary production,Solar photovoltaic,Germany,2015,38726.0
Primary production,Solar photovoltaic,Germany,2016,38098.0
Primary production,Solar photovoltaic,Germany,2017,39401.0
Primary production,Solar photovoltaic,Germany,2018,43459.0
Primary production,Solar photovoltaic,Germany,2019,44383.0
Primary production,Solar photovoltaic,Germany,2020,49496.0
Primary production,Solar photovoltaic,Germany,2021,50472.0
Primary production,Solar photovoltaic,Germany,2022,61022.0
Primary production,Solar photovoltaic,Germany,2023,64299.0
Primary production,Solar photovoltaic,Germany,2024,75379.0
Primary production,Solar photovoltaic,Denmark,2005,2.0
Primary production,Solar photovoltaic,Denmark,2006,2.0
Primary production,Solar photovoltaic,Denmark,2007,2.0
Primary production,Solar photovoltaic,Denmark,2008,3.0
Primary production,Solar photovoltaic,Denmark,2009,4.0
Primary production,Solar photovoltaic,Denmark,2010,6.027
Primary production,Solar photovoltaic,Denmark,2011,14.94
Primary production,Solar photovoltaic,Denmark,2012,103.861
Primary production,Solar photovoltaic,Denmark,2013,517.541
Primary production,Solar photovoltaic,Denmark,2014,595.518
Primary production,Solar photovoltaic,Denmark,2015,604.262
Primary production,Solar photovoltaic,Denmark,2016,743.78
Primary production,Solar photovoltaic,Denmark,2017,751.485
Primary production,Solar photovoltaic,Denmark,2018,952.973
Primary production,Solar photovoltaic,Denmark,2019,963.269
Primary production,Solar photovoltaic,Denmark,2020,1180.532
Primary production,Solar photovoltaic,Denmark,2021,1308.929
Primary production,Solar photovoltaic,Denmark,2022,2384.925
Primary production,Solar photovoltaic,Denmark,2023,3658.14
Primary production,Solar photovoltaic,Denmark,2024,3776.202
Primary production,Solar photovoltaic,Estonia,2005,0.0
Primary production,Solar photovoltaic,Estonia,2006,0.0
Primary production,Solar photovoltaic,Estonia,2007,0.0
Primary production,Solar photovoltaic,Estonia,2008,0.0
Primary production,Solar photovoltaic,Estonia,2009,0.0
Primary production,Solar photovoltaic,Estonia,2010,0.0
Primary production,Solar photovoltaic,Estonia,2011,0.0
Primary production,Solar photovoltaic,Estonia,2012,0.0
Primary production,Solar photovoltaic,Estonia,2013,0.0
Primary production,Solar photovoltaic,Estonia,2014,0.0
Primary production,Solar photovoltaic,Estonia,2015,0.0
Primary production,Solar photovoltaic,Estonia,2016,9.677
Primary production,Solar photovoltaic,Estonia,2017,14.492
Primary production,Solar photovoltaic,Estonia,2018,30.802
Primary production,Solar photovoltaic,Estonia,2019,73.5
Primary production,Solar photovoltaic,Estonia,2020,245.132
Primary production,Solar photovoltaic,Estonia,2021,353.67
Primary production,Solar photovoltaic,Estonia,2022,596.0
Primary production,Solar photovoltaic,Estonia,2023,721.0
Primary production,Solar photovoltaic,Estonia,2024,1065.427
Primary production,Solar photovoltaic,Greece,2005,0.953
Primary production,Solar photovoltaic,Greece,2006,1.386
Primary production,Solar photovoltaic,Greece,2007,1.42
Primary production,Solar photovoltaic,Greece,2008,5.236
Primary production,Solar photovoltaic,Greece,2009,50.0
Primary production,Solar photovoltaic,Greece,2010,157.748
Primary production,Solar photovoltaic,Greece,2011,610.311
Primary production,Solar photovoltaic,Greece,2012,1693.986
Primary production,Solar photovoltaic,Greece,2013,3648.101
Primary production,Solar photovoltaic,Greece,2014,3791.885
Primary production,Solar photovoltaic,Greece,2015,3899.636
Primary production,Solar photovoltaic,Greece,2016,3929.716
Primary production,Solar photovoltaic,Greece,2017,3991.477
Primary production,Solar photovoltaic,Greece,2018,3790.652
Primary production,Solar photovoltaic,Greece,2019,4428.51
Primary production,Solar photovoltaic,Greece,2020,4446.854
Primary production,Solar photovoltaic,Greece,2021,5250.978
Primary production,Solar photovoltaic,Greece,2022,7139.715
Primary production,Solar photovoltaic,Greece,2023,8893.572
Primary production,Solar photovoltaic,Greece,2024,11258.411
Primary production,Solar photovoltaic,Spain,2005,47.979
Primary production,Solar photovoltaic,Spain,2006,124.968
Primary production,Solar photovoltaic,Spain,2007,507.198
Primary production,Solar photovoltaic,Spain,2008,2562.0
Primary production,Solar photovoltaic,Spain,2009,5961.0
Primary production,Solar photovoltaic,Spain,2010,6425.0
Primary production,Solar photovoltaic,Spain,2011,7440.0
Primary production,Solar photovoltaic,Spain,2012,8192.581
Primary production,Solar photovoltaic,Spain,2013,8326.097
Primary production,Solar photovoltaic,Spain,2014,8217.637
Primary production,Solar photovoltaic,Spain,2015,8266.217
Primary production,Solar photovoltaic,Spain,2016,8063.53
Primary production,Solar photovoltaic,Spain,2017,8514.0
Primary production,Solar photovoltaic,Spain,2018,7877.0
Primary production,Solar photovoltaic,Spain,2019,9420.0
Primary production,Solar photovoltaic,Spain,2020,15675.0
Primary production,Solar photovoltaic,Spain,2021,21922.0
Primary production,Solar photovoltaic,Spain,2022,31187.0
Primary production,Solar photovoltaic,Spain,2023,43421.0
Primary production,Solar photovoltaic,Spain,2024,53752.44
Primary production,Solar photovoltaic,Finland,2005,2.631
Primary production,Solar photovoltaic,Finland,2006,3.379
Primary production,Solar photovoltaic,Finland,2007,3.811
Primary production,Solar photovoltaic,Finland,2008,3.944
Primary production,Solar photovoltaic,Finland,2009,4.317
Primary production,Solar photovoltaic,Finland,2010,4.739
Primary production,Solar photovoltaic,Finland,2011,5.3
Primary production,Solar photovoltaic,Finland,2012,5.749
Primary production,Solar photovoltaic,Finland,2013,6.452
Primary production,Solar photovoltaic,Finland,2014,7.752
Primary production,Solar photovoltaic,Finland,2015,11.311
Primary production,Solar photovoltaic,Finland,2016,22.066
Primary production,Solar photovoltaic,Finland,2017,48.513
Primary production,Solar photovoltaic,Finland,2018,90.225
Primary production,Solar photovoltaic,Finland,2019,147.182
Primary production,Solar photovoltaic,Finland,2020,218.471
Primary production,Solar photovoltaic,Finland,2021,297.518
Primary production,Solar photovoltaic,Finland,2022,392.342
Primary production,Solar photovoltaic,Finland,2023,716.44
Primary production,Solar photovoltaic,Finland,2024,939.941
Primary production,Solar photovoltaic,France,2005,10.501
Primary production,Solar photovoltaic,France,2006,12.103
Primary production,Solar photovoltaic,France,2007,17.572
Primary production,Solar photovoltaic,France,2008,41.692
Primary production,Solar photovoltaic,France,2009,173.971
Primary production,Solar photovoltaic,France,2010,620.0
Primary production,Solar photovoltaic,France,2011,2333.809
Primary production,Solar photovoltaic,France,2012,4427.939
Primary production,Solar photovoltaic,France,2013,5193.598
Primary production,Solar photovoltaic,France,2014,6391.62
Primary production,Solar photovoltaic,France,2015,7753.821
Primary production,Solar photovoltaic,France,2016,8659.959
Primary production,Solar photovoltaic,France,2017,8865.682
Primary production,Solar photovoltaic,France,2018,11146.014
Primary production,Solar photovoltaic,France,2019,12024.928
Primary production,Solar photovoltaic,France,2020,13090.073
Primary production,Solar photovoltaic,France,2021,15282.073
Primary production,Solar photovoltaic,France,2022,19341.015
Primary production,Solar photovoltaic,France,2023,22588.318
Primary production,Solar photovoltaic,France,2024,24871.343
Primary production,Solar photovoltaic,Croatia,2005,0.0
Primary production,Solar photovoltaic,Croatia,2006,0.0
Primary production,Solar photovoltaic,Croatia,2007,0.0
Primary production,Solar photovoltaic,Croatia,2008,0.0
Primary production,Solar photovoltaic,Croatia,2009,0.091
Primary production,Solar photovoltaic,Croatia,2010,0.12
Primary production,Solar photovoltaic,Croatia,2011,0.137
Primary production,Solar photovoltaic,Croatia,2012,2.404
Primary production,Solar photovoltaic,Croatia,2013,11.283
Primary production,Solar photovoltaic,Croatia,2014,35.174
Primary production,Solar photovoltaic,Croatia,2015,57.264
Primary production,Solar photovoltaic,Croatia,2016,65.541
Primary production,Solar photovoltaic,Croatia,2017,78.7
Primary production,Solar photovoltaic,Croatia,2018,74.9
Primary production,Solar photovoltaic,Croatia,2019,83.1
Primary production,Solar photovoltaic,Croatia,2020,95.5
Primary production,Solar photovoltaic,Croatia,2021,148.9
Primary production,Solar photovoltaic,Croatia,2022,151.9
Primary production,Solar photovoltaic,Croatia,2023,413.1
Primary production,Solar photovoltaic,Croatia,2024,820.0
Primary production,Solar photovoltaic,Hungary,2005,0.0
Primary production,Solar photovoltaic,Hungary,2006,0.0
Primary production,Solar photovoltaic,Hungary,2007,0.3
Primary production,Solar photovoltaic,Hungary,2008,0.55
Primary production,Solar photovoltaic,Hungary,2009,0.65
Primary production,Solar photovoltaic,Hungary,2010,0.85
Primary production,Solar photovoltaic,Hungary,2011,1.444
Primary production,Solar photovoltaic,Hungary,2012,7.908
Primary production,Solar photovoltaic,Hungary,2013,24.62
Primary production,Solar photovoltaic,Hungary,2014,67.0
Primary production,Solar photovoltaic,Hungary,2015,141.0
Primary production,Solar photovoltaic,Hungary,2016,244.0
Primary production,Solar photovoltaic,Hungary,2017,349.0
Primary production,Solar photovoltaic,Hungary,2018,629.0
Primary production,Solar photovoltaic,Hungary,2019,1497.0
Primary production,Solar photovoltaic,Hungary,2020,2459.0
Primary production,Solar photovoltaic,Hungary,2021,3796.0
Primary production,Solar photovoltaic,Hungary,2022,4732.0
Primary production,Solar photovoltaic,Hungary,2023,6925.0
Primary production,Solar photovoltaic,Hungary,2024,9200.0
Primary production,Solar photovoltaic,Ireland,2005,0.0
Primary production,Solar photovoltaic,Ireland,2006,0.0
Primary production,Solar photovoltaic,Ireland,2007,0.0
Primary production,Solar photovoltaic,Ireland,2008,0.0
Primary production,Solar photovoltaic,Ireland,2009,0.424
Primary production,Solar photovoltaic,Ireland,2010,0.476
Primary production,Solar photovoltaic,Ireland,2011,0.542
Primary production,Solar photovoltaic,Ireland,2012,0.645
Primary production,Solar photovoltaic,Ireland,2013,0.828
Primary production,Solar photovoltaic,Ireland,2014,1.129
Primary production,Solar photovoltaic,Ireland,2015,2.046
Primary production,Solar photovoltaic,Ireland,2016,4.736
Primary production,Solar photovoltaic,Ireland,2017,9.951
Primary production,Solar photovoltaic,Ireland,2018,18.151
Primary production,Solar photovoltaic,Ireland,2019,33.811
Primary production,Solar photovoltaic,Ireland,2020,55.114
Primary production,Solar photovoltaic,Ireland,2021,84.647
Primary production,Solar photovoltaic,Ireland,2022,148.665
Primary production,Solar photovoltaic,Ireland,2023,646.482
Primary production,Solar photovoltaic,Ireland,2024,1093.092
Primary production,Solar photovoltaic,Italy,2005,31.0
Primary production,Solar photovoltaic,Italy,2006,35.0
Primary production,Solar photovoltaic,Italy,2007,38.953
Primary production,Solar photovoltaic,Italy,2008,192.965
Primary production,Solar photovoltaic,Italy,2009,676.481
Primary production,Solar photovoltaic,Italy,2010,1905.661
Primary production,Solar photovoltaic,Italy,2011,10795.723
Primary production,Solar photovoltaic,Italy,2012,18861.732
Primary production,Solar photovoltaic,Italy,2013,21588.622
Primary production,Solar photovoltaic,Italy,2014,22306.365
Primary production,Solar photovoltaic,Italy,2015,22942.192
Primary production,Solar photovoltaic,Italy,2016,22104.259
Primary production,Solar photovoltaic,Italy,2017,24377.711
Primary production,Solar photovoltaic,Italy,2018,22653.838
Primary production,Solar photovoltaic,Italy,2019,23688.9
Primary production,Solar photovoltaic,Italy,2020,24941.504
Primary production,Solar photovoltaic,Italy,2021,25038.99
Primary production,Solar photovoltaic,Italy,2022,28121.457
Primary production,Solar photovoltaic,Italy,2023,30711.082
Primary production,Solar photovoltaic,Italy,2024,35993.103
Primary production,Solar photovoltaic,Lithuania,2005,0.0
Primary production,Solar photovoltaic,Lithuania,2006,0.0
Primary production,Solar photovoltaic,Lithuania,2007,0.0
Primary production,Solar photovoltaic,Lithuania,2008,0.0
Primary production,Solar photovoltaic,Lithuania,2009,0.0
Primary production,Solar photovoltaic,Lithuania,2010,0.0
Primary production,Solar photovoltaic,Lithuania,2011,0.0
Primary production,Solar photovoltaic,Lithuania,2012,2.0
Primary production,Solar photovoltaic,Lithuania,2013,45.0
Primary production,Solar photovoltaic,Lithuania,2014,73.0
Primary production,Solar photovoltaic,Lithuania,2015,73.0
Primary production,Solar photovoltaic,Lithuania,2016,66.0
Primary production,Solar photovoltaic,Lithuania,2017,68.0
Primary production,Solar photovoltaic,Lithuania,2018,86.6
Primary production,Solar photovoltaic,Lithuania,2019,91.1
Primary production,Solar photovoltaic,Lithuania,2020,128.8
Primary production,Solar photovoltaic,Lithuania,2021,190.8
Primary production,Solar photovoltaic,Lithuania,2022,342.0
Primary production,Solar photovoltaic,Lithuania,2023,688.4
Primary production,Solar photovoltaic,Lithuania,2024,1397.2
Primary production,Solar photovoltaic,Luxembourg,2005,17.698
Primary production,Solar photovoltaic,Luxembourg,2006,21.114
Primary production,Solar photovoltaic,Luxembourg,2007,20.901
Primary production,Solar photovoltaic,Luxembourg,2008,20.031
Primary production,Solar photovoltaic,Luxembourg,2009,20.316
Primary production,Solar photovoltaic,Luxembourg,2010,21.148
Primary production,Solar photovoltaic,Luxembourg,2011,25.744
Primary production,Solar photovoltaic,Luxembourg,2012,38.277
Primary production,Solar photovoltaic,Luxembourg,2013,73.738
Primary production,Solar photovoltaic,Luxembourg,2014,94.741
Primary production,Solar photovoltaic,Luxembourg,2015,103.721
Primary production,Solar photovoltaic,Luxembourg,2016,100.288
Primary production,Solar photovoltaic,Luxembourg,2017,108.463
Primary production,Solar photovoltaic,Luxembourg,2018,118.725
Primary production,Solar photovoltaic,Luxembourg,2019,130.385
Primary production,Solar photovoltaic,Luxembourg,2020,161.261
Primary production,Solar photovoltaic,Luxembourg,2021,180.187
Primary production,Solar photovoltaic,Luxembourg,2022,276.268
Primary production,Solar photovoltaic,Luxembourg,2023,293.914
Primary production,Solar photovoltaic,Luxembourg,2024,359.596
Primary production,Solar photovoltaic,Latvia,2005,0.0
Primary production,Solar photovoltaic,Latvia,2006,0.0
Primary production,Solar photovoltaic,Latvia,2007,0.0
Primary production,Solar photovoltaic,Latvia,2008,0.0
Primary production,Solar photovoltaic,Latvia,2009,0.0
Primary production,Solar photovoltaic,Latvia,2010,0.0
Primary production,Solar photovoltaic,Latvia,2011,0.0
Primary production,Solar photovoltaic,Latvia,2012,0.01
Primary production,Solar photovoltaic,Latvia,2013,0.067
Primary production,Solar photovoltaic,Latvia,2014,0.099
Primary production,Solar photovoltaic,Latvia,2015,0.235
Primary production,Solar photovoltaic,Latvia,2016,0.382
Primary production,Solar photovoltaic,Latvia,2017,0.44
Primary production,Solar photovoltaic,Latvia,2018,1.273
Primary production,Solar photovoltaic,Latvia,2019,3.137
Primary production,Solar photovoltaic,Latvia,2020,4.847
Primary production,Solar photovoltaic,Latvia,2021,6.797
Primary production,Solar photovoltaic,Latvia,2022,75.163
Primary production,Solar photovoltaic,Latvia,2023,239.068
Primary production,Solar photovoltaic,Latvia,2024,536.379
Primary production,Solar photovoltaic,Malta,2005,0.0
Primary production,Solar photovoltaic,Malta,2006,0.0
Primary production,Solar photovoltaic,Malta,2007,0.0
Primary production,Solar photovoltaic,Malta,2008,0.0
Primary production,Solar photovoltaic,Malta,2009,0.0
Primary production,Solar photovoltaic,Malta,2010,0.68
Primary production,Solar photovoltaic,Malta,2011,4.99
Primary production,Solar photovoltaic,Malta,2012,16.69
Primary production,Solar photovoltaic,Malta,2013,29.47
Primary production,Solar photovoltaic,Malta,2014,68.38
Primary production,Solar photovoltaic,Malta,2015,94.99
Primary production,Solar photovoltaic,Malta,2016,127.885
Primary production,Solar photovoltaic,Malta,2017,162.261
Primary production,Solar photovoltaic,Malta,2018,189.981
Primary production,Solar photovoltaic,Malta,2019,195.386
Primary production,Solar photovoltaic,Malta,2020,236.866
Primary production,Solar photovoltaic,Malta,2021,255.754
Primary production,Solar photovoltaic,Malta,2022,288.972
Primary production,Solar photovoltaic,Malta,2023,308.621
Primary production,Solar photovoltaic,Malta,2024,326.676
Primary production,Solar photovoltaic,Netherlands,2005,35.426
Primary production,Solar photovoltaic,Netherlands,2006,36.543
Primary production,Solar photovoltaic,Netherlands,2007,37.565
Primary production,Solar photovoltaic,Netherlands,2008,39.61
Primary production,Solar photovoltaic,Netherlands,2009,44.9
Primary production,Solar photovoltaic,Netherlands,2010,55.872
Primary production,Solar photovoltaic,Netherlands,2011,104.471
Primary production,Solar photovoltaic,Netherlands,2012,190.644
Primary production,Solar photovoltaic,Netherlands,2013,409.998
Primary production,Solar photovoltaic,Netherlands,2014,725.161
Primary production,Solar photovoltaic,Netherlands,2015,1108.52
Primary production,Solar photovoltaic,Netherlands,2016,1601.808
Primary production,Solar photovoltaic,Netherlands,2017,2204.346
Primary production,Solar photovoltaic,Netherlands,2018,3707.792
Primary production,Solar photovoltaic,Netherlands,2019,5399.406
Primary production,Solar photovoltaic,Netherlands,2020,8567.013
Primary production,Solar photovoltaic,Netherlands,2021,11303.873
Primary production,Solar photovoltaic,Netherlands,2022,16656.805
Primary production,Solar photovoltaic,Netherlands,2023,19607.192
Primary production,Solar photovoltaic,Netherlands,2024,21822.202
Primary production,Solar photovoltaic,Poland,2005,0.0
Primary production,Solar photovoltaic,Poland,2006,0.0
Primary production,Solar photovoltaic,Poland,2007,0.0
Primary production,Solar photovoltaic,Poland,2008,0.0
Primary production,Solar photovoltaic,Poland,2009,0.0
Primary production,Solar photovoltaic,Poland,2010,0.0
Primary production,Solar photovoltaic,Poland,2011,0.175
Primary production,Solar photovoltaic,Poland,2012,1.141
Primary production,Solar photovoltaic,Poland,2013,1.482
Primary production,Solar photovoltaic,Poland,2014,6.891
Primary production,Solar photovoltaic,Poland,2015,56.639
Primary production,Solar photovoltaic,Poland,2016,123.875
Primary production,Solar photovoltaic,Poland,2017,165.463
Primary production,Solar photovoltaic,Poland,2018,300.488
Primary production,Solar photovoltaic,Poland,2019,710.673
Primary production,Solar photovoltaic,Poland,2020,1957.916
Primary production,Solar photovoltaic,Poland,2021,3934.448
Primary production,Solar photovoltaic,Poland,2022,8309.67
Primary production,Solar photovoltaic,Poland,2023,11107.089
Primary production,Solar photovoltaic,Poland,2024,17662.76
Primary production,Solar photovoltaic,Portugal,2005,3.0
Primary production,Solar photovoltaic,Portugal,2006,4.8
Primary production,Solar photovoltaic,Portugal,2007,24.0
Primary production,Solar photovoltaic,Portugal,2008,40.534
Primary production,Solar photovoltaic,Portugal,2009,160.0
Primary production,Solar photovoltaic,Portugal,2010,211.33
Primary production,Solar photovoltaic,Portugal,2011,279.929
Primary production,Solar photovoltaic,Portugal,2012,392.645
Primary production,Solar photovoltaic,Portugal,2013,479.14
Primary production,Solar photovoltaic,Portugal,2014,627.316
Primary production,Solar photovoltaic,Portugal,2015,796.155
Primary production,Solar photovoltaic,Portugal,2016,870.603
Primary production,Solar photovoltaic,Portugal,2017,991.546
Primary production,Solar photovoltaic,Portugal,2018,1005.897
Primary production,Solar photovoltaic,Portugal,2019,1342.252
Primary production,Solar photovoltaic,Portugal,2020,1715.59
Primary production,Solar photovoltaic,Portugal,2021,2237.164
Primary production,Solar photovoltaic,Portugal,2022,3519.034
Primary production,Solar photovoltaic,Portugal,2023,5160.143
Primary production,Solar photovoltaic,Portugal,2024,7088.01
Primary production,Solar photovoltaic,Romania,2005,0.0
Primary production,Solar photovoltaic,Romania,2006,0.0
Primary production,Solar photovoltaic,Romania,2007,0.0
Primary production,Solar photovoltaic,Romania,2008,0.008
Primary production,Solar photovoltaic,Romania,2009,0.025
Primary production,Solar photovoltaic,Romania,2010,0.036
Primary production,Solar photovoltaic,Romania,2011,1.427
Primary production,Solar photovoltaic,Romania,2012,7.998
Primary production,Solar photovoltaic,Romania,2013,420.162
Primary production,Solar photovoltaic,Romania,2014,1615.991
Primary production,Solar photovoltaic,Romania,2015,1982.0
Primary production,Solar photovoltaic,Romania,2016,1819.742
Primary production,Solar photovoltaic,Romania,2017,1855.674
Primary production,Solar photovoltaic,Romania,2018,1771.027
Primary production,Solar photovoltaic,Romania,2019,1777.615
Primary production,Solar photovoltaic,Romania,2020,1733.375
Primary production,Solar photovoltaic,Romania,2021,1703.35
Primary production,Solar photovoltaic,Romania,2022,1988.419
Primary production,Solar photovoltaic,Romania,2023,2227.05
Primary production,Solar photovoltaic,Romania,2024,3422.688
Primary production,Solar photovoltaic,Sweden,2005,2.127
Primary production,Solar photovoltaic,Sweden,2006,2.43
Primary production,Solar photovoltaic,Sweden,2007,3.139
Primary production,Solar photovoltaic,Sweden,2008,4.0
Primary production,Solar photovoltaic,Sweden,2009,7.0
Primary production,Solar photovoltaic,Sweden,2010,8.6
Primary production,Solar photovoltaic,Sweden,2011,11.0
Primary production,Solar photovoltaic,Sweden,2012,19.0
Primary production,Solar photovoltaic,Sweden,2013,35.0
Primary production,Solar photovoltaic,Sweden,2014,47.0
Primary production,Solar photovoltaic,Sweden,2015,97.0
Primary production,Solar photovoltaic,Sweden,2016,143.0
Primary production,Solar photovoltaic,Sweden,2017,230.0
Primary production,Solar photovoltaic,Sweden,2018,407.0
Primary production,Solar photovoltaic,Sweden,2019,679.0
Primary production,Solar photovoltaic,Sweden,2020,1051.0
Primary production,Solar photovoltaic,Sweden,2021,1526.0
Primary production,Solar photovoltaic,Sweden,2022,1980.0
Primary production,Solar photovoltaic,Sweden,2023,3114.0
Primary production,Solar photovoltaic,Sweden,2024,4163.0
Primary production,Solar photovoltaic,Slovenia,2005,0.035
Primary production,Solar photovoltaic,Slovenia,2006,0.143
Primary production,Solar photovoltaic,Slovenia,2007,0.432
Primary production,Solar photovoltaic,Slovenia,2008,0.737
Primary production,Solar photovoltaic,Slovenia,2009,3.974
Primary production,Solar photovoltaic,Slovenia,2010,12.861
Primary production,Solar photovoltaic,Slovenia,2011,65.704
Primary production,Solar photovoltaic,Slovenia,2012,162.806
Primary production,Solar photovoltaic,Slovenia,2013,215.064
Primary production,Solar photovoltaic,Slovenia,2014,256.819
Primary production,Solar photovoltaic,Slovenia,2015,274.232
Primary production,Solar photovoltaic,Slovenia,2016,267.472
Primary production,Solar photovoltaic,Slovenia,2017,283.867
Primary production,Solar photovoltaic,Slovenia,2018,254.961
Primary production,Solar photovoltaic,Slovenia,2019,303.039
Primary production,Solar photovoltaic,Slovenia,2020,368.196
Primary production,Solar photovoltaic,Slovenia,2021,453.113
Primary production,Solar photovoltaic,Slovenia,2022,645.587
Primary production,Solar photovoltaic,Slovenia,2023,984.359
Primary production,Solar photovoltaic,Slovenia,2024,1268.145
Primary production,Solar photovoltaic,Slovakia,2005,0.0
Primary production,Solar photovoltaic,Slovakia,2006,0.0
Primary production,Solar photovoltaic,Slovakia,2007,0.0
Primary production,Solar photovoltaic,Slovakia,2008,0.0
Primary production,Solar photovoltaic,Slovakia,2009,0.0
Primary production,Solar photovoltaic,Slovakia,2010,16.942
Primary production,Solar photovoltaic,Slovakia,2011,397.0
Primary production,Solar photovoltaic,Slovakia,2012,424.0
Primary production,Solar photovoltaic,Slovakia,2013,588.0
Primary production,Solar photovoltaic,Slovakia,2014,597.0
Primary production,Solar photovoltaic,Slovakia,2015,506.0
Primary production,Solar photovoltaic,Slovakia,2016,533.0
Primary production,Solar photovoltaic,Slovakia,2017,506.0
Primary production,Solar photovoltaic,Slovakia,2018,585.0
Primary production,Solar photovoltaic,Slovakia,2019,589.0
Primary production,Solar photovoltaic,Slovakia,2020,663.0
Primary production,Solar photovoltaic,Slovakia,2021,671.0
Primary production,Solar photovoltaic,Slovakia,2022,650.0
Primary production,Solar photovoltaic,Slovakia,2023,605.0
Primary production,Solar photovoltaic,Slovakia,2024,694.0
