DATAFLOW,LAST UPDATE,freq,nrg_bal,siec,unit,geo,TIME_PERIOD,OBS_VALUE,OBS_FLAG,CONF_STATUS
ESTAT:NRG_BAL_C(1.0),06/03/26 23:00:00,Annual,Exports,Total,Gigawatt-hour,Austria,2005,47084.289,,
ESTAT:NRG_BAL_C(1.0),06/03/26 23:00:00,Annual,Exports,Total,Gigawatt-hour,Austria,2006,38614.345,,
ESTAT:NRG_BAL_C(1.0),06/03/26 23:00:00,Annual,Exports,Total,Gigawatt-hour,Austria,2007,45452.897,,
ESTAT:NRG_BAL_C(1.0),06/03/26 23:00:00,Annual,Exports,Total,Gigawatt-hour,Austria,2008,48449.491,,
ESTAT:NRG_BAL_C(1.0),06/03/26 23:00:00,Annual,Exports,Total,Gigawatt-hour,Austria,2009,48748.580,,
ESTAT:NRG_BAL_C(1.0),06/03/26 23:00:00,Annual,Exports,Total,Gigawatt-hour,Austria,2010,47955.359,,
ESTAT:NRG_BAL_C(1.0),06/03/26 23:00:00,Annual,Exports,Total,Gigawatt-hour,Austria,2011,47535.014,,
ESTAT:NRG_BAL_C(1.0),06/03/26 23:00:00,Annual,Exports,Total,Gigawatt-hour,Austria,2012,54067.142,,
ESTAT:NRG_BAL_C(1.0),06/03/26 23:00:00,Annual,Exports,Total,Gigawatt-hour,Austria,2013,51555.857,,
ESTAT:NRG_BAL_C(1.0),06/03/26 23:00:00,Annual,Exports,Total,Gigawatt-hour,Austria,2014,53741.713,,
ESTAT:NRG_BAL_C(1.0),06/03/26 23:00:00,Annual,Exports,Total,Gigawatt-hour,Austria,2015,58172.866,,
ESTAT:NRG_BAL_C(1.0),06/03/26 23:00:00,Annual,Exports,Total,Gigawatt-hour,Austria,2016,57474.653,,
ESTAT:NRG_BAL_C(1.0),06/03/26 23:00:00,Annual,Exports,Total,Gigawatt-hour,Austria,2017,61484.878,,
ESTAT:NRG_BAL_C(1.0),06/03/26 23:00:00,Annual,Exports,Total,Gigawatt-hour,Austria,2018,64236.713,,
ESTAT:NRG_BAL_C(1.0),06/03/26 23:00:00,Annual,Exports,Total,Gigawatt-hour,Austria,2019,65538.201,,
ESTAT:NRG_BAL_C(1.0),06/03/26 23:00:00,Annual,Exports,Total,Gigawatt-hour,Austria,2020,64041.118,,
ESTAT:NRG_BAL_C(1.0),06/03/26 23:00:00,Annual,Exports,Total,Gigawatt-hour,Austria,2021,62715.422,,
ESTAT:NRG_BAL_C(1.0),06/03/26 23:00:00,Annual,Exports,Total,Gigawatt-hour,Austria,2022,48209.051,,
ESTAT:NRG_BAL_C(1.0),06/03/26 23:00:00,Annual,Exports,Total,Gigawatt-hour,Austria,2023,57508.690,,
ESTAT:NRG_BAL_C(1.0),06/03/26 23:00:00,Annual,Exports,Total,Gigawatt-hour,Austria,2024,62312.922,,
ESTAT:NRG_BAL_C(1.0),06/03/26 23:00:00,Annual,Exports,Total,Gigawatt-hour,Belgium,2005,318269.933,,
ESTAT:NRG_BAL_C(1.0),06/03/26 23:00:00,Annual,Exports,Total,Gigawatt-hour,Belgium,2006,301858.750,,
ESTAT:NRG_BAL_C(1.0),06/03/26 23:00:00,Annual,Exports,Total,Gigawatt-hour,Belgium,2007,312098.801,,
ESTAT:NRG_BAL_C(1.0),06/03/26 23:00:00,Annual,Exports,Total,Gigawatt-hour,Belgium,2008,307941.066,,
ESTAT:NRG_BAL_C(1.0),06/03/26 23:00:00,Annual,Exports,Total,Gigawatt-hour,Belgium,2009,334638.975,,
ESTAT:NRG_BAL_C(1.0),06/03/26 23:00:00,Annual,Exports,Total,Gigawatt-hour,Belgium,2010,334278.615,,
ESTAT:NRG_BAL_C(1.0),06/03/26 23:00:00,Annual,Exports,Total,Gigawatt-hour,Belgium,2011,344033.440,,
ESTAT:NRG_BAL_C(1.0),06/03/26 23:00:00,Annual,Exports,Total,Gigawatt-hour,Belgium,2012,345176.978,,
ESTAT:NRG_BAL_C(1.0),06/03/26 23:00:00,Annual,Exports,Total,Gigawatt-hour,Belgium,2013,345789.114,,
ESTAT:NRG_BAL_C(1.0),06/03/26 23:00:00,Annual,Exports,Total,Gigawatt-hour,Belgium,2014,367327.564,,
ESTAT:NRG_BAL_C(1.0),06/03/26 23:00:00,Annual,Exports,Total,Gigawatt-hour,Belgium,2015,364757.903,,
ESTAT:NRG_BAL_C(1.0),06/03/26 23:00:00,Annual,Exports,Total,Gigawatt-hour,Belgium,2016,363424.788,,
ESTAT:NRG_BAL_C(1.0),06/03/26 23:00:00,Annual,Exports,Total,Gigawatt-hour,Belgium,2017,411135.228,,
ESTAT:NRG_BAL_C(1.0),06/03/26 23:00:00,Annual,Exports,Total,Gigawatt-hour,Belgium,2018,402695.766,,
ESTAT:NRG_BAL_C(1.0),06/03/26 23:00:00,Annual,Exports,Total,Gigawatt-hour,Belgium,2019,442314.505,,
ESTAT:NRG_BAL_C(1.0),06/03/26 23:00:00,Annual,Exports,Total,Gigawatt-hour,Belgium,2020,369281.978,,
ESTAT:NRG_BAL_C(1.0),06/03/26 23:00:00,Annual,Exports,Total,Gigawatt-hour,Belgium,2021,417951.860,,
ESTAT:NRG_BAL_C(1.0),06/03/26 23:00:00,Annual,Exports,Total,Gigawatt-hour,Belgium,2022,445287.866,,
ESTAT:NRG_BAL_C(1.0),06/03/26 23:00:00,Annual,Exports,Total,Gigawatt-hour,Belgium,2023,462459.239,,
ESTAT:NRG_BAL_C(1.0),06/03/26 23:00:00,Annual,Exports,Total,Gigawatt-hour,Belgium,2024,431171.449,,
ESTAT:NRG_BAL_C(1.0),06/03/26 23:00:00,Annual,Exports,Total,Gigawatt-hour,Bulgaria,2005,39262.756,,
ESTAT:NRG_BAL_C(1.0),06/03/26 23:00:00,Annual,Exports,Total,Gigawatt-hour,Bulgaria,2006,52308.926,,
ESTAT:NRG_BAL_C(1.0),06/03/26 23:00:00,Annual,Exports,Total,Gigawatt-hour,Bulgaria,2007,52465.095,,
ESTAT:NRG_BAL_C(1.0),06/03/26 23:00:00,Annual,Exports,Total,Gigawatt-hour,Bulgaria,2008,53129.581,,
ESTAT:NRG_BAL_C(1.0),06/03/26 23:00:00,Annual,Exports,Total,Gigawatt-hour,Bulgaria,2009,45011.929,,
ESTAT:NRG_BAL_C(1.0),06/03/26 23:00:00,Annual,Exports,Total,Gigawatt-hour,Bulgaria,2010,52452.510,,
ESTAT:NRG_BAL_C(1.0),06/03/26 23:00:00,Annual,Exports,Total,Gigawatt-hour,Bulgaria,2011,55445.112,,
ESTAT:NRG_BAL_C(1.0),06/03/26 23:00:00,Annual,Exports,Total,Gigawatt-hour,Bulgaria,2012,60943.957,,
ESTAT:NRG_BAL_C(1.0),06/03/26 23:00:00,Annual,Exports,Total,Gigawatt-hour,Bulgaria,2013,63051.862,,
ESTAT:NRG_BAL_C(1.0),06/03/26 23:00:00,Annual,Exports,Total,Gigawatt-hour,Bulgaria,2014,62466.316,,
ESTAT:NRG_BAL_C(1.0),06/03/26 23:00:00,Annual,Exports,Total,Gigawatt-hour,Bulgaria,2015,68944.904,,
ESTAT:NRG_BAL_C(1.0),06/03/26 23:00:00,Annual,Exports,Total,Gigawatt-hour,Bulgaria,2016,66282.169,,
ESTAT:NRG_BAL_C(1.0),06/03/26 23:00:00,Annual,Exports,Total,Gigawatt-hour,Bulgaria,2017,67610.095,,
ESTAT:NRG_BAL_C(1.0),06/03/26 23:00:00,Annual,Exports,Total,Gigawatt-hour,Bulgaria,2018,54246.848,,
ESTAT:NRG_BAL_C(1.0),06/03/26 23:00:00,Annual,Exports,Total,Gigawatt-hour,Bulgaria,2019,62121.520,,
ESTAT:NRG_BAL_C(1.0),06/03/26 23:00:00,Annual,Exports,Total,Gigawatt-hour,Bulgaria,2020,43266.465,,
ESTAT:NRG_BAL_C(1.0),06/03/26 23:00:00,Annual,Exports,Total,Gigawatt-hour,Bulgaria,2021,36018.498,,
ESTAT:NRG_BAL_C(1.0),06/03/26 23:00:00,Annual,Exports,Total,Gigawatt-hour,Bulgaria,2022,64969.607,,
ESTAT:NRG_BAL_C(1.0),06/03/26 23:00:00,Annual,Exports,Total,Gigawatt-hour,Bulgaria,2023,51741.340,,
ESTAT:NRG_BAL_C(1.0),06/03/26 23:00:00,Annual,Exports,Total,Gigawatt-hour,Bulgaria,2024,53740.345,,
ESTAT:NRG_BAL_C(1.0),06/03/26 23:00:00,Annual,Exports,Total,Gigawatt-hour,Cyprus,2005,0.000,,
ESTAT:NRG_BAL_C(1.0),06/03/26 23:00:00,Annual,Exports,Total,Gigawatt-hour,Cyprus,2006,0.000,,
ESTAT:NRG_BAL_C(1.0),06/03/26 23:00:00,Annual,Exports,Total,Gigawatt-hour,Cyprus,2007,0.000,,
ESTAT:NRG_BAL_C(1.0),06/03/26 23:00:00,Annual,Exports,Total,Gigawatt-hour,Cyprus,2008,0.000,,
ESTAT:NRG_BAL_C(1.0),06/03/26 23:00:00,Annual,Exports,Total,Gigawatt-hour,Cyprus,2009,0.000,,
ESTAT:NRG_BAL_C(1.0),06/03/26 23:00:00,Annual,Exports,Total,Gigawatt-hour,Cyprus,2010,0.000,,
ESTAT:NRG_BAL_C(1.0),06/03/26 23:00:00,Annual,Exports,Total,Gigawatt-hour,Cyprus,2011,0.000,,
ESTAT:NRG_BAL_C(1.0),06/03/26 23:00:00,Annual,Exports,Total,Gigawatt-hour,Cyprus,2012,0.000,,
ESTAT:NRG_BAL_C(1.0),06/03/26 23:00:00,Annual,Exports,Total,Gigawatt-hour,Cyprus,2013,0.000,,
ESTAT:NRG_BAL_C(1.0),06/03/26 23:00:00,Annual,Exports,Total,Gigawatt-hour,Cyprus,2014,0.000,,
ESTAT:NRG_BAL_C(1.0),06/03/26 23:00:00,Annual,Exports,Total,Gigawatt-hour,Cyprus,2015,281.750,,
ESTAT:NRG_BAL_C(1.0),06/03/26 23:00:00,Annual,Exports,Total,Gigawatt-hour,Cyprus,2016,200.399,,
ESTAT:NRG_BAL_C(1.0),06/03/26 23:00:00,Annual,Exports,Total,Gigawatt-hour,Cyprus,2017,0.000,,
ESTAT:NRG_BAL_C(1.0),06/03/26 23:00:00,Annual,Exports,Total,Gigawatt-hour,Cyprus,2018,0.000,,
ESTAT:NRG_BAL_C(1.0),06/03/26 23:00:00,Annual,Exports,Total,Gigawatt-hour,Cyprus,2019,0.000,,
ESTAT:NRG_BAL_C(1.0),06/03/26 23:00:00,Annual,Exports,Total,Gigawatt-hour,Cyprus,2020,0.000,,
ESTAT:NRG_BAL_C(1.0),06/03/26 23:00:00,Annual,Exports,Total,Gigawatt-hour,Cyprus,2021,392.690,,
ESTAT:NRG_BAL_C(1.0),06/03/26 23:00:00,Annual,Exports,Total,Gigawatt-hour,Cyprus,2022,209.193,,
ESTAT:NRG_BAL_C(1.0),06/03/26 23:00:00,Annual,Exports,Total,Gigawatt-hour,Cyprus,2023,0.000,,
ESTAT:NRG_BAL_C(1.0),06/03/26 23:00:00,Annual,Exports,Total,Gigawatt-hour,Cyprus,2024,416.202,,
ESTAT:NRG_BAL_C(1.0),06/03/26 23:00:00,Annual,Exports,Total,Gigawatt-hour,Czechia,2005,96768.384,,
ESTAT:NRG_BAL_C(1.0),06/03/26 23:00:00,Annual,Exports,Total,Gigawatt-hour,Czechia,2006,105160.218,,
ESTAT:NRG_BAL_C(1.0),06/03/26 23:00:00,Annual,Exports,Total,Gigawatt-hour,Czechia,2007,105647.452,,
ESTAT:NRG_BAL_C(1.0),06/03/26 23:00:00,Annual,Exports,Total,Gigawatt-hour,Czechia,2008,99140.304,,
ESTAT:NRG_BAL_C(1.0),06/03/26 23:00:00,Annual,Exports,Total,Gigawatt-hour,Czechia,2009,101697.819,,
ESTAT:NRG_BAL_C(1.0),06/03/26 23:00:00,Annual,Exports,Total,Gigawatt-hour,Czechia,2010,105825.361,,
ESTAT:NRG_BAL_C(1.0),06/03/26 23:00:00,Annual,Exports,Total,Gigawatt-hour,Czechia,2011,102314.983,,
ESTAT:NRG_BAL_C(1.0),06/03/26 23:00:00,Annual,Exports,Total,Gigawatt-hour,Czechia,2012,100775.913,,
ESTAT:NRG_BAL_C(1.0),06/03/26 23:00:00,Annual,Exports,Total,Gigawatt-hour,Czechia,2013,97215.251,,
ESTAT:NRG_BAL_C(1.0),06/03/26 23:00:00,Annual,Exports,Total,Gigawatt-hour,Czechia,2014,97533.846,,
ESTAT:NRG_BAL_C(1.0),06/03/26 23:00:00,Annual,Exports,Total,Gigawatt-hour,Czechia,2015,98026.240,,
ESTAT:NRG_BAL_C(1.0),06/03/26 23:00:00,Annual,Exports,Total,Gigawatt-hour,Czechia,2016,92385.688,,
ESTAT:NRG_BAL_C(1.0),06/03/26 23:00:00,Annual,Exports,Total,Gigawatt-hour,Czechia,2017,89984.427,,
ESTAT:NRG_BAL_C(1.0),06/03/26 23:00:00,Annual,Exports,Total,Gigawatt-hour,Czechia,2018,81287.450,,
ESTAT:NRG_BAL_C(1.0),06/03/26 23:00:00,Annual,Exports,Total,Gigawatt-hour,Czechia,2019,75126.405,,
ESTAT:NRG_BAL_C(1.0),06/03/26 23:00:00,Annual,Exports,Total,Gigawatt-hour,Czechia,2020,64371.406,,
ESTAT:NRG_BAL_C(1.0),06/03/26 23:00:00,Annual,Exports,Total,Gigawatt-hour,Czechia,2021,78267.987,,
ESTAT:NRG_BAL_C(1.0),06/03/26 23:00:00,Annual,Exports,Total,Gigawatt-hour,Czechia,2022,75792.412,,
ESTAT:NRG_BAL_C(1.0),06/03/26 23:00:00,Annual,Exports,Total,Gigawatt-hour,Czechia,2023,66166.999,,
ESTAT:NRG_BAL_C(1.0),06/03/26 23:00:00,Annual,Exports,Total,Gigawatt-hour,Czechia,2024,63640.831,,
ESTAT:NRG_BAL_C(1.0),06/03/26 23:00:00,Annual,Exports,Total,Gigawatt-hour,Germany,2005,585534.590,,
ESTAT:NRG_BAL_C(1.0),06/03/26 23:00:00,Annual,Exports,Total,Gigawatt-hour,Germany,2006,559596.551,,
ESTAT:NRG_BAL_C(1.0),06/03/26 23:00:00,Annual,Exports,Total,Gigawatt-hour,Germany,2007,572184.387,,
ESTAT:NRG_BAL_C(1.0),06/03/26 23:00:00,Annual,Exports,Total,Gigawatt-hour,Germany,2008,530982.020,,
ESTAT:NRG_BAL_C(1.0),06/03/26 23:00:00,Annual,Exports,Total,Gigawatt-hour,Germany,2009,466755.247,,
ESTAT:NRG_BAL_C(1.0),06/03/26 23:00:00,Annual,Exports,Total,Gigawatt-hour,Germany,2010,505641.244,,
ESTAT:NRG_BAL_C(1.0),06/03/26 23:00:00,Annual,Exports,Total,Gigawatt-hour,Germany,2011,474368.908,,
ESTAT:NRG_BAL_C(1.0),06/03/26 23:00:00,Annual,Exports,Total,Gigawatt-hour,Germany,2012,483343.987,,
ESTAT:NRG_BAL_C(1.0),06/03/26 23:00:00,Annual,Exports,Total,Gigawatt-hour,Germany,2013,555283.092,,
ESTAT:NRG_BAL_C(1.0),06/03/26 23:00:00,Annual,Exports,Total,Gigawatt-hour,Germany,2014,583063.738,,
ESTAT:NRG_BAL_C(1.0),06/03/26 23:00:00,Annual,Exports,Total,Gigawatt-hour,Germany,2015,703550.334,,
ESTAT:NRG_BAL_C(1.0),06/03/26 23:00:00,Annual,Exports,Total,Gigawatt-hour,Germany,2016,606609.306,,
ESTAT:NRG_BAL_C(1.0),06/03/26 23:00:00,Annual,Exports,Total,Gigawatt-hour,Germany,2017,703844.341,,
ESTAT:NRG_BAL_C(1.0),06/03/26 23:00:00,Annual,Exports,Total,Gigawatt-hour,Germany,2018,387417.033,,
ESTAT:NRG_BAL_C(1.0),06/03/26 23:00:00,Annual,Exports,Total,Gigawatt-hour,Germany,2019,375240.511,,
ESTAT:NRG_BAL_C(1.0),06/03/26 23:00:00,Annual,Exports,Total,Gigawatt-hour,Germany,2020,375224.364,,
ESTAT:NRG_BAL_C(1.0),06/03/26 23:00:00,Annual,Exports,Total,Gigawatt-hour,Germany,2021,417738.546,,
ESTAT:NRG_BAL_C(1.0),06/03/26 23:00:00,Annual,Exports,Total,Gigawatt-hour,Germany,2022,448586.154,,
ESTAT:NRG_BAL_C(1.0),06/03/26 23:00:00,Annual,Exports,Total,Gigawatt-hour,Germany,2023,393336.459,,
ESTAT:NRG_BAL_C(1.0),06/03/26 23:00:00,Annual,Exports,Total,Gigawatt-hour,Germany,2024,436749.715,,
ESTAT:NRG_BAL_C(1.0),06/03/26 23:00:00,Annual,Exports,Total,Gigawatt-hour,Denmark,2005,283142.285,,
ESTAT:NRG_BAL_C(1.0),06/03/26 23:00:00,Annual,Exports,Total,Gigawatt-hour,Denmark,2006,262031.141,,
ESTAT:NRG_BAL_C(1.0),06/03/26 23:00:00,Annual,Exports,Total,Gigawatt-hour,Denmark,2007,227796.678,,
ESTAT:NRG_BAL_C(1.0),06/03/26 23:00:00,Annual,Exports,Total,Gigawatt-hour,Denmark,2008,235534.656,,
ESTAT:NRG_BAL_C(1.0),06/03/26 23:00:00,Annual,Exports,Total,Gigawatt-hour,Denmark,2009,214061.007,,
ESTAT:NRG_BAL_C(1.0),06/03/26 23:00:00,Annual,Exports,Total,Gigawatt-hour,Denmark,2010,204185.750,,
ESTAT:NRG_BAL_C(1.0),06/03/26 23:00:00,Annual,Exports,Total,Gigawatt-hour,Denmark,2011,198971.434,,
ESTAT:NRG_BAL_C(1.0),06/03/26 23:00:00,Annual,Exports,Total,Gigawatt-hour,Denmark,2012,190576.645,,
ESTAT:NRG_BAL_C(1.0),06/03/26 23:00:00,Annual,Exports,Total,Gigawatt-hour,Denmark,2013,191370.302,,
ESTAT:NRG_BAL_C(1.0),06/03/26 23:00:00,Annual,Exports,Total,Gigawatt-hour,Denmark,2014,179427.032,,
ESTAT:NRG_BAL_C(1.0),06/03/26 23:00:00,Annual,Exports,Total,Gigawatt-hour,Denmark,2015,191356.644,,
ESTAT:NRG_BAL_C(1.0),06/03/26 23:00:00,Annual,Exports,Total,Gigawatt-hour,Denmark,2016,183094.889,,
ESTAT:NRG_BAL_C(1.0),06/03/26 23:00:00,Annual,Exports,Total,Gigawatt-hour,Denmark,2017,162551.309,,
ESTAT:NRG_BAL_C(1.0),06/03/26 23:00:00,Annual,Exports,Total,Gigawatt-hour,Denmark,2018,137973.757,,
ESTAT:NRG_BAL_C(1.0),06/03/26 23:00:00,Annual,Exports,Total,Gigawatt-hour,Denmark,2019,128285.688,,
ESTAT:NRG_BAL_C(1.0),06/03/26 23:00:00,Annual,Exports,Total,Gigawatt-hour,Denmark,2020,125200.865,,
ESTAT:NRG_BAL_C(1.0),06/03/26 23:00:00,Annual,Exports,Total,Gigawatt-hour,Denmark,2021,131447.456,,
ESTAT:NRG_BAL_C(1.0),06/03/26 23:00:00,Annual,Exports,Total,Gigawatt-hour,Denmark,2022,117648.551,,
ESTAT:NRG_BAL_C(1.0),06/03/26 23:00:00,Annual,Exports,Total,Gigawatt-hour,Denmark,2023,177518.298,,
ESTAT:NRG_BAL_C(1.0),06/03/26 23:00:00,Annual,Exports,Total,Gigawatt-hour,Denmark,2024,178178.608,,
ESTAT:NRG_BAL_C(1.0),06/03/26 23:00:00,Annual,Exports,Total,Gigawatt-hour,Estonia,2005,6258.979,,
ESTAT:NRG_BAL_C(1.0),06/03/26 23:00:00,Annual,Exports,Total,Gigawatt-hour,Estonia,2006,6144.296,,
ESTAT:NRG_BAL_C(1.0),06/03/26 23:00:00,Annual,Exports,Total,Gigawatt-hour,Estonia,2007,9421.861,,
ESTAT:NRG_BAL_C(1.0),06/03/26 23:00:00,Annual,Exports,Total,Gigawatt-hour,Estonia,2008,7525.964,,
ESTAT:NRG_BAL_C(1.0),06/03/26 23:00:00,Annual,Exports,Total,Gigawatt-hour,Estonia,2009,9186.141,,
ESTAT:NRG_BAL_C(1.0),06/03/26 23:00:00,Annual,Exports,Total,Gigawatt-hour,Estonia,2010,11117.035,,
ESTAT:NRG_BAL_C(1.0),06/03/26 23:00:00,Annual,Exports,Total,Gigawatt-hour,Estonia,2011,12177.843,,
ESTAT:NRG_BAL_C(1.0),06/03/26 23:00:00,Annual,Exports,Total,Gigawatt-hour,Estonia,2012,22349.684,,
ESTAT:NRG_BAL_C(1.0),06/03/26 23:00:00,Annual,Exports,Total,Gigawatt-hour,Estonia,2013,18514.922,,
ESTAT:NRG_BAL_C(1.0),06/03/26 23:00:00,Annual,Exports,Total,Gigawatt-hour,Estonia,2014,23787.982,,
ESTAT:NRG_BAL_C(1.0),06/03/26 23:00:00,Annual,Exports,Total,Gigawatt-hour,Estonia,2015,23321.938,,
ESTAT:NRG_BAL_C(1.0),06/03/26 23:00:00,Annual,Exports,Total,Gigawatt-hour,Estonia,2016,24269.566,,
ESTAT:NRG_BAL_C(1.0),06/03/26 23:00:00,Annual,Exports,Total,Gigawatt-hour,Estonia,2017,26446.212,,
ESTAT:NRG_BAL_C(1.0),06/03/26 23:00:00,Annual,Exports,Total,Gigawatt-hour,Estonia,2018,31760.027,,
ESTAT:NRG_BAL_C(1.0),06/03/26 23:00:00,Annual,Exports,Total,Gigawatt-hour,Estonia,2019,29136.309,,
ESTAT:NRG_BAL_C(1.0),06/03/26 23:00:00,Annual,Exports,Total,Gigawatt-hour,Estonia,2020,32403.987,,
ESTAT:NRG_BAL_C(1.0),06/03/26 23:00:00,Annual,Exports,Total,Gigawatt-hour,Estonia,2021,35865.301,,
ESTAT:NRG_BAL_C(1.0),06/03/26 23:00:00,Annual,Exports,Total,Gigawatt-hour,Estonia,2022,27815.913,,
ESTAT:NRG_BAL_C(1.0),06/03/26 23:00:00,Annual,Exports,Total,Gigawatt-hour,Estonia,2023,25745.870,,
ESTAT:NRG_BAL_C(1.0),06/03/26 23:00:00,Annual,Exports,Total,Gigawatt-hour,Estonia,2024,23639.966,,
ESTAT:NRG_BAL_C(1.0),06/03/26 23:00:00,Annual,Exports,Total,Gigawatt-hour,Greece,2005,71606.654,,
ESTAT:NRG_BAL_C(1.0),06/03/26 23:00:00,Annual,Exports,Total,Gigawatt-hour,Greece,2006,85067.245,,
ESTAT:NRG_BAL_C(1.0),06/03/26 23:00:00,Annual,Exports,Total,Gigawatt-hour,Greece,2007,89944.958,,
ESTAT:NRG_BAL_C(1.0),06/03/26 23:00:00,Annual,Exports,Total,Gigawatt-hour,Greece,2008,89429.451,,
ESTAT:NRG_BAL_C(1.0),06/03/26 23:00:00,Annual,Exports,Total,Gigawatt-hour,Greece,2009,106069.757,,
ESTAT:NRG_BAL_C(1.0),06/03/26 23:00:00,Annual,Exports,Total,Gigawatt-hour,Greece,2010,114365.894,,
ESTAT:NRG_BAL_C(1.0),06/03/26 23:00:00,Annual,Exports,Total,Gigawatt-hour,Greece,2011,116371.532,,
ESTAT:NRG_BAL_C(1.0),06/03/26 23:00:00,Annual,Exports,Total,Gigawatt-hour,Greece,2012,149959.823,,
ESTAT:NRG_BAL_C(1.0),06/03/26 23:00:00,Annual,Exports,Total,Gigawatt-hour,Greece,2013,170020.129,,
ESTAT:NRG_BAL_C(1.0),06/03/26 23:00:00,Annual,Exports,Total,Gigawatt-hour,Greece,2014,182847.251,,
ESTAT:NRG_BAL_C(1.0),06/03/26 23:00:00,Annual,Exports,Total,Gigawatt-hour,Greece,2015,191581.561,,
ESTAT:NRG_BAL_C(1.0),06/03/26 23:00:00,Annual,Exports,Total,Gigawatt-hour,Greece,2016,214605.744,,
ESTAT:NRG_BAL_C(1.0),06/03/26 23:00:00,Annual,Exports,Total,Gigawatt-hour,Greece,2017,226288.196,,
ESTAT:NRG_BAL_C(1.0),06/03/26 23:00:00,Annual,Exports,Total,Gigawatt-hour,Greece,2018,239092.491,,
ESTAT:NRG_BAL_C(1.0),06/03/26 23:00:00,Annual,Exports,Total,Gigawatt-hour,Greece,2019,217197.997,,
ESTAT:NRG_BAL_C(1.0),06/03/26 23:00:00,Annual,Exports,Total,Gigawatt-hour,Greece,2020,223450.915,,
ESTAT:NRG_BAL_C(1.0),06/03/26 23:00:00,Annual,Exports,Total,Gigawatt-hour,Greece,2021,250535.121,,
ESTAT:NRG_BAL_C(1.0),06/03/26 23:00:00,Annual,Exports,Total,Gigawatt-hour,Greece,2022,217232.521,,
ESTAT:NRG_BAL_C(1.0),06/03/26 23:00:00,Annual,Exports,Total,Gigawatt-hour,Greece,2023,217821.706,,
ESTAT:NRG_BAL_C(1.0),06/03/26 23:00:00,Annual,Exports,Total,Gigawatt-hour,Greece,2024,209637.734,,
ESTAT:NRG_BAL_C(1.0),06/03/26 23:00:00,Annual,Exports,Total,Gigawatt-hour,Spain,2005,114541.583,,
ESTAT:NRG_BAL_C(1.0),06/03/26 23:00:00,Annual,Exports,Total,Gigawatt-hour,Spain,2006,136810.083,,
ESTAT:NRG_BAL_C(1.0),06/03/26 23:00:00,Annual,Exports,Total,Gigawatt-hour,Spain,2007,156126.899,,
ESTAT:NRG_BAL_C(1.0),06/03/26 23:00:00,Annual,Exports,Total,Gigawatt-hour,Spain,2008,155677.181,,
ESTAT:NRG_BAL_C(1.0),06/03/26 23:00:00,Annual,Exports,Total,Gigawatt-hour,Spain,2009,168836.957,,
ESTAT:NRG_BAL_C(1.0),06/03/26 23:00:00,Annual,Exports,Total,Gigawatt-hour,Spain,2010,177778.896,,
ESTAT:NRG_BAL_C(1.0),06/03/26 23:00:00,Annual,Exports,Total,Gigawatt-hour,Spain,2011,199891.025,,
ESTAT:NRG_BAL_C(1.0),06/03/26 23:00:00,Annual,Exports,Total,Gigawatt-hour,Spain,2012,295859.352,,
ESTAT:NRG_BAL_C(1.0),06/03/26 23:00:00,Annual,Exports,Total,Gigawatt-hour,Spain,2013,347787.807,,
ESTAT:NRG_BAL_C(1.0),06/03/26 23:00:00,Annual,Exports,Total,Gigawatt-hour,Spain,2014,373954.238,,
ESTAT:NRG_BAL_C(1.0),06/03/26 23:00:00,Annual,Exports,Total,Gigawatt-hour,Spain,2015,352486.982,,
ESTAT:NRG_BAL_C(1.0),06/03/26 23:00:00,Annual,Exports,Total,Gigawatt-hour,Spain,2016,360322.319,,
ESTAT:NRG_BAL_C(1.0),06/03/26 23:00:00,Annual,Exports,Total,Gigawatt-hour,Spain,2017,382134.879,,
ESTAT:NRG_BAL_C(1.0),06/03/26 23:00:00,Annual,Exports,Total,Gigawatt-hour,Spain,2018,368619.496,,
ESTAT:NRG_BAL_C(1.0),06/03/26 23:00:00,Annual,Exports,Total,Gigawatt-hour,Spain,2019,342048.168,,
ESTAT:NRG_BAL_C(1.0),06/03/26 23:00:00,Annual,Exports,Total,Gigawatt-hour,Spain,2020,336658.498,,
ESTAT:NRG_BAL_C(1.0),06/03/26 23:00:00,Annual,Exports,Total,Gigawatt-hour,Spain,2021,347460.859,,
ESTAT:NRG_BAL_C(1.0),06/03/26 23:00:00,Annual,Exports,Total,Gigawatt-hour,Spain,2022,367756.686,,
ESTAT:NRG_BAL_C(1.0),06/03/26 23:00:00,Annual,Exports,Total,Gigawatt-hour,Spain,2023,400350.690,,
ESTAT:NRG_BAL_C(1.0),06/03/26 23:00:00,Annual,Exports,Total,Gigawatt-hour,Spain,2024,344973.661,,
ESTAT:NRG_BAL_C(1.0),06/03/26 23:00:00,Annual,Exports,Total,Gigawatt-hour,Finland,2005,61621.684,,
ESTAT:NRG_BAL_C(1.0),06/03/26 23:00:00,Annual,Exports,Total,Gigawatt-hour,Finland,2006,69350.927,,
ESTAT:NRG_BAL_C(1.0),06/03/26 23:00:00,Annual,Exports,Total,Gigawatt-hour,Finland,2007,78955.099,,
ESTAT:NRG_BAL_C(1.0),06/03/26 23:00:00,Annual,Exports,Total,Gigawatt-hour,Finland,2008,84523.849,,
ESTAT:NRG_BAL_C(1.0),06/03/26 23:00:00,Annual,Exports,Total,Gigawatt-hour,Finland,2009,84102.519,,
ESTAT:NRG_BAL_C(1.0),06/03/26 23:00:00,Annual,Exports,Total,Gigawatt-hour,Finland,2010,88259.098,,
ESTAT:NRG_BAL_C(1.0),06/03/26 23:00:00,Annual,Exports,Total,Gigawatt-hour,Finland,2011,91726.853,,
ESTAT:NRG_BAL_C(1.0),06/03/26 23:00:00,Annual,Exports,Total,Gigawatt-hour,Finland,2012,95140.060,,
ESTAT:NRG_BAL_C(1.0),06/03/26 23:00:00,Annual,Exports,Total,Gigawatt-hour,Finland,2013,114052.103,,
ESTAT:NRG_BAL_C(1.0),06/03/26 23:00:00,Annual,Exports,Total,Gigawatt-hour,Finland,2014,109464.997,,
ESTAT:NRG_BAL_C(1.0),06/03/26 23:00:00,Annual,Exports,Total,Gigawatt-hour,Finland,2015,87983.397,,
ESTAT:NRG_BAL_C(1.0),06/03/26 23:00:00,Annual,Exports,Total,Gigawatt-hour,Finland,2016,111752.819,,
ESTAT:NRG_BAL_C(1.0),06/03/26 23:00:00,Annual,Exports,Total,Gigawatt-hour,Finland,2017,109953.744,,
ESTAT:NRG_BAL_C(1.0),06/03/26 23:00:00,Annual,Exports,Total,Gigawatt-hour,Finland,2018,108635.744,,
ESTAT:NRG_BAL_C(1.0),06/03/26 23:00:00,Annual,Exports,Total,Gigawatt-hour,Finland,2019,119062.011,,
ESTAT:NRG_BAL_C(1.0),06/03/26 23:00:00,Annual,Exports,Total,Gigawatt-hour,Finland,2020,112332.121,,
ESTAT:NRG_BAL_C(1.0),06/03/26 23:00:00,Annual,Exports,Total,Gigawatt-hour,Finland,2021,85141.903,,
ESTAT:NRG_BAL_C(1.0),06/03/26 23:00:00,Annual,Exports,Total,Gigawatt-hour,Finland,2022,102267.663,,
ESTAT:NRG_BAL_C(1.0),06/03/26 23:00:00,Annual,Exports,Total,Gigawatt-hour,Finland,2023,106747.755,,
ESTAT:NRG_BAL_C(1.0),06/03/26 23:00:00,Annual,Exports,Total,Gigawatt-hour,Finland,2024,93745.358,,
ESTAT:NRG_BAL_C(1.0),06/03/26 23:00:00,Annual,Exports,Total,Gigawatt-hour,France,2005,407664.319,,
ESTAT:NRG_BAL_C(1.0),06/03/26 23:00:00,Annual,Exports,Total,Gigawatt-hour,France,2006,411450.124,,
ESTAT:NRG_BAL_C(1.0),06/03/26 23:00:00,Annual,Exports,Total,Gigawatt-hour,France,2007,390556.138,,
ESTAT:NRG_BAL_C(1.0),06/03/26 23:00:00,Annual,Exports,Total,Gigawatt-hour,France,2008,444042.487,,
ESTAT:NRG_BAL_C(1.0),06/03/26 23:00:00,Annual,Exports,Total,Gigawatt-hour,France,2009,373593.331,,
ESTAT:NRG_BAL_C(1.0),06/03/26 23:00:00,Annual,Exports,Total,Gigawatt-hour,France,2010,353529.228,,
ESTAT:NRG_BAL_C(1.0),06/03/26 23:00:00,Annual,Exports,Total,Gigawatt-hour,France,2011,392091.493,,
ESTAT:NRG_BAL_C(1.0),06/03/26 23:00:00,Annual,Exports,Total,Gigawatt-hour,France,2012,359068.641,,
ESTAT:NRG_BAL_C(1.0),06/03/26 23:00:00,Annual,Exports,Total,Gigawatt-hour,France,2013,342709.238,,
ESTAT:NRG_BAL_C(1.0),06/03/26 23:00:00,Annual,Exports,Total,Gigawatt-hour,France,2014,353273.599,,
ESTAT:NRG_BAL_C(1.0),06/03/26 23:00:00,Annual,Exports,Total,Gigawatt-hour,France,2015,365532.291,,
ESTAT:NRG_BAL_C(1.0),06/03/26 23:00:00,Annual,Exports,Total,Gigawatt-hour,France,2016,328914.628,,
ESTAT:NRG_BAL_C(1.0),06/03/26 23:00:00,Annual,Exports,Total,Gigawatt-hour,France,2017,350082.436,,
ESTAT:NRG_BAL_C(1.0),06/03/26 23:00:00,Annual,Exports,Total,Gigawatt-hour,France,2018,361600.213,,
ESTAT:NRG_BAL_C(1.0),06/03/26 23:00:00,Annual,Exports,Total,Gigawatt-hour,France,2019,382733.933,,
ESTAT:NRG_BAL_C(1.0),06/03/26 23:00:00,Annual,Exports,Total,Gigawatt-hour,France,2020,308442.565,,
ESTAT:NRG_BAL_C(1.0),06/03/26 23:00:00,Annual,Exports,Total,Gigawatt-hour,France,2021,281882.484,,
ESTAT:NRG_BAL_C(1.0),06/03/26 23:00:00,Annual,Exports,Total,Gigawatt-hour,France,2022,361525.219,,
ESTAT:NRG_BAL_C(1.0),06/03/26 23:00:00,Annual,Exports,Total,Gigawatt-hour,France,2023,395529.979,,
ESTAT:NRG_BAL_C(1.0),06/03/26 23:00:00,Annual,Exports,Total,Gigawatt-hour,France,2024,444435.386,,
ESTAT:NRG_BAL_C(1.0),06/03/26 23:00:00,Annual,Exports,Total,Gigawatt-hour,Croatia,2005,30854.987,,
ESTAT:NRG_BAL_C(1.0),06/03/26 23:00:00,Annual,Exports,Total,Gigawatt-hour,Croatia,2006,34340.757,,
ESTAT:NRG_BAL_C(1.0),06/03/26 23:00:00,Annual,Exports,Total,Gigawatt-hour,Croatia,2007,33680.064,,
ESTAT:NRG_BAL_C(1.0),06/03/26 23:00:00,Annual,Exports,Total,Gigawatt-hour,Croatia,2008,34281.428,,
ESTAT:NRG_BAL_C(1.0),06/03/26 23:00:00,Annual,Exports,Total,Gigawatt-hour,Croatia,2009,37904.311,,
ESTAT:NRG_BAL_C(1.0),06/03/26 23:00:00,Annual,Exports,Total,Gigawatt-hour,Croatia,2010,37078.547,,
ESTAT:NRG_BAL_C(1.0),06/03/26 23:00:00,Annual,Exports,Total,Gigawatt-hour,Croatia,2011,30181.612,,
ESTAT:NRG_BAL_C(1.0),06/03/26 23:00:00,Annual,Exports,Total,Gigawatt-hour,Croatia,2012,29103.092,,
ESTAT:NRG_BAL_C(1.0),06/03/26 23:00:00,Annual,Exports,Total,Gigawatt-hour,Croatia,2013,32087.780,,
ESTAT:NRG_BAL_C(1.0),06/03/26 23:00:00,Annual,Exports,Total,Gigawatt-hour,Croatia,2014,32789.304,,
ESTAT:NRG_BAL_C(1.0),06/03/26 23:00:00,Annual,Exports,Total,Gigawatt-hour,Croatia,2015,35409.147,,
ESTAT:NRG_BAL_C(1.0),06/03/26 23:00:00,Annual,Exports,Total,Gigawatt-hour,Croatia,2016,38922.597,,
ESTAT:NRG_BAL_C(1.0),06/03/26 23:00:00,Annual,Exports,Total,Gigawatt-hour,Croatia,2017,40580.094,,
ESTAT:NRG_BAL_C(1.0),06/03/26 23:00:00,Annual,Exports,Total,Gigawatt-hour,Croatia,2018,40265.396,,
ESTAT:NRG_BAL_C(1.0),06/03/26 23:00:00,Annual,Exports,Total,Gigawatt-hour,Croatia,2019,36051.198,,
ESTAT:NRG_BAL_C(1.0),06/03/26 23:00:00,Annual,Exports,Total,Gigawatt-hour,Croatia,2020,37032.768,,
ESTAT:NRG_BAL_C(1.0),06/03/26 23:00:00,Annual,Exports,Total,Gigawatt-hour,Croatia,2021,38664.832,,
ESTAT:NRG_BAL_C(1.0),06/03/26 23:00:00,Annual,Exports,Total,Gigawatt-hour,Croatia,2022,42910.913,,
ESTAT:NRG_BAL_C(1.0),06/03/26 23:00:00,Annual,Exports,Total,Gigawatt-hour,Croatia,2023,44095.510,,
ESTAT:NRG_BAL_C(1.0),06/03/26 23:00:00,Annual,Exports,Total,Gigawatt-hour,Croatia,2024,45948.301,,
ESTAT:NRG_BAL_C(1.0),06/03/26 23:00:00,Annual,Exports,Total,Gigawatt-hour,Hungary,2005,46382.245,,
ESTAT:NRG_BAL_C(1.0),06/03/26 23:00:00,Annual,Exports,Total,Gigawatt-hour,Hungary,2006,50529.876,,
ESTAT:NRG_BAL_C(1.0),06/03/26 23:00:00,Annual,Exports,Total,Gigawatt-hour,Hungary,2007,51875.710,,
ESTAT:NRG_BAL_C(1.0),06/03/26 23:00:00,Annual,Exports,Total,Gigawatt-hour,Hungary,2008,51147.146,,
ESTAT:NRG_BAL_C(1.0),06/03/26 23:00:00,Annual,Exports,Total,Gigawatt-hour,Hungary,2009,34969.299,,
ESTAT:NRG_BAL_C(1.0),06/03/26 23:00:00,Annual,Exports,Total,Gigawatt-hour,Hungary,2010,42779.558,,
ESTAT:NRG_BAL_C(1.0),06/03/26 23:00:00,Annual,Exports,Total,Gigawatt-hour,Hungary,2011,50792.748,,
ESTAT:NRG_BAL_C(1.0),06/03/26 23:00:00,Annual,Exports,Total,Gigawatt-hour,Hungary,2012,55461.261,,
ESTAT:NRG_BAL_C(1.0),06/03/26 23:00:00,Annual,Exports,Total,Gigawatt-hour,Hungary,2013,60613.629,,
ESTAT:NRG_BAL_C(1.0),06/03/26 23:00:00,Annual,Exports,Total,Gigawatt-hour,Hungary,2014,57776.181,,
ESTAT:NRG_BAL_C(1.0),06/03/26 23:00:00,Annual,Exports,Total,Gigawatt-hour,Hungary,2015,52055.469,,
ESTAT:NRG_BAL_C(1.0),06/03/26 23:00:00,Annual,Exports,Total,Gigawatt-hour,Hungary,2016,48395.968,,
ESTAT:NRG_BAL_C(1.0),06/03/26 23:00:00,Annual,Exports,Total,Gigawatt-hour,Hungary,2017,52122.067,,
ESTAT:NRG_BAL_C(1.0),06/03/26 23:00:00,Annual,Exports,Total,Gigawatt-hour,Hungary,2018,56718.991,,
ESTAT:NRG_BAL_C(1.0),06/03/26 23:00:00,Annual,Exports,Total,Gigawatt-hour,Hungary,2019,54385.308,,
ESTAT:NRG_BAL_C(1.0),06/03/26 23:00:00,Annual,Exports,Total,Gigawatt-hour,Hungary,2020,49313.268,,
ESTAT:NRG_BAL_C(1.0),06/03/26 23:00:00,Annual,Exports,Total,Gigawatt-hour,Hungary,2021,48631.945,,
ESTAT:NRG_BAL_C(1.0),06/03/26 23:00:00,Annual,Exports,Total,Gigawatt-hour,Hungary,2022,43803.510,,
ESTAT:NRG_BAL_C(1.0),06/03/26 23:00:00,Annual,Exports,Total,Gigawatt-hour,Hungary,2023,46537.680,,
ESTAT:NRG_BAL_C(1.0),06/03/26 23:00:00,Annual,Exports,Total,Gigawatt-hour,Hungary,2024,62786.821,,
ESTAT:NRG_BAL_C(1.0),06/03/26 23:00:00,Annual,Exports,Total,Gigawatt-hour,Ireland,2005,17206.767,,
ESTAT:NRG_BAL_C(1.0),06/03/26 23:00:00,Annual,Exports,Total,Gigawatt-hour,Ireland,2006,15410.833,,
ESTAT:NRG_BAL_C(1.0),06/03/26 23:00:00,Annual,Exports,Total,Gigawatt-hour,Ireland,2007,14564.352,,
ESTAT:NRG_BAL_C(1.0),06/03/26 23:00:00,Annual,Exports,Total,Gigawatt-hour,Ireland,2008,14900.601,,
ESTAT:NRG_BAL_C(1.0),06/03/26 23:00:00,Annual,Exports,Total,Gigawatt-hour,Ireland,2009,11462.166,,
ESTAT:NRG_BAL_C(1.0),06/03/26 23:00:00,Annual,Exports,Total,Gigawatt-hour,Ireland,2010,17721.722,,
ESTAT:NRG_BAL_C(1.0),06/03/26 23:00:00,Annual,Exports,Total,Gigawatt-hour,Ireland,2011,19448.544,,
ESTAT:NRG_BAL_C(1.0),06/03/26 23:00:00,Annual,Exports,Total,Gigawatt-hour,Ireland,2012,21420.855,,
ESTAT:NRG_BAL_C(1.0),06/03/26 23:00:00,Annual,Exports,Total,Gigawatt-hour,Ireland,2013,15005.930,,
ESTAT:NRG_BAL_C(1.0),06/03/26 23:00:00,Annual,Exports,Total,Gigawatt-hour,Ireland,2014,15808.451,,
ESTAT:NRG_BAL_C(1.0),06/03/26 23:00:00,Annual,Exports,Total,Gigawatt-hour,Ireland,2015,21968.951,,
ESTAT:NRG_BAL_C(1.0),06/03/26 23:00:00,Annual,Exports,Total,Gigawatt-hour,Ireland,2016,20849.781,,
ESTAT:NRG_BAL_C(1.0),06/03/26 23:00:00,Annual,Exports,Total,Gigawatt-hour,Ireland,2017,23809.041,,
ESTAT:NRG_BAL_C(1.0),06/03/26 23:00:00,Annual,Exports,Total,Gigawatt-hour,Ireland,2018,21815.328,,
ESTAT:NRG_BAL_C(1.0),06/03/26 23:00:00,Annual,Exports,Total,Gigawatt-hour,Ireland,2019,19419.615,,
ESTAT:NRG_BAL_C(1.0),06/03/26 23:00:00,Annual,Exports,Total,Gigawatt-hour,Ireland,2020,20075.474,,
ESTAT:NRG_BAL_C(1.0),06/03/26 23:00:00,Annual,Exports,Total,Gigawatt-hour,Ireland,2021,19983.179,,
ESTAT:NRG_BAL_C(1.0),06/03/26 23:00:00,Annual,Exports,Total,Gigawatt-hour,Ireland,2022,18879.568,,
ESTAT:NRG_BAL_C(1.0),06/03/26 23:00:00,Annual,Exports,Total,Gigawatt-hour,Ireland,2023,14724.935,,
ESTAT:NRG_BAL_C(1.0),06/03/26 23:00:00,Annual,Exports,Total,Gigawatt-hour,Ireland,2024,13146.396,,
ESTAT:NRG_BAL_C(1.0),06/03/26 23:00:00,Annual,Exports,Total,Gigawatt-hour,Italy,2005,352109.156,,
ESTAT:NRG_BAL_C(1.0),06/03/26 23:00:00,Annual,Exports,Total,Gigawatt-hour,Italy,2006,334456.989,,
ESTAT:NRG_BAL_C(1.0),06/03/26 23:00:00,Annual,Exports,Total,Gigawatt-hour,Italy,2007,373979.367,,
ESTAT:NRG_BAL_C(1.0),06/03/26 23:00:00,Annual,Exports,Total,Gigawatt-hour,Italy,2008,353325.727,,
ESTAT:NRG_BAL_C(1.0),06/03/26 23:00:00,Annual,Exports,Total,Gigawatt-hour,Italy,2009,321502.722,,
ESTAT:NRG_BAL_C(1.0),06/03/26 23:00:00,Annual,Exports,Total,Gigawatt-hour,Italy,2010,356822.752,,
ESTAT:NRG_BAL_C(1.0),06/03/26 23:00:00,Annual,Exports,Total,Gigawatt-hour,Italy,2011,326794.155,,
ESTAT:NRG_BAL_C(1.0),06/03/26 23:00:00,Annual,Exports,Total,Gigawatt-hour,Italy,2012,360034.178,,
ESTAT:NRG_BAL_C(1.0),06/03/26 23:00:00,Annual,Exports,Total,Gigawatt-hour,Italy,2013,296318.971,,
ESTAT:NRG_BAL_C(1.0),06/03/26 23:00:00,Annual,Exports,Total,Gigawatt-hour,Italy,2014,256054.556,,
ESTAT:NRG_BAL_C(1.0),06/03/26 23:00:00,Annual,Exports,Total,Gigawatt-hour,Italy,2015,340047.954,,
ESTAT:NRG_BAL_C(1.0),06/03/26 23:00:00,Annual,Exports,Total,Gigawatt-hour,Italy,2016,361418.472,,
ESTAT:NRG_BAL_C(1.0),06/03/26 23:00:00,Annual,Exports,Total,Gigawatt-hour,Italy,2017,388050.005,,
ESTAT:NRG_BAL_C(1.0),06/03/26 23:00:00,Annual,Exports,Total,Gigawatt-hour,Italy,2018,360754.543,,
ESTAT:NRG_BAL_C(1.0),06/03/26 23:00:00,Annual,Exports,Total,Gigawatt-hour,Italy,2019,342052.586,,
ESTAT:NRG_BAL_C(1.0),06/03/26 23:00:00,Annual,Exports,Total,Gigawatt-hour,Italy,2020,294580.370,,
ESTAT:NRG_BAL_C(1.0),06/03/26 23:00:00,Annual,Exports,Total,Gigawatt-hour,Italy,2021,341209.890,,
ESTAT:NRG_BAL_C(1.0),06/03/26 23:00:00,Annual,Exports,Total,Gigawatt-hour,Italy,2022,384758.783,,
ESTAT:NRG_BAL_C(1.0),06/03/26 23:00:00,Annual,Exports,Total,Gigawatt-hour,Italy,2023,363362.066,,
ESTAT:NRG_BAL_C(1.0),06/03/26 23:00:00,Annual,Exports,Total,Gigawatt-hour,Italy,2024,312340.050,,
ESTAT:NRG_BAL_C(1.0),06/03/26 23:00:00,Annual,Exports,Total,Gigawatt-hour,Lithuania,2005,90155.308,,
ESTAT:NRG_BAL_C(1.0),06/03/26 23:00:00,Annual,Exports,Total,Gigawatt-hour,Lithuania,2006,81977.039,,
ESTAT:NRG_BAL_C(1.0),06/03/26 23:00:00,Annual,Exports,Total,Gigawatt-hour,Lithuania,2007,54010.555,,
ESTAT:NRG_BAL_C(1.0),06/03/26 23:00:00,Annual,Exports,Total,Gigawatt-hour,Lithuania,2008,93434.999,,
ESTAT:NRG_BAL_C(1.0),06/03/26 23:00:00,Annual,Exports,Total,Gigawatt-hour,Lithuania,2009,91300.648,,
ESTAT:NRG_BAL_C(1.0),06/03/26 23:00:00,Annual,Exports,Total,Gigawatt-hour,Lithuania,2010,93160.055,,
ESTAT:NRG_BAL_C(1.0),06/03/26 23:00:00,Annual,Exports,Total,Gigawatt-hour,Lithuania,2011,97160.075,,
ESTAT:NRG_BAL_C(1.0),06/03/26 23:00:00,Annual,Exports,Total,Gigawatt-hour,Lithuania,2012,95506.583,,
ESTAT:NRG_BAL_C(1.0),06/03/26 23:00:00,Annual,Exports,Total,Gigawatt-hour,Lithuania,2013,102980.589,,
ESTAT:NRG_BAL_C(1.0),06/03/26 23:00:00,Annual,Exports,Total,Gigawatt-hour,Lithuania,2014,86536.160,,
ESTAT:NRG_BAL_C(1.0),06/03/26 23:00:00,Annual,Exports,Total,Gigawatt-hour,Lithuania,2015,103113.541,,
ESTAT:NRG_BAL_C(1.0),06/03/26 23:00:00,Annual,Exports,Total,Gigawatt-hour,Lithuania,2016,106759.381,,
ESTAT:NRG_BAL_C(1.0),06/03/26 23:00:00,Annual,Exports,Total,Gigawatt-hour,Lithuania,2017,106118.771,,
ESTAT:NRG_BAL_C(1.0),06/03/26 23:00:00,Annual,Exports,Total,Gigawatt-hour,Lithuania,2018,97350.948,,
ESTAT:NRG_BAL_C(1.0),06/03/26 23:00:00,Annual,Exports,Total,Gigawatt-hour,Lithuania,2019,100394.725,,
ESTAT:NRG_BAL_C(1.0),06/03/26 23:00:00,Annual,Exports,Total,Gigawatt-hour,Lithuania,2020,80887.594,,
ESTAT:NRG_BAL_C(1.0),06/03/26 23:00:00,Annual,Exports,Total,Gigawatt-hour,Lithuania,2021,80241.369,,
ESTAT:NRG_BAL_C(1.0),06/03/26 23:00:00,Annual,Exports,Total,Gigawatt-hour,Lithuania,2022,104229.308,,
ESTAT:NRG_BAL_C(1.0),06/03/26 23:00:00,Annual,Exports,Total,Gigawatt-hour,Lithuania,2023,107843.814,,
ESTAT:NRG_BAL_C(1.0),06/03/26 23:00:00,Annual,Exports,Total,Gigawatt-hour,Lithuania,2024,94608.708,,
ESTAT:NRG_BAL_C(1.0),06/03/26 23:00:00,Annual,Exports,Total,Gigawatt-hour,Luxembourg,2005,3327.381,,
ESTAT:NRG_BAL_C(1.0),06/03/26 23:00:00,Annual,Exports,Total,Gigawatt-hour,Luxembourg,2006,3471.164,,
ESTAT:NRG_BAL_C(1.0),06/03/26 23:00:00,Annual,Exports,Total,Gigawatt-hour,Luxembourg,2007,3037.025,,
ESTAT:NRG_BAL_C(1.0),06/03/26 23:00:00,Annual,Exports,Total,Gigawatt-hour,Luxembourg,2008,2694.610,,
ESTAT:NRG_BAL_C(1.0),06/03/26 23:00:00,Annual,Exports,Total,Gigawatt-hour,Luxembourg,2009,2840.164,,
ESTAT:NRG_BAL_C(1.0),06/03/26 23:00:00,Annual,Exports,Total,Gigawatt-hour,Luxembourg,2010,3339.338,,
ESTAT:NRG_BAL_C(1.0),06/03/26 23:00:00,Annual,Exports,Total,Gigawatt-hour,Luxembourg,2011,2732.752,,
ESTAT:NRG_BAL_C(1.0),06/03/26 23:00:00,Annual,Exports,Total,Gigawatt-hour,Luxembourg,2012,2783.956,,
ESTAT:NRG_BAL_C(1.0),06/03/26 23:00:00,Annual,Exports,Total,Gigawatt-hour,Luxembourg,2013,2080.272,,
ESTAT:NRG_BAL_C(1.0),06/03/26 23:00:00,Annual,Exports,Total,Gigawatt-hour,Luxembourg,2014,2210.373,,
ESTAT:NRG_BAL_C(1.0),06/03/26 23:00:00,Annual,Exports,Total,Gigawatt-hour,Luxembourg,2015,2247.932,,
ESTAT:NRG_BAL_C(1.0),06/03/26 23:00:00,Annual,Exports,Total,Gigawatt-hour,Luxembourg,2016,1861.146,,
ESTAT:NRG_BAL_C(1.0),06/03/26 23:00:00,Annual,Exports,Total,Gigawatt-hour,Luxembourg,2017,1946.196,,
ESTAT:NRG_BAL_C(1.0),06/03/26 23:00:00,Annual,Exports,Total,Gigawatt-hour,Luxembourg,2018,1670.183,,
ESTAT:NRG_BAL_C(1.0),06/03/26 23:00:00,Annual,Exports,Total,Gigawatt-hour,Luxembourg,2019,1156.883,,
ESTAT:NRG_BAL_C(1.0),06/03/26 23:00:00,Annual,Exports,Total,Gigawatt-hour,Luxembourg,2020,1335.486,,
ESTAT:NRG_BAL_C(1.0),06/03/26 23:00:00,Annual,Exports,Total,Gigawatt-hour,Luxembourg,2021,1293.515,,
ESTAT:NRG_BAL_C(1.0),06/03/26 23:00:00,Annual,Exports,Total,Gigawatt-hour,Luxembourg,2022,1498.072,,
ESTAT:NRG_BAL_C(1.0),06/03/26 23:00:00,Annual,Exports,Total,Gigawatt-hour,Luxembourg,2023,1361.738,,
ESTAT:NRG_BAL_C(1.0),06/03/26 23:00:00,Annual,Exports,Total,Gigawatt-hour,Luxembourg,2024,1524.814,,
ESTAT:NRG_BAL_C(1.0),06/03/26 23:00:00,Annual,Exports,Total,Gigawatt-hour,Latvia,2005,11094.683,,
ESTAT:NRG_BAL_C(1.0),06/03/26 23:00:00,Annual,Exports,Total,Gigawatt-hour,Latvia,2006,8258.306,,
ESTAT:NRG_BAL_C(1.0),06/03/26 23:00:00,Annual,Exports,Total,Gigawatt-hour,Latvia,2007,8398.821,,
ESTAT:NRG_BAL_C(1.0),06/03/26 23:00:00,Annual,Exports,Total,Gigawatt-hour,Latvia,2008,8176.922,,
ESTAT:NRG_BAL_C(1.0),06/03/26 23:00:00,Annual,Exports,Total,Gigawatt-hour,Latvia,2009,11468.264,,
ESTAT:NRG_BAL_C(1.0),06/03/26 23:00:00,Annual,Exports,Total,Gigawatt-hour,Latvia,2010,12875.066,,
ESTAT:NRG_BAL_C(1.0),06/03/26 23:00:00,Annual,Exports,Total,Gigawatt-hour,Latvia,2011,15302.413,,
ESTAT:NRG_BAL_C(1.0),06/03/26 23:00:00,Annual,Exports,Total,Gigawatt-hour,Latvia,2012,17187.443,,
ESTAT:NRG_BAL_C(1.0),06/03/26 23:00:00,Annual,Exports,Total,Gigawatt-hour,Latvia,2013,19972.934,,
ESTAT:NRG_BAL_C(1.0),06/03/26 23:00:00,Annual,Exports,Total,Gigawatt-hour,Latvia,2014,21879.648,,
ESTAT:NRG_BAL_C(1.0),06/03/26 23:00:00,Annual,Exports,Total,Gigawatt-hour,Latvia,2015,24817.292,,
ESTAT:NRG_BAL_C(1.0),06/03/26 23:00:00,Annual,Exports,Total,Gigawatt-hour,Latvia,2016,24665.779,,
ESTAT:NRG_BAL_C(1.0),06/03/26 23:00:00,Annual,Exports,Total,Gigawatt-hour,Latvia,2017,23894.954,,
ESTAT:NRG_BAL_C(1.0),06/03/26 23:00:00,Annual,Exports,Total,Gigawatt-hour,Latvia,2018,26421.438,,
ESTAT:NRG_BAL_C(1.0),06/03/26 23:00:00,Annual,Exports,Total,Gigawatt-hour,Latvia,2019,24670.385,,
ESTAT:NRG_BAL_C(1.0),06/03/26 23:00:00,Annual,Exports,Total,Gigawatt-hour,Latvia,2020,21648.770,,
ESTAT:NRG_BAL_C(1.0),06/03/26 23:00:00,Annual,Exports,Total,Gigawatt-hour,Latvia,2021,23922.187,,
ESTAT:NRG_BAL_C(1.0),06/03/26 23:00:00,Annual,Exports,Total,Gigawatt-hour,Latvia,2022,24439.613,,
ESTAT:NRG_BAL_C(1.0),06/03/26 23:00:00,Annual,Exports,Total,Gigawatt-hour,Latvia,2023,23685.085,,
ESTAT:NRG_BAL_C(1.0),06/03/26 23:00:00,Annual,Exports,Total,Gigawatt-hour,Latvia,2024,27969.698,,
ESTAT:NRG_BAL_C(1.0),06/03/26 23:00:00,Annual,Exports,Total,Gigawatt-hour,Malta,2005,0.000,,
ESTAT:NRG_BAL_C(1.0),06/03/26 23:00:00,Annual,Exports,Total,Gigawatt-hour,Malta,2006,0.000,,
ESTAT:NRG_BAL_C(1.0),06/03/26 23:00:00,Annual,Exports,Total,Gigawatt-hour,Malta,2007,0.000,,
ESTAT:NRG_BAL_C(1.0),06/03/26 23:00:00,Annual,Exports,Total,Gigawatt-hour,Malta,2008,0.000,,
ESTAT:NRG_BAL_C(1.0),06/03/26 23:00:00,Annual,Exports,Total,Gigawatt-hour,Malta,2009,107.500,,
ESTAT:NRG_BAL_C(1.0),06/03/26 23:00:00,Annual,Exports,Total,Gigawatt-hour,Malta,2010,191.111,,
ESTAT:NRG_BAL_C(1.0),06/03/26 23:00:00,Annual,Exports,Total,Gigawatt-hour,Malta,2011,35.833,,
ESTAT:NRG_BAL_C(1.0),06/03/26 23:00:00,Annual,Exports,Total,Gigawatt-hour,Malta,2012,95.917,,
ESTAT:NRG_BAL_C(1.0),06/03/26 23:00:00,Annual,Exports,Total,Gigawatt-hour,Malta,2013,1748.000,,
ESTAT:NRG_BAL_C(1.0),06/03/26 23:00:00,Annual,Exports,Total,Gigawatt-hour,Malta,2014,2329.833,,
ESTAT:NRG_BAL_C(1.0),06/03/26 23:00:00,Annual,Exports,Total,Gigawatt-hour,Malta,2015,6175.278,,
ESTAT:NRG_BAL_C(1.0),06/03/26 23:00:00,Annual,Exports,Total,Gigawatt-hour,Malta,2016,3240.833,,
ESTAT:NRG_BAL_C(1.0),06/03/26 23:00:00,Annual,Exports,Total,Gigawatt-hour,Malta,2017,1782.884,,
ESTAT:NRG_BAL_C(1.0),06/03/26 23:00:00,Annual,Exports,Total,Gigawatt-hour,Malta,2018,4110.179,,
ESTAT:NRG_BAL_C(1.0),06/03/26 23:00:00,Annual,Exports,Total,Gigawatt-hour,Malta,2019,4398.264,,
ESTAT:NRG_BAL_C(1.0),06/03/26 23:00:00,Annual,Exports,Total,Gigawatt-hour,Malta,2020,2259.254,,
ESTAT:NRG_BAL_C(1.0),06/03/26 23:00:00,Annual,Exports,Total,Gigawatt-hour,Malta,2021,1262.406,,
ESTAT:NRG_BAL_C(1.0),06/03/26 23:00:00,Annual,Exports,Total,Gigawatt-hour,Malta,2022,417.681,,
ESTAT:NRG_BAL_C(1.0),06/03/26 23:00:00,Annual,Exports,Total,Gigawatt-hour,Malta,2023,1070.759,,
ESTAT:NRG_BAL_C(1.0),06/03/26 23:00:00,Annual,Exports,Total,Gigawatt-hour,Malta,2024,465.990,,
ESTAT:NRG_BAL_C(1.0),06/03/26 23:00:00,Annual,Exports,Total,Gigawatt-hour,Netherlands,2005,1341836.993,,
ESTAT:NRG_BAL_C(1.0),06/03/26 23:00:00,Annual,Exports,Total,Gigawatt-hour,Netherlands,2006,1417702.108,,
ESTAT:NRG_BAL_C(1.0),06/03/26 23:00:00,Annual,Exports,Total,Gigawatt-hour,Netherlands,2007,1383553.525,,
ESTAT:NRG_BAL_C(1.0),06/03/26 23:00:00,Annual,Exports,Total,Gigawatt-hour,Netherlands,2008,1484759.863,,
ESTAT:NRG_BAL_C(1.0),06/03/26 23:00:00,Annual,Exports,Total,Gigawatt-hour,Netherlands,2009,1546937.692,,
ESTAT:NRG_BAL_C(1.0),06/03/26 23:00:00,Annual,Exports,Total,Gigawatt-hour,Netherlands,2010,1705872.687,,
ESTAT:NRG_BAL_C(1.0),06/03/26 23:00:00,Annual,Exports,Total,Gigawatt-hour,Netherlands,2011,1667160.113,,
ESTAT:NRG_BAL_C(1.0),06/03/26 23:00:00,Annual,Exports,Total,Gigawatt-hour,Netherlands,2012,1770035.298,,
ESTAT:NRG_BAL_C(1.0),06/03/26 23:00:00,Annual,Exports,Total,Gigawatt-hour,Netherlands,2013,1826806.113,,
ESTAT:NRG_BAL_C(1.0),06/03/26 23:00:00,Annual,Exports,Total,Gigawatt-hour,Netherlands,2014,1750771.139,,
ESTAT:NRG_BAL_C(1.0),06/03/26 23:00:00,Annual,Exports,Total,Gigawatt-hour,Netherlands,2015,1788145.647,,
ESTAT:NRG_BAL_C(1.0),06/03/26 23:00:00,Annual,Exports,Total,Gigawatt-hour,Netherlands,2016,1838895.037,,
ESTAT:NRG_BAL_C(1.0),06/03/26 23:00:00,Annual,Exports,Total,Gigawatt-hour,Netherlands,2017,1548871.195,,
ESTAT:NRG_BAL_C(1.0),06/03/26 23:00:00,Annual,Exports,Total,Gigawatt-hour,Netherlands,2018,1510144.517,,
ESTAT:NRG_BAL_C(1.0),06/03/26 23:00:00,Annual,Exports,Total,Gigawatt-hour,Netherlands,2019,1468701.445,,
ESTAT:NRG_BAL_C(1.0),06/03/26 23:00:00,Annual,Exports,Total,Gigawatt-hour,Netherlands,2020,1261904.345,,
ESTAT:NRG_BAL_C(1.0),06/03/26 23:00:00,Annual,Exports,Total,Gigawatt-hour,Netherlands,2021,1455852.423,,
ESTAT:NRG_BAL_C(1.0),06/03/26 23:00:00,Annual,Exports,Total,Gigawatt-hour,Netherlands,2022,1442567.917,,
ESTAT:NRG_BAL_C(1.0),06/03/26 23:00:00,Annual,Exports,Total,Gigawatt-hour,Netherlands,2023,1457527.792,,
ESTAT:NRG_BAL_C(1.0),06/03/26 23:00:00,Annual,Exports,Total,Gigawatt-hour,Netherlands,2024,1371528.830,,
ESTAT:NRG_BAL_C(1.0),06/03/26 23:00:00,Annual,Exports,Total,Gigawatt-hour,Poland,2005,228204.589,,
ESTAT:NRG_BAL_C(1.0),06/03/26 23:00:00,Annual,Exports,Total,Gigawatt-hour,Poland,2006,235442.272,,
ESTAT:NRG_BAL_C(1.0),06/03/26 23:00:00,Annual,Exports,Total,Gigawatt-hour,Poland,2007,197126.053,,
ESTAT:NRG_BAL_C(1.0),06/03/26 23:00:00,Annual,Exports,Total,Gigawatt-hour,Poland,2008,165393.406,,
ESTAT:NRG_BAL_C(1.0),06/03/26 23:00:00,Annual,Exports,Total,Gigawatt-hour,Poland,2009,148355.503,,
ESTAT:NRG_BAL_C(1.0),06/03/26 23:00:00,Annual,Exports,Total,Gigawatt-hour,Poland,2010,177234.878,,
ESTAT:NRG_BAL_C(1.0),06/03/26 23:00:00,Annual,Exports,Total,Gigawatt-hour,Poland,2011,177639.640,,
ESTAT:NRG_BAL_C(1.0),06/03/26 23:00:00,Annual,Exports,Total,Gigawatt-hour,Poland,2012,190535.331,,
ESTAT:NRG_BAL_C(1.0),06/03/26 23:00:00,Annual,Exports,Total,Gigawatt-hour,Poland,2013,233084.289,,
ESTAT:NRG_BAL_C(1.0),06/03/26 23:00:00,Annual,Exports,Total,Gigawatt-hour,Poland,2014,227339.825,,
ESTAT:NRG_BAL_C(1.0),06/03/26 23:00:00,Annual,Exports,Total,Gigawatt-hour,Poland,2015,244640.056,,
ESTAT:NRG_BAL_C(1.0),06/03/26 23:00:00,Annual,Exports,Total,Gigawatt-hour,Poland,2016,242811.238,,
ESTAT:NRG_BAL_C(1.0),06/03/26 23:00:00,Annual,Exports,Total,Gigawatt-hour,Poland,2017,203655.151,,
ESTAT:NRG_BAL_C(1.0),06/03/26 23:00:00,Annual,Exports,Total,Gigawatt-hour,Poland,2018,188313.813,,
ESTAT:NRG_BAL_C(1.0),06/03/26 23:00:00,Annual,Exports,Total,Gigawatt-hour,Poland,2019,176986.522,,
ESTAT:NRG_BAL_C(1.0),06/03/26 23:00:00,Annual,Exports,Total,Gigawatt-hour,Poland,2020,166648.041,,
ESTAT:NRG_BAL_C(1.0),06/03/26 23:00:00,Annual,Exports,Total,Gigawatt-hour,Poland,2021,177389.471,,
ESTAT:NRG_BAL_C(1.0),06/03/26 23:00:00,Annual,Exports,Total,Gigawatt-hour,Poland,2022,186061.653,,
ESTAT:NRG_BAL_C(1.0),06/03/26 23:00:00,Annual,Exports,Total,Gigawatt-hour,Poland,2023,186442.360,,
ESTAT:NRG_BAL_C(1.0),06/03/26 23:00:00,Annual,Exports,Total,Gigawatt-hour,Poland,2024,173985.316,,
ESTAT:NRG_BAL_C(1.0),06/03/26 23:00:00,Annual,Exports,Total,Gigawatt-hour,Portugal,2005,30891.675,,
ESTAT:NRG_BAL_C(1.0),06/03/26 23:00:00,Annual,Exports,Total,Gigawatt-hour,Portugal,2006,43333.597,,
ESTAT:NRG_BAL_C(1.0),06/03/26 23:00:00,Annual,Exports,Total,Gigawatt-hour,Portugal,2007,31758.500,,
ESTAT:NRG_BAL_C(1.0),06/03/26 23:00:00,Annual,Exports,Total,Gigawatt-hour,Portugal,2008,31251.653,,
ESTAT:NRG_BAL_C(1.0),06/03/26 23:00:00,Annual,Exports,Total,Gigawatt-hour,Portugal,2009,29943.527,,
ESTAT:NRG_BAL_C(1.0),06/03/26 23:00:00,Annual,Exports,Total,Gigawatt-hour,Portugal,2010,39439.668,,
ESTAT:NRG_BAL_C(1.0),06/03/26 23:00:00,Annual,Exports,Total,Gigawatt-hour,Portugal,2011,40069.630,,
ESTAT:NRG_BAL_C(1.0),06/03/26 23:00:00,Annual,Exports,Total,Gigawatt-hour,Portugal,2012,49506.294,,
ESTAT:NRG_BAL_C(1.0),06/03/26 23:00:00,Annual,Exports,Total,Gigawatt-hour,Portugal,2013,75008.996,,
ESTAT:NRG_BAL_C(1.0),06/03/26 23:00:00,Annual,Exports,Total,Gigawatt-hour,Portugal,2014,66523.343,,
ESTAT:NRG_BAL_C(1.0),06/03/26 23:00:00,Annual,Exports,Total,Gigawatt-hour,Portugal,2015,90282.005,,
ESTAT:NRG_BAL_C(1.0),06/03/26 23:00:00,Annual,Exports,Total,Gigawatt-hour,Portugal,2016,92565.501,,
ESTAT:NRG_BAL_C(1.0),06/03/26 23:00:00,Annual,Exports,Total,Gigawatt-hour,Portugal,2017,93501.275,,
ESTAT:NRG_BAL_C(1.0),06/03/26 23:00:00,Annual,Exports,Total,Gigawatt-hour,Portugal,2018,75024.036,,
ESTAT:NRG_BAL_C(1.0),06/03/26 23:00:00,Annual,Exports,Total,Gigawatt-hour,Portugal,2019,66391.774,,
ESTAT:NRG_BAL_C(1.0),06/03/26 23:00:00,Annual,Exports,Total,Gigawatt-hour,Portugal,2020,72763.117,,
ESTAT:NRG_BAL_C(1.0),06/03/26 23:00:00,Annual,Exports,Total,Gigawatt-hour,Portugal,2021,67792.685,,
ESTAT:NRG_BAL_C(1.0),06/03/26 23:00:00,Annual,Exports,Total,Gigawatt-hour,Portugal,2022,59507.620,,
ESTAT:NRG_BAL_C(1.0),06/03/26 23:00:00,Annual,Exports,Total,Gigawatt-hour,Portugal,2023,54485.415,,
ESTAT:NRG_BAL_C(1.0),06/03/26 23:00:00,Annual,Exports,Total,Gigawatt-hour,Portugal,2024,65866.721,,
ESTAT:NRG_BAL_C(1.0),06/03/26 23:00:00,Annual,Exports,Total,Gigawatt-hour,Romania,2005,74426.505,,
ESTAT:NRG_BAL_C(1.0),06/03/26 23:00:00,Annual,Exports,Total,Gigawatt-hour,Romania,2006,68291.306,,
ESTAT:NRG_BAL_C(1.0),06/03/26 23:00:00,Annual,Exports,Total,Gigawatt-hour,Romania,2007,56235.833,,
ESTAT:NRG_BAL_C(1.0),06/03/26 23:00:00,Annual,Exports,Total,Gigawatt-hour,Romania,2008,64255.890,,
ESTAT:NRG_BAL_C(1.0),06/03/26 23:00:00,Annual,Exports,Total,Gigawatt-hour,Romania,2009,52906.170,,
ESTAT:NRG_BAL_C(1.0),06/03/26 23:00:00,Annual,Exports,Total,Gigawatt-hour,Romania,2010,45997.472,,
ESTAT:NRG_BAL_C(1.0),06/03/26 23:00:00,Annual,Exports,Total,Gigawatt-hour,Romania,2011,50312.345,,
ESTAT:NRG_BAL_C(1.0),06/03/26 23:00:00,Annual,Exports,Total,Gigawatt-hour,Romania,2012,46981.240,,
ESTAT:NRG_BAL_C(1.0),06/03/26 23:00:00,Annual,Exports,Total,Gigawatt-hour,Romania,2013,52926.364,,
ESTAT:NRG_BAL_C(1.0),06/03/26 23:00:00,Annual,Exports,Total,Gigawatt-hour,Romania,2014,67644.292,,
ESTAT:NRG_BAL_C(1.0),06/03/26 23:00:00,Annual,Exports,Total,Gigawatt-hour,Romania,2015,70815.063,,
ESTAT:NRG_BAL_C(1.0),06/03/26 23:00:00,Annual,Exports,Total,Gigawatt-hour,Romania,2016,72448.271,,
ESTAT:NRG_BAL_C(1.0),06/03/26 23:00:00,Annual,Exports,Total,Gigawatt-hour,Romania,2017,69243.027,,
ESTAT:NRG_BAL_C(1.0),06/03/26 23:00:00,Annual,Exports,Total,Gigawatt-hour,Romania,2018,71231.389,,
ESTAT:NRG_BAL_C(1.0),06/03/26 23:00:00,Annual,Exports,Total,Gigawatt-hour,Romania,2019,69449.667,,
ESTAT:NRG_BAL_C(1.0),06/03/26 23:00:00,Annual,Exports,Total,Gigawatt-hour,Romania,2020,59118.551,,
ESTAT:NRG_BAL_C(1.0),06/03/26 23:00:00,Annual,Exports,Total,Gigawatt-hour,Romania,2021,61498.372,,
ESTAT:NRG_BAL_C(1.0),06/03/26 23:00:00,Annual,Exports,Total,Gigawatt-hour,Romania,2022,75463.366,,
ESTAT:NRG_BAL_C(1.0),06/03/26 23:00:00,Annual,Exports,Total,Gigawatt-hour,Romania,2023,84914.445,,
ESTAT:NRG_BAL_C(1.0),06/03/26 23:00:00,Annual,Exports,Total,Gigawatt-hour,Romania,2024,87662.983,,
ESTAT:NRG_BAL_C(1.0),06/03/26 23:00:00,Annual,Exports,Total,Gigawatt-hour,Sweden,2005,146255.599,,
ESTAT:NRG_BAL_C(1.0),06/03/26 23:00:00,Annual,Exports,Total,Gigawatt-hour,Sweden,2006,143753.214,,
ESTAT:NRG_BAL_C(1.0),06/03/26 23:00:00,Annual,Exports,Total,Gigawatt-hour,Sweden,2007,140085.084,,
ESTAT:NRG_BAL_C(1.0),06/03/26 23:00:00,Annual,Exports,Total,Gigawatt-hour,Sweden,2008,161163.849,,
ESTAT:NRG_BAL_C(1.0),06/03/26 23:00:00,Annual,Exports,Total,Gigawatt-hour,Sweden,2009,153127.397,,
ESTAT:NRG_BAL_C(1.0),06/03/26 23:00:00,Annual,Exports,Total,Gigawatt-hour,Sweden,2010,163260.668,,
ESTAT:NRG_BAL_C(1.0),06/03/26 23:00:00,Annual,Exports,Total,Gigawatt-hour,Sweden,2011,155880.700,,
ESTAT:NRG_BAL_C(1.0),06/03/26 23:00:00,Annual,Exports,Total,Gigawatt-hour,Sweden,2012,191927.560,,
ESTAT:NRG_BAL_C(1.0),06/03/26 23:00:00,Annual,Exports,Total,Gigawatt-hour,Sweden,2013,141688.105,,
ESTAT:NRG_BAL_C(1.0),06/03/26 23:00:00,Annual,Exports,Total,Gigawatt-hour,Sweden,2014,181350.016,,
ESTAT:NRG_BAL_C(1.0),06/03/26 23:00:00,Annual,Exports,Total,Gigawatt-hour,Sweden,2015,214107.088,,
ESTAT:NRG_BAL_C(1.0),06/03/26 23:00:00,Annual,Exports,Total,Gigawatt-hour,Sweden,2016,228051.214,,
ESTAT:NRG_BAL_C(1.0),06/03/26 23:00:00,Annual,Exports,Total,Gigawatt-hour,Sweden,2017,246977.465,,
ESTAT:NRG_BAL_C(1.0),06/03/26 23:00:00,Annual,Exports,Total,Gigawatt-hour,Sweden,2018,236288.969,,
ESTAT:NRG_BAL_C(1.0),06/03/26 23:00:00,Annual,Exports,Total,Gigawatt-hour,Sweden,2019,177605.207,,
ESTAT:NRG_BAL_C(1.0),06/03/26 23:00:00,Annual,Exports,Total,Gigawatt-hour,Sweden,2020,198508.353,,
ESTAT:NRG_BAL_C(1.0),06/03/26 23:00:00,Annual,Exports,Total,Gigawatt-hour,Sweden,2021,239087.884,,
ESTAT:NRG_BAL_C(1.0),06/03/26 23:00:00,Annual,Exports,Total,Gigawatt-hour,Sweden,2022,223773.854,,
ESTAT:NRG_BAL_C(1.0),06/03/26 23:00:00,Annual,Exports,Total,Gigawatt-hour,Sweden,2023,217171.359,,
ESTAT:NRG_BAL_C(1.0),06/03/26 23:00:00,Annual,Exports,Total,Gigawatt-hour,Sweden,2024,224330.563,,
ESTAT:NRG_BAL_C(1.0),06/03/26 23:00:00,Annual,Exports,Total,Gigawatt-hour,Slovenia,2005,12328.389,,
ESTAT:NRG_BAL_C(1.0),06/03/26 23:00:00,Annual,Exports,Total,Gigawatt-hour,Slovenia,2006,12686.661,,
ESTAT:NRG_BAL_C(1.0),06/03/26 23:00:00,Annual,Exports,Total,Gigawatt-hour,Slovenia,2007,10952.717,,
ESTAT:NRG_BAL_C(1.0),06/03/26 23:00:00,Annual,Exports,Total,Gigawatt-hour,Slovenia,2008,14307.884,,
ESTAT:NRG_BAL_C(1.0),06/03/26 23:00:00,Annual,Exports,Total,Gigawatt-hour,Slovenia,2009,16557.840,,
ESTAT:NRG_BAL_C(1.0),06/03/26 23:00:00,Annual,Exports,Total,Gigawatt-hour,Slovenia,2010,18741.950,,
ESTAT:NRG_BAL_C(1.0),06/03/26 23:00:00,Annual,Exports,Total,Gigawatt-hour,Slovenia,2011,16867.033,,
ESTAT:NRG_BAL_C(1.0),06/03/26 23:00:00,Annual,Exports,Total,Gigawatt-hour,Slovenia,2012,18147.759,,
ESTAT:NRG_BAL_C(1.0),06/03/26 23:00:00,Annual,Exports,Total,Gigawatt-hour,Slovenia,2013,19955.457,,
ESTAT:NRG_BAL_C(1.0),06/03/26 23:00:00,Annual,Exports,Total,Gigawatt-hour,Slovenia,2014,26555.610,,
ESTAT:NRG_BAL_C(1.0),06/03/26 23:00:00,Annual,Exports,Total,Gigawatt-hour,Slovenia,2015,29411.303,,
ESTAT:NRG_BAL_C(1.0),06/03/26 23:00:00,Annual,Exports,Total,Gigawatt-hour,Slovenia,2016,33658.932,,
ESTAT:NRG_BAL_C(1.0),06/03/26 23:00:00,Annual,Exports,Total,Gigawatt-hour,Slovenia,2017,34308.656,,
ESTAT:NRG_BAL_C(1.0),06/03/26 23:00:00,Annual,Exports,Total,Gigawatt-hour,Slovenia,2018,34547.362,,
ESTAT:NRG_BAL_C(1.0),06/03/26 23:00:00,Annual,Exports,Total,Gigawatt-hour,Slovenia,2019,36744.522,,
ESTAT:NRG_BAL_C(1.0),06/03/26 23:00:00,Annual,Exports,Total,Gigawatt-hour,Slovenia,2020,31739.781,,
ESTAT:NRG_BAL_C(1.0),06/03/26 23:00:00,Annual,Exports,Total,Gigawatt-hour,Slovenia,2021,27566.217,,
ESTAT:NRG_BAL_C(1.0),06/03/26 23:00:00,Annual,Exports,Total,Gigawatt-hour,Slovenia,2022,36083.828,,
ESTAT:NRG_BAL_C(1.0),06/03/26 23:00:00,Annual,Exports,Total,Gigawatt-hour,Slovenia,2023,38487.824,,
ESTAT:NRG_BAL_C(1.0),06/03/26 23:00:00,Annual,Exports,Total,Gigawatt-hour,Slovenia,2024,42047.635,,
ESTAT:NRG_BAL_C(1.0),06/03/26 23:00:00,Annual,Exports,Total,Gigawatt-hour,Slovakia,2005,59587.841,,
ESTAT:NRG_BAL_C(1.0),06/03/26 23:00:00,Annual,Exports,Total,Gigawatt-hour,Slovakia,2006,62726.981,,
ESTAT:NRG_BAL_C(1.0),06/03/26 23:00:00,Annual,Exports,Total,Gigawatt-hour,Slovakia,2007,61838.090,,
ESTAT:NRG_BAL_C(1.0),06/03/26 23:00:00,Annual,Exports,Total,Gigawatt-hour,Slovakia,2008,57098.822,,
ESTAT:NRG_BAL_C(1.0),06/03/26 23:00:00,Annual,Exports,Total,Gigawatt-hour,Slovakia,2009,55125.444,,
ESTAT:NRG_BAL_C(1.0),06/03/26 23:00:00,Annual,Exports,Total,Gigawatt-hour,Slovakia,2010,50344.231,,
ESTAT:NRG_BAL_C(1.0),06/03/26 23:00:00,Annual,Exports,Total,Gigawatt-hour,Slovakia,2011,58904.466,,
ESTAT:NRG_BAL_C(1.0),06/03/26 23:00:00,Annual,Exports,Total,Gigawatt-hour,Slovakia,2012,55768.375,,
ESTAT:NRG_BAL_C(1.0),06/03/26 23:00:00,Annual,Exports,Total,Gigawatt-hour,Slovakia,2013,61124.808,,
ESTAT:NRG_BAL_C(1.0),06/03/26 23:00:00,Annual,Exports,Total,Gigawatt-hour,Slovakia,2014,56688.839,,
ESTAT:NRG_BAL_C(1.0),06/03/26 23:00:00,Annual,Exports,Total,Gigawatt-hour,Slovakia,2015,66285.374,,
ESTAT:NRG_BAL_C(1.0),06/03/26 23:00:00,Annual,Exports,Total,Gigawatt-hour,Slovakia,2016,61189.439,,
ESTAT:NRG_BAL_C(1.0),06/03/26 23:00:00,Annual,Exports,Total,Gigawatt-hour,Slovakia,2017,61016.155,,
ESTAT:NRG_BAL_C(1.0),06/03/26 23:00:00,Annual,Exports,Total,Gigawatt-hour,Slovakia,2018,52369.728,,
ESTAT:NRG_BAL_C(1.0),06/03/26 23:00:00,Annual,Exports,Total,Gigawatt-hour,Slovakia,2019,53688.981,,
ESTAT:NRG_BAL_C(1.0),06/03/26 23:00:00,Annual,Exports,Total,Gigawatt-hour,Slovakia,2020,57208.258,,
ESTAT:NRG_BAL_C(1.0),06/03/26 23:00:00,Annual,Exports,Total,Gigawatt-hour,Slovakia,2021,68956.455,,
ESTAT:NRG_BAL_C(1.0),06/03/26 23:00:00,Annual,Exports,Total,Gigawatt-hour,Slovakia,2022,55489.979,,
ESTAT:NRG_BAL_C(1.0),06/03/26 23:00:00,Annual,Exports,Total,Gigawatt-hour,Slovakia,2023,59493.555,,
ESTAT:NRG_BAL_C(1.0),06/03/26 23:00:00,Annual,Exports,Total,Gigawatt-hour,Slovakia,2024,57536.169,,
ESTAT:NRG_BAL_C(1.0),06/03/26 23:00:00,Annual,Gross available energy,Total,Gigawatt-hour,Austria,2005,400096.777,,
ESTAT:NRG_BAL_C(1.0),06/03/26 23:00:00,Annual,Gross available energy,Total,Gigawatt-hour,Austria,2006,403701.548,,
ESTAT:NRG_BAL_C(1.0),06/03/26 23:00:00,Annual,Gross available energy,Total,Gigawatt-hour,Austria,2007,396820.246,,
ESTAT:NRG_BAL_C(1.0),06/03/26 23:00:00,Annual,Gross available energy,Total,Gigawatt-hour,Austria,2008,399973.238,,
ESTAT:NRG_BAL_C(1.0),06/03/26 23:00:00,Annual,Gross available energy,Total,Gigawatt-hour,Austria,2009,379731.450,,
ESTAT:NRG_BAL_C(1.0),06/03/26 23:00:00,Annual,Gross available energy,Total,Gigawatt-hour,Austria,2010,405354.156,,
ESTAT:NRG_BAL_C(1.0),06/03/26 23:00:00,Annual,Gross available energy,Total,Gigawatt-hour,Austria,2011,393560.220,,
ESTAT:NRG_BAL_C(1.0),06/03/26 23:00:00,Annual,Gross available energy,Total,Gigawatt-hour,Austria,2012,392405.550,,
ESTAT:NRG_BAL_C(1.0),06/03/26 23:00:00,Annual,Gross available energy,Total,Gigawatt-hour,Austria,2013,397002.907,,
ESTAT:NRG_BAL_C(1.0),06/03/26 23:00:00,Annual,Gross available energy,Total,Gigawatt-hour,Austria,2014,383071.687,,
ESTAT:NRG_BAL_C(1.0),06/03/26 23:00:00,Annual,Gross available energy,Total,Gigawatt-hour,Austria,2015,392418.001,,
ESTAT:NRG_BAL_C(1.0),06/03/26 23:00:00,Annual,Gross available energy,Total,Gigawatt-hour,Austria,2016,397855.212,,
ESTAT:NRG_BAL_C(1.0),06/03/26 23:00:00,Annual,Gross available energy,Total,Gigawatt-hour,Austria,2017,405013.188,,
ESTAT:NRG_BAL_C(1.0),06/03/26 23:00:00,Annual,Gross available energy,Total,Gigawatt-hour,Austria,2018,395747.100,,
ESTAT:NRG_BAL_C(1.0),06/03/26 23:00:00,Annual,Gross available energy,Total,Gigawatt-hour,Austria,2019,404526.282,,
ESTAT:NRG_BAL_C(1.0),06/03/26 23:00:00,Annual,Gross available energy,Total,Gigawatt-hour,Austria,2020,375692.374,,
ESTAT:NRG_BAL_C(1.0),06/03/26 23:00:00,Annual,Gross available energy,Total,Gigawatt-hour,Austria,2021,397402.630,,
ESTAT:NRG_BAL_C(1.0),06/03/26 23:00:00,Annual,Gross available energy,Total,Gigawatt-hour,Austria,2022,380732.321,,
ESTAT:NRG_BAL_C(1.0),06/03/26 23:00:00,Annual,Gross available energy,Total,Gigawatt-hour,Austria,2023,372457.106,,
ESTAT:NRG_BAL_C(1.0),06/03/26 23:00:00,Annual,Gross available energy,Total,Gigawatt-hour,Austria,2024,369604.241,,
ESTAT:NRG_BAL_C(1.0),06/03/26 23:00:00,Annual,Gross available energy,Total,Gigawatt-hour,Belgium,2005,778265.538,,
ESTAT:NRG_BAL_C(1.0),06/03/26 23:00:00,Annual,Gross available energy,Total,Gigawatt-hour,Belgium,2006,777849.225,,
ESTAT:NRG_BAL_C(1.0),06/03/26 23:00:00,Annual,Gross available energy,Total,Gigawatt-hour,Belgium,2007,777500.793,,
ESTAT:NRG_BAL_C(1.0),06/03/26 23:00:00,Annual,Gross available energy,Total,Gigawatt-hour,Belgium,2008,802687.555,,
ESTAT:NRG_BAL_C(1.0),06/03/26 23:00:00,Annual,Gross available energy,Total,Gigawatt-hour,Belgium,2009,740026.943,,
ESTAT:NRG_BAL_C(1.0),06/03/26 23:00:00,Annual,Gross available energy,Total,Gigawatt-hour,Belgium,2010,793974.132,,
ESTAT:NRG_BAL_C(1.0),06/03/26 23:00:00,Annual,Gross available energy,Total,Gigawatt-hour,Belgium,2011,737203.741,,
ESTAT:NRG_BAL_C(1.0),06/03/26 23:00:00,Annual,Gross available energy,Total,Gigawatt-hour,Belgium,2012,702247.021,,
ESTAT:NRG_BAL_C(1.0),06/03/26 23:00:00,Annual,Gross available energy,Total,Gigawatt-hour,Belgium,2013,728521.668,,
ESTAT:NRG_BAL_C(1.0),06/03/26 23:00:00,Annual,Gross available energy,Total,Gigawatt-hour,Belgium,2014,686210.072,,
ESTAT:NRG_BAL_C(1.0),06/03/26 23:00:00,Annual,Gross available energy,Total,Gigawatt-hour,Belgium,2015,692023.763,,
ESTAT:NRG_BAL_C(1.0),06/03/26 23:00:00,Annual,Gross available energy,Total,Gigawatt-hour,Belgium,2016,734401.899,,
ESTAT:NRG_BAL_C(1.0),06/03/26 23:00:00,Annual,Gross available energy,Total,Gigawatt-hour,Belgium,2017,743435.196,,
ESTAT:NRG_BAL_C(1.0),06/03/26 23:00:00,Annual,Gross available energy,Total,Gigawatt-hour,Belgium,2018,744219.381,,
ESTAT:NRG_BAL_C(1.0),06/03/26 23:00:00,Annual,Gross available energy,Total,Gigawatt-hour,Belgium,2019,747891.587,,
ESTAT:NRG_BAL_C(1.0),06/03/26 23:00:00,Annual,Gross available energy,Total,Gigawatt-hour,Belgium,2020,672464.706,,
ESTAT:NRG_BAL_C(1.0),06/03/26 23:00:00,Annual,Gross available energy,Total,Gigawatt-hour,Belgium,2021,746354.448,,
ESTAT:NRG_BAL_C(1.0),06/03/26 23:00:00,Annual,Gross available energy,Total,Gigawatt-hour,Belgium,2022,694667.607,,
ESTAT:NRG_BAL_C(1.0),06/03/26 23:00:00,Annual,Gross available energy,Total,Gigawatt-hour,Belgium,2023,650165.858,,
ESTAT:NRG_BAL_C(1.0),06/03/26 23:00:00,Annual,Gross available energy,Total,Gigawatt-hour,Belgium,2024,660626.319,,
ESTAT:NRG_BAL_C(1.0),06/03/26 23:00:00,Annual,Gross available energy,Total,Gigawatt-hour,Bulgaria,2005,234854.698,,
ESTAT:NRG_BAL_C(1.0),06/03/26 23:00:00,Annual,Gross available energy,Total,Gigawatt-hour,Bulgaria,2006,241866.759,,
ESTAT:NRG_BAL_C(1.0),06/03/26 23:00:00,Annual,Gross available energy,Total,Gigawatt-hour,Bulgaria,2007,237288.281,,
ESTAT:NRG_BAL_C(1.0),06/03/26 23:00:00,Annual,Gross available energy,Total,Gigawatt-hour,Bulgaria,2008,234435.775,,
ESTAT:NRG_BAL_C(1.0),06/03/26 23:00:00,Annual,Gross available energy,Total,Gigawatt-hour,Bulgaria,2009,206746.562,,
ESTAT:NRG_BAL_C(1.0),06/03/26 23:00:00,Annual,Gross available energy,Total,Gigawatt-hour,Bulgaria,2010,209483.875,,
ESTAT:NRG_BAL_C(1.0),06/03/26 23:00:00,Annual,Gross available energy,Total,Gigawatt-hour,Bulgaria,2011,224174.024,,
ESTAT:NRG_BAL_C(1.0),06/03/26 23:00:00,Annual,Gross available energy,Total,Gigawatt-hour,Bulgaria,2012,214674.455,,
ESTAT:NRG_BAL_C(1.0),06/03/26 23:00:00,Annual,Gross available energy,Total,Gigawatt-hour,Bulgaria,2013,199750.917,,
ESTAT:NRG_BAL_C(1.0),06/03/26 23:00:00,Annual,Gross available energy,Total,Gigawatt-hour,Bulgaria,2014,208823.812,,
ESTAT:NRG_BAL_C(1.0),06/03/26 23:00:00,Annual,Gross available energy,Total,Gigawatt-hour,Bulgaria,2015,218269.250,,
ESTAT:NRG_BAL_C(1.0),06/03/26 23:00:00,Annual,Gross available energy,Total,Gigawatt-hour,Bulgaria,2016,213659.064,,
ESTAT:NRG_BAL_C(1.0),06/03/26 23:00:00,Annual,Gross available energy,Total,Gigawatt-hour,Bulgaria,2017,221154.112,,
ESTAT:NRG_BAL_C(1.0),06/03/26 23:00:00,Annual,Gross available energy,Total,Gigawatt-hour,Bulgaria,2018,220316.083,,
ESTAT:NRG_BAL_C(1.0),06/03/26 23:00:00,Annual,Gross available energy,Total,Gigawatt-hour,Bulgaria,2019,218048.235,,
ESTAT:NRG_BAL_C(1.0),06/03/26 23:00:00,Annual,Gross available energy,Total,Gigawatt-hour,Bulgaria,2020,206995.043,,
ESTAT:NRG_BAL_C(1.0),06/03/26 23:00:00,Annual,Gross available energy,Total,Gigawatt-hour,Bulgaria,2021,225284.024,,
ESTAT:NRG_BAL_C(1.0),06/03/26 23:00:00,Annual,Gross available energy,Total,Gigawatt-hour,Bulgaria,2022,228363.960,,
ESTAT:NRG_BAL_C(1.0),06/03/26 23:00:00,Annual,Gross available energy,Total,Gigawatt-hour,Bulgaria,2023,202281.596,,
ESTAT:NRG_BAL_C(1.0),06/03/26 23:00:00,Annual,Gross available energy,Total,Gigawatt-hour,Bulgaria,2024,201601.244,,
ESTAT:NRG_BAL_C(1.0),06/03/26 23:00:00,Annual,Gross available energy,Total,Gigawatt-hour,Cyprus,2005,32975.121,,
ESTAT:NRG_BAL_C(1.0),06/03/26 23:00:00,Annual,Gross available energy,Total,Gigawatt-hour,Cyprus,2006,34202.052,,
ESTAT:NRG_BAL_C(1.0),06/03/26 23:00:00,Annual,Gross available energy,Total,Gigawatt-hour,Cyprus,2007,35336.038,,
ESTAT:NRG_BAL_C(1.0),06/03/26 23:00:00,Annual,Gross available energy,Total,Gigawatt-hour,Cyprus,2008,36906.510,,
ESTAT:NRG_BAL_C(1.0),06/03/26 23:00:00,Annual,Gross available energy,Total,Gigawatt-hour,Cyprus,2009,35630.070,,
ESTAT:NRG_BAL_C(1.0),06/03/26 23:00:00,Annual,Gross available energy,Total,Gigawatt-hour,Cyprus,2010,34252.061,,
ESTAT:NRG_BAL_C(1.0),06/03/26 23:00:00,Annual,Gross available energy,Total,Gigawatt-hour,Cyprus,2011,33845.430,,
ESTAT:NRG_BAL_C(1.0),06/03/26 23:00:00,Annual,Gross available energy,Total,Gigawatt-hour,Cyprus,2012,31817.507,,
ESTAT:NRG_BAL_C(1.0),06/03/26 23:00:00,Annual,Gross available energy,Total,Gigawatt-hour,Cyprus,2013,28382.140,,
ESTAT:NRG_BAL_C(1.0),06/03/26 23:00:00,Annual,Gross available energy,Total,Gigawatt-hour,Cyprus,2014,28808.870,,
ESTAT:NRG_BAL_C(1.0),06/03/26 23:00:00,Annual,Gross available energy,Total,Gigawatt-hour,Cyprus,2015,29561.858,,
ESTAT:NRG_BAL_C(1.0),06/03/26 23:00:00,Annual,Gross available energy,Total,Gigawatt-hour,Cyprus,2016,31986.181,,
ESTAT:NRG_BAL_C(1.0),06/03/26 23:00:00,Annual,Gross available energy,Total,Gigawatt-hour,Cyprus,2017,32875.743,,
ESTAT:NRG_BAL_C(1.0),06/03/26 23:00:00,Annual,Gross available energy,Total,Gigawatt-hour,Cyprus,2018,33755.336,,
ESTAT:NRG_BAL_C(1.0),06/03/26 23:00:00,Annual,Gross available energy,Total,Gigawatt-hour,Cyprus,2019,33767.340,,
ESTAT:NRG_BAL_C(1.0),06/03/26 23:00:00,Annual,Gross available energy,Total,Gigawatt-hour,Cyprus,2020,29756.135,,
ESTAT:NRG_BAL_C(1.0),06/03/26 23:00:00,Annual,Gross available energy,Total,Gigawatt-hour,Cyprus,2021,30959.473,,
ESTAT:NRG_BAL_C(1.0),06/03/26 23:00:00,Annual,Gross available energy,Total,Gigawatt-hour,Cyprus,2022,33252.098,,
ESTAT:NRG_BAL_C(1.0),06/03/26 23:00:00,Annual,Gross available energy,Total,Gigawatt-hour,Cyprus,2023,33083.665,,
ESTAT:NRG_BAL_C(1.0),06/03/26 23:00:00,Annual,Gross available energy,Total,Gigawatt-hour,Cyprus,2024,34065.225,,
ESTAT:NRG_BAL_C(1.0),06/03/26 23:00:00,Annual,Gross available energy,Total,Gigawatt-hour,Czechia,2005,529571.316,,
ESTAT:NRG_BAL_C(1.0),06/03/26 23:00:00,Annual,Gross available energy,Total,Gigawatt-hour,Czechia,2006,541564.516,,
ESTAT:NRG_BAL_C(1.0),06/03/26 23:00:00,Annual,Gross available energy,Total,Gigawatt-hour,Czechia,2007,540408.057,,
ESTAT:NRG_BAL_C(1.0),06/03/26 23:00:00,Annual,Gross available energy,Total,Gigawatt-hour,Czechia,2008,530450.743,,
ESTAT:NRG_BAL_C(1.0),06/03/26 23:00:00,Annual,Gross available energy,Total,Gigawatt-hour,Czechia,2009,498249.089,,
ESTAT:NRG_BAL_C(1.0),06/03/26 23:00:00,Annual,Gross available energy,Total,Gigawatt-hour,Czechia,2010,528761.136,,
ESTAT:NRG_BAL_C(1.0),06/03/26 23:00:00,Annual,Gross available energy,Total,Gigawatt-hour,Czechia,2011,507264.324,,
ESTAT:NRG_BAL_C(1.0),06/03/26 23:00:00,Annual,Gross available energy,Total,Gigawatt-hour,Czechia,2012,502898.194,,
ESTAT:NRG_BAL_C(1.0),06/03/26 23:00:00,Annual,Gross available energy,Total,Gigawatt-hour,Czechia,2013,505268.726,,
ESTAT:NRG_BAL_C(1.0),06/03/26 23:00:00,Annual,Gross available energy,Total,Gigawatt-hour,Czechia,2014,488597.742,,
ESTAT:NRG_BAL_C(1.0),06/03/26 23:00:00,Annual,Gross available energy,Total,Gigawatt-hour,Czechia,2015,489058.064,,
ESTAT:NRG_BAL_C(1.0),06/03/26 23:00:00,Annual,Gross available energy,Total,Gigawatt-hour,Czechia,2016,484495.018,,
ESTAT:NRG_BAL_C(1.0),06/03/26 23:00:00,Annual,Gross available energy,Total,Gigawatt-hour,Czechia,2017,505464.574,,
ESTAT:NRG_BAL_C(1.0),06/03/26 23:00:00,Annual,Gross available energy,Total,Gigawatt-hour,Czechia,2018,507513.287,,
ESTAT:NRG_BAL_C(1.0),06/03/26 23:00:00,Annual,Gross available energy,Total,Gigawatt-hour,Czechia,2019,499319.875,,
ESTAT:NRG_BAL_C(1.0),06/03/26 23:00:00,Annual,Gross available energy,Total,Gigawatt-hour,Czechia,2020,468910.538,,
ESTAT:NRG_BAL_C(1.0),06/03/26 23:00:00,Annual,Gross available energy,Total,Gigawatt-hour,Czechia,2021,496915.425,,
ESTAT:NRG_BAL_C(1.0),06/03/26 23:00:00,Annual,Gross available energy,Total,Gigawatt-hour,Czechia,2022,486693.325,,
ESTAT:NRG_BAL_C(1.0),06/03/26 23:00:00,Annual,Gross available energy,Total,Gigawatt-hour,Czechia,2023,447052.311,,
ESTAT:NRG_BAL_C(1.0),06/03/26 23:00:00,Annual,Gross available energy,Total,Gigawatt-hour,Czechia,2024,441062.953,,
ESTAT:NRG_BAL_C(1.0),06/03/26 23:00:00,Annual,Gross available energy,Total,Gigawatt-hour,Germany,2005,4058468.566,,
ESTAT:NRG_BAL_C(1.0),06/03/26 23:00:00,Annual,Gross available energy,Total,Gigawatt-hour,Germany,2006,4182422.764,,
ESTAT:NRG_BAL_C(1.0),06/03/26 23:00:00,Annual,Gross available energy,Total,Gigawatt-hour,Germany,2007,3983606.682,,
ESTAT:NRG_BAL_C(1.0),06/03/26 23:00:00,Annual,Gross available energy,Total,Gigawatt-hour,Germany,2008,4032299.385,,
ESTAT:NRG_BAL_C(1.0),06/03/26 23:00:00,Annual,Gross available energy,Total,Gigawatt-hour,Germany,2009,3770990.994,,
ESTAT:NRG_BAL_C(1.0),06/03/26 23:00:00,Annual,Gross available energy,Total,Gigawatt-hour,Germany,2010,3966105.309,,
ESTAT:NRG_BAL_C(1.0),06/03/26 23:00:00,Annual,Gross available energy,Total,Gigawatt-hour,Germany,2011,3762111.281,,
ESTAT:NRG_BAL_C(1.0),06/03/26 23:00:00,Annual,Gross available energy,Total,Gigawatt-hour,Germany,2012,3793093.339,,
ESTAT:NRG_BAL_C(1.0),06/03/26 23:00:00,Annual,Gross available energy,Total,Gigawatt-hour,Germany,2013,3873576.023,,
ESTAT:NRG_BAL_C(1.0),06/03/26 23:00:00,Annual,Gross available energy,Total,Gigawatt-hour,Germany,2014,3708356.542,,
ESTAT:NRG_BAL_C(1.0),06/03/26 23:00:00,Annual,Gross available energy,Total,Gigawatt-hour,Germany,2015,3727594.069,,
ESTAT:NRG_BAL_C(1.0),06/03/26 23:00:00,Annual,Gross available energy,Total,Gigawatt-hour,Germany,2016,3754695.964,,
ESTAT:NRG_BAL_C(1.0),06/03/26 23:00:00,Annual,Gross available energy,Total,Gigawatt-hour,Germany,2017,3771383.703,,
ESTAT:NRG_BAL_C(1.0),06/03/26 23:00:00,Annual,Gross available energy,Total,Gigawatt-hour,Germany,2018,3681588.142,,
ESTAT:NRG_BAL_C(1.0),06/03/26 23:00:00,Annual,Gross available energy,Total,Gigawatt-hour,Germany,2019,3599635.440,,
ESTAT:NRG_BAL_C(1.0),06/03/26 23:00:00,Annual,Gross available energy,Total,Gigawatt-hour,Germany,2020,3328611.334,,
ESTAT:NRG_BAL_C(1.0),06/03/26 23:00:00,Annual,Gross available energy,Total,Gigawatt-hour,Germany,2021,3462842.599,,
ESTAT:NRG_BAL_C(1.0),06/03/26 23:00:00,Annual,Gross available energy,Total,Gigawatt-hour,Germany,2022,3299754.398,,
ESTAT:NRG_BAL_C(1.0),06/03/26 23:00:00,Annual,Gross available energy,Total,Gigawatt-hour,Germany,2023,2984182.231,,
ESTAT:NRG_BAL_C(1.0),06/03/26 23:00:00,Annual,Gross available energy,Total,Gigawatt-hour,Germany,2024,2944434.262,,
ESTAT:NRG_BAL_C(1.0),06/03/26 23:00:00,Annual,Gross available energy,Total,Gigawatt-hour,Denmark,2005,239496.933,,
ESTAT:NRG_BAL_C(1.0),06/03/26 23:00:00,Annual,Gross available energy,Total,Gigawatt-hour,Denmark,2006,258729.840,,
ESTAT:NRG_BAL_C(1.0),06/03/26 23:00:00,Annual,Gross available energy,Total,Gigawatt-hour,Denmark,2007,254008.219,,
ESTAT:NRG_BAL_C(1.0),06/03/26 23:00:00,Annual,Gross available energy,Total,Gigawatt-hour,Denmark,2008,245856.877,,
ESTAT:NRG_BAL_C(1.0),06/03/26 23:00:00,Annual,Gross available energy,Total,Gigawatt-hour,Denmark,2009,232014.381,,
ESTAT:NRG_BAL_C(1.0),06/03/26 23:00:00,Annual,Gross available energy,Total,Gigawatt-hour,Denmark,2010,244461.065,,
ESTAT:NRG_BAL_C(1.0),06/03/26 23:00:00,Annual,Gross available energy,Total,Gigawatt-hour,Denmark,2011,228453.218,,
ESTAT:NRG_BAL_C(1.0),06/03/26 23:00:00,Annual,Gross available energy,Total,Gigawatt-hour,Denmark,2012,217287.208,,
ESTAT:NRG_BAL_C(1.0),06/03/26 23:00:00,Annual,Gross available energy,Total,Gigawatt-hour,Denmark,2013,219801.154,,
ESTAT:NRG_BAL_C(1.0),06/03/26 23:00:00,Annual,Gross available energy,Total,Gigawatt-hour,Denmark,2014,210240.593,,
ESTAT:NRG_BAL_C(1.0),06/03/26 23:00:00,Annual,Gross available energy,Total,Gigawatt-hour,Denmark,2015,209700.058,,
ESTAT:NRG_BAL_C(1.0),06/03/26 23:00:00,Annual,Gross available energy,Total,Gigawatt-hour,Denmark,2016,214167.506,,
ESTAT:NRG_BAL_C(1.0),06/03/26 23:00:00,Annual,Gross available energy,Total,Gigawatt-hour,Denmark,2017,214008.374,,
ESTAT:NRG_BAL_C(1.0),06/03/26 23:00:00,Annual,Gross available energy,Total,Gigawatt-hour,Denmark,2018,215046.684,,
ESTAT:NRG_BAL_C(1.0),06/03/26 23:00:00,Annual,Gross available energy,Total,Gigawatt-hour,Denmark,2019,210546.720,,
ESTAT:NRG_BAL_C(1.0),06/03/26 23:00:00,Annual,Gross available energy,Total,Gigawatt-hour,Denmark,2020,192862.276,,
ESTAT:NRG_BAL_C(1.0),06/03/26 23:00:00,Annual,Gross available energy,Total,Gigawatt-hour,Denmark,2021,202595.511,,
ESTAT:NRG_BAL_C(1.0),06/03/26 23:00:00,Annual,Gross available energy,Total,Gigawatt-hour,Denmark,2022,198002.540,,
ESTAT:NRG_BAL_C(1.0),06/03/26 23:00:00,Annual,Gross available energy,Total,Gigawatt-hour,Denmark,2023,195431.739,,
ESTAT:NRG_BAL_C(1.0),06/03/26 23:00:00,Annual,Gross available energy,Total,Gigawatt-hour,Denmark,2024,201816.132,,
ESTAT:NRG_BAL_C(1.0),06/03/26 23:00:00,Annual,Gross available energy,Total,Gigawatt-hour,Estonia,2005,65289.588,,
ESTAT:NRG_BAL_C(1.0),06/03/26 23:00:00,Annual,Gross available energy,Total,Gigawatt-hour,Estonia,2006,65801.169,,
ESTAT:NRG_BAL_C(1.0),06/03/26 23:00:00,Annual,Gross available energy,Total,Gigawatt-hour,Estonia,2007,76960.776,,
ESTAT:NRG_BAL_C(1.0),06/03/26 23:00:00,Annual,Gross available energy,Total,Gigawatt-hour,Estonia,2008,67937.723,,
ESTAT:NRG_BAL_C(1.0),06/03/26 23:00:00,Annual,Gross available energy,Total,Gigawatt-hour,Estonia,2009,54131.751,,
ESTAT:NRG_BAL_C(1.0),06/03/26 23:00:00,Annual,Gross available energy,Total,Gigawatt-hour,Estonia,2010,71408.179,,
ESTAT:NRG_BAL_C(1.0),06/03/26 23:00:00,Annual,Gross available energy,Total,Gigawatt-hour,Estonia,2011,69233.191,,
ESTAT:NRG_BAL_C(1.0),06/03/26 23:00:00,Annual,Gross available energy,Total,Gigawatt-hour,Estonia,2012,66052.792,,
ESTAT:NRG_BAL_C(1.0),06/03/26 23:00:00,Annual,Gross available energy,Total,Gigawatt-hour,Estonia,2013,73206.033,,
ESTAT:NRG_BAL_C(1.0),06/03/26 23:00:00,Annual,Gross available energy,Total,Gigawatt-hour,Estonia,2014,68620.203,,
ESTAT:NRG_BAL_C(1.0),06/03/26 23:00:00,Annual,Gross available energy,Total,Gigawatt-hour,Estonia,2015,59729.001,,
ESTAT:NRG_BAL_C(1.0),06/03/26 23:00:00,Annual,Gross available energy,Total,Gigawatt-hour,Estonia,2016,73185.618,,
ESTAT:NRG_BAL_C(1.0),06/03/26 23:00:00,Annual,Gross available energy,Total,Gigawatt-hour,Estonia,2017,72505.875,,
ESTAT:NRG_BAL_C(1.0),06/03/26 23:00:00,Annual,Gross available energy,Total,Gigawatt-hour,Estonia,2018,70059.323,,
ESTAT:NRG_BAL_C(1.0),06/03/26 23:00:00,Annual,Gross available energy,Total,Gigawatt-hour,Estonia,2019,59315.875,,
ESTAT:NRG_BAL_C(1.0),06/03/26 23:00:00,Annual,Gross available energy,Total,Gigawatt-hour,Estonia,2020,55709.410,,
ESTAT:NRG_BAL_C(1.0),06/03/26 23:00:00,Annual,Gross available energy,Total,Gigawatt-hour,Estonia,2021,57097.799,,
ESTAT:NRG_BAL_C(1.0),06/03/26 23:00:00,Annual,Gross available energy,Total,Gigawatt-hour,Estonia,2022,60049.285,,
ESTAT:NRG_BAL_C(1.0),06/03/26 23:00:00,Annual,Gross available energy,Total,Gigawatt-hour,Estonia,2023,52214.455,,
ESTAT:NRG_BAL_C(1.0),06/03/26 23:00:00,Annual,Gross available energy,Total,Gigawatt-hour,Estonia,2024,52430.098,,
ESTAT:NRG_BAL_C(1.0),06/03/26 23:00:00,Annual,Gross available energy,Total,Gigawatt-hour,Greece,2005,394587.332,,
ESTAT:NRG_BAL_C(1.0),06/03/26 23:00:00,Annual,Gross available energy,Total,Gigawatt-hour,Greece,2006,398738.741,,
ESTAT:NRG_BAL_C(1.0),06/03/26 23:00:00,Annual,Gross available energy,Total,Gigawatt-hour,Greece,2007,399878.691,,
ESTAT:NRG_BAL_C(1.0),06/03/26 23:00:00,Annual,Gross available energy,Total,Gigawatt-hour,Greece,2008,401338.074,,
ESTAT:NRG_BAL_C(1.0),06/03/26 23:00:00,Annual,Gross available energy,Total,Gigawatt-hour,Greece,2009,383066.286,,
ESTAT:NRG_BAL_C(1.0),06/03/26 23:00:00,Annual,Gross available energy,Total,Gigawatt-hour,Greece,2010,361187.335,,
ESTAT:NRG_BAL_C(1.0),06/03/26 23:00:00,Annual,Gross available energy,Total,Gigawatt-hour,Greece,2011,352267.936,,
ESTAT:NRG_BAL_C(1.0),06/03/26 23:00:00,Annual,Gross available energy,Total,Gigawatt-hour,Greece,2012,343210.351,,
ESTAT:NRG_BAL_C(1.0),06/03/26 23:00:00,Annual,Gross available energy,Total,Gigawatt-hour,Greece,2013,304582.992,,
ESTAT:NRG_BAL_C(1.0),06/03/26 23:00:00,Annual,Gross available energy,Total,Gigawatt-hour,Greece,2014,300741.774,,
ESTAT:NRG_BAL_C(1.0),06/03/26 23:00:00,Annual,Gross available energy,Total,Gigawatt-hour,Greece,2015,300884.557,,
ESTAT:NRG_BAL_C(1.0),06/03/26 23:00:00,Annual,Gross available energy,Total,Gigawatt-hour,Greece,2016,295101.301,,
ESTAT:NRG_BAL_C(1.0),06/03/26 23:00:00,Annual,Gross available energy,Total,Gigawatt-hour,Greece,2017,308529.528,,
ESTAT:NRG_BAL_C(1.0),06/03/26 23:00:00,Annual,Gross available energy,Total,Gigawatt-hour,Greece,2018,302648.506,,
ESTAT:NRG_BAL_C(1.0),06/03/26 23:00:00,Annual,Gross available energy,Total,Gigawatt-hour,Greece,2019,303222.562,,
ESTAT:NRG_BAL_C(1.0),06/03/26 23:00:00,Annual,Gross available energy,Total,Gigawatt-hour,Greece,2020,256736.422,,
ESTAT:NRG_BAL_C(1.0),06/03/26 23:00:00,Annual,Gross available energy,Total,Gigawatt-hour,Greece,2021,271227.101,,
ESTAT:NRG_BAL_C(1.0),06/03/26 23:00:00,Annual,Gross available energy,Total,Gigawatt-hour,Greece,2022,276819.940,,
ESTAT:NRG_BAL_C(1.0),06/03/26 23:00:00,Annual,Gross available energy,Total,Gigawatt-hour,Greece,2023,267542.935,,
ESTAT:NRG_BAL_C(1.0),06/03/26 23:00:00,Annual,Gross available energy,Total,Gigawatt-hour,Greece,2024,283946.639,,
ESTAT:NRG_BAL_C(1.0),06/03/26 23:00:00,Annual,Gross available energy,Total,Gigawatt-hour,Spain,2005,1772256.065,,
ESTAT:NRG_BAL_C(1.0),06/03/26 23:00:00,Annual,Gross available energy,Total,Gigawatt-hour,Spain,2006,1778387.885,,
ESTAT:NRG_BAL_C(1.0),06/03/26 23:00:00,Annual,Gross available energy,Total,Gigawatt-hour,Spain,2007,1806626.147,,
ESTAT:NRG_BAL_C(1.0),06/03/26 23:00:00,Annual,Gross available energy,Total,Gigawatt-hour,Spain,2008,1749716.537,,
ESTAT:NRG_BAL_C(1.0),06/03/26 23:00:00,Annual,Gross available energy,Total,Gigawatt-hour,Spain,2009,1616254.706,,
ESTAT:NRG_BAL_C(1.0),06/03/26 23:00:00,Annual,Gross available energy,Total,Gigawatt-hour,Spain,2010,1611184.060,,
ESTAT:NRG_BAL_C(1.0),06/03/26 23:00:00,Annual,Gross available energy,Total,Gigawatt-hour,Spain,2011,1606227.593,,
ESTAT:NRG_BAL_C(1.0),06/03/26 23:00:00,Annual,Gross available energy,Total,Gigawatt-hour,Spain,2012,1598772.302,,
ESTAT:NRG_BAL_C(1.0),06/03/26 23:00:00,Annual,Gross available energy,Total,Gigawatt-hour,Spain,2013,1488239.744,,
ESTAT:NRG_BAL_C(1.0),06/03/26 23:00:00,Annual,Gross available energy,Total,Gigawatt-hour,Spain,2014,1466307.807,,
ESTAT:NRG_BAL_C(1.0),06/03/26 23:00:00,Annual,Gross available energy,Total,Gigawatt-hour,Spain,2015,1516567.105,,
ESTAT:NRG_BAL_C(1.0),06/03/26 23:00:00,Annual,Gross available energy,Total,Gigawatt-hour,Spain,2016,1528592.105,,
ESTAT:NRG_BAL_C(1.0),06/03/26 23:00:00,Annual,Gross available energy,Total,Gigawatt-hour,Spain,2017,1594933.328,,
ESTAT:NRG_BAL_C(1.0),06/03/26 23:00:00,Annual,Gross available energy,Total,Gigawatt-hour,Spain,2018,1596356.488,,
ESTAT:NRG_BAL_C(1.0),06/03/26 23:00:00,Annual,Gross available energy,Total,Gigawatt-hour,Spain,2019,1558601.938,,
ESTAT:NRG_BAL_C(1.0),06/03/26 23:00:00,Annual,Gross available energy,Total,Gigawatt-hour,Spain,2020,1374290.841,,
ESTAT:NRG_BAL_C(1.0),06/03/26 23:00:00,Annual,Gross available energy,Total,Gigawatt-hour,Spain,2021,1458559.151,,
ESTAT:NRG_BAL_C(1.0),06/03/26 23:00:00,Annual,Gross available energy,Total,Gigawatt-hour,Spain,2022,1494475.128,,
ESTAT:NRG_BAL_C(1.0),06/03/26 23:00:00,Annual,Gross available energy,Total,Gigawatt-hour,Spain,2023,1453950.357,,
ESTAT:NRG_BAL_C(1.0),06/03/26 23:00:00,Annual,Gross available energy,Total,Gigawatt-hour,Spain,2024,1491402.771,,
ESTAT:NRG_BAL_C(1.0),06/03/26 23:00:00,Annual,Gross available energy,Total,Gigawatt-hour,Finland,2005,411165.564,,
ESTAT:NRG_BAL_C(1.0),06/03/26 23:00:00,Annual,Gross available energy,Total,Gigawatt-hour,Finland,2006,447844.940,,
ESTAT:NRG_BAL_C(1.0),06/03/26 23:00:00,Annual,Gross available energy,Total,Gigawatt-hour,Finland,2007,440514.816,,
ESTAT:NRG_BAL_C(1.0),06/03/26 23:00:00,Annual,Gross available energy,Total,Gigawatt-hour,Finland,2008,423041.926,,
ESTAT:NRG_BAL_C(1.0),06/03/26 23:00:00,Annual,Gross available energy,Total,Gigawatt-hour,Finland,2009,393847.936,,
ESTAT:NRG_BAL_C(1.0),06/03/26 23:00:00,Annual,Gross available energy,Total,Gigawatt-hour,Finland,2010,430346.994,,
ESTAT:NRG_BAL_C(1.0),06/03/26 23:00:00,Annual,Gross available energy,Total,Gigawatt-hour,Finland,2011,414438.093,,
ESTAT:NRG_BAL_C(1.0),06/03/26 23:00:00,Annual,Gross available energy,Total,Gigawatt-hour,Finland,2012,398850.912,,
ESTAT:NRG_BAL_C(1.0),06/03/26 23:00:00,Annual,Gross available energy,Total,Gigawatt-hour,Finland,2013,392533.267,,
ESTAT:NRG_BAL_C(1.0),06/03/26 23:00:00,Annual,Gross available energy,Total,Gigawatt-hour,Finland,2014,400586.751,,
ESTAT:NRG_BAL_C(1.0),06/03/26 23:00:00,Annual,Gross available energy,Total,Gigawatt-hour,Finland,2015,383309.074,,
ESTAT:NRG_BAL_C(1.0),06/03/26 23:00:00,Annual,Gross available energy,Total,Gigawatt-hour,Finland,2016,397165.683,,
ESTAT:NRG_BAL_C(1.0),06/03/26 23:00:00,Annual,Gross available energy,Total,Gigawatt-hour,Finland,2017,402506.696,,
ESTAT:NRG_BAL_C(1.0),06/03/26 23:00:00,Annual,Gross available energy,Total,Gigawatt-hour,Finland,2018,409795.639,,
ESTAT:NRG_BAL_C(1.0),06/03/26 23:00:00,Annual,Gross available energy,Total,Gigawatt-hour,Finland,2019,401762.329,,
ESTAT:NRG_BAL_C(1.0),06/03/26 23:00:00,Annual,Gross available energy,Total,Gigawatt-hour,Finland,2020,377197.839,,
ESTAT:NRG_BAL_C(1.0),06/03/26 23:00:00,Annual,Gross available energy,Total,Gigawatt-hour,Finland,2021,395269.556,,
ESTAT:NRG_BAL_C(1.0),06/03/26 23:00:00,Annual,Gross available energy,Total,Gigawatt-hour,Finland,2022,381828.831,,
ESTAT:NRG_BAL_C(1.0),06/03/26 23:00:00,Annual,Gross available energy,Total,Gigawatt-hour,Finland,2023,388725.078,,
ESTAT:NRG_BAL_C(1.0),06/03/26 23:00:00,Annual,Gross available energy,Total,Gigawatt-hour,Finland,2024,379992.519,,
ESTAT:NRG_BAL_C(1.0),06/03/26 23:00:00,Annual,Gross available energy,Total,Gigawatt-hour,France,2005,3253091.170,,
ESTAT:NRG_BAL_C(1.0),06/03/26 23:00:00,Annual,Gross available energy,Total,Gigawatt-hour,France,2006,3207564.030,,
ESTAT:NRG_BAL_C(1.0),06/03/26 23:00:00,Annual,Gross available energy,Total,Gigawatt-hour,France,2007,3179446.290,,
ESTAT:NRG_BAL_C(1.0),06/03/26 23:00:00,Annual,Gross available energy,Total,Gigawatt-hour,France,2008,3193216.615,,
ESTAT:NRG_BAL_C(1.0),06/03/26 23:00:00,Annual,Gross available energy,Total,Gigawatt-hour,France,2009,3069521.569,,
ESTAT:NRG_BAL_C(1.0),06/03/26 23:00:00,Annual,Gross available energy,Total,Gigawatt-hour,France,2010,3163377.435,,
ESTAT:NRG_BAL_C(1.0),06/03/26 23:00:00,Annual,Gross available energy,Total,Gigawatt-hour,France,2011,3109825.108,,
ESTAT:NRG_BAL_C(1.0),06/03/26 23:00:00,Annual,Gross available energy,Total,Gigawatt-hour,France,2012,3111566.523,,
ESTAT:NRG_BAL_C(1.0),06/03/26 23:00:00,Annual,Gross available energy,Total,Gigawatt-hour,France,2013,3125418.487,,
ESTAT:NRG_BAL_C(1.0),06/03/26 23:00:00,Annual,Gross available energy,Total,Gigawatt-hour,France,2014,2999531.018,,
ESTAT:NRG_BAL_C(1.0),06/03/26 23:00:00,Annual,Gross available energy,Total,Gigawatt-hour,France,2015,3048524.316,,
ESTAT:NRG_BAL_C(1.0),06/03/26 23:00:00,Annual,Gross available energy,Total,Gigawatt-hour,France,2016,2996160.913,,
ESTAT:NRG_BAL_C(1.0),06/03/26 23:00:00,Annual,Gross available energy,Total,Gigawatt-hour,France,2017,2998965.626,,
ESTAT:NRG_BAL_C(1.0),06/03/26 23:00:00,Annual,Gross available energy,Total,Gigawatt-hour,France,2018,2987473.597,,
ESTAT:NRG_BAL_C(1.0),06/03/26 23:00:00,Annual,Gross available energy,Total,Gigawatt-hour,France,2019,2949465.614,,
ESTAT:NRG_BAL_C(1.0),06/03/26 23:00:00,Annual,Gross available energy,Total,Gigawatt-hour,France,2020,2614822.517,,
ESTAT:NRG_BAL_C(1.0),06/03/26 23:00:00,Annual,Gross available energy,Total,Gigawatt-hour,France,2021,2832369.550,,
ESTAT:NRG_BAL_C(1.0),06/03/26 23:00:00,Annual,Gross available energy,Total,Gigawatt-hour,France,2022,2575953.087,,
ESTAT:NRG_BAL_C(1.0),06/03/26 23:00:00,Annual,Gross available energy,Total,Gigawatt-hour,France,2023,2623871.941,,
ESTAT:NRG_BAL_C(1.0),06/03/26 23:00:00,Annual,Gross available energy,Total,Gigawatt-hour,France,2024,2546540.943,,
ESTAT:NRG_BAL_C(1.0),06/03/26 23:00:00,Annual,Gross available energy,Total,Gigawatt-hour,Croatia,2005,114566.042,,
ESTAT:NRG_BAL_C(1.0),06/03/26 23:00:00,Annual,Gross available energy,Total,Gigawatt-hour,Croatia,2006,113916.289,,
ESTAT:NRG_BAL_C(1.0),06/03/26 23:00:00,Annual,Gross available energy,Total,Gigawatt-hour,Croatia,2007,118411.302,,
ESTAT:NRG_BAL_C(1.0),06/03/26 23:00:00,Annual,Gross available energy,Total,Gigawatt-hour,Croatia,2008,115599.320,,
ESTAT:NRG_BAL_C(1.0),06/03/26 23:00:00,Annual,Gross available energy,Total,Gigawatt-hour,Croatia,2009,111300.965,,
ESTAT:NRG_BAL_C(1.0),06/03/26 23:00:00,Annual,Gross available energy,Total,Gigawatt-hour,Croatia,2010,110226.335,,
ESTAT:NRG_BAL_C(1.0),06/03/26 23:00:00,Annual,Gross available energy,Total,Gigawatt-hour,Croatia,2011,107974.290,,
ESTAT:NRG_BAL_C(1.0),06/03/26 23:00:00,Annual,Gross available energy,Total,Gigawatt-hour,Croatia,2012,101517.283,,
ESTAT:NRG_BAL_C(1.0),06/03/26 23:00:00,Annual,Gross available energy,Total,Gigawatt-hour,Croatia,2013,99547.211,,
ESTAT:NRG_BAL_C(1.0),06/03/26 23:00:00,Annual,Gross available energy,Total,Gigawatt-hour,Croatia,2014,94856.510,,
ESTAT:NRG_BAL_C(1.0),06/03/26 23:00:00,Annual,Gross available energy,Total,Gigawatt-hour,Croatia,2015,98952.996,,
ESTAT:NRG_BAL_C(1.0),06/03/26 23:00:00,Annual,Gross available energy,Total,Gigawatt-hour,Croatia,2016,99820.371,,
ESTAT:NRG_BAL_C(1.0),06/03/26 23:00:00,Annual,Gross available energy,Total,Gigawatt-hour,Croatia,2017,103370.216,,
ESTAT:NRG_BAL_C(1.0),06/03/26 23:00:00,Annual,Gross available energy,Total,Gigawatt-hour,Croatia,2018,101143.684,,
ESTAT:NRG_BAL_C(1.0),06/03/26 23:00:00,Annual,Gross available energy,Total,Gigawatt-hour,Croatia,2019,102507.347,,
ESTAT:NRG_BAL_C(1.0),06/03/26 23:00:00,Annual,Gross available energy,Total,Gigawatt-hour,Croatia,2020,96798.023,,
ESTAT:NRG_BAL_C(1.0),06/03/26 23:00:00,Annual,Gross available energy,Total,Gigawatt-hour,Croatia,2021,101392.468,,
ESTAT:NRG_BAL_C(1.0),06/03/26 23:00:00,Annual,Gross available energy,Total,Gigawatt-hour,Croatia,2022,99168.044,,
ESTAT:NRG_BAL_C(1.0),06/03/26 23:00:00,Annual,Gross available energy,Total,Gigawatt-hour,Croatia,2023,103104.737,,
ESTAT:NRG_BAL_C(1.0),06/03/26 23:00:00,Annual,Gross available energy,Total,Gigawatt-hour,Croatia,2024,105001.518,,
ESTAT:NRG_BAL_C(1.0),06/03/26 23:00:00,Annual,Gross available energy,Total,Gigawatt-hour,Hungary,2005,331574.540,,
ESTAT:NRG_BAL_C(1.0),06/03/26 23:00:00,Annual,Gross available energy,Total,Gigawatt-hour,Hungary,2006,327975.729,,
ESTAT:NRG_BAL_C(1.0),06/03/26 23:00:00,Annual,Gross available energy,Total,Gigawatt-hour,Hungary,2007,320950.598,,
ESTAT:NRG_BAL_C(1.0),06/03/26 23:00:00,Annual,Gross available energy,Total,Gigawatt-hour,Hungary,2008,315993.500,,
ESTAT:NRG_BAL_C(1.0),06/03/26 23:00:00,Annual,Gross available energy,Total,Gigawatt-hour,Hungary,2009,300523.313,,
ESTAT:NRG_BAL_C(1.0),06/03/26 23:00:00,Annual,Gross available energy,Total,Gigawatt-hour,Hungary,2010,309269.833,,
ESTAT:NRG_BAL_C(1.0),06/03/26 23:00:00,Annual,Gross available energy,Total,Gigawatt-hour,Hungary,2011,303108.309,,
ESTAT:NRG_BAL_C(1.0),06/03/26 23:00:00,Annual,Gross available energy,Total,Gigawatt-hour,Hungary,2012,288087.031,,
ESTAT:NRG_BAL_C(1.0),06/03/26 23:00:00,Annual,Gross available energy,Total,Gigawatt-hour,Hungary,2013,278188.696,,
ESTAT:NRG_BAL_C(1.0),06/03/26 23:00:00,Annual,Gross available energy,Total,Gigawatt-hour,Hungary,2014,277064.216,,
ESTAT:NRG_BAL_C(1.0),06/03/26 23:00:00,Annual,Gross available energy,Total,Gigawatt-hour,Hungary,2015,293113.728,,
ESTAT:NRG_BAL_C(1.0),06/03/26 23:00:00,Annual,Gross available energy,Total,Gigawatt-hour,Hungary,2016,296793.560,,
ESTAT:NRG_BAL_C(1.0),06/03/26 23:00:00,Annual,Gross available energy,Total,Gigawatt-hour,Hungary,2017,310014.508,,
ESTAT:NRG_BAL_C(1.0),06/03/26 23:00:00,Annual,Gross available energy,Total,Gigawatt-hour,Hungary,2018,310574.091,,
ESTAT:NRG_BAL_C(1.0),06/03/26 23:00:00,Annual,Gross available energy,Total,Gigawatt-hour,Hungary,2019,310584.805,,
ESTAT:NRG_BAL_C(1.0),06/03/26 23:00:00,Annual,Gross available energy,Total,Gigawatt-hour,Hungary,2020,304002.600,,
ESTAT:NRG_BAL_C(1.0),06/03/26 23:00:00,Annual,Gross available energy,Total,Gigawatt-hour,Hungary,2021,318377.099,,
ESTAT:NRG_BAL_C(1.0),06/03/26 23:00:00,Annual,Gross available energy,Total,Gigawatt-hour,Hungary,2022,299823.925,,
ESTAT:NRG_BAL_C(1.0),06/03/26 23:00:00,Annual,Gross available energy,Total,Gigawatt-hour,Hungary,2023,282577.204,,
ESTAT:NRG_BAL_C(1.0),06/03/26 23:00:00,Annual,Gross available energy,Total,Gigawatt-hour,Hungary,2024,283617.452,,
ESTAT:NRG_BAL_C(1.0),06/03/26 23:00:00,Annual,Gross available energy,Total,Gigawatt-hour,Ireland,2005,181141.328,,
ESTAT:NRG_BAL_C(1.0),06/03/26 23:00:00,Annual,Gross available energy,Total,Gigawatt-hour,Ireland,2006,182384.963,,
ESTAT:NRG_BAL_C(1.0),06/03/26 23:00:00,Annual,Gross available energy,Total,Gigawatt-hour,Ireland,2007,188719.551,,
ESTAT:NRG_BAL_C(1.0),06/03/26 23:00:00,Annual,Gross available energy,Total,Gigawatt-hour,Ireland,2008,186418.240,,
ESTAT:NRG_BAL_C(1.0),06/03/26 23:00:00,Annual,Gross available energy,Total,Gigawatt-hour,Ireland,2009,177861.221,,
ESTAT:NRG_BAL_C(1.0),06/03/26 23:00:00,Annual,Gross available energy,Total,Gigawatt-hour,Ireland,2010,176847.655,,
ESTAT:NRG_BAL_C(1.0),06/03/26 23:00:00,Annual,Gross available energy,Total,Gigawatt-hour,Ireland,2011,162693.754,,
ESTAT:NRG_BAL_C(1.0),06/03/26 23:00:00,Annual,Gross available energy,Total,Gigawatt-hour,Ireland,2012,164618.489,,
ESTAT:NRG_BAL_C(1.0),06/03/26 23:00:00,Annual,Gross available energy,Total,Gigawatt-hour,Ireland,2013,156443.155,,
ESTAT:NRG_BAL_C(1.0),06/03/26 23:00:00,Annual,Gross available energy,Total,Gigawatt-hour,Ireland,2014,157460.369,,
ESTAT:NRG_BAL_C(1.0),06/03/26 23:00:00,Annual,Gross available energy,Total,Gigawatt-hour,Ireland,2015,166628.266,,
ESTAT:NRG_BAL_C(1.0),06/03/26 23:00:00,Annual,Gross available energy,Total,Gigawatt-hour,Ireland,2016,175786.582,,
ESTAT:NRG_BAL_C(1.0),06/03/26 23:00:00,Annual,Gross available energy,Total,Gigawatt-hour,Ireland,2017,174344.240,,
ESTAT:NRG_BAL_C(1.0),06/03/26 23:00:00,Annual,Gross available energy,Total,Gigawatt-hour,Ireland,2018,175314.142,,
ESTAT:NRG_BAL_C(1.0),06/03/26 23:00:00,Annual,Gross available energy,Total,Gigawatt-hour,Ireland,2019,175830.517,,
ESTAT:NRG_BAL_C(1.0),06/03/26 23:00:00,Annual,Gross available energy,Total,Gigawatt-hour,Ireland,2020,162152.878,,
ESTAT:NRG_BAL_C(1.0),06/03/26 23:00:00,Annual,Gross available energy,Total,Gigawatt-hour,Ireland,2021,168000.955,,
ESTAT:NRG_BAL_C(1.0),06/03/26 23:00:00,Annual,Gross available energy,Total,Gigawatt-hour,Ireland,2022,172011.195,,
ESTAT:NRG_BAL_C(1.0),06/03/26 23:00:00,Annual,Gross available energy,Total,Gigawatt-hour,Ireland,2023,168887.221,,
ESTAT:NRG_BAL_C(1.0),06/03/26 23:00:00,Annual,Gross available energy,Total,Gigawatt-hour,Ireland,2024,171384.217,,
ESTAT:NRG_BAL_C(1.0),06/03/26 23:00:00,Annual,Gross available energy,Total,Gigawatt-hour,Italy,2005,2229314.348,,
ESTAT:NRG_BAL_C(1.0),06/03/26 23:00:00,Annual,Gross available energy,Total,Gigawatt-hour,Italy,2006,2213024.951,,
ESTAT:NRG_BAL_C(1.0),06/03/26 23:00:00,Annual,Gross available energy,Total,Gigawatt-hour,Italy,2007,2209832.303,,
ESTAT:NRG_BAL_C(1.0),06/03/26 23:00:00,Annual,Gross available energy,Total,Gigawatt-hour,Italy,2008,2181197.450,,
ESTAT:NRG_BAL_C(1.0),06/03/26 23:00:00,Annual,Gross available energy,Total,Gigawatt-hour,Italy,2009,2034360.940,,
ESTAT:NRG_BAL_C(1.0),06/03/26 23:00:00,Annual,Gross available energy,Total,Gigawatt-hour,Italy,2010,2091297.190,,
ESTAT:NRG_BAL_C(1.0),06/03/26 23:00:00,Annual,Gross available energy,Total,Gigawatt-hour,Italy,2011,2019995.650,,
ESTAT:NRG_BAL_C(1.0),06/03/26 23:00:00,Annual,Gross available energy,Total,Gigawatt-hour,Italy,2012,1941141.491,,
ESTAT:NRG_BAL_C(1.0),06/03/26 23:00:00,Annual,Gross available energy,Total,Gigawatt-hour,Italy,2013,1867433.470,,
ESTAT:NRG_BAL_C(1.0),06/03/26 23:00:00,Annual,Gross available energy,Total,Gigawatt-hour,Italy,2014,1764952.954,,
ESTAT:NRG_BAL_C(1.0),06/03/26 23:00:00,Annual,Gross available energy,Total,Gigawatt-hour,Italy,2015,1833231.634,,
ESTAT:NRG_BAL_C(1.0),06/03/26 23:00:00,Annual,Gross available energy,Total,Gigawatt-hour,Italy,2016,1819982.563,,
ESTAT:NRG_BAL_C(1.0),06/03/26 23:00:00,Annual,Gross available energy,Total,Gigawatt-hour,Italy,2017,1881911.580,,
ESTAT:NRG_BAL_C(1.0),06/03/26 23:00:00,Annual,Gross available energy,Total,Gigawatt-hour,Italy,2018,1857437.632,,
ESTAT:NRG_BAL_C(1.0),06/03/26 23:00:00,Annual,Gross available energy,Total,Gigawatt-hour,Italy,2019,1838545.276,,
ESTAT:NRG_BAL_C(1.0),06/03/26 23:00:00,Annual,Gross available energy,Total,Gigawatt-hour,Italy,2020,1675125.761,,
ESTAT:NRG_BAL_C(1.0),06/03/26 23:00:00,Annual,Gross available energy,Total,Gigawatt-hour,Italy,2021,1819363.197,,
ESTAT:NRG_BAL_C(1.0),06/03/26 23:00:00,Annual,Gross available energy,Total,Gigawatt-hour,Italy,2022,1743507.454,,
ESTAT:NRG_BAL_C(1.0),06/03/26 23:00:00,Annual,Gross available energy,Total,Gigawatt-hour,Italy,2023,1667640.619,,
ESTAT:NRG_BAL_C(1.0),06/03/26 23:00:00,Annual,Gross available energy,Total,Gigawatt-hour,Italy,2024,1653381.866,,
ESTAT:NRG_BAL_C(1.0),06/03/26 23:00:00,Annual,Gross available energy,Total,Gigawatt-hour,Lithuania,2005,106117.025,,
ESTAT:NRG_BAL_C(1.0),06/03/26 23:00:00,Annual,Gross available energy,Total,Gigawatt-hour,Lithuania,2006,104775.264,,
ESTAT:NRG_BAL_C(1.0),06/03/26 23:00:00,Annual,Gross available energy,Total,Gigawatt-hour,Lithuania,2007,113061.994,,
ESTAT:NRG_BAL_C(1.0),06/03/26 23:00:00,Annual,Gross available energy,Total,Gigawatt-hour,Lithuania,2008,113029.809,,
ESTAT:NRG_BAL_C(1.0),06/03/26 23:00:00,Annual,Gross available energy,Total,Gigawatt-hour,Lithuania,2009,104302.588,,
ESTAT:NRG_BAL_C(1.0),06/03/26 23:00:00,Annual,Gross available energy,Total,Gigawatt-hour,Lithuania,2010,83977.260,,
ESTAT:NRG_BAL_C(1.0),06/03/26 23:00:00,Annual,Gross available energy,Total,Gigawatt-hour,Lithuania,2011,87067.450,,
ESTAT:NRG_BAL_C(1.0),06/03/26 23:00:00,Annual,Gross available energy,Total,Gigawatt-hour,Lithuania,2012,87676.330,,
ESTAT:NRG_BAL_C(1.0),06/03/26 23:00:00,Annual,Gross available energy,Total,Gigawatt-hour,Lithuania,2013,82609.336,,
ESTAT:NRG_BAL_C(1.0),06/03/26 23:00:00,Annual,Gross available energy,Total,Gigawatt-hour,Lithuania,2014,82237.008,,
ESTAT:NRG_BAL_C(1.0),06/03/26 23:00:00,Annual,Gross available energy,Total,Gigawatt-hour,Lithuania,2015,84435.041,,
ESTAT:NRG_BAL_C(1.0),06/03/26 23:00:00,Annual,Gross available energy,Total,Gigawatt-hour,Lithuania,2016,87437.613,,
ESTAT:NRG_BAL_C(1.0),06/03/26 23:00:00,Annual,Gross available energy,Total,Gigawatt-hour,Lithuania,2017,91510.790,,
ESTAT:NRG_BAL_C(1.0),06/03/26 23:00:00,Annual,Gross available energy,Total,Gigawatt-hour,Lithuania,2018,93438.302,,
ESTAT:NRG_BAL_C(1.0),06/03/26 23:00:00,Annual,Gross available energy,Total,Gigawatt-hour,Lithuania,2019,93000.989,,
ESTAT:NRG_BAL_C(1.0),06/03/26 23:00:00,Annual,Gross available energy,Total,Gigawatt-hour,Lithuania,2020,90883.532,,
ESTAT:NRG_BAL_C(1.0),06/03/26 23:00:00,Annual,Gross available energy,Total,Gigawatt-hour,Lithuania,2021,94626.803,,
ESTAT:NRG_BAL_C(1.0),06/03/26 23:00:00,Annual,Gross available energy,Total,Gigawatt-hour,Lithuania,2022,84742.333,,
ESTAT:NRG_BAL_C(1.0),06/03/26 23:00:00,Annual,Gross available energy,Total,Gigawatt-hour,Lithuania,2023,85135.092,,
ESTAT:NRG_BAL_C(1.0),06/03/26 23:00:00,Annual,Gross available energy,Total,Gigawatt-hour,Lithuania,2024,89200.430,,
ESTAT:NRG_BAL_C(1.0),06/03/26 23:00:00,Annual,Gross available energy,Total,Gigawatt-hour,Luxembourg,2005,55847.359,,
ESTAT:NRG_BAL_C(1.0),06/03/26 23:00:00,Annual,Gross available energy,Total,Gigawatt-hour,Luxembourg,2006,54944.757,,
ESTAT:NRG_BAL_C(1.0),06/03/26 23:00:00,Annual,Gross available energy,Total,Gigawatt-hour,Luxembourg,2007,53899.249,,
ESTAT:NRG_BAL_C(1.0),06/03/26 23:00:00,Annual,Gross available energy,Total,Gigawatt-hour,Luxembourg,2008,53946.459,,
ESTAT:NRG_BAL_C(1.0),06/03/26 23:00:00,Annual,Gross available energy,Total,Gigawatt-hour,Luxembourg,2009,50806.677,,
ESTAT:NRG_BAL_C(1.0),06/03/26 23:00:00,Annual,Gross available energy,Total,Gigawatt-hour,Luxembourg,2010,54010.416,,
ESTAT:NRG_BAL_C(1.0),06/03/26 23:00:00,Annual,Gross available energy,Total,Gigawatt-hour,Luxembourg,2011,53145.138,,
ESTAT:NRG_BAL_C(1.0),06/03/26 23:00:00,Annual,Gross available energy,Total,Gigawatt-hour,Luxembourg,2012,51877.949,,
ESTAT:NRG_BAL_C(1.0),06/03/26 23:00:00,Annual,Gross available energy,Total,Gigawatt-hour,Luxembourg,2013,50475.114,,
ESTAT:NRG_BAL_C(1.0),06/03/26 23:00:00,Annual,Gross available energy,Total,Gigawatt-hour,Luxembourg,2014,49102.037,,
ESTAT:NRG_BAL_C(1.0),06/03/26 23:00:00,Annual,Gross available energy,Total,Gigawatt-hour,Luxembourg,2015,48592.903,,
ESTAT:NRG_BAL_C(1.0),06/03/26 23:00:00,Annual,Gross available energy,Total,Gigawatt-hour,Luxembourg,2016,48735.613,,
ESTAT:NRG_BAL_C(1.0),06/03/26 23:00:00,Annual,Gross available energy,Total,Gigawatt-hour,Luxembourg,2017,50362.424,,
ESTAT:NRG_BAL_C(1.0),06/03/26 23:00:00,Annual,Gross available energy,Total,Gigawatt-hour,Luxembourg,2018,52390.114,,
ESTAT:NRG_BAL_C(1.0),06/03/26 23:00:00,Annual,Gross available energy,Total,Gigawatt-hour,Luxembourg,2019,52865.950,,
ESTAT:NRG_BAL_C(1.0),06/03/26 23:00:00,Annual,Gross available energy,Total,Gigawatt-hour,Luxembourg,2020,46142.318,,
ESTAT:NRG_BAL_C(1.0),06/03/26 23:00:00,Annual,Gross available energy,Total,Gigawatt-hour,Luxembourg,2021,49098.579,,
ESTAT:NRG_BAL_C(1.0),06/03/26 23:00:00,Annual,Gross available energy,Total,Gigawatt-hour,Luxembourg,2022,44412.311,,
ESTAT:NRG_BAL_C(1.0),06/03/26 23:00:00,Annual,Gross available energy,Total,Gigawatt-hour,Luxembourg,2023,42528.399,,
ESTAT:NRG_BAL_C(1.0),06/03/26 23:00:00,Annual,Gross available energy,Total,Gigawatt-hour,Luxembourg,2024,42550.393,,
ESTAT:NRG_BAL_C(1.0),06/03/26 23:00:00,Annual,Gross available energy,Total,Gigawatt-hour,Latvia,2005,56395.187,,
ESTAT:NRG_BAL_C(1.0),06/03/26 23:00:00,Annual,Gross available energy,Total,Gigawatt-hour,Latvia,2006,57706.678,,
ESTAT:NRG_BAL_C(1.0),06/03/26 23:00:00,Annual,Gross available energy,Total,Gigawatt-hour,Latvia,2007,58893.864,,
ESTAT:NRG_BAL_C(1.0),06/03/26 23:00:00,Annual,Gross available energy,Total,Gigawatt-hour,Latvia,2008,56980.960,,
ESTAT:NRG_BAL_C(1.0),06/03/26 23:00:00,Annual,Gross available energy,Total,Gigawatt-hour,Latvia,2009,55627.711,,
ESTAT:NRG_BAL_C(1.0),06/03/26 23:00:00,Annual,Gross available energy,Total,Gigawatt-hour,Latvia,2010,56763.809,,
ESTAT:NRG_BAL_C(1.0),06/03/26 23:00:00,Annual,Gross available energy,Total,Gigawatt-hour,Latvia,2011,53403.728,,
ESTAT:NRG_BAL_C(1.0),06/03/26 23:00:00,Annual,Gross available energy,Total,Gigawatt-hour,Latvia,2012,55571.386,,
ESTAT:NRG_BAL_C(1.0),06/03/26 23:00:00,Annual,Gross available energy,Total,Gigawatt-hour,Latvia,2013,54732.809,,
ESTAT:NRG_BAL_C(1.0),06/03/26 23:00:00,Annual,Gross available energy,Total,Gigawatt-hour,Latvia,2014,54477.348,,
ESTAT:NRG_BAL_C(1.0),06/03/26 23:00:00,Annual,Gross available energy,Total,Gigawatt-hour,Latvia,2015,53895.428,,
ESTAT:NRG_BAL_C(1.0),06/03/26 23:00:00,Annual,Gross available energy,Total,Gigawatt-hour,Latvia,2016,54738.796,,
ESTAT:NRG_BAL_C(1.0),06/03/26 23:00:00,Annual,Gross available energy,Total,Gigawatt-hour,Latvia,2017,55952.026,,
ESTAT:NRG_BAL_C(1.0),06/03/26 23:00:00,Annual,Gross available energy,Total,Gigawatt-hour,Latvia,2018,56187.014,,
ESTAT:NRG_BAL_C(1.0),06/03/26 23:00:00,Annual,Gross available energy,Total,Gigawatt-hour,Latvia,2019,57450.720,,
ESTAT:NRG_BAL_C(1.0),06/03/26 23:00:00,Annual,Gross available energy,Total,Gigawatt-hour,Latvia,2020,53124.566,,
ESTAT:NRG_BAL_C(1.0),06/03/26 23:00:00,Annual,Gross available energy,Total,Gigawatt-hour,Latvia,2021,55679.444,,
ESTAT:NRG_BAL_C(1.0),06/03/26 23:00:00,Annual,Gross available energy,Total,Gigawatt-hour,Latvia,2022,52112.675,,
ESTAT:NRG_BAL_C(1.0),06/03/26 23:00:00,Annual,Gross available energy,Total,Gigawatt-hour,Latvia,2023,51424.455,,
ESTAT:NRG_BAL_C(1.0),06/03/26 23:00:00,Annual,Gross available energy,Total,Gigawatt-hour,Latvia,2024,50781.018,,
ESTAT:NRG_BAL_C(1.0),06/03/26 23:00:00,Annual,Gross available energy,Total,Gigawatt-hour,Malta,2005,18539.833,,
ESTAT:NRG_BAL_C(1.0),06/03/26 23:00:00,Annual,Gross available energy,Total,Gigawatt-hour,Malta,2006,19650.167,,
ESTAT:NRG_BAL_C(1.0),06/03/26 23:00:00,Annual,Gross available energy,Total,Gigawatt-hour,Malta,2007,20943.833,,
ESTAT:NRG_BAL_C(1.0),06/03/26 23:00:00,Annual,Gross available energy,Total,Gigawatt-hour,Malta,2008,21964.389,,
ESTAT:NRG_BAL_C(1.0),06/03/26 23:00:00,Annual,Gross available energy,Total,Gigawatt-hour,Malta,2009,23575.556,,
ESTAT:NRG_BAL_C(1.0),06/03/26 23:00:00,Annual,Gross available energy,Total,Gigawatt-hour,Malta,2010,27769.941,,
ESTAT:NRG_BAL_C(1.0),06/03/26 23:00:00,Annual,Gross available energy,Total,Gigawatt-hour,Malta,2011,26409.966,,
ESTAT:NRG_BAL_C(1.0),06/03/26 23:00:00,Annual,Gross available energy,Total,Gigawatt-hour,Malta,2012,25194.364,,
ESTAT:NRG_BAL_C(1.0),06/03/26 23:00:00,Annual,Gross available energy,Total,Gigawatt-hour,Malta,2013,24060.098,,
ESTAT:NRG_BAL_C(1.0),06/03/26 23:00:00,Annual,Gross available energy,Total,Gigawatt-hour,Malta,2014,24604.973,,
ESTAT:NRG_BAL_C(1.0),06/03/26 23:00:00,Annual,Gross available energy,Total,Gigawatt-hour,Malta,2015,26685.359,,
ESTAT:NRG_BAL_C(1.0),06/03/26 23:00:00,Annual,Gross available energy,Total,Gigawatt-hour,Malta,2016,28731.270,,
ESTAT:NRG_BAL_C(1.0),06/03/26 23:00:00,Annual,Gross available energy,Total,Gigawatt-hour,Malta,2017,34416.836,,
ESTAT:NRG_BAL_C(1.0),06/03/26 23:00:00,Annual,Gross available energy,Total,Gigawatt-hour,Malta,2018,35515.849,,
ESTAT:NRG_BAL_C(1.0),06/03/26 23:00:00,Annual,Gross available energy,Total,Gigawatt-hour,Malta,2019,36793.068,,
ESTAT:NRG_BAL_C(1.0),06/03/26 23:00:00,Annual,Gross available energy,Total,Gigawatt-hour,Malta,2020,34272.196,,
ESTAT:NRG_BAL_C(1.0),06/03/26 23:00:00,Annual,Gross available energy,Total,Gigawatt-hour,Malta,2021,31851.396,,
ESTAT:NRG_BAL_C(1.0),06/03/26 23:00:00,Annual,Gross available energy,Total,Gigawatt-hour,Malta,2022,35389.580,,
ESTAT:NRG_BAL_C(1.0),06/03/26 23:00:00,Annual,Gross available energy,Total,Gigawatt-hour,Malta,2023,37124.866,,
ESTAT:NRG_BAL_C(1.0),06/03/26 23:00:00,Annual,Gross available energy,Total,Gigawatt-hour,Malta,2024,35643.173,,
ESTAT:NRG_BAL_C(1.0),06/03/26 23:00:00,Annual,Gross available energy,Total,Gigawatt-hour,Netherlands,2005,1155096.746,,
ESTAT:NRG_BAL_C(1.0),06/03/26 23:00:00,Annual,Gross available energy,Total,Gigawatt-hour,Netherlands,2006,1159592.819,,
ESTAT:NRG_BAL_C(1.0),06/03/26 23:00:00,Annual,Gross available energy,Total,Gigawatt-hour,Netherlands,2007,1160896.667,,
ESTAT:NRG_BAL_C(1.0),06/03/26 23:00:00,Annual,Gross available energy,Total,Gigawatt-hour,Netherlands,2008,1146127.369,,
ESTAT:NRG_BAL_C(1.0),06/03/26 23:00:00,Annual,Gross available energy,Total,Gigawatt-hour,Netherlands,2009,1106981.134,,
ESTAT:NRG_BAL_C(1.0),06/03/26 23:00:00,Annual,Gross available energy,Total,Gigawatt-hour,Netherlands,2010,1163158.222,,
ESTAT:NRG_BAL_C(1.0),06/03/26 23:00:00,Annual,Gross available energy,Total,Gigawatt-hour,Netherlands,2011,1110407.908,,
ESTAT:NRG_BAL_C(1.0),06/03/26 23:00:00,Annual,Gross available energy,Total,Gigawatt-hour,Netherlands,2012,1098287.956,,
ESTAT:NRG_BAL_C(1.0),06/03/26 23:00:00,Annual,Gross available energy,Total,Gigawatt-hour,Netherlands,2013,1072739.465,,
ESTAT:NRG_BAL_C(1.0),06/03/26 23:00:00,Annual,Gross available energy,Total,Gigawatt-hour,Netherlands,2014,1022667.979,,
ESTAT:NRG_BAL_C(1.0),06/03/26 23:00:00,Annual,Gross available energy,Total,Gigawatt-hour,Netherlands,2015,1028464.324,,
ESTAT:NRG_BAL_C(1.0),06/03/26 23:00:00,Annual,Gross available energy,Total,Gigawatt-hour,Netherlands,2016,1047310.399,,
ESTAT:NRG_BAL_C(1.0),06/03/26 23:00:00,Annual,Gross available energy,Total,Gigawatt-hour,Netherlands,2017,1059636.911,,
ESTAT:NRG_BAL_C(1.0),06/03/26 23:00:00,Annual,Gross available energy,Total,Gigawatt-hour,Netherlands,2018,1037430.576,,
ESTAT:NRG_BAL_C(1.0),06/03/26 23:00:00,Annual,Gross available energy,Total,Gigawatt-hour,Netherlands,2019,1019395.249,,
ESTAT:NRG_BAL_C(1.0),06/03/26 23:00:00,Annual,Gross available energy,Total,Gigawatt-hour,Netherlands,2020,973967.010,,
ESTAT:NRG_BAL_C(1.0),06/03/26 23:00:00,Annual,Gross available energy,Total,Gigawatt-hour,Netherlands,2021,996909.142,,
ESTAT:NRG_BAL_C(1.0),06/03/26 23:00:00,Annual,Gross available energy,Total,Gigawatt-hour,Netherlands,2022,916318.280,,
ESTAT:NRG_BAL_C(1.0),06/03/26 23:00:00,Annual,Gross available energy,Total,Gigawatt-hour,Netherlands,2023,882558.308,,
ESTAT:NRG_BAL_C(1.0),06/03/26 23:00:00,Annual,Gross available energy,Total,Gigawatt-hour,Netherlands,2024,899986.783,,
ESTAT:NRG_BAL_C(1.0),06/03/26 23:00:00,Annual,Gross available energy,Total,Gigawatt-hour,Poland,2005,1080488.096,,
ESTAT:NRG_BAL_C(1.0),06/03/26 23:00:00,Annual,Gross available energy,Total,Gigawatt-hour,Poland,2006,1137815.532,,
ESTAT:NRG_BAL_C(1.0),06/03/26 23:00:00,Annual,Gross available energy,Total,Gigawatt-hour,Poland,2007,1132880.360,,
ESTAT:NRG_BAL_C(1.0),06/03/26 23:00:00,Annual,Gross available energy,Total,Gigawatt-hour,Poland,2008,1146246.820,,
ESTAT:NRG_BAL_C(1.0),06/03/26 23:00:00,Annual,Gross available energy,Total,Gigawatt-hour,Poland,2009,1099076.005,,
ESTAT:NRG_BAL_C(1.0),06/03/26 23:00:00,Annual,Gross available energy,Total,Gigawatt-hour,Poland,2010,1184156.645,,
ESTAT:NRG_BAL_C(1.0),06/03/26 23:00:00,Annual,Gross available energy,Total,Gigawatt-hour,Poland,2011,1184347.309,,
ESTAT:NRG_BAL_C(1.0),06/03/26 23:00:00,Annual,Gross available energy,Total,Gigawatt-hour,Poland,2012,1139007.069,,
ESTAT:NRG_BAL_C(1.0),06/03/26 23:00:00,Annual,Gross available energy,Total,Gigawatt-hour,Poland,2013,1147160.079,,
ESTAT:NRG_BAL_C(1.0),06/03/26 23:00:00,Annual,Gross available energy,Total,Gigawatt-hour,Poland,2014,1104500.682,,
ESTAT:NRG_BAL_C(1.0),06/03/26 23:00:00,Annual,Gross available energy,Total,Gigawatt-hour,Poland,2015,1117192.044,,
ESTAT:NRG_BAL_C(1.0),06/03/26 23:00:00,Annual,Gross available energy,Total,Gigawatt-hour,Poland,2016,1171898.380,,
ESTAT:NRG_BAL_C(1.0),06/03/26 23:00:00,Annual,Gross available energy,Total,Gigawatt-hour,Poland,2017,1226878.928,,
ESTAT:NRG_BAL_C(1.0),06/03/26 23:00:00,Annual,Gross available energy,Total,Gigawatt-hour,Poland,2018,1282168.259,,
ESTAT:NRG_BAL_C(1.0),06/03/26 23:00:00,Annual,Gross available energy,Total,Gigawatt-hour,Poland,2019,1236825.185,,
ESTAT:NRG_BAL_C(1.0),06/03/26 23:00:00,Annual,Gross available energy,Total,Gigawatt-hour,Poland,2020,1200927.253,,
ESTAT:NRG_BAL_C(1.0),06/03/26 23:00:00,Annual,Gross available energy,Total,Gigawatt-hour,Poland,2021,1278577.183,,
ESTAT:NRG_BAL_C(1.0),06/03/26 23:00:00,Annual,Gross available energy,Total,Gigawatt-hour,Poland,2022,1218233.640,,
ESTAT:NRG_BAL_C(1.0),06/03/26 23:00:00,Annual,Gross available energy,Total,Gigawatt-hour,Poland,2023,1144554.350,,
ESTAT:NRG_BAL_C(1.0),06/03/26 23:00:00,Annual,Gross available energy,Total,Gigawatt-hour,Poland,2024,1142790.844,,
ESTAT:NRG_BAL_C(1.0),06/03/26 23:00:00,Annual,Gross available energy,Total,Gigawatt-hour,Portugal,2005,325819.297,,
ESTAT:NRG_BAL_C(1.0),06/03/26 23:00:00,Annual,Gross available energy,Total,Gigawatt-hour,Portugal,2006,311117.344,,
ESTAT:NRG_BAL_C(1.0),06/03/26 23:00:00,Annual,Gross available energy,Total,Gigawatt-hour,Portugal,2007,310424.096,,
ESTAT:NRG_BAL_C(1.0),06/03/26 23:00:00,Annual,Gross available energy,Total,Gigawatt-hour,Portugal,2008,303737.693,,
ESTAT:NRG_BAL_C(1.0),06/03/26 23:00:00,Annual,Gross available energy,Total,Gigawatt-hour,Portugal,2009,298351.013,,
ESTAT:NRG_BAL_C(1.0),06/03/26 23:00:00,Annual,Gross available energy,Total,Gigawatt-hour,Portugal,2010,288910.327,,
ESTAT:NRG_BAL_C(1.0),06/03/26 23:00:00,Annual,Gross available energy,Total,Gigawatt-hour,Portugal,2011,282943.003,,
ESTAT:NRG_BAL_C(1.0),06/03/26 23:00:00,Annual,Gross available energy,Total,Gigawatt-hour,Portugal,2012,267095.609,,
ESTAT:NRG_BAL_C(1.0),06/03/26 23:00:00,Annual,Gross available energy,Total,Gigawatt-hour,Portugal,2013,267957.695,,
ESTAT:NRG_BAL_C(1.0),06/03/26 23:00:00,Annual,Gross available energy,Total,Gigawatt-hour,Portugal,2014,271218.258,,
ESTAT:NRG_BAL_C(1.0),06/03/26 23:00:00,Annual,Gross available energy,Total,Gigawatt-hour,Portugal,2015,281797.221,,
ESTAT:NRG_BAL_C(1.0),06/03/26 23:00:00,Annual,Gross available energy,Total,Gigawatt-hour,Portugal,2016,282423.862,,
ESTAT:NRG_BAL_C(1.0),06/03/26 23:00:00,Annual,Gross available energy,Total,Gigawatt-hour,Portugal,2017,295633.286,,
ESTAT:NRG_BAL_C(1.0),06/03/26 23:00:00,Annual,Gross available energy,Total,Gigawatt-hour,Portugal,2018,288925.243,,
ESTAT:NRG_BAL_C(1.0),06/03/26 23:00:00,Annual,Gross available energy,Total,Gigawatt-hour,Portugal,2019,289097.433,,
ESTAT:NRG_BAL_C(1.0),06/03/26 23:00:00,Annual,Gross available energy,Total,Gigawatt-hour,Portugal,2020,256868.162,,
ESTAT:NRG_BAL_C(1.0),06/03/26 23:00:00,Annual,Gross available energy,Total,Gigawatt-hour,Portugal,2021,258224.738,,
ESTAT:NRG_BAL_C(1.0),06/03/26 23:00:00,Annual,Gross available energy,Total,Gigawatt-hour,Portugal,2022,270851.632,,
ESTAT:NRG_BAL_C(1.0),06/03/26 23:00:00,Annual,Gross available energy,Total,Gigawatt-hour,Portugal,2023,263728.023,,
ESTAT:NRG_BAL_C(1.0),06/03/26 23:00:00,Annual,Gross available energy,Total,Gigawatt-hour,Portugal,2024,260171.325,,
ESTAT:NRG_BAL_C(1.0),06/03/26 23:00:00,Annual,Gross available energy,Total,Gigawatt-hour,Romania,2005,449921.541,,
ESTAT:NRG_BAL_C(1.0),06/03/26 23:00:00,Annual,Gross available energy,Total,Gigawatt-hour,Romania,2006,466339.695,,
ESTAT:NRG_BAL_C(1.0),06/03/26 23:00:00,Annual,Gross available energy,Total,Gigawatt-hour,Romania,2007,463337.028,,
ESTAT:NRG_BAL_C(1.0),06/03/26 23:00:00,Annual,Gross available energy,Total,Gigawatt-hour,Romania,2008,461587.113,,
ESTAT:NRG_BAL_C(1.0),06/03/26 23:00:00,Annual,Gross available energy,Total,Gigawatt-hour,Romania,2009,404810.154,,
ESTAT:NRG_BAL_C(1.0),06/03/26 23:00:00,Annual,Gross available energy,Total,Gigawatt-hour,Romania,2010,407293.559,,
ESTAT:NRG_BAL_C(1.0),06/03/26 23:00:00,Annual,Gross available energy,Total,Gigawatt-hour,Romania,2011,415895.954,,
ESTAT:NRG_BAL_C(1.0),06/03/26 23:00:00,Annual,Gross available energy,Total,Gigawatt-hour,Romania,2012,407035.537,,
ESTAT:NRG_BAL_C(1.0),06/03/26 23:00:00,Annual,Gross available energy,Total,Gigawatt-hour,Romania,2013,371106.544,,
ESTAT:NRG_BAL_C(1.0),06/03/26 23:00:00,Annual,Gross available energy,Total,Gigawatt-hour,Romania,2014,368268.790,,
ESTAT:NRG_BAL_C(1.0),06/03/26 23:00:00,Annual,Gross available energy,Total,Gigawatt-hour,Romania,2015,371201.087,,
ESTAT:NRG_BAL_C(1.0),06/03/26 23:00:00,Annual,Gross available energy,Total,Gigawatt-hour,Romania,2016,370140.671,,
ESTAT:NRG_BAL_C(1.0),06/03/26 23:00:00,Annual,Gross available energy,Total,Gigawatt-hour,Romania,2017,390331.798,,
ESTAT:NRG_BAL_C(1.0),06/03/26 23:00:00,Annual,Gross available energy,Total,Gigawatt-hour,Romania,2018,390887.076,,
ESTAT:NRG_BAL_C(1.0),06/03/26 23:00:00,Annual,Gross available energy,Total,Gigawatt-hour,Romania,2019,386574.228,,
ESTAT:NRG_BAL_C(1.0),06/03/26 23:00:00,Annual,Gross available energy,Total,Gigawatt-hour,Romania,2020,375241.363,,
ESTAT:NRG_BAL_C(1.0),06/03/26 23:00:00,Annual,Gross available energy,Total,Gigawatt-hour,Romania,2021,399199.559,,
ESTAT:NRG_BAL_C(1.0),06/03/26 23:00:00,Annual,Gross available energy,Total,Gigawatt-hour,Romania,2022,368350.011,,
ESTAT:NRG_BAL_C(1.0),06/03/26 23:00:00,Annual,Gross available energy,Total,Gigawatt-hour,Romania,2023,358115.740,,
ESTAT:NRG_BAL_C(1.0),06/03/26 23:00:00,Annual,Gross available energy,Total,Gigawatt-hour,Romania,2024,356603.648,,
ESTAT:NRG_BAL_C(1.0),06/03/26 23:00:00,Annual,Gross available energy,Total,Gigawatt-hour,Sweden,2005,620405.328,,
ESTAT:NRG_BAL_C(1.0),06/03/26 23:00:00,Annual,Gross available energy,Total,Gigawatt-hour,Sweden,2006,607050.799,,
ESTAT:NRG_BAL_C(1.0),06/03/26 23:00:00,Annual,Gross available energy,Total,Gigawatt-hour,Sweden,2007,603921.603,,
ESTAT:NRG_BAL_C(1.0),06/03/26 23:00:00,Annual,Gross available energy,Total,Gigawatt-hour,Sweden,2008,600578.498,,
ESTAT:NRG_BAL_C(1.0),06/03/26 23:00:00,Annual,Gross available energy,Total,Gigawatt-hour,Sweden,2009,545871.554,,
ESTAT:NRG_BAL_C(1.0),06/03/26 23:00:00,Annual,Gross available energy,Total,Gigawatt-hour,Sweden,2010,609613.727,,
ESTAT:NRG_BAL_C(1.0),06/03/26 23:00:00,Annual,Gross available energy,Total,Gigawatt-hour,Sweden,2011,611271.840,,
ESTAT:NRG_BAL_C(1.0),06/03/26 23:00:00,Annual,Gross available energy,Total,Gigawatt-hour,Sweden,2012,609386.257,,
ESTAT:NRG_BAL_C(1.0),06/03/26 23:00:00,Annual,Gross available energy,Total,Gigawatt-hour,Sweden,2013,598951.237,,
ESTAT:NRG_BAL_C(1.0),06/03/26 23:00:00,Annual,Gross available energy,Total,Gigawatt-hour,Sweden,2014,593601.003,,
ESTAT:NRG_BAL_C(1.0),06/03/26 23:00:00,Annual,Gross available energy,Total,Gigawatt-hour,Sweden,2015,568153.395,,
ESTAT:NRG_BAL_C(1.0),06/03/26 23:00:00,Annual,Gross available energy,Total,Gigawatt-hour,Sweden,2016,594263.768,,
ESTAT:NRG_BAL_C(1.0),06/03/26 23:00:00,Annual,Gross available energy,Total,Gigawatt-hour,Sweden,2017,612323.604,,
ESTAT:NRG_BAL_C(1.0),06/03/26 23:00:00,Annual,Gross available energy,Total,Gigawatt-hour,Sweden,2018,614617.338,,
ESTAT:NRG_BAL_C(1.0),06/03/26 23:00:00,Annual,Gross available energy,Total,Gigawatt-hour,Sweden,2019,602028.649,,
ESTAT:NRG_BAL_C(1.0),06/03/26 23:00:00,Annual,Gross available energy,Total,Gigawatt-hour,Sweden,2020,550581.824,,
ESTAT:NRG_BAL_C(1.0),06/03/26 23:00:00,Annual,Gross available energy,Total,Gigawatt-hour,Sweden,2021,578219.012,,
ESTAT:NRG_BAL_C(1.0),06/03/26 23:00:00,Annual,Gross available energy,Total,Gigawatt-hour,Sweden,2022,557271.474,,
ESTAT:NRG_BAL_C(1.0),06/03/26 23:00:00,Annual,Gross available energy,Total,Gigawatt-hour,Sweden,2023,546072.702,,
ESTAT:NRG_BAL_C(1.0),06/03/26 23:00:00,Annual,Gross available energy,Total,Gigawatt-hour,Sweden,2024,548771.428,,
ESTAT:NRG_BAL_C(1.0),06/03/26 23:00:00,Annual,Gross available energy,Total,Gigawatt-hour,Slovenia,2005,88204.984,,
ESTAT:NRG_BAL_C(1.0),06/03/26 23:00:00,Annual,Gross available energy,Total,Gigawatt-hour,Slovenia,2006,87718.675,,
ESTAT:NRG_BAL_C(1.0),06/03/26 23:00:00,Annual,Gross available energy,Total,Gigawatt-hour,Slovenia,2007,89019.084,,
ESTAT:NRG_BAL_C(1.0),06/03/26 23:00:00,Annual,Gross available energy,Total,Gigawatt-hour,Slovenia,2008,94015.144,,
ESTAT:NRG_BAL_C(1.0),06/03/26 23:00:00,Annual,Gross available energy,Total,Gigawatt-hour,Slovenia,2009,82522.577,,
ESTAT:NRG_BAL_C(1.0),06/03/26 23:00:00,Annual,Gross available energy,Total,Gigawatt-hour,Slovenia,2010,84576.727,,
ESTAT:NRG_BAL_C(1.0),06/03/26 23:00:00,Annual,Gross available energy,Total,Gigawatt-hour,Slovenia,2011,84569.957,,
ESTAT:NRG_BAL_C(1.0),06/03/26 23:00:00,Annual,Gross available energy,Total,Gigawatt-hour,Slovenia,2012,81539.614,,
ESTAT:NRG_BAL_C(1.0),06/03/26 23:00:00,Annual,Gross available energy,Total,Gigawatt-hour,Slovenia,2013,79569.150,,
ESTAT:NRG_BAL_C(1.0),06/03/26 23:00:00,Annual,Gross available energy,Total,Gigawatt-hour,Slovenia,2014,76883.408,,
ESTAT:NRG_BAL_C(1.0),06/03/26 23:00:00,Annual,Gross available energy,Total,Gigawatt-hour,Slovenia,2015,76403.475,,
ESTAT:NRG_BAL_C(1.0),06/03/26 23:00:00,Annual,Gross available energy,Total,Gigawatt-hour,Slovenia,2016,79574.230,,
ESTAT:NRG_BAL_C(1.0),06/03/26 23:00:00,Annual,Gross available energy,Total,Gigawatt-hour,Slovenia,2017,82240.613,,
ESTAT:NRG_BAL_C(1.0),06/03/26 23:00:00,Annual,Gross available energy,Total,Gigawatt-hour,Slovenia,2018,82373.749,,
ESTAT:NRG_BAL_C(1.0),06/03/26 23:00:00,Annual,Gross available energy,Total,Gigawatt-hour,Slovenia,2019,80643.310,,
ESTAT:NRG_BAL_C(1.0),06/03/26 23:00:00,Annual,Gross available energy,Total,Gigawatt-hour,Slovenia,2020,75097.138,,
ESTAT:NRG_BAL_C(1.0),06/03/26 23:00:00,Annual,Gross available energy,Total,Gigawatt-hour,Slovenia,2021,77139.249,,
ESTAT:NRG_BAL_C(1.0),06/03/26 23:00:00,Annual,Gross available energy,Total,Gigawatt-hour,Slovenia,2022,74146.064,,
ESTAT:NRG_BAL_C(1.0),06/03/26 23:00:00,Annual,Gross available energy,Total,Gigawatt-hour,Slovenia,2023,70719.806,,
ESTAT:NRG_BAL_C(1.0),06/03/26 23:00:00,Annual,Gross available energy,Total,Gigawatt-hour,Slovenia,2024,73441.081,,
ESTAT:NRG_BAL_C(1.0),06/03/26 23:00:00,Annual,Gross available energy,Total,Gigawatt-hour,Slovakia,2005,217468.644,,
ESTAT:NRG_BAL_C(1.0),06/03/26 23:00:00,Annual,Gross available energy,Total,Gigawatt-hour,Slovakia,2006,215627.949,,
ESTAT:NRG_BAL_C(1.0),06/03/26 23:00:00,Annual,Gross available energy,Total,Gigawatt-hour,Slovakia,2007,206504.363,,
ESTAT:NRG_BAL_C(1.0),06/03/26 23:00:00,Annual,Gross available energy,Total,Gigawatt-hour,Slovakia,2008,212393.463,,
ESTAT:NRG_BAL_C(1.0),06/03/26 23:00:00,Annual,Gross available energy,Total,Gigawatt-hour,Slovakia,2009,194106.947,,
ESTAT:NRG_BAL_C(1.0),06/03/26 23:00:00,Annual,Gross available energy,Total,Gigawatt-hour,Slovakia,2010,214320.042,,
ESTAT:NRG_BAL_C(1.0),06/03/26 23:00:00,Annual,Gross available energy,Total,Gigawatt-hour,Slovakia,2011,207770.665,,
ESTAT:NRG_BAL_C(1.0),06/03/26 23:00:00,Annual,Gross available energy,Total,Gigawatt-hour,Slovakia,2012,201217.944,,
ESTAT:NRG_BAL_C(1.0),06/03/26 23:00:00,Annual,Gross available energy,Total,Gigawatt-hour,Slovakia,2013,202970.160,,
ESTAT:NRG_BAL_C(1.0),06/03/26 23:00:00,Annual,Gross available energy,Total,Gigawatt-hour,Slovakia,2014,187601.505,,
ESTAT:NRG_BAL_C(1.0),06/03/26 23:00:00,Annual,Gross available energy,Total,Gigawatt-hour,Slovakia,2015,195971.046,,
ESTAT:NRG_BAL_C(1.0),06/03/26 23:00:00,Annual,Gross available energy,Total,Gigawatt-hour,Slovakia,2016,197754.384,,
ESTAT:NRG_BAL_C(1.0),06/03/26 23:00:00,Annual,Gross available energy,Total,Gigawatt-hour,Slovakia,2017,207983.163,,
ESTAT:NRG_BAL_C(1.0),06/03/26 23:00:00,Annual,Gross available energy,Total,Gigawatt-hour,Slovakia,2018,203921.389,,
ESTAT:NRG_BAL_C(1.0),06/03/26 23:00:00,Annual,Gross available energy,Total,Gigawatt-hour,Slovakia,2019,197922.388,,
ESTAT:NRG_BAL_C(1.0),06/03/26 23:00:00,Annual,Gross available energy,Total,Gigawatt-hour,Slovakia,2020,191274.169,,
ESTAT:NRG_BAL_C(1.0),06/03/26 23:00:00,Annual,Gross available energy,Total,Gigawatt-hour,Slovakia,2021,206930.882,,
ESTAT:NRG_BAL_C(1.0),06/03/26 23:00:00,Annual,Gross available energy,Total,Gigawatt-hour,Slovakia,2022,193367.417,,
ESTAT:NRG_BAL_C(1.0),06/03/26 23:00:00,Annual,Gross available energy,Total,Gigawatt-hour,Slovakia,2023,191185.320,,
ESTAT:NRG_BAL_C(1.0),06/03/26 23:00:00,Annual,Gross available energy,Total,Gigawatt-hour,Slovakia,2024,182936.069,,
ESTAT:NRG_BAL_C(1.0),06/03/26 23:00:00,Annual,Imports,Total,Gigawatt-hour,Austria,2005,334195.315,,
ESTAT:NRG_BAL_C(1.0),06/03/26 23:00:00,Annual,Imports,Total,Gigawatt-hour,Austria,2006,330282.635,,
ESTAT:NRG_BAL_C(1.0),06/03/26 23:00:00,Annual,Imports,Total,Gigawatt-hour,Austria,2007,317176.391,,
ESTAT:NRG_BAL_C(1.0),06/03/26 23:00:00,Annual,Imports,Total,Gigawatt-hour,Austria,2008,323384.300,,
ESTAT:NRG_BAL_C(1.0),06/03/26 23:00:00,Annual,Imports,Total,Gigawatt-hour,Austria,2009,296037.923,,
ESTAT:NRG_BAL_C(1.0),06/03/26 23:00:00,Annual,Imports,Total,Gigawatt-hour,Austria,2010,302444.038,,
ESTAT:NRG_BAL_C(1.0),06/03/26 23:00:00,Annual,Imports,Total,Gigawatt-hour,Austria,2011,322952.128,,
ESTAT:NRG_BAL_C(1.0),06/03/26 23:00:00,Annual,Imports,Total,Gigawatt-hour,Austria,2012,304362.953,,
ESTAT:NRG_BAL_C(1.0),06/03/26 23:00:00,Annual,Imports,Total,Gigawatt-hour,Austria,2013,294758.024,,
ESTAT:NRG_BAL_C(1.0),06/03/26 23:00:00,Annual,Imports,Total,Gigawatt-hour,Austria,2014,305130.863,,
ESTAT:NRG_BAL_C(1.0),06/03/26 23:00:00,Annual,Imports,Total,Gigawatt-hour,Austria,2015,295111.273,,
ESTAT:NRG_BAL_C(1.0),06/03/26 23:00:00,Annual,Imports,Total,Gigawatt-hour,Austria,2016,304551.683,,
ESTAT:NRG_BAL_C(1.0),06/03/26 23:00:00,Annual,Imports,Total,Gigawatt-hour,Austria,2017,320411.019,,
ESTAT:NRG_BAL_C(1.0),06/03/26 23:00:00,Annual,Imports,Total,Gigawatt-hour,Austria,2018,318399.078,,
ESTAT:NRG_BAL_C(1.0),06/03/26 23:00:00,Annual,Imports,Total,Gigawatt-hour,Austria,2019,355183.793,,
ESTAT:NRG_BAL_C(1.0),06/03/26 23:00:00,Annual,Imports,Total,Gigawatt-hour,Austria,2020,282997.635,,
ESTAT:NRG_BAL_C(1.0),06/03/26 23:00:00,Annual,Imports,Total,Gigawatt-hour,Austria,2021,269172.527,,
ESTAT:NRG_BAL_C(1.0),06/03/26 23:00:00,Annual,Imports,Total,Gigawatt-hour,Austria,2022,329897.740,,
ESTAT:NRG_BAL_C(1.0),06/03/26 23:00:00,Annual,Imports,Total,Gigawatt-hour,Austria,2023,282162.615,,
ESTAT:NRG_BAL_C(1.0),06/03/26 23:00:00,Annual,Imports,Total,Gigawatt-hour,Austria,2024,259404.911,,
ESTAT:NRG_BAL_C(1.0),06/03/26 23:00:00,Annual,Imports,Total,Gigawatt-hour,Belgium,2005,940196.969,,
ESTAT:NRG_BAL_C(1.0),06/03/26 23:00:00,Annual,Imports,Total,Gigawatt-hour,Belgium,2006,920136.390,,
ESTAT:NRG_BAL_C(1.0),06/03/26 23:00:00,Annual,Imports,Total,Gigawatt-hour,Belgium,2007,909854.227,,
ESTAT:NRG_BAL_C(1.0),06/03/26 23:00:00,Annual,Imports,Total,Gigawatt-hour,Belgium,2008,956881.753,,
ESTAT:NRG_BAL_C(1.0),06/03/26 23:00:00,Annual,Imports,Total,Gigawatt-hour,Belgium,2009,896471.885,,
ESTAT:NRG_BAL_C(1.0),06/03/26 23:00:00,Annual,Imports,Total,Gigawatt-hour,Belgium,2010,958788.965,,
ESTAT:NRG_BAL_C(1.0),06/03/26 23:00:00,Annual,Imports,Total,Gigawatt-hour,Belgium,2011,908642.252,,
ESTAT:NRG_BAL_C(1.0),06/03/26 23:00:00,Annual,Imports,Total,Gigawatt-hour,Belgium,2012,883612.074,,
ESTAT:NRG_BAL_C(1.0),06/03/26 23:00:00,Annual,Imports,Total,Gigawatt-hour,Belgium,2013,913002.201,,
ESTAT:NRG_BAL_C(1.0),06/03/26 23:00:00,Annual,Imports,Total,Gigawatt-hour,Belgium,2014,917598.060,,
ESTAT:NRG_BAL_C(1.0),06/03/26 23:00:00,Annual,Imports,Total,Gigawatt-hour,Belgium,2015,947631.021,,
ESTAT:NRG_BAL_C(1.0),06/03/26 23:00:00,Annual,Imports,Total,Gigawatt-hour,Belgium,2016,921435.101,,
ESTAT:NRG_BAL_C(1.0),06/03/26 23:00:00,Annual,Imports,Total,Gigawatt-hour,Belgium,2017,971075.362,,
ESTAT:NRG_BAL_C(1.0),06/03/26 23:00:00,Annual,Imports,Total,Gigawatt-hour,Belgium,2018,1020718.566,,
ESTAT:NRG_BAL_C(1.0),06/03/26 23:00:00,Annual,Imports,Total,Gigawatt-hour,Belgium,2019,1023188.512,,
ESTAT:NRG_BAL_C(1.0),06/03/26 23:00:00,Annual,Imports,Total,Gigawatt-hour,Belgium,2020,894695.557,,
ESTAT:NRG_BAL_C(1.0),06/03/26 23:00:00,Annual,Imports,Total,Gigawatt-hour,Belgium,2021,946166.457,,
ESTAT:NRG_BAL_C(1.0),06/03/26 23:00:00,Annual,Imports,Total,Gigawatt-hour,Belgium,2022,957239.577,,
ESTAT:NRG_BAL_C(1.0),06/03/26 23:00:00,Annual,Imports,Total,Gigawatt-hour,Belgium,2023,955044.170,,
ESTAT:NRG_BAL_C(1.0),06/03/26 23:00:00,Annual,Imports,Total,Gigawatt-hour,Belgium,2024,929600.441,,
ESTAT:NRG_BAL_C(1.0),06/03/26 23:00:00,Annual,Imports,Total,Gigawatt-hour,Bulgaria,2005,150449.050,,
ESTAT:NRG_BAL_C(1.0),06/03/26 23:00:00,Annual,Imports,Total,Gigawatt-hour,Bulgaria,2006,164107.291,,
ESTAT:NRG_BAL_C(1.0),06/03/26 23:00:00,Annual,Imports,Total,Gigawatt-hour,Bulgaria,2007,174034.298,,
ESTAT:NRG_BAL_C(1.0),06/03/26 23:00:00,Annual,Imports,Total,Gigawatt-hour,Bulgaria,2008,175396.110,,
ESTAT:NRG_BAL_C(1.0),06/03/26 23:00:00,Annual,Imports,Total,Gigawatt-hour,Bulgaria,2009,138859.889,,
ESTAT:NRG_BAL_C(1.0),06/03/26 23:00:00,Annual,Imports,Total,Gigawatt-hour,Bulgaria,2010,136552.894,,
ESTAT:NRG_BAL_C(1.0),06/03/26 23:00:00,Annual,Imports,Total,Gigawatt-hour,Bulgaria,2011,137788.764,,
ESTAT:NRG_BAL_C(1.0),06/03/26 23:00:00,Annual,Imports,Total,Gigawatt-hour,Bulgaria,2012,140071.199,,
ESTAT:NRG_BAL_C(1.0),06/03/26 23:00:00,Annual,Imports,Total,Gigawatt-hour,Bulgaria,2013,139582.317,,
ESTAT:NRG_BAL_C(1.0),06/03/26 23:00:00,Annual,Imports,Total,Gigawatt-hour,Bulgaria,2014,135911.462,,
ESTAT:NRG_BAL_C(1.0),06/03/26 23:00:00,Annual,Imports,Total,Gigawatt-hour,Bulgaria,2015,148494.978,,
ESTAT:NRG_BAL_C(1.0),06/03/26 23:00:00,Annual,Imports,Total,Gigawatt-hour,Bulgaria,2016,148480.117,,
ESTAT:NRG_BAL_C(1.0),06/03/26 23:00:00,Annual,Imports,Total,Gigawatt-hour,Bulgaria,2017,154661.849,,
ESTAT:NRG_BAL_C(1.0),06/03/26 23:00:00,Annual,Imports,Total,Gigawatt-hour,Bulgaria,2018,134872.856,,
ESTAT:NRG_BAL_C(1.0),06/03/26 23:00:00,Annual,Imports,Total,Gigawatt-hour,Bulgaria,2019,145976.423,,
ESTAT:NRG_BAL_C(1.0),06/03/26 23:00:00,Annual,Imports,Total,Gigawatt-hour,Bulgaria,2020,122277.536,,
ESTAT:NRG_BAL_C(1.0),06/03/26 23:00:00,Annual,Imports,Total,Gigawatt-hour,Bulgaria,2021,117522.344,,
ESTAT:NRG_BAL_C(1.0),06/03/26 23:00:00,Annual,Imports,Total,Gigawatt-hour,Bulgaria,2022,149715.989,,
ESTAT:NRG_BAL_C(1.0),06/03/26 23:00:00,Annual,Imports,Total,Gigawatt-hour,Bulgaria,2023,131666.236,,
ESTAT:NRG_BAL_C(1.0),06/03/26 23:00:00,Annual,Imports,Total,Gigawatt-hour,Bulgaria,2024,138283.259,,
ESTAT:NRG_BAL_C(1.0),06/03/26 23:00:00,Annual,Imports,Total,Gigawatt-hour,Cyprus,2005,33206.917,,
ESTAT:NRG_BAL_C(1.0),06/03/26 23:00:00,Annual,Imports,Total,Gigawatt-hour,Cyprus,2006,35059.769,,
ESTAT:NRG_BAL_C(1.0),06/03/26 23:00:00,Annual,Imports,Total,Gigawatt-hour,Cyprus,2007,33885.040,,
ESTAT:NRG_BAL_C(1.0),06/03/26 23:00:00,Annual,Imports,Total,Gigawatt-hour,Cyprus,2008,35956.734,,
ESTAT:NRG_BAL_C(1.0),06/03/26 23:00:00,Annual,Imports,Total,Gigawatt-hour,Cyprus,2009,34251.220,,
ESTAT:NRG_BAL_C(1.0),06/03/26 23:00:00,Annual,Imports,Total,Gigawatt-hour,Cyprus,2010,34469.736,,
ESTAT:NRG_BAL_C(1.0),06/03/26 23:00:00,Annual,Imports,Total,Gigawatt-hour,Cyprus,2011,31226.690,,
ESTAT:NRG_BAL_C(1.0),06/03/26 23:00:00,Annual,Imports,Total,Gigawatt-hour,Cyprus,2012,30782.804,,
ESTAT:NRG_BAL_C(1.0),06/03/26 23:00:00,Annual,Imports,Total,Gigawatt-hour,Cyprus,2013,27266.958,,
ESTAT:NRG_BAL_C(1.0),06/03/26 23:00:00,Annual,Imports,Total,Gigawatt-hour,Cyprus,2014,26816.988,,
ESTAT:NRG_BAL_C(1.0),06/03/26 23:00:00,Annual,Imports,Total,Gigawatt-hour,Cyprus,2015,29050.956,,
ESTAT:NRG_BAL_C(1.0),06/03/26 23:00:00,Annual,Imports,Total,Gigawatt-hour,Cyprus,2016,30856.297,,
ESTAT:NRG_BAL_C(1.0),06/03/26 23:00:00,Annual,Imports,Total,Gigawatt-hour,Cyprus,2017,31536.554,,
ESTAT:NRG_BAL_C(1.0),06/03/26 23:00:00,Annual,Imports,Total,Gigawatt-hour,Cyprus,2018,31220.743,,
ESTAT:NRG_BAL_C(1.0),06/03/26 23:00:00,Annual,Imports,Total,Gigawatt-hour,Cyprus,2019,31333.486,,
ESTAT:NRG_BAL_C(1.0),06/03/26 23:00:00,Annual,Imports,Total,Gigawatt-hour,Cyprus,2020,27726.446,,
ESTAT:NRG_BAL_C(1.0),06/03/26 23:00:00,Annual,Imports,Total,Gigawatt-hour,Cyprus,2021,28108.694,,
ESTAT:NRG_BAL_C(1.0),06/03/26 23:00:00,Annual,Imports,Total,Gigawatt-hour,Cyprus,2022,30807.019,,
ESTAT:NRG_BAL_C(1.0),06/03/26 23:00:00,Annual,Imports,Total,Gigawatt-hour,Cyprus,2023,30504.649,,
ESTAT:NRG_BAL_C(1.0),06/03/26 23:00:00,Annual,Imports,Total,Gigawatt-hour,Cyprus,2024,30293.529,,
ESTAT:NRG_BAL_C(1.0),06/03/26 23:00:00,Annual,Imports,Total,Gigawatt-hour,Czechia,2005,244231.029,,
ESTAT:NRG_BAL_C(1.0),06/03/26 23:00:00,Annual,Imports,Total,Gigawatt-hour,Czechia,2006,254077.167,,
ESTAT:NRG_BAL_C(1.0),06/03/26 23:00:00,Annual,Imports,Total,Gigawatt-hour,Czechia,2007,240691.032,,
ESTAT:NRG_BAL_C(1.0),06/03/26 23:00:00,Annual,Imports,Total,Gigawatt-hour,Czechia,2008,246270.308,,
ESTAT:NRG_BAL_C(1.0),06/03/26 23:00:00,Annual,Imports,Total,Gigawatt-hour,Czechia,2009,235560.061,,
ESTAT:NRG_BAL_C(1.0),06/03/26 23:00:00,Annual,Imports,Total,Gigawatt-hour,Czechia,2010,240023.883,,
ESTAT:NRG_BAL_C(1.0),06/03/26 23:00:00,Annual,Imports,Total,Gigawatt-hour,Czechia,2011,248569.671,,
ESTAT:NRG_BAL_C(1.0),06/03/26 23:00:00,Annual,Imports,Total,Gigawatt-hour,Czechia,2012,228579.554,,
ESTAT:NRG_BAL_C(1.0),06/03/26 23:00:00,Annual,Imports,Total,Gigawatt-hour,Czechia,2013,236570.423,,
ESTAT:NRG_BAL_C(1.0),06/03/26 23:00:00,Annual,Imports,Total,Gigawatt-hour,Czechia,2014,245222.519,,
ESTAT:NRG_BAL_C(1.0),06/03/26 23:00:00,Annual,Imports,Total,Gigawatt-hour,Czechia,2015,254962.328,,
ESTAT:NRG_BAL_C(1.0),06/03/26 23:00:00,Annual,Imports,Total,Gigawatt-hour,Czechia,2016,251299.688,,
ESTAT:NRG_BAL_C(1.0),06/03/26 23:00:00,Annual,Imports,Total,Gigawatt-hour,Czechia,2017,277827.385,,
ESTAT:NRG_BAL_C(1.0),06/03/26 23:00:00,Annual,Imports,Total,Gigawatt-hour,Czechia,2018,268454.683,,
ESTAT:NRG_BAL_C(1.0),06/03/26 23:00:00,Annual,Imports,Total,Gigawatt-hour,Czechia,2019,278897.085,,
ESTAT:NRG_BAL_C(1.0),06/03/26 23:00:00,Annual,Imports,Total,Gigawatt-hour,Czechia,2020,246160.611,,
ESTAT:NRG_BAL_C(1.0),06/03/26 23:00:00,Annual,Imports,Total,Gigawatt-hour,Czechia,2021,276824.573,,
ESTAT:NRG_BAL_C(1.0),06/03/26 23:00:00,Annual,Imports,Total,Gigawatt-hour,Czechia,2022,279094.612,,
ESTAT:NRG_BAL_C(1.0),06/03/26 23:00:00,Annual,Imports,Total,Gigawatt-hour,Czechia,2023,252493.614,,
ESTAT:NRG_BAL_C(1.0),06/03/26 23:00:00,Annual,Imports,Total,Gigawatt-hour,Czechia,2024,237067.604,,
ESTAT:NRG_BAL_C(1.0),06/03/26 23:00:00,Annual,Imports,Total,Gigawatt-hour,Germany,2005,3050647.357,,
ESTAT:NRG_BAL_C(1.0),06/03/26 23:00:00,Annual,Imports,Total,Gigawatt-hour,Germany,2006,3110075.445,,
ESTAT:NRG_BAL_C(1.0),06/03/26 23:00:00,Annual,Imports,Total,Gigawatt-hour,Germany,2007,2903247.880,,
ESTAT:NRG_BAL_C(1.0),06/03/26 23:00:00,Annual,Imports,Total,Gigawatt-hour,Germany,2008,2981368.570,,
ESTAT:NRG_BAL_C(1.0),06/03/26 23:00:00,Annual,Imports,Total,Gigawatt-hour,Germany,2009,2770926.737,,
ESTAT:NRG_BAL_C(1.0),06/03/26 23:00:00,Annual,Imports,Total,Gigawatt-hour,Germany,2010,2884973.084,,
ESTAT:NRG_BAL_C(1.0),06/03/26 23:00:00,Annual,Imports,Total,Gigawatt-hour,Germany,2011,2799378.904,,
ESTAT:NRG_BAL_C(1.0),06/03/26 23:00:00,Annual,Imports,Total,Gigawatt-hour,Germany,2012,2805300.594,,
ESTAT:NRG_BAL_C(1.0),06/03/26 23:00:00,Annual,Imports,Total,Gigawatt-hour,Germany,2013,2972825.412,,
ESTAT:NRG_BAL_C(1.0),06/03/26 23:00:00,Annual,Imports,Total,Gigawatt-hour,Germany,2014,2874040.337,,
ESTAT:NRG_BAL_C(1.0),06/03/26 23:00:00,Annual,Imports,Total,Gigawatt-hour,Germany,2015,3019584.937,,
ESTAT:NRG_BAL_C(1.0),06/03/26 23:00:00,Annual,Imports,Total,Gigawatt-hour,Germany,2016,3000311.297,,
ESTAT:NRG_BAL_C(1.0),06/03/26 23:00:00,Annual,Imports,Total,Gigawatt-hour,Germany,2017,3115981.413,,
ESTAT:NRG_BAL_C(1.0),06/03/26 23:00:00,Annual,Imports,Total,Gigawatt-hour,Germany,2018,2724407.814,,
ESTAT:NRG_BAL_C(1.0),06/03/26 23:00:00,Annual,Imports,Total,Gigawatt-hour,Germany,2019,2788984.414,,
ESTAT:NRG_BAL_C(1.0),06/03/26 23:00:00,Annual,Imports,Total,Gigawatt-hour,Germany,2020,2494739.480,,
ESTAT:NRG_BAL_C(1.0),06/03/26 23:00:00,Annual,Imports,Total,Gigawatt-hour,Germany,2021,2612994.790,,
ESTAT:NRG_BAL_C(1.0),06/03/26 23:00:00,Annual,Imports,Total,Gigawatt-hour,Germany,2022,2713918.791,,
ESTAT:NRG_BAL_C(1.0),06/03/26 23:00:00,Annual,Imports,Total,Gigawatt-hour,Germany,2023,2387697.017,,
ESTAT:NRG_BAL_C(1.0),06/03/26 23:00:00,Annual,Imports,Total,Gigawatt-hour,Germany,2024,2406344.916,,
ESTAT:NRG_BAL_C(1.0),06/03/26 23:00:00,Annual,Imports,Total,Gigawatt-hour,Denmark,2005,161913.136,,
ESTAT:NRG_BAL_C(1.0),06/03/26 23:00:00,Annual,Imports,Total,Gigawatt-hour,Denmark,2006,170201.894,,
ESTAT:NRG_BAL_C(1.0),06/03/26 23:00:00,Annual,Imports,Total,Gigawatt-hour,Denmark,2007,166208.208,,
ESTAT:NRG_BAL_C(1.0),06/03/26 23:00:00,Annual,Imports,Total,Gigawatt-hour,Denmark,2008,183588.730,,
ESTAT:NRG_BAL_C(1.0),06/03/26 23:00:00,Annual,Imports,Total,Gigawatt-hour,Denmark,2009,170442.518,,
ESTAT:NRG_BAL_C(1.0),06/03/26 23:00:00,Annual,Imports,Total,Gigawatt-hour,Denmark,2010,164496.652,,
ESTAT:NRG_BAL_C(1.0),06/03/26 23:00:00,Annual,Imports,Total,Gigawatt-hour,Denmark,2011,184544.689,,
ESTAT:NRG_BAL_C(1.0),06/03/26 23:00:00,Annual,Imports,Total,Gigawatt-hour,Denmark,2012,183676.916,,
ESTAT:NRG_BAL_C(1.0),06/03/26 23:00:00,Annual,Imports,Total,Gigawatt-hour,Denmark,2013,218431.757,,
ESTAT:NRG_BAL_C(1.0),06/03/26 23:00:00,Annual,Imports,Total,Gigawatt-hour,Denmark,2014,205129.079,,
ESTAT:NRG_BAL_C(1.0),06/03/26 23:00:00,Annual,Imports,Total,Gigawatt-hour,Denmark,2015,218781.409,,
ESTAT:NRG_BAL_C(1.0),06/03/26 23:00:00,Annual,Imports,Total,Gigawatt-hour,Denmark,2016,212156.416,,
ESTAT:NRG_BAL_C(1.0),06/03/26 23:00:00,Annual,Imports,Total,Gigawatt-hour,Denmark,2017,186828.975,,
ESTAT:NRG_BAL_C(1.0),06/03/26 23:00:00,Annual,Imports,Total,Gigawatt-hour,Denmark,2018,186798.498,,
ESTAT:NRG_BAL_C(1.0),06/03/26 23:00:00,Annual,Imports,Total,Gigawatt-hour,Denmark,2019,210151.328,,
ESTAT:NRG_BAL_C(1.0),06/03/26 23:00:00,Annual,Imports,Total,Gigawatt-hour,Denmark,2020,211777.242,,
ESTAT:NRG_BAL_C(1.0),06/03/26 23:00:00,Annual,Imports,Total,Gigawatt-hour,Denmark,2021,196732.934,,
ESTAT:NRG_BAL_C(1.0),06/03/26 23:00:00,Annual,Imports,Total,Gigawatt-hour,Denmark,2022,203070.019,,
ESTAT:NRG_BAL_C(1.0),06/03/26 23:00:00,Annual,Imports,Total,Gigawatt-hour,Denmark,2023,255115.256,,
ESTAT:NRG_BAL_C(1.0),06/03/26 23:00:00,Annual,Imports,Total,Gigawatt-hour,Denmark,2024,255331.725,,
ESTAT:NRG_BAL_C(1.0),06/03/26 23:00:00,Annual,Imports,Total,Gigawatt-hour,Estonia,2005,23807.256,,
ESTAT:NRG_BAL_C(1.0),06/03/26 23:00:00,Annual,Imports,Total,Gigawatt-hour,Estonia,2006,25904.419,,
ESTAT:NRG_BAL_C(1.0),06/03/26 23:00:00,Annual,Imports,Total,Gigawatt-hour,Estonia,2007,28113.915,,
ESTAT:NRG_BAL_C(1.0),06/03/26 23:00:00,Annual,Imports,Total,Gigawatt-hour,Estonia,2008,26015.382,,
ESTAT:NRG_BAL_C(1.0),06/03/26 23:00:00,Annual,Imports,Total,Gigawatt-hour,Estonia,2009,23896.638,,
ESTAT:NRG_BAL_C(1.0),06/03/26 23:00:00,Annual,Imports,Total,Gigawatt-hour,Estonia,2010,21599.466,,
ESTAT:NRG_BAL_C(1.0),06/03/26 23:00:00,Annual,Imports,Total,Gigawatt-hour,Estonia,2011,21625.333,,
ESTAT:NRG_BAL_C(1.0),06/03/26 23:00:00,Annual,Imports,Total,Gigawatt-hour,Estonia,2012,35988.468,,
ESTAT:NRG_BAL_C(1.0),06/03/26 23:00:00,Annual,Imports,Total,Gigawatt-hour,Estonia,2013,29145.741,,
ESTAT:NRG_BAL_C(1.0),06/03/26 23:00:00,Annual,Imports,Total,Gigawatt-hour,Estonia,2014,31721.933,,
ESTAT:NRG_BAL_C(1.0),06/03/26 23:00:00,Annual,Imports,Total,Gigawatt-hour,Estonia,2015,30000.686,,
ESTAT:NRG_BAL_C(1.0),06/03/26 23:00:00,Annual,Imports,Total,Gigawatt-hour,Estonia,2016,30174.742,,
ESTAT:NRG_BAL_C(1.0),06/03/26 23:00:00,Annual,Imports,Total,Gigawatt-hour,Estonia,2017,29769.554,,
ESTAT:NRG_BAL_C(1.0),06/03/26 23:00:00,Annual,Imports,Total,Gigawatt-hour,Estonia,2018,32620.756,,
ESTAT:NRG_BAL_C(1.0),06/03/26 23:00:00,Annual,Imports,Total,Gigawatt-hour,Estonia,2019,31938.589,,
ESTAT:NRG_BAL_C(1.0),06/03/26 23:00:00,Annual,Imports,Total,Gigawatt-hour,Estonia,2020,38268.995,,
ESTAT:NRG_BAL_C(1.0),06/03/26 23:00:00,Annual,Imports,Total,Gigawatt-hour,Estonia,2021,36671.306,,
ESTAT:NRG_BAL_C(1.0),06/03/26 23:00:00,Annual,Imports,Total,Gigawatt-hour,Estonia,2022,31514.491,,
ESTAT:NRG_BAL_C(1.0),06/03/26 23:00:00,Annual,Imports,Total,Gigawatt-hour,Estonia,2023,27558.403,,
ESTAT:NRG_BAL_C(1.0),06/03/26 23:00:00,Annual,Imports,Total,Gigawatt-hour,Estonia,2024,26063.455,,
ESTAT:NRG_BAL_C(1.0),06/03/26 23:00:00,Annual,Imports,Total,Gigawatt-hour,Greece,2005,340729.167,,
ESTAT:NRG_BAL_C(1.0),06/03/26 23:00:00,Annual,Imports,Total,Gigawatt-hour,Greece,2006,369840.892,,
ESTAT:NRG_BAL_C(1.0),06/03/26 23:00:00,Annual,Imports,Total,Gigawatt-hour,Greece,2007,373291.852,,
ESTAT:NRG_BAL_C(1.0),06/03/26 23:00:00,Annual,Imports,Total,Gigawatt-hour,Greece,2008,382066.823,,
ESTAT:NRG_BAL_C(1.0),06/03/26 23:00:00,Annual,Imports,Total,Gigawatt-hour,Greece,2009,364028.737,,
ESTAT:NRG_BAL_C(1.0),06/03/26 23:00:00,Annual,Imports,Total,Gigawatt-hour,Greece,2010,362083.387,,
ESTAT:NRG_BAL_C(1.0),06/03/26 23:00:00,Annual,Imports,Total,Gigawatt-hour,Greece,2011,344208.786,,
ESTAT:NRG_BAL_C(1.0),06/03/26 23:00:00,Annual,Imports,Total,Gigawatt-hour,Greece,2012,376098.258,,
ESTAT:NRG_BAL_C(1.0),06/03/26 23:00:00,Annual,Imports,Total,Gigawatt-hour,Greece,2013,358100.212,,
ESTAT:NRG_BAL_C(1.0),06/03/26 23:00:00,Annual,Imports,Total,Gigawatt-hour,Greece,2014,379697.472,,
ESTAT:NRG_BAL_C(1.0),06/03/26 23:00:00,Annual,Imports,Total,Gigawatt-hour,Greece,2015,405350.814,,
ESTAT:NRG_BAL_C(1.0),06/03/26 23:00:00,Annual,Imports,Total,Gigawatt-hour,Greece,2016,429766.096,,
ESTAT:NRG_BAL_C(1.0),06/03/26 23:00:00,Annual,Imports,Total,Gigawatt-hour,Greece,2017,446215.406,,
ESTAT:NRG_BAL_C(1.0),06/03/26 23:00:00,Annual,Imports,Total,Gigawatt-hour,Greece,2018,453008.954,,
ESTAT:NRG_BAL_C(1.0),06/03/26 23:00:00,Annual,Imports,Total,Gigawatt-hour,Greece,2019,441895.510,,
ESTAT:NRG_BAL_C(1.0),06/03/26 23:00:00,Annual,Imports,Total,Gigawatt-hour,Greece,2020,432472.048,,
ESTAT:NRG_BAL_C(1.0),06/03/26 23:00:00,Annual,Imports,Total,Gigawatt-hour,Greece,2021,450752.935,,
ESTAT:NRG_BAL_C(1.0),06/03/26 23:00:00,Annual,Imports,Total,Gigawatt-hour,Greece,2022,437322.169,,
ESTAT:NRG_BAL_C(1.0),06/03/26 23:00:00,Annual,Imports,Total,Gigawatt-hour,Greece,2023,419674.285,,
ESTAT:NRG_BAL_C(1.0),06/03/26 23:00:00,Annual,Imports,Total,Gigawatt-hour,Greece,2024,430303.554,,
ESTAT:NRG_BAL_C(1.0),06/03/26 23:00:00,Annual,Imports,Total,Gigawatt-hour,Spain,2005,1559525.728,,
ESTAT:NRG_BAL_C(1.0),06/03/26 23:00:00,Annual,Imports,Total,Gigawatt-hour,Spain,2006,1582707.261,,
ESTAT:NRG_BAL_C(1.0),06/03/26 23:00:00,Annual,Imports,Total,Gigawatt-hour,Spain,2007,1593478.963,,
ESTAT:NRG_BAL_C(1.0),06/03/26 23:00:00,Annual,Imports,Total,Gigawatt-hour,Spain,2008,1583532.478,,
ESTAT:NRG_BAL_C(1.0),06/03/26 23:00:00,Annual,Imports,Total,Gigawatt-hour,Spain,2009,1454547.391,,
ESTAT:NRG_BAL_C(1.0),06/03/26 23:00:00,Annual,Imports,Total,Gigawatt-hour,Spain,2010,1418435.278,,
ESTAT:NRG_BAL_C(1.0),06/03/26 23:00:00,Annual,Imports,Total,Gigawatt-hour,Spain,2011,1420821.578,,
ESTAT:NRG_BAL_C(1.0),06/03/26 23:00:00,Annual,Imports,Total,Gigawatt-hour,Spain,2012,1459735.428,,
ESTAT:NRG_BAL_C(1.0),06/03/26 23:00:00,Annual,Imports,Total,Gigawatt-hour,Spain,2013,1389506.486,,
ESTAT:NRG_BAL_C(1.0),06/03/26 23:00:00,Annual,Imports,Total,Gigawatt-hour,Spain,2014,1437865.547,,
ESTAT:NRG_BAL_C(1.0),06/03/26 23:00:00,Annual,Imports,Total,Gigawatt-hour,Spain,2015,1455647.246,,
ESTAT:NRG_BAL_C(1.0),06/03/26 23:00:00,Annual,Imports,Total,Gigawatt-hour,Spain,2016,1453046.465,,
ESTAT:NRG_BAL_C(1.0),06/03/26 23:00:00,Annual,Imports,Total,Gigawatt-hour,Spain,2017,1560563.279,,
ESTAT:NRG_BAL_C(1.0),06/03/26 23:00:00,Annual,Imports,Total,Gigawatt-hour,Spain,2018,1543740.615,,
ESTAT:NRG_BAL_C(1.0),06/03/26 23:00:00,Annual,Imports,Total,Gigawatt-hour,Spain,2019,1511522.342,,
ESTAT:NRG_BAL_C(1.0),06/03/26 23:00:00,Annual,Imports,Total,Gigawatt-hour,Spain,2020,1269698.168,,
ESTAT:NRG_BAL_C(1.0),06/03/26 23:00:00,Annual,Imports,Total,Gigawatt-hour,Spain,2021,1359411.365,,
ESTAT:NRG_BAL_C(1.0),06/03/26 23:00:00,Annual,Imports,Total,Gigawatt-hour,Spain,2022,1476680.785,,
ESTAT:NRG_BAL_C(1.0),06/03/26 23:00:00,Annual,Imports,Total,Gigawatt-hour,Spain,2023,1392833.545,,
ESTAT:NRG_BAL_C(1.0),06/03/26 23:00:00,Annual,Imports,Total,Gigawatt-hour,Spain,2024,1372123.235,,
ESTAT:NRG_BAL_C(1.0),06/03/26 23:00:00,Annual,Imports,Total,Gigawatt-hour,Finland,2005,285537.577,,
ESTAT:NRG_BAL_C(1.0),06/03/26 23:00:00,Annual,Imports,Total,Gigawatt-hour,Finland,2006,311514.483,,
ESTAT:NRG_BAL_C(1.0),06/03/26 23:00:00,Annual,Imports,Total,Gigawatt-hour,Finland,2007,313837.739,,
ESTAT:NRG_BAL_C(1.0),06/03/26 23:00:00,Annual,Imports,Total,Gigawatt-hour,Finland,2008,315009.801,,
ESTAT:NRG_BAL_C(1.0),06/03/26 23:00:00,Annual,Imports,Total,Gigawatt-hour,Finland,2009,299911.332,,
ESTAT:NRG_BAL_C(1.0),06/03/26 23:00:00,Annual,Imports,Total,Gigawatt-hour,Finland,2010,298492.609,,
ESTAT:NRG_BAL_C(1.0),06/03/26 23:00:00,Annual,Imports,Total,Gigawatt-hour,Finland,2011,315097.844,,
ESTAT:NRG_BAL_C(1.0),06/03/26 23:00:00,Annual,Imports,Total,Gigawatt-hour,Finland,2012,283010.779,,
ESTAT:NRG_BAL_C(1.0),06/03/26 23:00:00,Annual,Imports,Total,Gigawatt-hour,Finland,2013,308904.834,,
ESTAT:NRG_BAL_C(1.0),06/03/26 23:00:00,Annual,Imports,Total,Gigawatt-hour,Finland,2014,309316.780,,
ESTAT:NRG_BAL_C(1.0),06/03/26 23:00:00,Annual,Imports,Total,Gigawatt-hour,Finland,2015,271590.755,,
ESTAT:NRG_BAL_C(1.0),06/03/26 23:00:00,Annual,Imports,Total,Gigawatt-hour,Finland,2016,294862.010,,
ESTAT:NRG_BAL_C(1.0),06/03/26 23:00:00,Annual,Imports,Total,Gigawatt-hour,Finland,2017,286524.425,,
ESTAT:NRG_BAL_C(1.0),06/03/26 23:00:00,Annual,Imports,Total,Gigawatt-hour,Finland,2018,293985.820,,
ESTAT:NRG_BAL_C(1.0),06/03/26 23:00:00,Annual,Imports,Total,Gigawatt-hour,Finland,2019,291393.306,,
ESTAT:NRG_BAL_C(1.0),06/03/26 23:00:00,Annual,Imports,Total,Gigawatt-hour,Finland,2020,274644.182,,
ESTAT:NRG_BAL_C(1.0),06/03/26 23:00:00,Annual,Imports,Total,Gigawatt-hour,Finland,2021,235078.714,,
ESTAT:NRG_BAL_C(1.0),06/03/26 23:00:00,Annual,Imports,Total,Gigawatt-hour,Finland,2022,258510.009,,
ESTAT:NRG_BAL_C(1.0),06/03/26 23:00:00,Annual,Imports,Total,Gigawatt-hour,Finland,2023,222235.938,,
ESTAT:NRG_BAL_C(1.0),06/03/26 23:00:00,Annual,Imports,Total,Gigawatt-hour,Finland,2024,219039.775,,
ESTAT:NRG_BAL_C(1.0),06/03/26 23:00:00,Annual,Imports,Total,Gigawatt-hour,France,2005,2089455.646,,
ESTAT:NRG_BAL_C(1.0),06/03/26 23:00:00,Annual,Imports,Total,Gigawatt-hour,France,2006,2063934.383,,
ESTAT:NRG_BAL_C(1.0),06/03/26 23:00:00,Annual,Imports,Total,Gigawatt-hour,France,2007,1993627.701,,
ESTAT:NRG_BAL_C(1.0),06/03/26 23:00:00,Annual,Imports,Total,Gigawatt-hour,France,2008,2064522.620,,
ESTAT:NRG_BAL_C(1.0),06/03/26 23:00:00,Annual,Imports,Total,Gigawatt-hour,France,2009,1928356.065,,
ESTAT:NRG_BAL_C(1.0),06/03/26 23:00:00,Annual,Imports,Total,Gigawatt-hour,France,2010,1893079.610,,
ESTAT:NRG_BAL_C(1.0),06/03/26 23:00:00,Annual,Imports,Total,Gigawatt-hour,France,2011,1916287.183,,
ESTAT:NRG_BAL_C(1.0),06/03/26 23:00:00,Annual,Imports,Total,Gigawatt-hour,France,2012,1856771.856,,
ESTAT:NRG_BAL_C(1.0),06/03/26 23:00:00,Annual,Imports,Total,Gigawatt-hour,France,2013,1840858.094,,
ESTAT:NRG_BAL_C(1.0),06/03/26 23:00:00,Annual,Imports,Total,Gigawatt-hour,France,2014,1739498.091,,
ESTAT:NRG_BAL_C(1.0),06/03/26 23:00:00,Annual,Imports,Total,Gigawatt-hour,France,2015,1764647.970,,
ESTAT:NRG_BAL_C(1.0),06/03/26 23:00:00,Annual,Imports,Total,Gigawatt-hour,France,2016,1746915.047,,
ESTAT:NRG_BAL_C(1.0),06/03/26 23:00:00,Annual,Imports,Total,Gigawatt-hour,France,2017,1810674.035,,
ESTAT:NRG_BAL_C(1.0),06/03/26 23:00:00,Annual,Imports,Total,Gigawatt-hour,France,2018,1757790.113,,
ESTAT:NRG_BAL_C(1.0),06/03/26 23:00:00,Annual,Imports,Total,Gigawatt-hour,France,2019,1786207.943,,
ESTAT:NRG_BAL_C(1.0),06/03/26 23:00:00,Annual,Imports,Total,Gigawatt-hour,France,2020,1470047.922,,
ESTAT:NRG_BAL_C(1.0),06/03/26 23:00:00,Annual,Imports,Total,Gigawatt-hour,France,2021,1529142.899,,
ESTAT:NRG_BAL_C(1.0),06/03/26 23:00:00,Annual,Imports,Total,Gigawatt-hour,France,2022,1696318.579,,
ESTAT:NRG_BAL_C(1.0),06/03/26 23:00:00,Annual,Imports,Total,Gigawatt-hour,France,2023,1570307.033,,
ESTAT:NRG_BAL_C(1.0),06/03/26 23:00:00,Annual,Imports,Total,Gigawatt-hour,France,2024,1505719.169,,
ESTAT:NRG_BAL_C(1.0),06/03/26 23:00:00,Annual,Imports,Total,Gigawatt-hour,Croatia,2005,91110.497,,
ESTAT:NRG_BAL_C(1.0),06/03/26 23:00:00,Annual,Imports,Total,Gigawatt-hour,Croatia,2006,90353.341,,
ESTAT:NRG_BAL_C(1.0),06/03/26 23:00:00,Annual,Imports,Total,Gigawatt-hour,Croatia,2007,95023.572,,
ESTAT:NRG_BAL_C(1.0),06/03/26 23:00:00,Annual,Imports,Total,Gigawatt-hour,Croatia,2008,97577.544,,
ESTAT:NRG_BAL_C(1.0),06/03/26 23:00:00,Annual,Imports,Total,Gigawatt-hour,Croatia,2009,89151.771,,
ESTAT:NRG_BAL_C(1.0),06/03/26 23:00:00,Annual,Imports,Total,Gigawatt-hour,Croatia,2010,88549.571,,
ESTAT:NRG_BAL_C(1.0),06/03/26 23:00:00,Annual,Imports,Total,Gigawatt-hour,Croatia,2011,83781.453,,
ESTAT:NRG_BAL_C(1.0),06/03/26 23:00:00,Annual,Imports,Total,Gigawatt-hour,Croatia,2012,79706.906,,
ESTAT:NRG_BAL_C(1.0),06/03/26 23:00:00,Annual,Imports,Total,Gigawatt-hour,Croatia,2013,79309.003,,
ESTAT:NRG_BAL_C(1.0),06/03/26 23:00:00,Annual,Imports,Total,Gigawatt-hour,Croatia,2014,74721.409,,
ESTAT:NRG_BAL_C(1.0),06/03/26 23:00:00,Annual,Imports,Total,Gigawatt-hour,Croatia,2015,83688.976,,
ESTAT:NRG_BAL_C(1.0),06/03/26 23:00:00,Annual,Imports,Total,Gigawatt-hour,Croatia,2016,87265.114,,
ESTAT:NRG_BAL_C(1.0),06/03/26 23:00:00,Annual,Imports,Total,Gigawatt-hour,Croatia,2017,95528.089,,
ESTAT:NRG_BAL_C(1.0),06/03/26 23:00:00,Annual,Imports,Total,Gigawatt-hour,Croatia,2018,93563.326,,
ESTAT:NRG_BAL_C(1.0),06/03/26 23:00:00,Annual,Imports,Total,Gigawatt-hour,Croatia,2019,93677.044,,
ESTAT:NRG_BAL_C(1.0),06/03/26 23:00:00,Annual,Imports,Total,Gigawatt-hour,Croatia,2020,88881.344,,
ESTAT:NRG_BAL_C(1.0),06/03/26 23:00:00,Annual,Imports,Total,Gigawatt-hour,Croatia,2021,93963.117,,
ESTAT:NRG_BAL_C(1.0),06/03/26 23:00:00,Annual,Imports,Total,Gigawatt-hour,Croatia,2022,102712.052,,
ESTAT:NRG_BAL_C(1.0),06/03/26 23:00:00,Annual,Imports,Total,Gigawatt-hour,Croatia,2023,101546.330,,
ESTAT:NRG_BAL_C(1.0),06/03/26 23:00:00,Annual,Imports,Total,Gigawatt-hour,Croatia,2024,108874.397,,
ESTAT:NRG_BAL_C(1.0),06/03/26 23:00:00,Annual,Imports,Total,Gigawatt-hour,Hungary,2005,252800.481,,
ESTAT:NRG_BAL_C(1.0),06/03/26 23:00:00,Annual,Imports,Total,Gigawatt-hour,Hungary,2006,253281.744,,
ESTAT:NRG_BAL_C(1.0),06/03/26 23:00:00,Annual,Imports,Total,Gigawatt-hour,Hungary,2007,245608.163,,
ESTAT:NRG_BAL_C(1.0),06/03/26 23:00:00,Annual,Imports,Total,Gigawatt-hour,Hungary,2008,248925.096,,
ESTAT:NRG_BAL_C(1.0),06/03/26 23:00:00,Annual,Imports,Total,Gigawatt-hour,Hungary,2009,207992.393,,
ESTAT:NRG_BAL_C(1.0),06/03/26 23:00:00,Annual,Imports,Total,Gigawatt-hour,Hungary,2010,218845.354,,
ESTAT:NRG_BAL_C(1.0),06/03/26 23:00:00,Annual,Imports,Total,Gigawatt-hour,Hungary,2011,203174.774,,
ESTAT:NRG_BAL_C(1.0),06/03/26 23:00:00,Annual,Imports,Total,Gigawatt-hour,Hungary,2012,199925.156,,
ESTAT:NRG_BAL_C(1.0),06/03/26 23:00:00,Annual,Imports,Total,Gigawatt-hour,Hungary,2013,200046.944,,
ESTAT:NRG_BAL_C(1.0),06/03/26 23:00:00,Annual,Imports,Total,Gigawatt-hour,Hungary,2014,223586.364,,
ESTAT:NRG_BAL_C(1.0),06/03/26 23:00:00,Annual,Imports,Total,Gigawatt-hour,Hungary,2015,209969.470,,
ESTAT:NRG_BAL_C(1.0),06/03/26 23:00:00,Annual,Imports,Total,Gigawatt-hour,Hungary,2016,214074.011,,
ESTAT:NRG_BAL_C(1.0),06/03/26 23:00:00,Annual,Imports,Total,Gigawatt-hour,Hungary,2017,246331.677,,
ESTAT:NRG_BAL_C(1.0),06/03/26 23:00:00,Annual,Imports,Total,Gigawatt-hour,Hungary,2018,237233.149,,
ESTAT:NRG_BAL_C(1.0),06/03/26 23:00:00,Annual,Imports,Total,Gigawatt-hour,Hungary,2019,270900.439,,
ESTAT:NRG_BAL_C(1.0),06/03/26 23:00:00,Annual,Imports,Total,Gigawatt-hour,Hungary,2020,221433.681,,
ESTAT:NRG_BAL_C(1.0),06/03/26 23:00:00,Annual,Imports,Total,Gigawatt-hour,Hungary,2021,220940.921,,
ESTAT:NRG_BAL_C(1.0),06/03/26 23:00:00,Annual,Imports,Total,Gigawatt-hour,Hungary,2022,236308.790,,
ESTAT:NRG_BAL_C(1.0),06/03/26 23:00:00,Annual,Imports,Total,Gigawatt-hour,Hungary,2023,221980.995,,
ESTAT:NRG_BAL_C(1.0),06/03/26 23:00:00,Annual,Imports,Total,Gigawatt-hour,Hungary,2024,201596.377,,
ESTAT:NRG_BAL_C(1.0),06/03/26 23:00:00,Annual,Imports,Total,Gigawatt-hour,Ireland,2005,179593.713,,
ESTAT:NRG_BAL_C(1.0),06/03/26 23:00:00,Annual,Imports,Total,Gigawatt-hour,Ireland,2006,180916.420,,
ESTAT:NRG_BAL_C(1.0),06/03/26 23:00:00,Annual,Imports,Total,Gigawatt-hour,Ireland,2007,179784.355,,
ESTAT:NRG_BAL_C(1.0),06/03/26 23:00:00,Annual,Imports,Total,Gigawatt-hour,Ireland,2008,182660.966,,
ESTAT:NRG_BAL_C(1.0),06/03/26 23:00:00,Annual,Imports,Total,Gigawatt-hour,Ireland,2009,167619.128,,
ESTAT:NRG_BAL_C(1.0),06/03/26 23:00:00,Annual,Imports,Total,Gigawatt-hour,Ireland,2010,172395.591,,
ESTAT:NRG_BAL_C(1.0),06/03/26 23:00:00,Annual,Imports,Total,Gigawatt-hour,Ireland,2011,166379.966,,
ESTAT:NRG_BAL_C(1.0),06/03/26 23:00:00,Annual,Imports,Total,Gigawatt-hour,Ireland,2012,159169.028,,
ESTAT:NRG_BAL_C(1.0),06/03/26 23:00:00,Annual,Imports,Total,Gigawatt-hour,Ireland,2013,158160.153,,
ESTAT:NRG_BAL_C(1.0),06/03/26 23:00:00,Annual,Imports,Total,Gigawatt-hour,Ireland,2014,151242.967,,
ESTAT:NRG_BAL_C(1.0),06/03/26 23:00:00,Annual,Imports,Total,Gigawatt-hour,Ireland,2015,169689.578,,
ESTAT:NRG_BAL_C(1.0),06/03/26 23:00:00,Annual,Imports,Total,Gigawatt-hour,Ireland,2016,142056.871,,
ESTAT:NRG_BAL_C(1.0),06/03/26 23:00:00,Annual,Imports,Total,Gigawatt-hour,Ireland,2017,138911.997,,
ESTAT:NRG_BAL_C(1.0),06/03/26 23:00:00,Annual,Imports,Total,Gigawatt-hour,Ireland,2018,140285.094,,
ESTAT:NRG_BAL_C(1.0),06/03/26 23:00:00,Annual,Imports,Total,Gigawatt-hour,Ireland,2019,140168.009,,
ESTAT:NRG_BAL_C(1.0),06/03/26 23:00:00,Annual,Imports,Total,Gigawatt-hour,Ireland,2020,135407.093,,
ESTAT:NRG_BAL_C(1.0),06/03/26 23:00:00,Annual,Imports,Total,Gigawatt-hour,Ireland,2021,149339.598,,
ESTAT:NRG_BAL_C(1.0),06/03/26 23:00:00,Annual,Imports,Total,Gigawatt-hour,Ireland,2022,154915.890,,
ESTAT:NRG_BAL_C(1.0),06/03/26 23:00:00,Annual,Imports,Total,Gigawatt-hour,Ireland,2023,146053.000,,
ESTAT:NRG_BAL_C(1.0),06/03/26 23:00:00,Annual,Imports,Total,Gigawatt-hour,Ireland,2024,149453.825,,
ESTAT:NRG_BAL_C(1.0),06/03/26 23:00:00,Annual,Imports,Total,Gigawatt-hour,Italy,2005,2210192.549,,
ESTAT:NRG_BAL_C(1.0),06/03/26 23:00:00,Annual,Imports,Total,Gigawatt-hour,Italy,2006,2234706.114,,
ESTAT:NRG_BAL_C(1.0),06/03/26 23:00:00,Annual,Imports,Total,Gigawatt-hour,Italy,2007,2208179.664,,
ESTAT:NRG_BAL_C(1.0),06/03/26 23:00:00,Annual,Imports,Total,Gigawatt-hour,Italy,2008,2159445.518,,
ESTAT:NRG_BAL_C(1.0),06/03/26 23:00:00,Annual,Imports,Total,Gigawatt-hour,Italy,2009,1964805.085,,
ESTAT:NRG_BAL_C(1.0),06/03/26 23:00:00,Annual,Imports,Total,Gigawatt-hour,Italy,2010,2083632.236,,
ESTAT:NRG_BAL_C(1.0),06/03/26 23:00:00,Annual,Imports,Total,Gigawatt-hour,Italy,2011,1970113.370,,
ESTAT:NRG_BAL_C(1.0),06/03/26 23:00:00,Annual,Imports,Total,Gigawatt-hour,Italy,2012,1895652.429,,
ESTAT:NRG_BAL_C(1.0),06/03/26 23:00:00,Annual,Imports,Total,Gigawatt-hour,Italy,2013,1729320.678,,
ESTAT:NRG_BAL_C(1.0),06/03/26 23:00:00,Annual,Imports,Total,Gigawatt-hour,Italy,2014,1594082.490,,
ESTAT:NRG_BAL_C(1.0),06/03/26 23:00:00,Annual,Imports,Total,Gigawatt-hour,Italy,2015,1752183.308,,
ESTAT:NRG_BAL_C(1.0),06/03/26 23:00:00,Annual,Imports,Total,Gigawatt-hour,Italy,2016,1774692.768,,
ESTAT:NRG_BAL_C(1.0),06/03/26 23:00:00,Annual,Imports,Total,Gigawatt-hour,Italy,2017,1836727.427,,
ESTAT:NRG_BAL_C(1.0),06/03/26 23:00:00,Annual,Imports,Total,Gigawatt-hour,Italy,2018,1778686.094,,
ESTAT:NRG_BAL_C(1.0),06/03/26 23:00:00,Annual,Imports,Total,Gigawatt-hour,Italy,2019,1766630.346,,
ESTAT:NRG_BAL_C(1.0),06/03/26 23:00:00,Annual,Imports,Total,Gigawatt-hour,Italy,2020,1525019.107,,
ESTAT:NRG_BAL_C(1.0),06/03/26 23:00:00,Annual,Imports,Total,Gigawatt-hour,Italy,2021,1676915.878,,
ESTAT:NRG_BAL_C(1.0),06/03/26 23:00:00,Annual,Imports,Total,Gigawatt-hour,Italy,2022,1770676.810,,
ESTAT:NRG_BAL_C(1.0),06/03/26 23:00:00,Annual,Imports,Total,Gigawatt-hour,Italy,2023,1620035.242,,
ESTAT:NRG_BAL_C(1.0),06/03/26 23:00:00,Annual,Imports,Total,Gigawatt-hour,Italy,2024,1533925.172,,
ESTAT:NRG_BAL_C(1.0),06/03/26 23:00:00,Annual,Imports,Total,Gigawatt-hour,Lithuania,2005,148872.226,,
ESTAT:NRG_BAL_C(1.0),06/03/26 23:00:00,Annual,Imports,Total,Gigawatt-hour,Lithuania,2006,145210.295,,
ESTAT:NRG_BAL_C(1.0),06/03/26 23:00:00,Annual,Imports,Total,Gigawatt-hour,Lithuania,2007,120842.806,,
ESTAT:NRG_BAL_C(1.0),06/03/26 23:00:00,Annual,Imports,Total,Gigawatt-hour,Lithuania,2008,156750.213,,
ESTAT:NRG_BAL_C(1.0),06/03/26 23:00:00,Annual,Imports,Total,Gigawatt-hour,Lithuania,2009,141413.008,,
ESTAT:NRG_BAL_C(1.0),06/03/26 23:00:00,Annual,Imports,Total,Gigawatt-hour,Lithuania,2010,159539.862,,
ESTAT:NRG_BAL_C(1.0),06/03/26 23:00:00,Annual,Imports,Total,Gigawatt-hour,Lithuania,2011,165598.532,,
ESTAT:NRG_BAL_C(1.0),06/03/26 23:00:00,Annual,Imports,Total,Gigawatt-hour,Lithuania,2012,163485.856,,
ESTAT:NRG_BAL_C(1.0),06/03/26 23:00:00,Annual,Imports,Total,Gigawatt-hour,Lithuania,2013,165396.837,,
ESTAT:NRG_BAL_C(1.0),06/03/26 23:00:00,Annual,Imports,Total,Gigawatt-hour,Lithuania,2014,148160.538,,
ESTAT:NRG_BAL_C(1.0),06/03/26 23:00:00,Annual,Imports,Total,Gigawatt-hour,Lithuania,2015,166821.228,,
ESTAT:NRG_BAL_C(1.0),06/03/26 23:00:00,Annual,Imports,Total,Gigawatt-hour,Lithuania,2016,172148.568,,
ESTAT:NRG_BAL_C(1.0),06/03/26 23:00:00,Annual,Imports,Total,Gigawatt-hour,Lithuania,2017,171974.507,,
ESTAT:NRG_BAL_C(1.0),06/03/26 23:00:00,Annual,Imports,Total,Gigawatt-hour,Lithuania,2018,166399.044,,
ESTAT:NRG_BAL_C(1.0),06/03/26 23:00:00,Annual,Imports,Total,Gigawatt-hour,Lithuania,2019,170333.190,,
ESTAT:NRG_BAL_C(1.0),06/03/26 23:00:00,Annual,Imports,Total,Gigawatt-hour,Lithuania,2020,148967.913,,
ESTAT:NRG_BAL_C(1.0),06/03/26 23:00:00,Annual,Imports,Total,Gigawatt-hour,Lithuania,2021,149576.094,,
ESTAT:NRG_BAL_C(1.0),06/03/26 23:00:00,Annual,Imports,Total,Gigawatt-hour,Lithuania,2022,165611.521,,
ESTAT:NRG_BAL_C(1.0),06/03/26 23:00:00,Annual,Imports,Total,Gigawatt-hour,Lithuania,2023,167010.640,,
ESTAT:NRG_BAL_C(1.0),06/03/26 23:00:00,Annual,Imports,Total,Gigawatt-hour,Lithuania,2024,153493.628,,
ESTAT:NRG_BAL_C(1.0),06/03/26 23:00:00,Annual,Imports,Total,Gigawatt-hour,Luxembourg,2005,57709.345,,
ESTAT:NRG_BAL_C(1.0),06/03/26 23:00:00,Annual,Imports,Total,Gigawatt-hour,Luxembourg,2006,57444.383,,
ESTAT:NRG_BAL_C(1.0),06/03/26 23:00:00,Annual,Imports,Total,Gigawatt-hour,Luxembourg,2007,55140.301,,
ESTAT:NRG_BAL_C(1.0),06/03/26 23:00:00,Annual,Imports,Total,Gigawatt-hour,Luxembourg,2008,55263.491,,
ESTAT:NRG_BAL_C(1.0),06/03/26 23:00:00,Annual,Imports,Total,Gigawatt-hour,Luxembourg,2009,52383.852,,
ESTAT:NRG_BAL_C(1.0),06/03/26 23:00:00,Annual,Imports,Total,Gigawatt-hour,Luxembourg,2010,55766.497,,
ESTAT:NRG_BAL_C(1.0),06/03/26 23:00:00,Annual,Imports,Total,Gigawatt-hour,Luxembourg,2011,54439.492,,
ESTAT:NRG_BAL_C(1.0),06/03/26 23:00:00,Annual,Imports,Total,Gigawatt-hour,Luxembourg,2012,53370.162,,
ESTAT:NRG_BAL_C(1.0),06/03/26 23:00:00,Annual,Imports,Total,Gigawatt-hour,Luxembourg,2013,51091.581,,
ESTAT:NRG_BAL_C(1.0),06/03/26 23:00:00,Annual,Imports,Total,Gigawatt-hour,Luxembourg,2014,49655.630,,
ESTAT:NRG_BAL_C(1.0),06/03/26 23:00:00,Annual,Imports,Total,Gigawatt-hour,Luxembourg,2015,48876.867,,
ESTAT:NRG_BAL_C(1.0),06/03/26 23:00:00,Annual,Imports,Total,Gigawatt-hour,Luxembourg,2016,48783.585,,
ESTAT:NRG_BAL_C(1.0),06/03/26 23:00:00,Annual,Imports,Total,Gigawatt-hour,Luxembourg,2017,50071.338,,
ESTAT:NRG_BAL_C(1.0),06/03/26 23:00:00,Annual,Imports,Total,Gigawatt-hour,Luxembourg,2018,51522.612,,
ESTAT:NRG_BAL_C(1.0),06/03/26 23:00:00,Annual,Imports,Total,Gigawatt-hour,Luxembourg,2019,51384.322,,
ESTAT:NRG_BAL_C(1.0),06/03/26 23:00:00,Annual,Imports,Total,Gigawatt-hour,Luxembourg,2020,43944.084,,
ESTAT:NRG_BAL_C(1.0),06/03/26 23:00:00,Annual,Imports,Total,Gigawatt-hour,Luxembourg,2021,46647.957,,
ESTAT:NRG_BAL_C(1.0),06/03/26 23:00:00,Annual,Imports,Total,Gigawatt-hour,Luxembourg,2022,42127.811,,
ESTAT:NRG_BAL_C(1.0),06/03/26 23:00:00,Annual,Imports,Total,Gigawatt-hour,Luxembourg,2023,40253.223,,
ESTAT:NRG_BAL_C(1.0),06/03/26 23:00:00,Annual,Imports,Total,Gigawatt-hour,Luxembourg,2024,40260.060,,
ESTAT:NRG_BAL_C(1.0),06/03/26 23:00:00,Annual,Imports,Total,Gigawatt-hour,Latvia,2005,47098.150,,
ESTAT:NRG_BAL_C(1.0),06/03/26 23:00:00,Annual,Imports,Total,Gigawatt-hour,Latvia,2006,46752.851,,
ESTAT:NRG_BAL_C(1.0),06/03/26 23:00:00,Annual,Imports,Total,Gigawatt-hour,Latvia,2007,45194.478,,
ESTAT:NRG_BAL_C(1.0),06/03/26 23:00:00,Annual,Imports,Total,Gigawatt-hour,Latvia,2008,41695.842,,
ESTAT:NRG_BAL_C(1.0),06/03/26 23:00:00,Annual,Imports,Total,Gigawatt-hour,Latvia,2009,45073.411,,
ESTAT:NRG_BAL_C(1.0),06/03/26 23:00:00,Annual,Imports,Total,Gigawatt-hour,Latvia,2010,38727.945,,
ESTAT:NRG_BAL_C(1.0),06/03/26 23:00:00,Annual,Imports,Total,Gigawatt-hour,Latvia,2011,47271.412,,
ESTAT:NRG_BAL_C(1.0),06/03/26 23:00:00,Annual,Imports,Total,Gigawatt-hour,Latvia,2012,48523.264,,
ESTAT:NRG_BAL_C(1.0),06/03/26 23:00:00,Annual,Imports,Total,Gigawatt-hour,Latvia,2013,50559.267,,
ESTAT:NRG_BAL_C(1.0),06/03/26 23:00:00,Annual,Imports,Total,Gigawatt-hour,Latvia,2014,43993.329,,
ESTAT:NRG_BAL_C(1.0),06/03/26 23:00:00,Annual,Imports,Total,Gigawatt-hour,Latvia,2015,52400.582,,
ESTAT:NRG_BAL_C(1.0),06/03/26 23:00:00,Annual,Imports,Total,Gigawatt-hour,Latvia,2016,50476.171,,
ESTAT:NRG_BAL_C(1.0),06/03/26 23:00:00,Annual,Imports,Total,Gigawatt-hour,Latvia,2017,48544.792,,
ESTAT:NRG_BAL_C(1.0),06/03/26 23:00:00,Annual,Imports,Total,Gigawatt-hour,Latvia,2018,51321.398,,
ESTAT:NRG_BAL_C(1.0),06/03/26 23:00:00,Annual,Imports,Total,Gigawatt-hour,Latvia,2019,49900.821,,
ESTAT:NRG_BAL_C(1.0),06/03/26 23:00:00,Annual,Imports,Total,Gigawatt-hour,Latvia,2020,45812.351,,
ESTAT:NRG_BAL_C(1.0),06/03/26 23:00:00,Annual,Imports,Total,Gigawatt-hour,Latvia,2021,45266.706,,
ESTAT:NRG_BAL_C(1.0),06/03/26 23:00:00,Annual,Imports,Total,Gigawatt-hour,Latvia,2022,44353.204,,
ESTAT:NRG_BAL_C(1.0),06/03/26 23:00:00,Annual,Imports,Total,Gigawatt-hour,Latvia,2023,40509.137,,
ESTAT:NRG_BAL_C(1.0),06/03/26 23:00:00,Annual,Imports,Total,Gigawatt-hour,Latvia,2024,42828.452,,
ESTAT:NRG_BAL_C(1.0),06/03/26 23:00:00,Annual,Imports,Total,Gigawatt-hour,Malta,2005,18533.722,,
ESTAT:NRG_BAL_C(1.0),06/03/26 23:00:00,Annual,Imports,Total,Gigawatt-hour,Malta,2006,19642.667,,
ESTAT:NRG_BAL_C(1.0),06/03/26 23:00:00,Annual,Imports,Total,Gigawatt-hour,Malta,2007,20934.667,,
ESTAT:NRG_BAL_C(1.0),06/03/26 23:00:00,Annual,Imports,Total,Gigawatt-hour,Malta,2008,21953.833,,
ESTAT:NRG_BAL_C(1.0),06/03/26 23:00:00,Annual,Imports,Total,Gigawatt-hour,Malta,2009,23665.556,,
ESTAT:NRG_BAL_C(1.0),06/03/26 23:00:00,Annual,Imports,Total,Gigawatt-hour,Malta,2010,27693.333,,
ESTAT:NRG_BAL_C(1.0),06/03/26 23:00:00,Annual,Imports,Total,Gigawatt-hour,Malta,2011,26789.246,,
ESTAT:NRG_BAL_C(1.0),06/03/26 23:00:00,Annual,Imports,Total,Gigawatt-hour,Malta,2012,25535.316,,
ESTAT:NRG_BAL_C(1.0),06/03/26 23:00:00,Annual,Imports,Total,Gigawatt-hour,Malta,2013,26803.934,,
ESTAT:NRG_BAL_C(1.0),06/03/26 23:00:00,Annual,Imports,Total,Gigawatt-hour,Malta,2014,26358.211,,
ESTAT:NRG_BAL_C(1.0),06/03/26 23:00:00,Annual,Imports,Total,Gigawatt-hour,Malta,2015,32139.032,,
ESTAT:NRG_BAL_C(1.0),06/03/26 23:00:00,Annual,Imports,Total,Gigawatt-hour,Malta,2016,32281.286,,
ESTAT:NRG_BAL_C(1.0),06/03/26 23:00:00,Annual,Imports,Total,Gigawatt-hour,Malta,2017,37250.037,,
ESTAT:NRG_BAL_C(1.0),06/03/26 23:00:00,Annual,Imports,Total,Gigawatt-hour,Malta,2018,38747.587,,
ESTAT:NRG_BAL_C(1.0),06/03/26 23:00:00,Annual,Imports,Total,Gigawatt-hour,Malta,2019,40188.306,,
ESTAT:NRG_BAL_C(1.0),06/03/26 23:00:00,Annual,Imports,Total,Gigawatt-hour,Malta,2020,35693.498,,
ESTAT:NRG_BAL_C(1.0),06/03/26 23:00:00,Annual,Imports,Total,Gigawatt-hour,Malta,2021,32171.549,,
ESTAT:NRG_BAL_C(1.0),06/03/26 23:00:00,Annual,Imports,Total,Gigawatt-hour,Malta,2022,35440.957,,
ESTAT:NRG_BAL_C(1.0),06/03/26 23:00:00,Annual,Imports,Total,Gigawatt-hour,Malta,2023,37287.199,,
ESTAT:NRG_BAL_C(1.0),06/03/26 23:00:00,Annual,Imports,Total,Gigawatt-hour,Malta,2024,35534.598,,
ESTAT:NRG_BAL_C(1.0),06/03/26 23:00:00,Annual,Imports,Total,Gigawatt-hour,Netherlands,2005,1778278.746,,
ESTAT:NRG_BAL_C(1.0),06/03/26 23:00:00,Annual,Imports,Total,Gigawatt-hour,Netherlands,2006,1864848.638,,
ESTAT:NRG_BAL_C(1.0),06/03/26 23:00:00,Annual,Imports,Total,Gigawatt-hour,Netherlands,2007,1817809.341,,
ESTAT:NRG_BAL_C(1.0),06/03/26 23:00:00,Annual,Imports,Total,Gigawatt-hour,Netherlands,2008,1869341.325,,
ESTAT:NRG_BAL_C(1.0),06/03/26 23:00:00,Annual,Imports,Total,Gigawatt-hour,Netherlands,2009,1923969.390,,
ESTAT:NRG_BAL_C(1.0),06/03/26 23:00:00,Annual,Imports,Total,Gigawatt-hour,Netherlands,2010,2034798.303,,
ESTAT:NRG_BAL_C(1.0),06/03/26 23:00:00,Annual,Imports,Total,Gigawatt-hour,Netherlands,2011,1993139.983,,
ESTAT:NRG_BAL_C(1.0),06/03/26 23:00:00,Annual,Imports,Total,Gigawatt-hour,Netherlands,2012,2106494.403,,
ESTAT:NRG_BAL_C(1.0),06/03/26 23:00:00,Annual,Imports,Total,Gigawatt-hour,Netherlands,2013,2081455.229,,
ESTAT:NRG_BAL_C(1.0),06/03/26 23:00:00,Annual,Imports,Total,Gigawatt-hour,Netherlands,2014,2067266.873,,
ESTAT:NRG_BAL_C(1.0),06/03/26 23:00:00,Annual,Imports,Total,Gigawatt-hour,Netherlands,2015,2285636.970,,
ESTAT:NRG_BAL_C(1.0),06/03/26 23:00:00,Annual,Imports,Total,Gigawatt-hour,Netherlands,2016,2319342.665,,
ESTAT:NRG_BAL_C(1.0),06/03/26 23:00:00,Annual,Imports,Total,Gigawatt-hour,Netherlands,2017,2096697.511,,
ESTAT:NRG_BAL_C(1.0),06/03/26 23:00:00,Annual,Imports,Total,Gigawatt-hour,Netherlands,2018,2127593.688,,
ESTAT:NRG_BAL_C(1.0),06/03/26 23:00:00,Annual,Imports,Total,Gigawatt-hour,Netherlands,2019,2124212.495,,
ESTAT:NRG_BAL_C(1.0),06/03/26 23:00:00,Annual,Imports,Total,Gigawatt-hour,Netherlands,2020,1924421.290,,
ESTAT:NRG_BAL_C(1.0),06/03/26 23:00:00,Annual,Imports,Total,Gigawatt-hour,Netherlands,2021,2038555.704,,
ESTAT:NRG_BAL_C(1.0),06/03/26 23:00:00,Annual,Imports,Total,Gigawatt-hour,Netherlands,2022,2177838.903,,
ESTAT:NRG_BAL_C(1.0),06/03/26 23:00:00,Annual,Imports,Total,Gigawatt-hour,Netherlands,2023,2078942.694,,
ESTAT:NRG_BAL_C(1.0),06/03/26 23:00:00,Annual,Imports,Total,Gigawatt-hour,Netherlands,2024,2006593.967,,
ESTAT:NRG_BAL_C(1.0),06/03/26 23:00:00,Annual,Imports,Total,Gigawatt-hour,Poland,2005,419967.977,,
ESTAT:NRG_BAL_C(1.0),06/03/26 23:00:00,Annual,Imports,Total,Gigawatt-hour,Poland,2006,464697.823,,
ESTAT:NRG_BAL_C(1.0),06/03/26 23:00:00,Annual,Imports,Total,Gigawatt-hour,Poland,2007,489291.173,,
ESTAT:NRG_BAL_C(1.0),06/03/26 23:00:00,Annual,Imports,Total,Gigawatt-hour,Poland,2008,519144.561,,
ESTAT:NRG_BAL_C(1.0),06/03/26 23:00:00,Annual,Imports,Total,Gigawatt-hour,Poland,2009,500506.613,,
ESTAT:NRG_BAL_C(1.0),06/03/26 23:00:00,Annual,Imports,Total,Gigawatt-hour,Poland,2010,551058.134,,
ESTAT:NRG_BAL_C(1.0),06/03/26 23:00:00,Annual,Imports,Total,Gigawatt-hour,Poland,2011,580549.556,,
ESTAT:NRG_BAL_C(1.0),06/03/26 23:00:00,Annual,Imports,Total,Gigawatt-hour,Poland,2012,550777.817,,
ESTAT:NRG_BAL_C(1.0),06/03/26 23:00:00,Annual,Imports,Total,Gigawatt-hour,Poland,2013,534264.114,,
ESTAT:NRG_BAL_C(1.0),06/03/26 23:00:00,Annual,Imports,Total,Gigawatt-hour,Poland,2014,552227.437,,
ESTAT:NRG_BAL_C(1.0),06/03/26 23:00:00,Annual,Imports,Total,Gigawatt-hour,Poland,2015,578104.393,,
ESTAT:NRG_BAL_C(1.0),06/03/26 23:00:00,Annual,Imports,Total,Gigawatt-hour,Poland,2016,603286.877,,
ESTAT:NRG_BAL_C(1.0),06/03/26 23:00:00,Annual,Imports,Total,Gigawatt-hour,Poland,2017,673165.936,,
ESTAT:NRG_BAL_C(1.0),06/03/26 23:00:00,Annual,Imports,Total,Gigawatt-hour,Poland,2018,746125.873,,
ESTAT:NRG_BAL_C(1.0),06/03/26 23:00:00,Annual,Imports,Total,Gigawatt-hour,Poland,2019,736493.594,,
ESTAT:NRG_BAL_C(1.0),06/03/26 23:00:00,Annual,Imports,Total,Gigawatt-hour,Poland,2020,680262.301,,
ESTAT:NRG_BAL_C(1.0),06/03/26 23:00:00,Annual,Imports,Total,Gigawatt-hour,Poland,2021,694755.272,,
ESTAT:NRG_BAL_C(1.0),06/03/26 23:00:00,Annual,Imports,Total,Gigawatt-hour,Poland,2022,747781.307,,
ESTAT:NRG_BAL_C(1.0),06/03/26 23:00:00,Annual,Imports,Total,Gigawatt-hour,Poland,2023,736506.439,,
ESTAT:NRG_BAL_C(1.0),06/03/26 23:00:00,Annual,Imports,Total,Gigawatt-hour,Poland,2024,695891.846,,
ESTAT:NRG_BAL_C(1.0),06/03/26 23:00:00,Annual,Imports,Total,Gigawatt-hour,Portugal,2005,319440.620,,
ESTAT:NRG_BAL_C(1.0),06/03/26 23:00:00,Annual,Imports,Total,Gigawatt-hour,Portugal,2006,304569.478,,
ESTAT:NRG_BAL_C(1.0),06/03/26 23:00:00,Annual,Imports,Total,Gigawatt-hour,Portugal,2007,284812.194,,
ESTAT:NRG_BAL_C(1.0),06/03/26 23:00:00,Annual,Imports,Total,Gigawatt-hour,Portugal,2008,285246.489,,
ESTAT:NRG_BAL_C(1.0),06/03/26 23:00:00,Annual,Imports,Total,Gigawatt-hour,Portugal,2009,272901.516,,
ESTAT:NRG_BAL_C(1.0),06/03/26 23:00:00,Annual,Imports,Total,Gigawatt-hour,Portugal,2010,256757.076,,
ESTAT:NRG_BAL_C(1.0),06/03/26 23:00:00,Annual,Imports,Total,Gigawatt-hour,Portugal,2011,260175.608,,
ESTAT:NRG_BAL_C(1.0),06/03/26 23:00:00,Annual,Imports,Total,Gigawatt-hour,Portugal,2012,261743.425,,
ESTAT:NRG_BAL_C(1.0),06/03/26 23:00:00,Annual,Imports,Total,Gigawatt-hour,Portugal,2013,271547.256,,
ESTAT:NRG_BAL_C(1.0),06/03/26 23:00:00,Annual,Imports,Total,Gigawatt-hour,Portugal,2014,257010.660,,
ESTAT:NRG_BAL_C(1.0),06/03/26 23:00:00,Annual,Imports,Total,Gigawatt-hour,Portugal,2015,305272.329,,
ESTAT:NRG_BAL_C(1.0),06/03/26 23:00:00,Annual,Imports,Total,Gigawatt-hour,Portugal,2016,296591.039,,
ESTAT:NRG_BAL_C(1.0),06/03/26 23:00:00,Annual,Imports,Total,Gigawatt-hour,Portugal,2017,323993.004,,
ESTAT:NRG_BAL_C(1.0),06/03/26 23:00:00,Annual,Imports,Total,Gigawatt-hour,Portugal,2018,293615.760,,
ESTAT:NRG_BAL_C(1.0),06/03/26 23:00:00,Annual,Imports,Total,Gigawatt-hour,Portugal,2019,279962.299,,
ESTAT:NRG_BAL_C(1.0),06/03/26 23:00:00,Annual,Imports,Total,Gigawatt-hour,Portugal,2020,240451.824,,
ESTAT:NRG_BAL_C(1.0),06/03/26 23:00:00,Annual,Imports,Total,Gigawatt-hour,Portugal,2021,240609.578,,
ESTAT:NRG_BAL_C(1.0),06/03/26 23:00:00,Annual,Imports,Total,Gigawatt-hour,Portugal,2022,252555.470,,
ESTAT:NRG_BAL_C(1.0),06/03/26 23:00:00,Annual,Imports,Total,Gigawatt-hour,Portugal,2023,230829.950,,
ESTAT:NRG_BAL_C(1.0),06/03/26 23:00:00,Annual,Imports,Total,Gigawatt-hour,Portugal,2024,233739.796,,
ESTAT:NRG_BAL_C(1.0),06/03/26 23:00:00,Annual,Imports,Total,Gigawatt-hour,Romania,2005,198039.876,,
ESTAT:NRG_BAL_C(1.0),06/03/26 23:00:00,Annual,Imports,Total,Gigawatt-hour,Romania,2006,204268.779,,
ESTAT:NRG_BAL_C(1.0),06/03/26 23:00:00,Annual,Imports,Total,Gigawatt-hour,Romania,2007,202000.690,,
ESTAT:NRG_BAL_C(1.0),06/03/26 23:00:00,Annual,Imports,Total,Gigawatt-hour,Romania,2008,191886.909,,
ESTAT:NRG_BAL_C(1.0),06/03/26 23:00:00,Annual,Imports,Total,Gigawatt-hour,Romania,2009,133421.974,,
ESTAT:NRG_BAL_C(1.0),06/03/26 23:00:00,Annual,Imports,Total,Gigawatt-hour,Romania,2010,133101.393,,
ESTAT:NRG_BAL_C(1.0),06/03/26 23:00:00,Annual,Imports,Total,Gigawatt-hour,Romania,2011,138231.590,,
ESTAT:NRG_BAL_C(1.0),06/03/26 23:00:00,Annual,Imports,Total,Gigawatt-hour,Romania,2012,138414.390,,
ESTAT:NRG_BAL_C(1.0),06/03/26 23:00:00,Annual,Imports,Total,Gigawatt-hour,Romania,2013,120900.972,,
ESTAT:NRG_BAL_C(1.0),06/03/26 23:00:00,Annual,Imports,Total,Gigawatt-hour,Romania,2014,129007.291,,
ESTAT:NRG_BAL_C(1.0),06/03/26 23:00:00,Annual,Imports,Total,Gigawatt-hour,Romania,2015,132758.106,,
ESTAT:NRG_BAL_C(1.0),06/03/26 23:00:00,Annual,Imports,Total,Gigawatt-hour,Romania,2016,153512.436,,
ESTAT:NRG_BAL_C(1.0),06/03/26 23:00:00,Annual,Imports,Total,Gigawatt-hour,Romania,2017,160172.429,,
ESTAT:NRG_BAL_C(1.0),06/03/26 23:00:00,Annual,Imports,Total,Gigawatt-hour,Romania,2018,166182.636,,
ESTAT:NRG_BAL_C(1.0),06/03/26 23:00:00,Annual,Imports,Total,Gigawatt-hour,Romania,2019,186510.230,,
ESTAT:NRG_BAL_C(1.0),06/03/26 23:00:00,Annual,Imports,Total,Gigawatt-hour,Romania,2020,164904.270,,
ESTAT:NRG_BAL_C(1.0),06/03/26 23:00:00,Annual,Imports,Total,Gigawatt-hour,Romania,2021,187846.162,,
ESTAT:NRG_BAL_C(1.0),06/03/26 23:00:00,Annual,Imports,Total,Gigawatt-hour,Romania,2022,194892.387,,
ESTAT:NRG_BAL_C(1.0),06/03/26 23:00:00,Annual,Imports,Total,Gigawatt-hour,Romania,2023,184695.086,,
ESTAT:NRG_BAL_C(1.0),06/03/26 23:00:00,Annual,Imports,Total,Gigawatt-hour,Romania,2024,195913.206,,
ESTAT:NRG_BAL_C(1.0),06/03/26 23:00:00,Annual,Imports,Total,Gigawatt-hour,Sweden,2005,382474.183,,
ESTAT:NRG_BAL_C(1.0),06/03/26 23:00:00,Annual,Imports,Total,Gigawatt-hour,Sweden,2006,375810.919,,
ESTAT:NRG_BAL_C(1.0),06/03/26 23:00:00,Annual,Imports,Total,Gigawatt-hour,Sweden,2007,362310.012,,
ESTAT:NRG_BAL_C(1.0),06/03/26 23:00:00,Annual,Imports,Total,Gigawatt-hour,Sweden,2008,391885.023,,
ESTAT:NRG_BAL_C(1.0),06/03/26 23:00:00,Annual,Imports,Total,Gigawatt-hour,Sweden,2009,361571.251,,
ESTAT:NRG_BAL_C(1.0),06/03/26 23:00:00,Annual,Imports,Total,Gigawatt-hour,Sweden,2010,394855.937,,
ESTAT:NRG_BAL_C(1.0),06/03/26 23:00:00,Annual,Imports,Total,Gigawatt-hour,Sweden,2011,378888.771,,
ESTAT:NRG_BAL_C(1.0),06/03/26 23:00:00,Annual,Imports,Total,Gigawatt-hour,Sweden,2012,375775.426,,
ESTAT:NRG_BAL_C(1.0),06/03/26 23:00:00,Annual,Imports,Total,Gigawatt-hour,Sweden,2013,338146.700,,
ESTAT:NRG_BAL_C(1.0),06/03/26 23:00:00,Annual,Imports,Total,Gigawatt-hour,Sweden,2014,373352.480,,
ESTAT:NRG_BAL_C(1.0),06/03/26 23:00:00,Annual,Imports,Total,Gigawatt-hour,Sweden,2015,384956.853,,
ESTAT:NRG_BAL_C(1.0),06/03/26 23:00:00,Annual,Imports,Total,Gigawatt-hour,Sweden,2016,426006.943,,
ESTAT:NRG_BAL_C(1.0),06/03/26 23:00:00,Annual,Imports,Total,Gigawatt-hour,Sweden,2017,410269.330,,
ESTAT:NRG_BAL_C(1.0),06/03/26 23:00:00,Annual,Imports,Total,Gigawatt-hour,Sweden,2018,414970.054,,
ESTAT:NRG_BAL_C(1.0),06/03/26 23:00:00,Annual,Imports,Total,Gigawatt-hour,Sweden,2019,358548.784,,
ESTAT:NRG_BAL_C(1.0),06/03/26 23:00:00,Annual,Imports,Total,Gigawatt-hour,Sweden,2020,374596.092,,
ESTAT:NRG_BAL_C(1.0),06/03/26 23:00:00,Annual,Imports,Total,Gigawatt-hour,Sweden,2021,361811.923,,
ESTAT:NRG_BAL_C(1.0),06/03/26 23:00:00,Annual,Imports,Total,Gigawatt-hour,Sweden,2022,374021.528,,
ESTAT:NRG_BAL_C(1.0),06/03/26 23:00:00,Annual,Imports,Total,Gigawatt-hour,Sweden,2023,361270.384,,
ESTAT:NRG_BAL_C(1.0),06/03/26 23:00:00,Annual,Imports,Total,Gigawatt-hour,Sweden,2024,369774.307,,
ESTAT:NRG_BAL_C(1.0),06/03/26 23:00:00,Annual,Imports,Total,Gigawatt-hour,Slovenia,2005,57159.258,,
ESTAT:NRG_BAL_C(1.0),06/03/26 23:00:00,Annual,Imports,Total,Gigawatt-hour,Slovenia,2006,57333.074,,
ESTAT:NRG_BAL_C(1.0),06/03/26 23:00:00,Annual,Imports,Total,Gigawatt-hour,Slovenia,2007,56193.395,,
ESTAT:NRG_BAL_C(1.0),06/03/26 23:00:00,Annual,Imports,Total,Gigawatt-hour,Slovenia,2008,64687.750,,
ESTAT:NRG_BAL_C(1.0),06/03/26 23:00:00,Annual,Imports,Total,Gigawatt-hour,Slovenia,2009,56858.473,,
ESTAT:NRG_BAL_C(1.0),06/03/26 23:00:00,Annual,Imports,Total,Gigawatt-hour,Slovenia,2010,60421.166,,
ESTAT:NRG_BAL_C(1.0),06/03/26 23:00:00,Annual,Imports,Total,Gigawatt-hour,Slovenia,2011,57758.805,,
ESTAT:NRG_BAL_C(1.0),06/03/26 23:00:00,Annual,Imports,Total,Gigawatt-hour,Slovenia,2012,60420.758,,
ESTAT:NRG_BAL_C(1.0),06/03/26 23:00:00,Annual,Imports,Total,Gigawatt-hour,Slovenia,2013,57730.635,,
ESTAT:NRG_BAL_C(1.0),06/03/26 23:00:00,Annual,Imports,Total,Gigawatt-hour,Slovenia,2014,61298.850,,
ESTAT:NRG_BAL_C(1.0),06/03/26 23:00:00,Annual,Imports,Total,Gigawatt-hour,Slovenia,2015,67045.466,,
ESTAT:NRG_BAL_C(1.0),06/03/26 23:00:00,Annual,Imports,Total,Gigawatt-hour,Slovenia,2016,72607.515,,
ESTAT:NRG_BAL_C(1.0),06/03/26 23:00:00,Annual,Imports,Total,Gigawatt-hour,Slovenia,2017,75973.108,,
ESTAT:NRG_BAL_C(1.0),06/03/26 23:00:00,Annual,Imports,Total,Gigawatt-hour,Slovenia,2018,76633.083,,
ESTAT:NRG_BAL_C(1.0),06/03/26 23:00:00,Annual,Imports,Total,Gigawatt-hour,Slovenia,2019,78655.416,,
ESTAT:NRG_BAL_C(1.0),06/03/26 23:00:00,Annual,Imports,Total,Gigawatt-hour,Slovenia,2020,66037.640,,
ESTAT:NRG_BAL_C(1.0),06/03/26 23:00:00,Annual,Imports,Total,Gigawatt-hour,Slovenia,2021,65055.818,,
ESTAT:NRG_BAL_C(1.0),06/03/26 23:00:00,Annual,Imports,Total,Gigawatt-hour,Slovenia,2022,76055.971,,
ESTAT:NRG_BAL_C(1.0),06/03/26 23:00:00,Annual,Imports,Total,Gigawatt-hour,Slovenia,2023,73324.645,,
ESTAT:NRG_BAL_C(1.0),06/03/26 23:00:00,Annual,Imports,Total,Gigawatt-hour,Slovenia,2024,76110.817,,
ESTAT:NRG_BAL_C(1.0),06/03/26 23:00:00,Annual,Imports,Total,Gigawatt-hour,Slovakia,2005,203096.460,,
ESTAT:NRG_BAL_C(1.0),06/03/26 23:00:00,Annual,Imports,Total,Gigawatt-hour,Slovakia,2006,201469.897,,
ESTAT:NRG_BAL_C(1.0),06/03/26 23:00:00,Annual,Imports,Total,Gigawatt-hour,Slovakia,2007,205846.334,,
ESTAT:NRG_BAL_C(1.0),06/03/26 23:00:00,Annual,Imports,Total,Gigawatt-hour,Slovakia,2008,196943.773,,
ESTAT:NRG_BAL_C(1.0),06/03/26 23:00:00,Annual,Imports,Total,Gigawatt-hour,Slovakia,2009,186519.602,,
ESTAT:NRG_BAL_C(1.0),06/03/26 23:00:00,Annual,Imports,Total,Gigawatt-hour,Slovakia,2010,183097.908,,
ESTAT:NRG_BAL_C(1.0),06/03/26 23:00:00,Annual,Imports,Total,Gigawatt-hour,Slovakia,2011,190759.174,,
ESTAT:NRG_BAL_C(1.0),06/03/26 23:00:00,Annual,Imports,Total,Gigawatt-hour,Slovakia,2012,174390.603,,
ESTAT:NRG_BAL_C(1.0),06/03/26 23:00:00,Annual,Imports,Total,Gigawatt-hour,Slovakia,2013,179659.543,,
ESTAT:NRG_BAL_C(1.0),06/03/26 23:00:00,Annual,Imports,Total,Gigawatt-hour,Slovakia,2014,170559.257,,
ESTAT:NRG_BAL_C(1.0),06/03/26 23:00:00,Annual,Imports,Total,Gigawatt-hour,Slovakia,2015,179974.040,,
ESTAT:NRG_BAL_C(1.0),06/03/26 23:00:00,Annual,Imports,Total,Gigawatt-hour,Slovakia,2016,176295.178,,
ESTAT:NRG_BAL_C(1.0),06/03/26 23:00:00,Annual,Imports,Total,Gigawatt-hour,Slovakia,2017,191090.482,,
ESTAT:NRG_BAL_C(1.0),06/03/26 23:00:00,Annual,Imports,Total,Gigawatt-hour,Slovakia,2018,178607.152,,
ESTAT:NRG_BAL_C(1.0),06/03/26 23:00:00,Annual,Imports,Total,Gigawatt-hour,Slovakia,2019,191809.981,,
ESTAT:NRG_BAL_C(1.0),06/03/26 23:00:00,Annual,Imports,Total,Gigawatt-hour,Slovakia,2020,164950.862,,
ESTAT:NRG_BAL_C(1.0),06/03/26 23:00:00,Annual,Imports,Total,Gigawatt-hour,Slovakia,2021,177769.126,,
ESTAT:NRG_BAL_C(1.0),06/03/26 23:00:00,Annual,Imports,Total,Gigawatt-hour,Slovakia,2022,190064.109,,
ESTAT:NRG_BAL_C(1.0),06/03/26 23:00:00,Annual,Imports,Total,Gigawatt-hour,Slovakia,2023,171164.265,,
ESTAT:NRG_BAL_C(1.0),06/03/26 23:00:00,Annual,Imports,Total,Gigawatt-hour,Slovakia,2024,155409.516,,
