DATAFLOW,LAST UPDATE,freq,nrg_bal,siec,unit,geo,TIME_PERIOD,OBS_VALUE,OBS_FLAG,CONF_STATUS
ESTAT:NRG_BAL_C(1.0),06/03/26 23:00:00,Annual,Exports,Solid fossil fuels,Gigawatt-hour,Austria,2005,178.549,,
ESTAT:NRG_BAL_C(1.0),06/03/26 23:00:00,Annual,Exports,Solid fossil fuels,Gigawatt-hour,Austria,2006,382.906,,
ESTAT:NRG_BAL_C(1.0),06/03/26 23:00:00,Annual,Exports,Solid fossil fuels,Gigawatt-hour,Austria,2007,192.952,,
ESTAT:NRG_BAL_C(1.0),06/03/26 23:00:00,Annual,Exports,Solid fossil fuels,Gigawatt-hour,Austria,2008,34.911,,
ESTAT:NRG_BAL_C(1.0),06/03/26 23:00:00,Annual,Exports,Solid fossil fuels,Gigawatt-hour,Austria,2009,119.194,,
ESTAT:NRG_BAL_C(1.0),06/03/26 23:00:00,Annual,Exports,Solid fossil fuels,Gigawatt-hour,Austria,2010,54.812,,
ESTAT:NRG_BAL_C(1.0),06/03/26 23:00:00,Annual,Exports,Solid fossil fuels,Gigawatt-hour,Austria,2011,28.210,,
ESTAT:NRG_BAL_C(1.0),06/03/26 23:00:00,Annual,Exports,Solid fossil fuels,Gigawatt-hour,Austria,2012,20.397,,
ESTAT:NRG_BAL_C(1.0),06/03/26 23:00:00,Annual,Exports,Solid fossil fuels,Gigawatt-hour,Austria,2013,14.441,,
ESTAT:NRG_BAL_C(1.0),06/03/26 23:00:00,Annual,Exports,Solid fossil fuels,Gigawatt-hour,Austria,2014,18.575,,
ESTAT:NRG_BAL_C(1.0),06/03/26 23:00:00,Annual,Exports,Solid fossil fuels,Gigawatt-hour,Austria,2015,573.584,,
ESTAT:NRG_BAL_C(1.0),06/03/26 23:00:00,Annual,Exports,Solid fossil fuels,Gigawatt-hour,Austria,2016,405.039,,
ESTAT:NRG_BAL_C(1.0),06/03/26 23:00:00,Annual,Exports,Solid fossil fuels,Gigawatt-hour,Austria,2017,422.345,,
ESTAT:NRG_BAL_C(1.0),06/03/26 23:00:00,Annual,Exports,Solid fossil fuels,Gigawatt-hour,Austria,2018,444.978,,
ESTAT:NRG_BAL_C(1.0),06/03/26 23:00:00,Annual,Exports,Solid fossil fuels,Gigawatt-hour,Austria,2019,387.222,,
ESTAT:NRG_BAL_C(1.0),06/03/26 23:00:00,Annual,Exports,Solid fossil fuels,Gigawatt-hour,Austria,2020,304.601,,
ESTAT:NRG_BAL_C(1.0),06/03/26 23:00:00,Annual,Exports,Solid fossil fuels,Gigawatt-hour,Austria,2021,452.424,,
ESTAT:NRG_BAL_C(1.0),06/03/26 23:00:00,Annual,Exports,Solid fossil fuels,Gigawatt-hour,Austria,2022,414.725,,
ESTAT:NRG_BAL_C(1.0),06/03/26 23:00:00,Annual,Exports,Solid fossil fuels,Gigawatt-hour,Austria,2023,384.521,,
ESTAT:NRG_BAL_C(1.0),06/03/26 23:00:00,Annual,Exports,Solid fossil fuels,Gigawatt-hour,Austria,2024,500.235,,
ESTAT:NRG_BAL_C(1.0),06/03/26 23:00:00,Annual,Exports,Solid fossil fuels,Gigawatt-hour,Belgium,2005,8932.833,,
ESTAT:NRG_BAL_C(1.0),06/03/26 23:00:00,Annual,Exports,Solid fossil fuels,Gigawatt-hour,Belgium,2006,9189.321,,
ESTAT:NRG_BAL_C(1.0),06/03/26 23:00:00,Annual,Exports,Solid fossil fuels,Gigawatt-hour,Belgium,2007,11368.879,,
ESTAT:NRG_BAL_C(1.0),06/03/26 23:00:00,Annual,Exports,Solid fossil fuels,Gigawatt-hour,Belgium,2008,9564.936,,
ESTAT:NRG_BAL_C(1.0),06/03/26 23:00:00,Annual,Exports,Solid fossil fuels,Gigawatt-hour,Belgium,2009,9606.438,,
ESTAT:NRG_BAL_C(1.0),06/03/26 23:00:00,Annual,Exports,Solid fossil fuels,Gigawatt-hour,Belgium,2010,8053.026,,
ESTAT:NRG_BAL_C(1.0),06/03/26 23:00:00,Annual,Exports,Solid fossil fuels,Gigawatt-hour,Belgium,2011,8120.196,,
ESTAT:NRG_BAL_C(1.0),06/03/26 23:00:00,Annual,Exports,Solid fossil fuels,Gigawatt-hour,Belgium,2012,9569.387,,
ESTAT:NRG_BAL_C(1.0),06/03/26 23:00:00,Annual,Exports,Solid fossil fuels,Gigawatt-hour,Belgium,2013,7314.503,,
ESTAT:NRG_BAL_C(1.0),06/03/26 23:00:00,Annual,Exports,Solid fossil fuels,Gigawatt-hour,Belgium,2014,6372.755,,
ESTAT:NRG_BAL_C(1.0),06/03/26 23:00:00,Annual,Exports,Solid fossil fuels,Gigawatt-hour,Belgium,2015,1071.731,,
ESTAT:NRG_BAL_C(1.0),06/03/26 23:00:00,Annual,Exports,Solid fossil fuels,Gigawatt-hour,Belgium,2016,588.376,,
ESTAT:NRG_BAL_C(1.0),06/03/26 23:00:00,Annual,Exports,Solid fossil fuels,Gigawatt-hour,Belgium,2017,798.570,,
ESTAT:NRG_BAL_C(1.0),06/03/26 23:00:00,Annual,Exports,Solid fossil fuels,Gigawatt-hour,Belgium,2018,597.353,,
ESTAT:NRG_BAL_C(1.0),06/03/26 23:00:00,Annual,Exports,Solid fossil fuels,Gigawatt-hour,Belgium,2019,961.265,,
ESTAT:NRG_BAL_C(1.0),06/03/26 23:00:00,Annual,Exports,Solid fossil fuels,Gigawatt-hour,Belgium,2020,1785.409,,
ESTAT:NRG_BAL_C(1.0),06/03/26 23:00:00,Annual,Exports,Solid fossil fuels,Gigawatt-hour,Belgium,2021,816.557,,
ESTAT:NRG_BAL_C(1.0),06/03/26 23:00:00,Annual,Exports,Solid fossil fuels,Gigawatt-hour,Belgium,2022,945.837,,
ESTAT:NRG_BAL_C(1.0),06/03/26 23:00:00,Annual,Exports,Solid fossil fuels,Gigawatt-hour,Belgium,2023,1405.455,,
ESTAT:NRG_BAL_C(1.0),06/03/26 23:00:00,Annual,Exports,Solid fossil fuels,Gigawatt-hour,Belgium,2024,637.235,,
ESTAT:NRG_BAL_C(1.0),06/03/26 23:00:00,Annual,Exports,Solid fossil fuels,Gigawatt-hour,Bulgaria,2005,159.075,,
ESTAT:NRG_BAL_C(1.0),06/03/26 23:00:00,Annual,Exports,Solid fossil fuels,Gigawatt-hour,Bulgaria,2006,30.823,,
ESTAT:NRG_BAL_C(1.0),06/03/26 23:00:00,Annual,Exports,Solid fossil fuels,Gigawatt-hour,Bulgaria,2007,14.154,,
ESTAT:NRG_BAL_C(1.0),06/03/26 23:00:00,Annual,Exports,Solid fossil fuels,Gigawatt-hour,Bulgaria,2008,193.266,,
ESTAT:NRG_BAL_C(1.0),06/03/26 23:00:00,Annual,Exports,Solid fossil fuels,Gigawatt-hour,Bulgaria,2009,65.473,,
ESTAT:NRG_BAL_C(1.0),06/03/26 23:00:00,Annual,Exports,Solid fossil fuels,Gigawatt-hour,Bulgaria,2010,546.787,,
ESTAT:NRG_BAL_C(1.0),06/03/26 23:00:00,Annual,Exports,Solid fossil fuels,Gigawatt-hour,Bulgaria,2011,734.994,,
ESTAT:NRG_BAL_C(1.0),06/03/26 23:00:00,Annual,Exports,Solid fossil fuels,Gigawatt-hour,Bulgaria,2012,787.461,,
ESTAT:NRG_BAL_C(1.0),06/03/26 23:00:00,Annual,Exports,Solid fossil fuels,Gigawatt-hour,Bulgaria,2013,431.146,,
ESTAT:NRG_BAL_C(1.0),06/03/26 23:00:00,Annual,Exports,Solid fossil fuels,Gigawatt-hour,Bulgaria,2014,250.283,,
ESTAT:NRG_BAL_C(1.0),06/03/26 23:00:00,Annual,Exports,Solid fossil fuels,Gigawatt-hour,Bulgaria,2015,171.390,,
ESTAT:NRG_BAL_C(1.0),06/03/26 23:00:00,Annual,Exports,Solid fossil fuels,Gigawatt-hour,Bulgaria,2016,51.113,,
ESTAT:NRG_BAL_C(1.0),06/03/26 23:00:00,Annual,Exports,Solid fossil fuels,Gigawatt-hour,Bulgaria,2017,108.228,,
ESTAT:NRG_BAL_C(1.0),06/03/26 23:00:00,Annual,Exports,Solid fossil fuels,Gigawatt-hour,Bulgaria,2018,202.927,,
ESTAT:NRG_BAL_C(1.0),06/03/26 23:00:00,Annual,Exports,Solid fossil fuels,Gigawatt-hour,Bulgaria,2019,252.090,,
ESTAT:NRG_BAL_C(1.0),06/03/26 23:00:00,Annual,Exports,Solid fossil fuels,Gigawatt-hour,Bulgaria,2020,135.830,,
ESTAT:NRG_BAL_C(1.0),06/03/26 23:00:00,Annual,Exports,Solid fossil fuels,Gigawatt-hour,Bulgaria,2021,41.947,,
ESTAT:NRG_BAL_C(1.0),06/03/26 23:00:00,Annual,Exports,Solid fossil fuels,Gigawatt-hour,Bulgaria,2022,911.283,,
ESTAT:NRG_BAL_C(1.0),06/03/26 23:00:00,Annual,Exports,Solid fossil fuels,Gigawatt-hour,Bulgaria,2023,2104.852,,
ESTAT:NRG_BAL_C(1.0),06/03/26 23:00:00,Annual,Exports,Solid fossil fuels,Gigawatt-hour,Bulgaria,2024,11.199,,
ESTAT:NRG_BAL_C(1.0),06/03/26 23:00:00,Annual,Exports,Solid fossil fuels,Gigawatt-hour,Cyprus,2005,0.000,,
ESTAT:NRG_BAL_C(1.0),06/03/26 23:00:00,Annual,Exports,Solid fossil fuels,Gigawatt-hour,Cyprus,2006,0.000,,
ESTAT:NRG_BAL_C(1.0),06/03/26 23:00:00,Annual,Exports,Solid fossil fuels,Gigawatt-hour,Cyprus,2007,0.000,,
ESTAT:NRG_BAL_C(1.0),06/03/26 23:00:00,Annual,Exports,Solid fossil fuels,Gigawatt-hour,Cyprus,2008,0.000,,
ESTAT:NRG_BAL_C(1.0),06/03/26 23:00:00,Annual,Exports,Solid fossil fuels,Gigawatt-hour,Cyprus,2009,0.000,,
ESTAT:NRG_BAL_C(1.0),06/03/26 23:00:00,Annual,Exports,Solid fossil fuels,Gigawatt-hour,Cyprus,2010,0.000,,
ESTAT:NRG_BAL_C(1.0),06/03/26 23:00:00,Annual,Exports,Solid fossil fuels,Gigawatt-hour,Cyprus,2011,0.000,,
ESTAT:NRG_BAL_C(1.0),06/03/26 23:00:00,Annual,Exports,Solid fossil fuels,Gigawatt-hour,Cyprus,2012,0.000,,
ESTAT:NRG_BAL_C(1.0),06/03/26 23:00:00,Annual,Exports,Solid fossil fuels,Gigawatt-hour,Cyprus,2013,0.000,,
ESTAT:NRG_BAL_C(1.0),06/03/26 23:00:00,Annual,Exports,Solid fossil fuels,Gigawatt-hour,Cyprus,2014,0.000,,
ESTAT:NRG_BAL_C(1.0),06/03/26 23:00:00,Annual,Exports,Solid fossil fuels,Gigawatt-hour,Cyprus,2015,0.000,,
ESTAT:NRG_BAL_C(1.0),06/03/26 23:00:00,Annual,Exports,Solid fossil fuels,Gigawatt-hour,Cyprus,2016,0.000,,
ESTAT:NRG_BAL_C(1.0),06/03/26 23:00:00,Annual,Exports,Solid fossil fuels,Gigawatt-hour,Cyprus,2017,0.000,,
ESTAT:NRG_BAL_C(1.0),06/03/26 23:00:00,Annual,Exports,Solid fossil fuels,Gigawatt-hour,Cyprus,2018,0.000,,
ESTAT:NRG_BAL_C(1.0),06/03/26 23:00:00,Annual,Exports,Solid fossil fuels,Gigawatt-hour,Cyprus,2019,0.000,,
ESTAT:NRG_BAL_C(1.0),06/03/26 23:00:00,Annual,Exports,Solid fossil fuels,Gigawatt-hour,Cyprus,2020,0.000,,
ESTAT:NRG_BAL_C(1.0),06/03/26 23:00:00,Annual,Exports,Solid fossil fuels,Gigawatt-hour,Cyprus,2021,0.000,,
ESTAT:NRG_BAL_C(1.0),06/03/26 23:00:00,Annual,Exports,Solid fossil fuels,Gigawatt-hour,Cyprus,2022,0.000,,
ESTAT:NRG_BAL_C(1.0),06/03/26 23:00:00,Annual,Exports,Solid fossil fuels,Gigawatt-hour,Cyprus,2023,0.000,,
ESTAT:NRG_BAL_C(1.0),06/03/26 23:00:00,Annual,Exports,Solid fossil fuels,Gigawatt-hour,Cyprus,2024,0.000,,
ESTAT:NRG_BAL_C(1.0),06/03/26 23:00:00,Annual,Exports,Solid fossil fuels,Gigawatt-hour,Czechia,2005,53722.342,,
ESTAT:NRG_BAL_C(1.0),06/03/26 23:00:00,Annual,Exports,Solid fossil fuels,Gigawatt-hour,Czechia,2006,63297.453,,
ESTAT:NRG_BAL_C(1.0),06/03/26 23:00:00,Annual,Exports,Solid fossil fuels,Gigawatt-hour,Czechia,2007,63543.413,,
ESTAT:NRG_BAL_C(1.0),06/03/26 23:00:00,Annual,Exports,Solid fossil fuels,Gigawatt-hour,Czechia,2008,59678.852,,
ESTAT:NRG_BAL_C(1.0),06/03/26 23:00:00,Annual,Exports,Solid fossil fuels,Gigawatt-hour,Czechia,2009,62581.842,,
ESTAT:NRG_BAL_C(1.0),06/03/26 23:00:00,Annual,Exports,Solid fossil fuels,Gigawatt-hour,Czechia,2010,60881.703,,
ESTAT:NRG_BAL_C(1.0),06/03/26 23:00:00,Annual,Exports,Solid fossil fuels,Gigawatt-hour,Czechia,2011,52052.293,,
ESTAT:NRG_BAL_C(1.0),06/03/26 23:00:00,Annual,Exports,Solid fossil fuels,Gigawatt-hour,Czechia,2012,49554.891,,
ESTAT:NRG_BAL_C(1.0),06/03/26 23:00:00,Annual,Exports,Solid fossil fuels,Gigawatt-hour,Czechia,2013,45563.079,,
ESTAT:NRG_BAL_C(1.0),06/03/26 23:00:00,Annual,Exports,Solid fossil fuels,Gigawatt-hour,Czechia,2014,42660.495,,
ESTAT:NRG_BAL_C(1.0),06/03/26 23:00:00,Annual,Exports,Solid fossil fuels,Gigawatt-hour,Czechia,2015,36469.693,,
ESTAT:NRG_BAL_C(1.0),06/03/26 23:00:00,Annual,Exports,Solid fossil fuels,Gigawatt-hour,Czechia,2016,37143.623,,
ESTAT:NRG_BAL_C(1.0),06/03/26 23:00:00,Annual,Exports,Solid fossil fuels,Gigawatt-hour,Czechia,2017,29525.179,,
ESTAT:NRG_BAL_C(1.0),06/03/26 23:00:00,Annual,Exports,Solid fossil fuels,Gigawatt-hour,Czechia,2018,24809.819,,
ESTAT:NRG_BAL_C(1.0),06/03/26 23:00:00,Annual,Exports,Solid fossil fuels,Gigawatt-hour,Czechia,2019,19490.182,,
ESTAT:NRG_BAL_C(1.0),06/03/26 23:00:00,Annual,Exports,Solid fossil fuels,Gigawatt-hour,Czechia,2020,14042.636,,
ESTAT:NRG_BAL_C(1.0),06/03/26 23:00:00,Annual,Exports,Solid fossil fuels,Gigawatt-hour,Czechia,2021,19562.196,,
ESTAT:NRG_BAL_C(1.0),06/03/26 23:00:00,Annual,Exports,Solid fossil fuels,Gigawatt-hour,Czechia,2022,17858.055,,
ESTAT:NRG_BAL_C(1.0),06/03/26 23:00:00,Annual,Exports,Solid fossil fuels,Gigawatt-hour,Czechia,2023,14357.340,,
ESTAT:NRG_BAL_C(1.0),06/03/26 23:00:00,Annual,Exports,Solid fossil fuels,Gigawatt-hour,Czechia,2024,17552.737,,
ESTAT:NRG_BAL_C(1.0),06/03/26 23:00:00,Annual,Exports,Solid fossil fuels,Gigawatt-hour,Germany,2005,6986.948,,
ESTAT:NRG_BAL_C(1.0),06/03/26 23:00:00,Annual,Exports,Solid fossil fuels,Gigawatt-hour,Germany,2006,7759.214,,
ESTAT:NRG_BAL_C(1.0),06/03/26 23:00:00,Annual,Exports,Solid fossil fuels,Gigawatt-hour,Germany,2007,9121.268,,
ESTAT:NRG_BAL_C(1.0),06/03/26 23:00:00,Annual,Exports,Solid fossil fuels,Gigawatt-hour,Germany,2008,12132.612,,
ESTAT:NRG_BAL_C(1.0),06/03/26 23:00:00,Annual,Exports,Solid fossil fuels,Gigawatt-hour,Germany,2009,10190.342,,
ESTAT:NRG_BAL_C(1.0),06/03/26 23:00:00,Annual,Exports,Solid fossil fuels,Gigawatt-hour,Germany,2010,11018.784,,
ESTAT:NRG_BAL_C(1.0),06/03/26 23:00:00,Annual,Exports,Solid fossil fuels,Gigawatt-hour,Germany,2011,11195.906,,
ESTAT:NRG_BAL_C(1.0),06/03/26 23:00:00,Annual,Exports,Solid fossil fuels,Gigawatt-hour,Germany,2012,13570.901,,
ESTAT:NRG_BAL_C(1.0),06/03/26 23:00:00,Annual,Exports,Solid fossil fuels,Gigawatt-hour,Germany,2013,13690.240,,
ESTAT:NRG_BAL_C(1.0),06/03/26 23:00:00,Annual,Exports,Solid fossil fuels,Gigawatt-hour,Germany,2014,18187.985,,
ESTAT:NRG_BAL_C(1.0),06/03/26 23:00:00,Annual,Exports,Solid fossil fuels,Gigawatt-hour,Germany,2015,16328.275,,
ESTAT:NRG_BAL_C(1.0),06/03/26 23:00:00,Annual,Exports,Solid fossil fuels,Gigawatt-hour,Germany,2016,16298.114,,
ESTAT:NRG_BAL_C(1.0),06/03/26 23:00:00,Annual,Exports,Solid fossil fuels,Gigawatt-hour,Germany,2017,17457.964,,
ESTAT:NRG_BAL_C(1.0),06/03/26 23:00:00,Annual,Exports,Solid fossil fuels,Gigawatt-hour,Germany,2018,17363.786,,
ESTAT:NRG_BAL_C(1.0),06/03/26 23:00:00,Annual,Exports,Solid fossil fuels,Gigawatt-hour,Germany,2019,17454.591,,
ESTAT:NRG_BAL_C(1.0),06/03/26 23:00:00,Annual,Exports,Solid fossil fuels,Gigawatt-hour,Germany,2020,16445.558,,
ESTAT:NRG_BAL_C(1.0),06/03/26 23:00:00,Annual,Exports,Solid fossil fuels,Gigawatt-hour,Germany,2021,19580.520,,
ESTAT:NRG_BAL_C(1.0),06/03/26 23:00:00,Annual,Exports,Solid fossil fuels,Gigawatt-hour,Germany,2022,20919.374,,
ESTAT:NRG_BAL_C(1.0),06/03/26 23:00:00,Annual,Exports,Solid fossil fuels,Gigawatt-hour,Germany,2023,16474.577,,
ESTAT:NRG_BAL_C(1.0),06/03/26 23:00:00,Annual,Exports,Solid fossil fuels,Gigawatt-hour,Germany,2024,21364.972,,
ESTAT:NRG_BAL_C(1.0),06/03/26 23:00:00,Annual,Exports,Solid fossil fuels,Gigawatt-hour,Denmark,2005,650.693,,
ESTAT:NRG_BAL_C(1.0),06/03/26 23:00:00,Annual,Exports,Solid fossil fuels,Gigawatt-hour,Denmark,2006,761.383,,
ESTAT:NRG_BAL_C(1.0),06/03/26 23:00:00,Annual,Exports,Solid fossil fuels,Gigawatt-hour,Denmark,2007,1294.164,,
ESTAT:NRG_BAL_C(1.0),06/03/26 23:00:00,Annual,Exports,Solid fossil fuels,Gigawatt-hour,Denmark,2008,1058.460,,
ESTAT:NRG_BAL_C(1.0),06/03/26 23:00:00,Annual,Exports,Solid fossil fuels,Gigawatt-hour,Denmark,2009,438.507,,
ESTAT:NRG_BAL_C(1.0),06/03/26 23:00:00,Annual,Exports,Solid fossil fuels,Gigawatt-hour,Denmark,2010,482.011,,
ESTAT:NRG_BAL_C(1.0),06/03/26 23:00:00,Annual,Exports,Solid fossil fuels,Gigawatt-hour,Denmark,2011,0.000,,
ESTAT:NRG_BAL_C(1.0),06/03/26 23:00:00,Annual,Exports,Solid fossil fuels,Gigawatt-hour,Denmark,2012,74.036,,
ESTAT:NRG_BAL_C(1.0),06/03/26 23:00:00,Annual,Exports,Solid fossil fuels,Gigawatt-hour,Denmark,2013,353.744,,
ESTAT:NRG_BAL_C(1.0),06/03/26 23:00:00,Annual,Exports,Solid fossil fuels,Gigawatt-hour,Denmark,2014,356.778,,
ESTAT:NRG_BAL_C(1.0),06/03/26 23:00:00,Annual,Exports,Solid fossil fuels,Gigawatt-hour,Denmark,2015,616.392,,
ESTAT:NRG_BAL_C(1.0),06/03/26 23:00:00,Annual,Exports,Solid fossil fuels,Gigawatt-hour,Denmark,2016,140.531,,
ESTAT:NRG_BAL_C(1.0),06/03/26 23:00:00,Annual,Exports,Solid fossil fuels,Gigawatt-hour,Denmark,2017,0.117,,
ESTAT:NRG_BAL_C(1.0),06/03/26 23:00:00,Annual,Exports,Solid fossil fuels,Gigawatt-hour,Denmark,2018,116.800,,
ESTAT:NRG_BAL_C(1.0),06/03/26 23:00:00,Annual,Exports,Solid fossil fuels,Gigawatt-hour,Denmark,2019,318.875,,
ESTAT:NRG_BAL_C(1.0),06/03/26 23:00:00,Annual,Exports,Solid fossil fuels,Gigawatt-hour,Denmark,2020,1337.334,,
ESTAT:NRG_BAL_C(1.0),06/03/26 23:00:00,Annual,Exports,Solid fossil fuels,Gigawatt-hour,Denmark,2021,4035.538,,
ESTAT:NRG_BAL_C(1.0),06/03/26 23:00:00,Annual,Exports,Solid fossil fuels,Gigawatt-hour,Denmark,2022,0.000,,
ESTAT:NRG_BAL_C(1.0),06/03/26 23:00:00,Annual,Exports,Solid fossil fuels,Gigawatt-hour,Denmark,2023,64.162,,
ESTAT:NRG_BAL_C(1.0),06/03/26 23:00:00,Annual,Exports,Solid fossil fuels,Gigawatt-hour,Denmark,2024,90.817,,
ESTAT:NRG_BAL_C(1.0),06/03/26 23:00:00,Annual,Exports,Solid fossil fuels,Gigawatt-hour,Estonia,2005,292.917,,
ESTAT:NRG_BAL_C(1.0),06/03/26 23:00:00,Annual,Exports,Solid fossil fuels,Gigawatt-hour,Estonia,2006,261.250,,
ESTAT:NRG_BAL_C(1.0),06/03/26 23:00:00,Annual,Exports,Solid fossil fuels,Gigawatt-hour,Estonia,2007,316.667,,
ESTAT:NRG_BAL_C(1.0),06/03/26 23:00:00,Annual,Exports,Solid fossil fuels,Gigawatt-hour,Estonia,2008,221.667,,
ESTAT:NRG_BAL_C(1.0),06/03/26 23:00:00,Annual,Exports,Solid fossil fuels,Gigawatt-hour,Estonia,2009,205.833,,
ESTAT:NRG_BAL_C(1.0),06/03/26 23:00:00,Annual,Exports,Solid fossil fuels,Gigawatt-hour,Estonia,2010,166.250,,
ESTAT:NRG_BAL_C(1.0),06/03/26 23:00:00,Annual,Exports,Solid fossil fuels,Gigawatt-hour,Estonia,2011,197.917,,
ESTAT:NRG_BAL_C(1.0),06/03/26 23:00:00,Annual,Exports,Solid fossil fuels,Gigawatt-hour,Estonia,2012,189.628,,
ESTAT:NRG_BAL_C(1.0),06/03/26 23:00:00,Annual,Exports,Solid fossil fuels,Gigawatt-hour,Estonia,2013,158.333,,
ESTAT:NRG_BAL_C(1.0),06/03/26 23:00:00,Annual,Exports,Solid fossil fuels,Gigawatt-hour,Estonia,2014,205.833,,
ESTAT:NRG_BAL_C(1.0),06/03/26 23:00:00,Annual,Exports,Solid fossil fuels,Gigawatt-hour,Estonia,2015,63.333,,
ESTAT:NRG_BAL_C(1.0),06/03/26 23:00:00,Annual,Exports,Solid fossil fuels,Gigawatt-hour,Estonia,2016,102.917,,
ESTAT:NRG_BAL_C(1.0),06/03/26 23:00:00,Annual,Exports,Solid fossil fuels,Gigawatt-hour,Estonia,2017,150.417,,
ESTAT:NRG_BAL_C(1.0),06/03/26 23:00:00,Annual,Exports,Solid fossil fuels,Gigawatt-hour,Estonia,2018,102.917,,
ESTAT:NRG_BAL_C(1.0),06/03/26 23:00:00,Annual,Exports,Solid fossil fuels,Gigawatt-hour,Estonia,2019,161.263,,
ESTAT:NRG_BAL_C(1.0),06/03/26 23:00:00,Annual,Exports,Solid fossil fuels,Gigawatt-hour,Estonia,2020,148.438,,
ESTAT:NRG_BAL_C(1.0),06/03/26 23:00:00,Annual,Exports,Solid fossil fuels,Gigawatt-hour,Estonia,2021,136.167,,
ESTAT:NRG_BAL_C(1.0),06/03/26 23:00:00,Annual,Exports,Solid fossil fuels,Gigawatt-hour,Estonia,2022,71.408,,
ESTAT:NRG_BAL_C(1.0),06/03/26 23:00:00,Annual,Exports,Solid fossil fuels,Gigawatt-hour,Estonia,2023,48.054,,
ESTAT:NRG_BAL_C(1.0),06/03/26 23:00:00,Annual,Exports,Solid fossil fuels,Gigawatt-hour,Estonia,2024,0.000,,
ESTAT:NRG_BAL_C(1.0),06/03/26 23:00:00,Annual,Exports,Solid fossil fuels,Gigawatt-hour,Greece,2005,311.104,,
ESTAT:NRG_BAL_C(1.0),06/03/26 23:00:00,Annual,Exports,Solid fossil fuels,Gigawatt-hour,Greece,2006,160.039,,
ESTAT:NRG_BAL_C(1.0),06/03/26 23:00:00,Annual,Exports,Solid fossil fuels,Gigawatt-hour,Greece,2007,114.413,,
ESTAT:NRG_BAL_C(1.0),06/03/26 23:00:00,Annual,Exports,Solid fossil fuels,Gigawatt-hour,Greece,2008,13.957,,
ESTAT:NRG_BAL_C(1.0),06/03/26 23:00:00,Annual,Exports,Solid fossil fuels,Gigawatt-hour,Greece,2009,13.957,,
ESTAT:NRG_BAL_C(1.0),06/03/26 23:00:00,Annual,Exports,Solid fossil fuels,Gigawatt-hour,Greece,2010,0.000,,
ESTAT:NRG_BAL_C(1.0),06/03/26 23:00:00,Annual,Exports,Solid fossil fuels,Gigawatt-hour,Greece,2011,58.274,,
ESTAT:NRG_BAL_C(1.0),06/03/26 23:00:00,Annual,Exports,Solid fossil fuels,Gigawatt-hour,Greece,2012,82.650,,
ESTAT:NRG_BAL_C(1.0),06/03/26 23:00:00,Annual,Exports,Solid fossil fuels,Gigawatt-hour,Greece,2013,96.269,,
ESTAT:NRG_BAL_C(1.0),06/03/26 23:00:00,Annual,Exports,Solid fossil fuels,Gigawatt-hour,Greece,2014,66.458,,
ESTAT:NRG_BAL_C(1.0),06/03/26 23:00:00,Annual,Exports,Solid fossil fuels,Gigawatt-hour,Greece,2015,0.000,,
ESTAT:NRG_BAL_C(1.0),06/03/26 23:00:00,Annual,Exports,Solid fossil fuels,Gigawatt-hour,Greece,2016,0.000,,
ESTAT:NRG_BAL_C(1.0),06/03/26 23:00:00,Annual,Exports,Solid fossil fuels,Gigawatt-hour,Greece,2017,0.000,,
ESTAT:NRG_BAL_C(1.0),06/03/26 23:00:00,Annual,Exports,Solid fossil fuels,Gigawatt-hour,Greece,2018,0.000,,
ESTAT:NRG_BAL_C(1.0),06/03/26 23:00:00,Annual,Exports,Solid fossil fuels,Gigawatt-hour,Greece,2019,0.000,,
ESTAT:NRG_BAL_C(1.0),06/03/26 23:00:00,Annual,Exports,Solid fossil fuels,Gigawatt-hour,Greece,2020,4.481,,
ESTAT:NRG_BAL_C(1.0),06/03/26 23:00:00,Annual,Exports,Solid fossil fuels,Gigawatt-hour,Greece,2021,0.000,,
ESTAT:NRG_BAL_C(1.0),06/03/26 23:00:00,Annual,Exports,Solid fossil fuels,Gigawatt-hour,Greece,2022,755.209,,
ESTAT:NRG_BAL_C(1.0),06/03/26 23:00:00,Annual,Exports,Solid fossil fuels,Gigawatt-hour,Greece,2023,1683.564,,
ESTAT:NRG_BAL_C(1.0),06/03/26 23:00:00,Annual,Exports,Solid fossil fuels,Gigawatt-hour,Greece,2024,1900.839,,
ESTAT:NRG_BAL_C(1.0),06/03/26 23:00:00,Annual,Exports,Solid fossil fuels,Gigawatt-hour,Spain,2005,4829.167,,
ESTAT:NRG_BAL_C(1.0),06/03/26 23:00:00,Annual,Exports,Solid fossil fuels,Gigawatt-hour,Spain,2006,8288.750,,
ESTAT:NRG_BAL_C(1.0),06/03/26 23:00:00,Annual,Exports,Solid fossil fuels,Gigawatt-hour,Spain,2007,14909.141,,
ESTAT:NRG_BAL_C(1.0),06/03/26 23:00:00,Annual,Exports,Solid fossil fuels,Gigawatt-hour,Spain,2008,17069.990,,
ESTAT:NRG_BAL_C(1.0),06/03/26 23:00:00,Annual,Exports,Solid fossil fuels,Gigawatt-hour,Spain,2009,10593.338,,
ESTAT:NRG_BAL_C(1.0),06/03/26 23:00:00,Annual,Exports,Solid fossil fuels,Gigawatt-hour,Spain,2010,12683.260,,
ESTAT:NRG_BAL_C(1.0),06/03/26 23:00:00,Annual,Exports,Solid fossil fuels,Gigawatt-hour,Spain,2011,10469.778,,
ESTAT:NRG_BAL_C(1.0),06/03/26 23:00:00,Annual,Exports,Solid fossil fuels,Gigawatt-hour,Spain,2012,15627.264,,
ESTAT:NRG_BAL_C(1.0),06/03/26 23:00:00,Annual,Exports,Solid fossil fuels,Gigawatt-hour,Spain,2013,5651.019,,
ESTAT:NRG_BAL_C(1.0),06/03/26 23:00:00,Annual,Exports,Solid fossil fuels,Gigawatt-hour,Spain,2014,9418.649,,
ESTAT:NRG_BAL_C(1.0),06/03/26 23:00:00,Annual,Exports,Solid fossil fuels,Gigawatt-hour,Spain,2015,8247.718,,
ESTAT:NRG_BAL_C(1.0),06/03/26 23:00:00,Annual,Exports,Solid fossil fuels,Gigawatt-hour,Spain,2016,4011.513,,
ESTAT:NRG_BAL_C(1.0),06/03/26 23:00:00,Annual,Exports,Solid fossil fuels,Gigawatt-hour,Spain,2017,2762.040,,
ESTAT:NRG_BAL_C(1.0),06/03/26 23:00:00,Annual,Exports,Solid fossil fuels,Gigawatt-hour,Spain,2018,3844.869,,
ESTAT:NRG_BAL_C(1.0),06/03/26 23:00:00,Annual,Exports,Solid fossil fuels,Gigawatt-hour,Spain,2019,11597.349,,
ESTAT:NRG_BAL_C(1.0),06/03/26 23:00:00,Annual,Exports,Solid fossil fuels,Gigawatt-hour,Spain,2020,14563.281,,
ESTAT:NRG_BAL_C(1.0),06/03/26 23:00:00,Annual,Exports,Solid fossil fuels,Gigawatt-hour,Spain,2021,5007.657,,
ESTAT:NRG_BAL_C(1.0),06/03/26 23:00:00,Annual,Exports,Solid fossil fuels,Gigawatt-hour,Spain,2022,10606.256,,
ESTAT:NRG_BAL_C(1.0),06/03/26 23:00:00,Annual,Exports,Solid fossil fuels,Gigawatt-hour,Spain,2023,25792.784,,
ESTAT:NRG_BAL_C(1.0),06/03/26 23:00:00,Annual,Exports,Solid fossil fuels,Gigawatt-hour,Spain,2024,7171.204,,
ESTAT:NRG_BAL_C(1.0),06/03/26 23:00:00,Annual,Exports,Solid fossil fuels,Gigawatt-hour,Finland,2005,390.556,,
ESTAT:NRG_BAL_C(1.0),06/03/26 23:00:00,Annual,Exports,Solid fossil fuels,Gigawatt-hour,Finland,2006,328.889,,
ESTAT:NRG_BAL_C(1.0),06/03/26 23:00:00,Annual,Exports,Solid fossil fuels,Gigawatt-hour,Finland,2007,404.694,,
ESTAT:NRG_BAL_C(1.0),06/03/26 23:00:00,Annual,Exports,Solid fossil fuels,Gigawatt-hour,Finland,2008,363.583,,
ESTAT:NRG_BAL_C(1.0),06/03/26 23:00:00,Annual,Exports,Solid fossil fuels,Gigawatt-hour,Finland,2009,240.250,,
ESTAT:NRG_BAL_C(1.0),06/03/26 23:00:00,Annual,Exports,Solid fossil fuels,Gigawatt-hour,Finland,2010,379.861,,
ESTAT:NRG_BAL_C(1.0),06/03/26 23:00:00,Annual,Exports,Solid fossil fuels,Gigawatt-hour,Finland,2011,439.389,,
ESTAT:NRG_BAL_C(1.0),06/03/26 23:00:00,Annual,Exports,Solid fossil fuels,Gigawatt-hour,Finland,2012,590.222,,
ESTAT:NRG_BAL_C(1.0),06/03/26 23:00:00,Annual,Exports,Solid fossil fuels,Gigawatt-hour,Finland,2013,631.389,,
ESTAT:NRG_BAL_C(1.0),06/03/26 23:00:00,Annual,Exports,Solid fossil fuels,Gigawatt-hour,Finland,2014,624.972,,
ESTAT:NRG_BAL_C(1.0),06/03/26 23:00:00,Annual,Exports,Solid fossil fuels,Gigawatt-hour,Finland,2015,1066.083,,
ESTAT:NRG_BAL_C(1.0),06/03/26 23:00:00,Annual,Exports,Solid fossil fuels,Gigawatt-hour,Finland,2016,819.778,,
ESTAT:NRG_BAL_C(1.0),06/03/26 23:00:00,Annual,Exports,Solid fossil fuels,Gigawatt-hour,Finland,2017,1196.306,,
ESTAT:NRG_BAL_C(1.0),06/03/26 23:00:00,Annual,Exports,Solid fossil fuels,Gigawatt-hour,Finland,2018,947.861,,
ESTAT:NRG_BAL_C(1.0),06/03/26 23:00:00,Annual,Exports,Solid fossil fuels,Gigawatt-hour,Finland,2019,1725.333,,
ESTAT:NRG_BAL_C(1.0),06/03/26 23:00:00,Annual,Exports,Solid fossil fuels,Gigawatt-hour,Finland,2020,1163.333,,
ESTAT:NRG_BAL_C(1.0),06/03/26 23:00:00,Annual,Exports,Solid fossil fuels,Gigawatt-hour,Finland,2021,597.889,,
ESTAT:NRG_BAL_C(1.0),06/03/26 23:00:00,Annual,Exports,Solid fossil fuels,Gigawatt-hour,Finland,2022,650.583,,
ESTAT:NRG_BAL_C(1.0),06/03/26 23:00:00,Annual,Exports,Solid fossil fuels,Gigawatt-hour,Finland,2023,815.083,,
ESTAT:NRG_BAL_C(1.0),06/03/26 23:00:00,Annual,Exports,Solid fossil fuels,Gigawatt-hour,Finland,2024,670.722,,
ESTAT:NRG_BAL_C(1.0),06/03/26 23:00:00,Annual,Exports,Solid fossil fuels,Gigawatt-hour,France,2005,7163.750,,
ESTAT:NRG_BAL_C(1.0),06/03/26 23:00:00,Annual,Exports,Solid fossil fuels,Gigawatt-hour,France,2006,6488.750,,
ESTAT:NRG_BAL_C(1.0),06/03/26 23:00:00,Annual,Exports,Solid fossil fuels,Gigawatt-hour,France,2007,7792.917,,
ESTAT:NRG_BAL_C(1.0),06/03/26 23:00:00,Annual,Exports,Solid fossil fuels,Gigawatt-hour,France,2008,9087.083,,
ESTAT:NRG_BAL_C(1.0),06/03/26 23:00:00,Annual,Exports,Solid fossil fuels,Gigawatt-hour,France,2009,5627.639,,
ESTAT:NRG_BAL_C(1.0),06/03/26 23:00:00,Annual,Exports,Solid fossil fuels,Gigawatt-hour,France,2010,2038.472,,
ESTAT:NRG_BAL_C(1.0),06/03/26 23:00:00,Annual,Exports,Solid fossil fuels,Gigawatt-hour,France,2011,645.556,,
ESTAT:NRG_BAL_C(1.0),06/03/26 23:00:00,Annual,Exports,Solid fossil fuels,Gigawatt-hour,France,2012,560.000,,
ESTAT:NRG_BAL_C(1.0),06/03/26 23:00:00,Annual,Exports,Solid fossil fuels,Gigawatt-hour,France,2013,101.111,,
ESTAT:NRG_BAL_C(1.0),06/03/26 23:00:00,Annual,Exports,Solid fossil fuels,Gigawatt-hour,France,2014,435.556,,
ESTAT:NRG_BAL_C(1.0),06/03/26 23:00:00,Annual,Exports,Solid fossil fuels,Gigawatt-hour,France,2015,210.000,,
ESTAT:NRG_BAL_C(1.0),06/03/26 23:00:00,Annual,Exports,Solid fossil fuels,Gigawatt-hour,France,2016,645.556,,
ESTAT:NRG_BAL_C(1.0),06/03/26 23:00:00,Annual,Exports,Solid fossil fuels,Gigawatt-hour,France,2017,43.758,,
ESTAT:NRG_BAL_C(1.0),06/03/26 23:00:00,Annual,Exports,Solid fossil fuels,Gigawatt-hour,France,2018,387.714,,
ESTAT:NRG_BAL_C(1.0),06/03/26 23:00:00,Annual,Exports,Solid fossil fuels,Gigawatt-hour,France,2019,48.004,,
ESTAT:NRG_BAL_C(1.0),06/03/26 23:00:00,Annual,Exports,Solid fossil fuels,Gigawatt-hour,France,2020,97.230,,
ESTAT:NRG_BAL_C(1.0),06/03/26 23:00:00,Annual,Exports,Solid fossil fuels,Gigawatt-hour,France,2021,49.708,,
ESTAT:NRG_BAL_C(1.0),06/03/26 23:00:00,Annual,Exports,Solid fossil fuels,Gigawatt-hour,France,2022,84.762,,
ESTAT:NRG_BAL_C(1.0),06/03/26 23:00:00,Annual,Exports,Solid fossil fuels,Gigawatt-hour,France,2023,21.101,,
ESTAT:NRG_BAL_C(1.0),06/03/26 23:00:00,Annual,Exports,Solid fossil fuels,Gigawatt-hour,France,2024,873.416,,
ESTAT:NRG_BAL_C(1.0),06/03/26 23:00:00,Annual,Exports,Solid fossil fuels,Gigawatt-hour,Croatia,2005,0.000,,
ESTAT:NRG_BAL_C(1.0),06/03/26 23:00:00,Annual,Exports,Solid fossil fuels,Gigawatt-hour,Croatia,2006,0.000,,
ESTAT:NRG_BAL_C(1.0),06/03/26 23:00:00,Annual,Exports,Solid fossil fuels,Gigawatt-hour,Croatia,2007,0.000,,
ESTAT:NRG_BAL_C(1.0),06/03/26 23:00:00,Annual,Exports,Solid fossil fuels,Gigawatt-hour,Croatia,2008,0.000,,
ESTAT:NRG_BAL_C(1.0),06/03/26 23:00:00,Annual,Exports,Solid fossil fuels,Gigawatt-hour,Croatia,2009,0.000,,
ESTAT:NRG_BAL_C(1.0),06/03/26 23:00:00,Annual,Exports,Solid fossil fuels,Gigawatt-hour,Croatia,2010,0.000,,
ESTAT:NRG_BAL_C(1.0),06/03/26 23:00:00,Annual,Exports,Solid fossil fuels,Gigawatt-hour,Croatia,2011,0.000,,
ESTAT:NRG_BAL_C(1.0),06/03/26 23:00:00,Annual,Exports,Solid fossil fuels,Gigawatt-hour,Croatia,2012,0.000,,
ESTAT:NRG_BAL_C(1.0),06/03/26 23:00:00,Annual,Exports,Solid fossil fuels,Gigawatt-hour,Croatia,2013,0.000,,
ESTAT:NRG_BAL_C(1.0),06/03/26 23:00:00,Annual,Exports,Solid fossil fuels,Gigawatt-hour,Croatia,2014,0.000,,
ESTAT:NRG_BAL_C(1.0),06/03/26 23:00:00,Annual,Exports,Solid fossil fuels,Gigawatt-hour,Croatia,2015,0.000,,
ESTAT:NRG_BAL_C(1.0),06/03/26 23:00:00,Annual,Exports,Solid fossil fuels,Gigawatt-hour,Croatia,2016,0.000,,
ESTAT:NRG_BAL_C(1.0),06/03/26 23:00:00,Annual,Exports,Solid fossil fuels,Gigawatt-hour,Croatia,2017,0.000,,
ESTAT:NRG_BAL_C(1.0),06/03/26 23:00:00,Annual,Exports,Solid fossil fuels,Gigawatt-hour,Croatia,2018,0.000,,
ESTAT:NRG_BAL_C(1.0),06/03/26 23:00:00,Annual,Exports,Solid fossil fuels,Gigawatt-hour,Croatia,2019,0.000,,
ESTAT:NRG_BAL_C(1.0),06/03/26 23:00:00,Annual,Exports,Solid fossil fuels,Gigawatt-hour,Croatia,2020,0.000,,
ESTAT:NRG_BAL_C(1.0),06/03/26 23:00:00,Annual,Exports,Solid fossil fuels,Gigawatt-hour,Croatia,2021,0.000,,
ESTAT:NRG_BAL_C(1.0),06/03/26 23:00:00,Annual,Exports,Solid fossil fuels,Gigawatt-hour,Croatia,2022,0.000,,
ESTAT:NRG_BAL_C(1.0),06/03/26 23:00:00,Annual,Exports,Solid fossil fuels,Gigawatt-hour,Croatia,2023,0.000,,
ESTAT:NRG_BAL_C(1.0),06/03/26 23:00:00,Annual,Exports,Solid fossil fuels,Gigawatt-hour,Croatia,2024,0.000,,
ESTAT:NRG_BAL_C(1.0),06/03/26 23:00:00,Annual,Exports,Solid fossil fuels,Gigawatt-hour,Hungary,2005,1773.328,,
ESTAT:NRG_BAL_C(1.0),06/03/26 23:00:00,Annual,Exports,Solid fossil fuels,Gigawatt-hour,Hungary,2006,3483.383,,
ESTAT:NRG_BAL_C(1.0),06/03/26 23:00:00,Annual,Exports,Solid fossil fuels,Gigawatt-hour,Hungary,2007,3614.972,,
ESTAT:NRG_BAL_C(1.0),06/03/26 23:00:00,Annual,Exports,Solid fossil fuels,Gigawatt-hour,Hungary,2008,3044.064,,
ESTAT:NRG_BAL_C(1.0),06/03/26 23:00:00,Annual,Exports,Solid fossil fuels,Gigawatt-hour,Hungary,2009,1868.244,,
ESTAT:NRG_BAL_C(1.0),06/03/26 23:00:00,Annual,Exports,Solid fossil fuels,Gigawatt-hour,Hungary,2010,3247.033,,
ESTAT:NRG_BAL_C(1.0),06/03/26 23:00:00,Annual,Exports,Solid fossil fuels,Gigawatt-hour,Hungary,2011,3228.733,,
ESTAT:NRG_BAL_C(1.0),06/03/26 23:00:00,Annual,Exports,Solid fossil fuels,Gigawatt-hour,Hungary,2012,3360.006,,
ESTAT:NRG_BAL_C(1.0),06/03/26 23:00:00,Annual,Exports,Solid fossil fuels,Gigawatt-hour,Hungary,2013,5073.083,,
ESTAT:NRG_BAL_C(1.0),06/03/26 23:00:00,Annual,Exports,Solid fossil fuels,Gigawatt-hour,Hungary,2014,5200.997,,
ESTAT:NRG_BAL_C(1.0),06/03/26 23:00:00,Annual,Exports,Solid fossil fuels,Gigawatt-hour,Hungary,2015,3642.926,,
ESTAT:NRG_BAL_C(1.0),06/03/26 23:00:00,Annual,Exports,Solid fossil fuels,Gigawatt-hour,Hungary,2016,4342.704,,
ESTAT:NRG_BAL_C(1.0),06/03/26 23:00:00,Annual,Exports,Solid fossil fuels,Gigawatt-hour,Hungary,2017,3181.522,,
ESTAT:NRG_BAL_C(1.0),06/03/26 23:00:00,Annual,Exports,Solid fossil fuels,Gigawatt-hour,Hungary,2018,2598.206,,
ESTAT:NRG_BAL_C(1.0),06/03/26 23:00:00,Annual,Exports,Solid fossil fuels,Gigawatt-hour,Hungary,2019,2710.898,,
ESTAT:NRG_BAL_C(1.0),06/03/26 23:00:00,Annual,Exports,Solid fossil fuels,Gigawatt-hour,Hungary,2020,2198.068,,
ESTAT:NRG_BAL_C(1.0),06/03/26 23:00:00,Annual,Exports,Solid fossil fuels,Gigawatt-hour,Hungary,2021,3931.301,,
ESTAT:NRG_BAL_C(1.0),06/03/26 23:00:00,Annual,Exports,Solid fossil fuels,Gigawatt-hour,Hungary,2022,1340.607,,
ESTAT:NRG_BAL_C(1.0),06/03/26 23:00:00,Annual,Exports,Solid fossil fuels,Gigawatt-hour,Hungary,2023,962.678,,
ESTAT:NRG_BAL_C(1.0),06/03/26 23:00:00,Annual,Exports,Solid fossil fuels,Gigawatt-hour,Hungary,2024,1080.118,,
ESTAT:NRG_BAL_C(1.0),06/03/26 23:00:00,Annual,Exports,Solid fossil fuels,Gigawatt-hour,Ireland,2005,56.975,,
ESTAT:NRG_BAL_C(1.0),06/03/26 23:00:00,Annual,Exports,Solid fossil fuels,Gigawatt-hour,Ireland,2006,23.198,,
ESTAT:NRG_BAL_C(1.0),06/03/26 23:00:00,Annual,Exports,Solid fossil fuels,Gigawatt-hour,Ireland,2007,0.000,,
ESTAT:NRG_BAL_C(1.0),06/03/26 23:00:00,Annual,Exports,Solid fossil fuels,Gigawatt-hour,Ireland,2008,2.868,,
ESTAT:NRG_BAL_C(1.0),06/03/26 23:00:00,Annual,Exports,Solid fossil fuels,Gigawatt-hour,Ireland,2009,9.710,,
ESTAT:NRG_BAL_C(1.0),06/03/26 23:00:00,Annual,Exports,Solid fossil fuels,Gigawatt-hour,Ireland,2010,3.666,,
ESTAT:NRG_BAL_C(1.0),06/03/26 23:00:00,Annual,Exports,Solid fossil fuels,Gigawatt-hour,Ireland,2011,4.084,,
ESTAT:NRG_BAL_C(1.0),06/03/26 23:00:00,Annual,Exports,Solid fossil fuels,Gigawatt-hour,Ireland,2012,4.695,,
ESTAT:NRG_BAL_C(1.0),06/03/26 23:00:00,Annual,Exports,Solid fossil fuels,Gigawatt-hour,Ireland,2013,7.409,,
ESTAT:NRG_BAL_C(1.0),06/03/26 23:00:00,Annual,Exports,Solid fossil fuels,Gigawatt-hour,Ireland,2014,4.618,,
ESTAT:NRG_BAL_C(1.0),06/03/26 23:00:00,Annual,Exports,Solid fossil fuels,Gigawatt-hour,Ireland,2015,13.266,,
ESTAT:NRG_BAL_C(1.0),06/03/26 23:00:00,Annual,Exports,Solid fossil fuels,Gigawatt-hour,Ireland,2016,18.550,,
ESTAT:NRG_BAL_C(1.0),06/03/26 23:00:00,Annual,Exports,Solid fossil fuels,Gigawatt-hour,Ireland,2017,7.882,,
ESTAT:NRG_BAL_C(1.0),06/03/26 23:00:00,Annual,Exports,Solid fossil fuels,Gigawatt-hour,Ireland,2018,0.000,,
ESTAT:NRG_BAL_C(1.0),06/03/26 23:00:00,Annual,Exports,Solid fossil fuels,Gigawatt-hour,Ireland,2019,0.000,,
ESTAT:NRG_BAL_C(1.0),06/03/26 23:00:00,Annual,Exports,Solid fossil fuels,Gigawatt-hour,Ireland,2020,0.000,,
ESTAT:NRG_BAL_C(1.0),06/03/26 23:00:00,Annual,Exports,Solid fossil fuels,Gigawatt-hour,Ireland,2021,0.000,,
ESTAT:NRG_BAL_C(1.0),06/03/26 23:00:00,Annual,Exports,Solid fossil fuels,Gigawatt-hour,Ireland,2022,0.000,,
ESTAT:NRG_BAL_C(1.0),06/03/26 23:00:00,Annual,Exports,Solid fossil fuels,Gigawatt-hour,Ireland,2023,0.000,,
ESTAT:NRG_BAL_C(1.0),06/03/26 23:00:00,Annual,Exports,Solid fossil fuels,Gigawatt-hour,Ireland,2024,0.000,,
ESTAT:NRG_BAL_C(1.0),06/03/26 23:00:00,Annual,Exports,Solid fossil fuels,Gigawatt-hour,Italy,2005,1844.722,,
ESTAT:NRG_BAL_C(1.0),06/03/26 23:00:00,Annual,Exports,Solid fossil fuels,Gigawatt-hour,Italy,2006,1772.222,,
ESTAT:NRG_BAL_C(1.0),06/03/26 23:00:00,Annual,Exports,Solid fossil fuels,Gigawatt-hour,Italy,2007,1731.944,,
ESTAT:NRG_BAL_C(1.0),06/03/26 23:00:00,Annual,Exports,Solid fossil fuels,Gigawatt-hour,Italy,2008,1925.278,,
ESTAT:NRG_BAL_C(1.0),06/03/26 23:00:00,Annual,Exports,Solid fossil fuels,Gigawatt-hour,Italy,2009,2223.333,,
ESTAT:NRG_BAL_C(1.0),06/03/26 23:00:00,Annual,Exports,Solid fossil fuels,Gigawatt-hour,Italy,2010,2475.976,,
ESTAT:NRG_BAL_C(1.0),06/03/26 23:00:00,Annual,Exports,Solid fossil fuels,Gigawatt-hour,Italy,2011,2220.217,,
ESTAT:NRG_BAL_C(1.0),06/03/26 23:00:00,Annual,Exports,Solid fossil fuels,Gigawatt-hour,Italy,2012,2454.173,,
ESTAT:NRG_BAL_C(1.0),06/03/26 23:00:00,Annual,Exports,Solid fossil fuels,Gigawatt-hour,Italy,2013,1981.667,,
ESTAT:NRG_BAL_C(1.0),06/03/26 23:00:00,Annual,Exports,Solid fossil fuels,Gigawatt-hour,Italy,2014,2753.981,,
ESTAT:NRG_BAL_C(1.0),06/03/26 23:00:00,Annual,Exports,Solid fossil fuels,Gigawatt-hour,Italy,2015,3050.039,,
ESTAT:NRG_BAL_C(1.0),06/03/26 23:00:00,Annual,Exports,Solid fossil fuels,Gigawatt-hour,Italy,2016,2947.328,,
ESTAT:NRG_BAL_C(1.0),06/03/26 23:00:00,Annual,Exports,Solid fossil fuels,Gigawatt-hour,Italy,2017,2724.016,,
ESTAT:NRG_BAL_C(1.0),06/03/26 23:00:00,Annual,Exports,Solid fossil fuels,Gigawatt-hour,Italy,2018,2901.487,,
ESTAT:NRG_BAL_C(1.0),06/03/26 23:00:00,Annual,Exports,Solid fossil fuels,Gigawatt-hour,Italy,2019,2333.226,,
ESTAT:NRG_BAL_C(1.0),06/03/26 23:00:00,Annual,Exports,Solid fossil fuels,Gigawatt-hour,Italy,2020,2438.451,,
ESTAT:NRG_BAL_C(1.0),06/03/26 23:00:00,Annual,Exports,Solid fossil fuels,Gigawatt-hour,Italy,2021,2101.760,,
ESTAT:NRG_BAL_C(1.0),06/03/26 23:00:00,Annual,Exports,Solid fossil fuels,Gigawatt-hour,Italy,2022,2753.304,,
ESTAT:NRG_BAL_C(1.0),06/03/26 23:00:00,Annual,Exports,Solid fossil fuels,Gigawatt-hour,Italy,2023,2003.834,,
ESTAT:NRG_BAL_C(1.0),06/03/26 23:00:00,Annual,Exports,Solid fossil fuels,Gigawatt-hour,Italy,2024,2992.264,,
ESTAT:NRG_BAL_C(1.0),06/03/26 23:00:00,Annual,Exports,Solid fossil fuels,Gigawatt-hour,Lithuania,2005,12.614,,
ESTAT:NRG_BAL_C(1.0),06/03/26 23:00:00,Annual,Exports,Solid fossil fuels,Gigawatt-hour,Lithuania,2006,18.921,,
ESTAT:NRG_BAL_C(1.0),06/03/26 23:00:00,Annual,Exports,Solid fossil fuels,Gigawatt-hour,Lithuania,2007,50.456,,
ESTAT:NRG_BAL_C(1.0),06/03/26 23:00:00,Annual,Exports,Solid fossil fuels,Gigawatt-hour,Lithuania,2008,56.763,,
ESTAT:NRG_BAL_C(1.0),06/03/26 23:00:00,Annual,Exports,Solid fossil fuels,Gigawatt-hour,Lithuania,2009,107.889,,
ESTAT:NRG_BAL_C(1.0),06/03/26 23:00:00,Annual,Exports,Solid fossil fuels,Gigawatt-hour,Lithuania,2010,239.125,,
ESTAT:NRG_BAL_C(1.0),06/03/26 23:00:00,Annual,Exports,Solid fossil fuels,Gigawatt-hour,Lithuania,2011,163.442,,
ESTAT:NRG_BAL_C(1.0),06/03/26 23:00:00,Annual,Exports,Solid fossil fuels,Gigawatt-hour,Lithuania,2012,160.489,,
ESTAT:NRG_BAL_C(1.0),06/03/26 23:00:00,Annual,Exports,Solid fossil fuels,Gigawatt-hour,Lithuania,2013,244.222,,
ESTAT:NRG_BAL_C(1.0),06/03/26 23:00:00,Annual,Exports,Solid fossil fuels,Gigawatt-hour,Lithuania,2014,0.000,,
ESTAT:NRG_BAL_C(1.0),06/03/26 23:00:00,Annual,Exports,Solid fossil fuels,Gigawatt-hour,Lithuania,2015,0.000,,
ESTAT:NRG_BAL_C(1.0),06/03/26 23:00:00,Annual,Exports,Solid fossil fuels,Gigawatt-hour,Lithuania,2016,0.000,,
ESTAT:NRG_BAL_C(1.0),06/03/26 23:00:00,Annual,Exports,Solid fossil fuels,Gigawatt-hour,Lithuania,2017,0.000,,
ESTAT:NRG_BAL_C(1.0),06/03/26 23:00:00,Annual,Exports,Solid fossil fuels,Gigawatt-hour,Lithuania,2018,0.000,,
ESTAT:NRG_BAL_C(1.0),06/03/26 23:00:00,Annual,Exports,Solid fossil fuels,Gigawatt-hour,Lithuania,2019,0.000,,
ESTAT:NRG_BAL_C(1.0),06/03/26 23:00:00,Annual,Exports,Solid fossil fuels,Gigawatt-hour,Lithuania,2020,0.000,,
ESTAT:NRG_BAL_C(1.0),06/03/26 23:00:00,Annual,Exports,Solid fossil fuels,Gigawatt-hour,Lithuania,2021,0.000,,
ESTAT:NRG_BAL_C(1.0),06/03/26 23:00:00,Annual,Exports,Solid fossil fuels,Gigawatt-hour,Lithuania,2022,0.000,,
ESTAT:NRG_BAL_C(1.0),06/03/26 23:00:00,Annual,Exports,Solid fossil fuels,Gigawatt-hour,Lithuania,2023,0.000,,
ESTAT:NRG_BAL_C(1.0),06/03/26 23:00:00,Annual,Exports,Solid fossil fuels,Gigawatt-hour,Lithuania,2024,0.000,,
ESTAT:NRG_BAL_C(1.0),06/03/26 23:00:00,Annual,Exports,Solid fossil fuels,Gigawatt-hour,Luxembourg,2005,0.000,,
ESTAT:NRG_BAL_C(1.0),06/03/26 23:00:00,Annual,Exports,Solid fossil fuels,Gigawatt-hour,Luxembourg,2006,0.000,,
ESTAT:NRG_BAL_C(1.0),06/03/26 23:00:00,Annual,Exports,Solid fossil fuels,Gigawatt-hour,Luxembourg,2007,0.000,,
ESTAT:NRG_BAL_C(1.0),06/03/26 23:00:00,Annual,Exports,Solid fossil fuels,Gigawatt-hour,Luxembourg,2008,0.000,,
ESTAT:NRG_BAL_C(1.0),06/03/26 23:00:00,Annual,Exports,Solid fossil fuels,Gigawatt-hour,Luxembourg,2009,0.000,,
ESTAT:NRG_BAL_C(1.0),06/03/26 23:00:00,Annual,Exports,Solid fossil fuels,Gigawatt-hour,Luxembourg,2010,0.000,,
ESTAT:NRG_BAL_C(1.0),06/03/26 23:00:00,Annual,Exports,Solid fossil fuels,Gigawatt-hour,Luxembourg,2011,0.000,,
ESTAT:NRG_BAL_C(1.0),06/03/26 23:00:00,Annual,Exports,Solid fossil fuels,Gigawatt-hour,Luxembourg,2012,0.000,,
ESTAT:NRG_BAL_C(1.0),06/03/26 23:00:00,Annual,Exports,Solid fossil fuels,Gigawatt-hour,Luxembourg,2013,0.000,,
ESTAT:NRG_BAL_C(1.0),06/03/26 23:00:00,Annual,Exports,Solid fossil fuels,Gigawatt-hour,Luxembourg,2014,0.000,,
ESTAT:NRG_BAL_C(1.0),06/03/26 23:00:00,Annual,Exports,Solid fossil fuels,Gigawatt-hour,Luxembourg,2015,0.000,,
ESTAT:NRG_BAL_C(1.0),06/03/26 23:00:00,Annual,Exports,Solid fossil fuels,Gigawatt-hour,Luxembourg,2016,0.000,,
ESTAT:NRG_BAL_C(1.0),06/03/26 23:00:00,Annual,Exports,Solid fossil fuels,Gigawatt-hour,Luxembourg,2017,0.000,,
ESTAT:NRG_BAL_C(1.0),06/03/26 23:00:00,Annual,Exports,Solid fossil fuels,Gigawatt-hour,Luxembourg,2018,0.000,,
ESTAT:NRG_BAL_C(1.0),06/03/26 23:00:00,Annual,Exports,Solid fossil fuels,Gigawatt-hour,Luxembourg,2019,0.000,,
ESTAT:NRG_BAL_C(1.0),06/03/26 23:00:00,Annual,Exports,Solid fossil fuels,Gigawatt-hour,Luxembourg,2020,0.000,,
ESTAT:NRG_BAL_C(1.0),06/03/26 23:00:00,Annual,Exports,Solid fossil fuels,Gigawatt-hour,Luxembourg,2021,0.000,,
ESTAT:NRG_BAL_C(1.0),06/03/26 23:00:00,Annual,Exports,Solid fossil fuels,Gigawatt-hour,Luxembourg,2022,0.000,,
ESTAT:NRG_BAL_C(1.0),06/03/26 23:00:00,Annual,Exports,Solid fossil fuels,Gigawatt-hour,Luxembourg,2023,0.000,,
ESTAT:NRG_BAL_C(1.0),06/03/26 23:00:00,Annual,Exports,Solid fossil fuels,Gigawatt-hour,Luxembourg,2024,0.000,,
ESTAT:NRG_BAL_C(1.0),06/03/26 23:00:00,Annual,Exports,Solid fossil fuels,Gigawatt-hour,Latvia,2005,0.000,,
ESTAT:NRG_BAL_C(1.0),06/03/26 23:00:00,Annual,Exports,Solid fossil fuels,Gigawatt-hour,Latvia,2006,0.000,,
ESTAT:NRG_BAL_C(1.0),06/03/26 23:00:00,Annual,Exports,Solid fossil fuels,Gigawatt-hour,Latvia,2007,0.000,,
ESTAT:NRG_BAL_C(1.0),06/03/26 23:00:00,Annual,Exports,Solid fossil fuels,Gigawatt-hour,Latvia,2008,21.850,,
ESTAT:NRG_BAL_C(1.0),06/03/26 23:00:00,Annual,Exports,Solid fossil fuels,Gigawatt-hour,Latvia,2009,36.417,,
ESTAT:NRG_BAL_C(1.0),06/03/26 23:00:00,Annual,Exports,Solid fossil fuels,Gigawatt-hour,Latvia,2010,14.567,,
ESTAT:NRG_BAL_C(1.0),06/03/26 23:00:00,Annual,Exports,Solid fossil fuels,Gigawatt-hour,Latvia,2011,50.983,,
ESTAT:NRG_BAL_C(1.0),06/03/26 23:00:00,Annual,Exports,Solid fossil fuels,Gigawatt-hour,Latvia,2012,44.374,,
ESTAT:NRG_BAL_C(1.0),06/03/26 23:00:00,Annual,Exports,Solid fossil fuels,Gigawatt-hour,Latvia,2013,54.404,,
ESTAT:NRG_BAL_C(1.0),06/03/26 23:00:00,Annual,Exports,Solid fossil fuels,Gigawatt-hour,Latvia,2014,40.270,,
ESTAT:NRG_BAL_C(1.0),06/03/26 23:00:00,Annual,Exports,Solid fossil fuels,Gigawatt-hour,Latvia,2015,13.283,,
ESTAT:NRG_BAL_C(1.0),06/03/26 23:00:00,Annual,Exports,Solid fossil fuels,Gigawatt-hour,Latvia,2016,39.533,,
ESTAT:NRG_BAL_C(1.0),06/03/26 23:00:00,Annual,Exports,Solid fossil fuels,Gigawatt-hour,Latvia,2017,39.326,,
ESTAT:NRG_BAL_C(1.0),06/03/26 23:00:00,Annual,Exports,Solid fossil fuels,Gigawatt-hour,Latvia,2018,68.694,,
ESTAT:NRG_BAL_C(1.0),06/03/26 23:00:00,Annual,Exports,Solid fossil fuels,Gigawatt-hour,Latvia,2019,31.891,,
ESTAT:NRG_BAL_C(1.0),06/03/26 23:00:00,Annual,Exports,Solid fossil fuels,Gigawatt-hour,Latvia,2020,30.435,,
ESTAT:NRG_BAL_C(1.0),06/03/26 23:00:00,Annual,Exports,Solid fossil fuels,Gigawatt-hour,Latvia,2021,58.155,,
ESTAT:NRG_BAL_C(1.0),06/03/26 23:00:00,Annual,Exports,Solid fossil fuels,Gigawatt-hour,Latvia,2022,45.014,,
ESTAT:NRG_BAL_C(1.0),06/03/26 23:00:00,Annual,Exports,Solid fossil fuels,Gigawatt-hour,Latvia,2023,0.366,,
ESTAT:NRG_BAL_C(1.0),06/03/26 23:00:00,Annual,Exports,Solid fossil fuels,Gigawatt-hour,Latvia,2024,0.000,,
ESTAT:NRG_BAL_C(1.0),06/03/26 23:00:00,Annual,Exports,Solid fossil fuels,Gigawatt-hour,Malta,2005,0.000,,
ESTAT:NRG_BAL_C(1.0),06/03/26 23:00:00,Annual,Exports,Solid fossil fuels,Gigawatt-hour,Malta,2006,0.000,,
ESTAT:NRG_BAL_C(1.0),06/03/26 23:00:00,Annual,Exports,Solid fossil fuels,Gigawatt-hour,Malta,2007,0.000,,
ESTAT:NRG_BAL_C(1.0),06/03/26 23:00:00,Annual,Exports,Solid fossil fuels,Gigawatt-hour,Malta,2008,0.000,,
ESTAT:NRG_BAL_C(1.0),06/03/26 23:00:00,Annual,Exports,Solid fossil fuels,Gigawatt-hour,Malta,2009,0.000,,
ESTAT:NRG_BAL_C(1.0),06/03/26 23:00:00,Annual,Exports,Solid fossil fuels,Gigawatt-hour,Malta,2010,0.000,,
ESTAT:NRG_BAL_C(1.0),06/03/26 23:00:00,Annual,Exports,Solid fossil fuels,Gigawatt-hour,Malta,2011,0.000,,
ESTAT:NRG_BAL_C(1.0),06/03/26 23:00:00,Annual,Exports,Solid fossil fuels,Gigawatt-hour,Malta,2012,0.000,,
ESTAT:NRG_BAL_C(1.0),06/03/26 23:00:00,Annual,Exports,Solid fossil fuels,Gigawatt-hour,Malta,2013,0.000,,
ESTAT:NRG_BAL_C(1.0),06/03/26 23:00:00,Annual,Exports,Solid fossil fuels,Gigawatt-hour,Malta,2014,0.000,,
ESTAT:NRG_BAL_C(1.0),06/03/26 23:00:00,Annual,Exports,Solid fossil fuels,Gigawatt-hour,Malta,2015,0.000,,
ESTAT:NRG_BAL_C(1.0),06/03/26 23:00:00,Annual,Exports,Solid fossil fuels,Gigawatt-hour,Malta,2016,0.000,,
ESTAT:NRG_BAL_C(1.0),06/03/26 23:00:00,Annual,Exports,Solid fossil fuels,Gigawatt-hour,Malta,2017,0.000,,
ESTAT:NRG_BAL_C(1.0),06/03/26 23:00:00,Annual,Exports,Solid fossil fuels,Gigawatt-hour,Malta,2018,0.000,,
ESTAT:NRG_BAL_C(1.0),06/03/26 23:00:00,Annual,Exports,Solid fossil fuels,Gigawatt-hour,Malta,2019,0.000,,
ESTAT:NRG_BAL_C(1.0),06/03/26 23:00:00,Annual,Exports,Solid fossil fuels,Gigawatt-hour,Malta,2020,0.000,,
ESTAT:NRG_BAL_C(1.0),06/03/26 23:00:00,Annual,Exports,Solid fossil fuels,Gigawatt-hour,Malta,2021,0.000,,
ESTAT:NRG_BAL_C(1.0),06/03/26 23:00:00,Annual,Exports,Solid fossil fuels,Gigawatt-hour,Malta,2022,0.000,,
ESTAT:NRG_BAL_C(1.0),06/03/26 23:00:00,Annual,Exports,Solid fossil fuels,Gigawatt-hour,Malta,2023,0.000,,
ESTAT:NRG_BAL_C(1.0),06/03/26 23:00:00,Annual,Exports,Solid fossil fuels,Gigawatt-hour,Malta,2024,0.000,,
ESTAT:NRG_BAL_C(1.0),06/03/26 23:00:00,Annual,Exports,Solid fossil fuels,Gigawatt-hour,Netherlands,2005,3090.444,,
ESTAT:NRG_BAL_C(1.0),06/03/26 23:00:00,Annual,Exports,Solid fossil fuels,Gigawatt-hour,Netherlands,2006,6203.306,,
ESTAT:NRG_BAL_C(1.0),06/03/26 23:00:00,Annual,Exports,Solid fossil fuels,Gigawatt-hour,Netherlands,2007,4935.222,,
ESTAT:NRG_BAL_C(1.0),06/03/26 23:00:00,Annual,Exports,Solid fossil fuels,Gigawatt-hour,Netherlands,2008,2835.000,,
ESTAT:NRG_BAL_C(1.0),06/03/26 23:00:00,Annual,Exports,Solid fossil fuels,Gigawatt-hour,Netherlands,2009,1340.167,,
ESTAT:NRG_BAL_C(1.0),06/03/26 23:00:00,Annual,Exports,Solid fossil fuels,Gigawatt-hour,Netherlands,2010,1288.056,,
ESTAT:NRG_BAL_C(1.0),06/03/26 23:00:00,Annual,Exports,Solid fossil fuels,Gigawatt-hour,Netherlands,2011,483.806,,
ESTAT:NRG_BAL_C(1.0),06/03/26 23:00:00,Annual,Exports,Solid fossil fuels,Gigawatt-hour,Netherlands,2012,922.694,,
ESTAT:NRG_BAL_C(1.0),06/03/26 23:00:00,Annual,Exports,Solid fossil fuels,Gigawatt-hour,Netherlands,2013,2575.694,,
ESTAT:NRG_BAL_C(1.0),06/03/26 23:00:00,Annual,Exports,Solid fossil fuels,Gigawatt-hour,Netherlands,2014,5085.056,,
ESTAT:NRG_BAL_C(1.0),06/03/26 23:00:00,Annual,Exports,Solid fossil fuels,Gigawatt-hour,Netherlands,2015,984.777,,
ESTAT:NRG_BAL_C(1.0),06/03/26 23:00:00,Annual,Exports,Solid fossil fuels,Gigawatt-hour,Netherlands,2016,618.899,,
ESTAT:NRG_BAL_C(1.0),06/03/26 23:00:00,Annual,Exports,Solid fossil fuels,Gigawatt-hour,Netherlands,2017,1023.331,,
ESTAT:NRG_BAL_C(1.0),06/03/26 23:00:00,Annual,Exports,Solid fossil fuels,Gigawatt-hour,Netherlands,2018,421.255,,
ESTAT:NRG_BAL_C(1.0),06/03/26 23:00:00,Annual,Exports,Solid fossil fuels,Gigawatt-hour,Netherlands,2019,683.518,,
ESTAT:NRG_BAL_C(1.0),06/03/26 23:00:00,Annual,Exports,Solid fossil fuels,Gigawatt-hour,Netherlands,2020,2189.064,,
ESTAT:NRG_BAL_C(1.0),06/03/26 23:00:00,Annual,Exports,Solid fossil fuels,Gigawatt-hour,Netherlands,2021,410.328,,
ESTAT:NRG_BAL_C(1.0),06/03/26 23:00:00,Annual,Exports,Solid fossil fuels,Gigawatt-hour,Netherlands,2022,1266.422,,
ESTAT:NRG_BAL_C(1.0),06/03/26 23:00:00,Annual,Exports,Solid fossil fuels,Gigawatt-hour,Netherlands,2023,3835.547,,
ESTAT:NRG_BAL_C(1.0),06/03/26 23:00:00,Annual,Exports,Solid fossil fuels,Gigawatt-hour,Netherlands,2024,1218.913,,
ESTAT:NRG_BAL_C(1.0),06/03/26 23:00:00,Annual,Exports,Solid fossil fuels,Gigawatt-hour,Poland,2005,176118.386,,
ESTAT:NRG_BAL_C(1.0),06/03/26 23:00:00,Annual,Exports,Solid fossil fuels,Gigawatt-hour,Poland,2006,181931.263,,
ESTAT:NRG_BAL_C(1.0),06/03/26 23:00:00,Annual,Exports,Solid fossil fuels,Gigawatt-hour,Poland,2007,143894.928,,
ESTAT:NRG_BAL_C(1.0),06/03/26 23:00:00,Annual,Exports,Solid fossil fuels,Gigawatt-hour,Poland,2008,117106.461,,
ESTAT:NRG_BAL_C(1.0),06/03/26 23:00:00,Annual,Exports,Solid fossil fuels,Gigawatt-hour,Poland,2009,106753.686,,
ESTAT:NRG_BAL_C(1.0),06/03/26 23:00:00,Annual,Exports,Solid fossil fuels,Gigawatt-hour,Poland,2010,128037.268,,
ESTAT:NRG_BAL_C(1.0),06/03/26 23:00:00,Annual,Exports,Solid fossil fuels,Gigawatt-hour,Poland,2011,109298.154,,
ESTAT:NRG_BAL_C(1.0),06/03/26 23:00:00,Annual,Exports,Solid fossil fuels,Gigawatt-hour,Poland,2012,108816.068,,
ESTAT:NRG_BAL_C(1.0),06/03/26 23:00:00,Annual,Exports,Solid fossil fuels,Gigawatt-hour,Poland,2013,137937.062,,
ESTAT:NRG_BAL_C(1.0),06/03/26 23:00:00,Annual,Exports,Solid fossil fuels,Gigawatt-hour,Poland,2014,123775.050,,
ESTAT:NRG_BAL_C(1.0),06/03/26 23:00:00,Annual,Exports,Solid fossil fuels,Gigawatt-hour,Poland,2015,123190.232,,
ESTAT:NRG_BAL_C(1.0),06/03/26 23:00:00,Annual,Exports,Solid fossil fuels,Gigawatt-hour,Poland,2016,125892.603,,
ESTAT:NRG_BAL_C(1.0),06/03/26 23:00:00,Annual,Exports,Solid fossil fuels,Gigawatt-hour,Poland,2017,108363.862,,
ESTAT:NRG_BAL_C(1.0),06/03/26 23:00:00,Annual,Exports,Solid fossil fuels,Gigawatt-hour,Poland,2018,93821.220,,
ESTAT:NRG_BAL_C(1.0),06/03/26 23:00:00,Annual,Exports,Solid fossil fuels,Gigawatt-hour,Poland,2019,86419.353,,
ESTAT:NRG_BAL_C(1.0),06/03/26 23:00:00,Annual,Exports,Solid fossil fuels,Gigawatt-hour,Poland,2020,88403.738,,
ESTAT:NRG_BAL_C(1.0),06/03/26 23:00:00,Annual,Exports,Solid fossil fuels,Gigawatt-hour,Poland,2021,106914.272,,
ESTAT:NRG_BAL_C(1.0),06/03/26 23:00:00,Annual,Exports,Solid fossil fuels,Gigawatt-hour,Poland,2022,93413.911,,
ESTAT:NRG_BAL_C(1.0),06/03/26 23:00:00,Annual,Exports,Solid fossil fuels,Gigawatt-hour,Poland,2023,93733.676,,
ESTAT:NRG_BAL_C(1.0),06/03/26 23:00:00,Annual,Exports,Solid fossil fuels,Gigawatt-hour,Poland,2024,83535.082,,
ESTAT:NRG_BAL_C(1.0),06/03/26 23:00:00,Annual,Exports,Solid fossil fuels,Gigawatt-hour,Portugal,2005,0.000,,
ESTAT:NRG_BAL_C(1.0),06/03/26 23:00:00,Annual,Exports,Solid fossil fuels,Gigawatt-hour,Portugal,2006,0.000,,
ESTAT:NRG_BAL_C(1.0),06/03/26 23:00:00,Annual,Exports,Solid fossil fuels,Gigawatt-hour,Portugal,2007,0.000,,
ESTAT:NRG_BAL_C(1.0),06/03/26 23:00:00,Annual,Exports,Solid fossil fuels,Gigawatt-hour,Portugal,2008,0.000,,
ESTAT:NRG_BAL_C(1.0),06/03/26 23:00:00,Annual,Exports,Solid fossil fuels,Gigawatt-hour,Portugal,2009,0.000,,
ESTAT:NRG_BAL_C(1.0),06/03/26 23:00:00,Annual,Exports,Solid fossil fuels,Gigawatt-hour,Portugal,2010,0.000,,
ESTAT:NRG_BAL_C(1.0),06/03/26 23:00:00,Annual,Exports,Solid fossil fuels,Gigawatt-hour,Portugal,2011,0.000,,
ESTAT:NRG_BAL_C(1.0),06/03/26 23:00:00,Annual,Exports,Solid fossil fuels,Gigawatt-hour,Portugal,2012,0.000,,
ESTAT:NRG_BAL_C(1.0),06/03/26 23:00:00,Annual,Exports,Solid fossil fuels,Gigawatt-hour,Portugal,2013,0.000,,
ESTAT:NRG_BAL_C(1.0),06/03/26 23:00:00,Annual,Exports,Solid fossil fuels,Gigawatt-hour,Portugal,2014,0.000,,
ESTAT:NRG_BAL_C(1.0),06/03/26 23:00:00,Annual,Exports,Solid fossil fuels,Gigawatt-hour,Portugal,2015,0.000,,
ESTAT:NRG_BAL_C(1.0),06/03/26 23:00:00,Annual,Exports,Solid fossil fuels,Gigawatt-hour,Portugal,2016,0.000,,
ESTAT:NRG_BAL_C(1.0),06/03/26 23:00:00,Annual,Exports,Solid fossil fuels,Gigawatt-hour,Portugal,2017,0.000,,
ESTAT:NRG_BAL_C(1.0),06/03/26 23:00:00,Annual,Exports,Solid fossil fuels,Gigawatt-hour,Portugal,2018,0.000,,
ESTAT:NRG_BAL_C(1.0),06/03/26 23:00:00,Annual,Exports,Solid fossil fuels,Gigawatt-hour,Portugal,2019,0.000,,
ESTAT:NRG_BAL_C(1.0),06/03/26 23:00:00,Annual,Exports,Solid fossil fuels,Gigawatt-hour,Portugal,2020,560.000,,
ESTAT:NRG_BAL_C(1.0),06/03/26 23:00:00,Annual,Exports,Solid fossil fuels,Gigawatt-hour,Portugal,2021,0.000,,
ESTAT:NRG_BAL_C(1.0),06/03/26 23:00:00,Annual,Exports,Solid fossil fuels,Gigawatt-hour,Portugal,2022,0.000,,
ESTAT:NRG_BAL_C(1.0),06/03/26 23:00:00,Annual,Exports,Solid fossil fuels,Gigawatt-hour,Portugal,2023,0.000,,
ESTAT:NRG_BAL_C(1.0),06/03/26 23:00:00,Annual,Exports,Solid fossil fuels,Gigawatt-hour,Portugal,2024,0.000,,
ESTAT:NRG_BAL_C(1.0),06/03/26 23:00:00,Annual,Exports,Solid fossil fuels,Gigawatt-hour,Romania,2005,256.375,,
ESTAT:NRG_BAL_C(1.0),06/03/26 23:00:00,Annual,Exports,Solid fossil fuels,Gigawatt-hour,Romania,2006,178.967,,
ESTAT:NRG_BAL_C(1.0),06/03/26 23:00:00,Annual,Exports,Solid fossil fuels,Gigawatt-hour,Romania,2007,541.106,,
ESTAT:NRG_BAL_C(1.0),06/03/26 23:00:00,Annual,Exports,Solid fossil fuels,Gigawatt-hour,Romania,2008,231.903,,
ESTAT:NRG_BAL_C(1.0),06/03/26 23:00:00,Annual,Exports,Solid fossil fuels,Gigawatt-hour,Romania,2009,186.394,,
ESTAT:NRG_BAL_C(1.0),06/03/26 23:00:00,Annual,Exports,Solid fossil fuels,Gigawatt-hour,Romania,2010,575.906,,
ESTAT:NRG_BAL_C(1.0),06/03/26 23:00:00,Annual,Exports,Solid fossil fuels,Gigawatt-hour,Romania,2011,277.566,,
ESTAT:NRG_BAL_C(1.0),06/03/26 23:00:00,Annual,Exports,Solid fossil fuels,Gigawatt-hour,Romania,2012,154.590,,
ESTAT:NRG_BAL_C(1.0),06/03/26 23:00:00,Annual,Exports,Solid fossil fuels,Gigawatt-hour,Romania,2013,44.593,,
ESTAT:NRG_BAL_C(1.0),06/03/26 23:00:00,Annual,Exports,Solid fossil fuels,Gigawatt-hour,Romania,2014,111.364,,
ESTAT:NRG_BAL_C(1.0),06/03/26 23:00:00,Annual,Exports,Solid fossil fuels,Gigawatt-hour,Romania,2015,770.595,,
ESTAT:NRG_BAL_C(1.0),06/03/26 23:00:00,Annual,Exports,Solid fossil fuels,Gigawatt-hour,Romania,2016,6.159,,
ESTAT:NRG_BAL_C(1.0),06/03/26 23:00:00,Annual,Exports,Solid fossil fuels,Gigawatt-hour,Romania,2017,5.305,,
ESTAT:NRG_BAL_C(1.0),06/03/26 23:00:00,Annual,Exports,Solid fossil fuels,Gigawatt-hour,Romania,2018,13.243,,
ESTAT:NRG_BAL_C(1.0),06/03/26 23:00:00,Annual,Exports,Solid fossil fuels,Gigawatt-hour,Romania,2019,1.066,,
ESTAT:NRG_BAL_C(1.0),06/03/26 23:00:00,Annual,Exports,Solid fossil fuels,Gigawatt-hour,Romania,2020,6.934,,
ESTAT:NRG_BAL_C(1.0),06/03/26 23:00:00,Annual,Exports,Solid fossil fuels,Gigawatt-hour,Romania,2021,253.356,,
ESTAT:NRG_BAL_C(1.0),06/03/26 23:00:00,Annual,Exports,Solid fossil fuels,Gigawatt-hour,Romania,2022,412.316,,
ESTAT:NRG_BAL_C(1.0),06/03/26 23:00:00,Annual,Exports,Solid fossil fuels,Gigawatt-hour,Romania,2023,449.991,,
ESTAT:NRG_BAL_C(1.0),06/03/26 23:00:00,Annual,Exports,Solid fossil fuels,Gigawatt-hour,Romania,2024,338.651,,
ESTAT:NRG_BAL_C(1.0),06/03/26 23:00:00,Annual,Exports,Solid fossil fuels,Gigawatt-hour,Sweden,2005,312.581,,
ESTAT:NRG_BAL_C(1.0),06/03/26 23:00:00,Annual,Exports,Solid fossil fuels,Gigawatt-hour,Sweden,2006,251.517,,
ESTAT:NRG_BAL_C(1.0),06/03/26 23:00:00,Annual,Exports,Solid fossil fuels,Gigawatt-hour,Sweden,2007,236.987,,
ESTAT:NRG_BAL_C(1.0),06/03/26 23:00:00,Annual,Exports,Solid fossil fuels,Gigawatt-hour,Sweden,2008,327.425,,
ESTAT:NRG_BAL_C(1.0),06/03/26 23:00:00,Annual,Exports,Solid fossil fuels,Gigawatt-hour,Sweden,2009,2182.867,,
ESTAT:NRG_BAL_C(1.0),06/03/26 23:00:00,Annual,Exports,Solid fossil fuels,Gigawatt-hour,Sweden,2010,265.011,,
ESTAT:NRG_BAL_C(1.0),06/03/26 23:00:00,Annual,Exports,Solid fossil fuels,Gigawatt-hour,Sweden,2011,202.611,,
ESTAT:NRG_BAL_C(1.0),06/03/26 23:00:00,Annual,Exports,Solid fossil fuels,Gigawatt-hour,Sweden,2012,179.211,,
ESTAT:NRG_BAL_C(1.0),06/03/26 23:00:00,Annual,Exports,Solid fossil fuels,Gigawatt-hour,Sweden,2013,210.411,,
ESTAT:NRG_BAL_C(1.0),06/03/26 23:00:00,Annual,Exports,Solid fossil fuels,Gigawatt-hour,Sweden,2014,241.611,,
ESTAT:NRG_BAL_C(1.0),06/03/26 23:00:00,Annual,Exports,Solid fossil fuels,Gigawatt-hour,Sweden,2015,631.800,,
ESTAT:NRG_BAL_C(1.0),06/03/26 23:00:00,Annual,Exports,Solid fossil fuels,Gigawatt-hour,Sweden,2016,218.400,,
ESTAT:NRG_BAL_C(1.0),06/03/26 23:00:00,Annual,Exports,Solid fossil fuels,Gigawatt-hour,Sweden,2017,234.000,,
ESTAT:NRG_BAL_C(1.0),06/03/26 23:00:00,Annual,Exports,Solid fossil fuels,Gigawatt-hour,Sweden,2018,70.200,,
ESTAT:NRG_BAL_C(1.0),06/03/26 23:00:00,Annual,Exports,Solid fossil fuels,Gigawatt-hour,Sweden,2019,382.200,,
ESTAT:NRG_BAL_C(1.0),06/03/26 23:00:00,Annual,Exports,Solid fossil fuels,Gigawatt-hour,Sweden,2020,179.400,,
ESTAT:NRG_BAL_C(1.0),06/03/26 23:00:00,Annual,Exports,Solid fossil fuels,Gigawatt-hour,Sweden,2021,187.200,,
ESTAT:NRG_BAL_C(1.0),06/03/26 23:00:00,Annual,Exports,Solid fossil fuels,Gigawatt-hour,Sweden,2022,265.200,,
ESTAT:NRG_BAL_C(1.0),06/03/26 23:00:00,Annual,Exports,Solid fossil fuels,Gigawatt-hour,Sweden,2023,232.678,,
ESTAT:NRG_BAL_C(1.0),06/03/26 23:00:00,Annual,Exports,Solid fossil fuels,Gigawatt-hour,Sweden,2024,385.222,,
ESTAT:NRG_BAL_C(1.0),06/03/26 23:00:00,Annual,Exports,Solid fossil fuels,Gigawatt-hour,Slovenia,2005,113.778,,
ESTAT:NRG_BAL_C(1.0),06/03/26 23:00:00,Annual,Exports,Solid fossil fuels,Gigawatt-hour,Slovenia,2006,196.119,,
ESTAT:NRG_BAL_C(1.0),06/03/26 23:00:00,Annual,Exports,Solid fossil fuels,Gigawatt-hour,Slovenia,2007,17.647,,
ESTAT:NRG_BAL_C(1.0),06/03/26 23:00:00,Annual,Exports,Solid fossil fuels,Gigawatt-hour,Slovenia,2008,7.054,,
ESTAT:NRG_BAL_C(1.0),06/03/26 23:00:00,Annual,Exports,Solid fossil fuels,Gigawatt-hour,Slovenia,2009,33.189,,
ESTAT:NRG_BAL_C(1.0),06/03/26 23:00:00,Annual,Exports,Solid fossil fuels,Gigawatt-hour,Slovenia,2010,0.000,,
ESTAT:NRG_BAL_C(1.0),06/03/26 23:00:00,Annual,Exports,Solid fossil fuels,Gigawatt-hour,Slovenia,2011,14.078,,
ESTAT:NRG_BAL_C(1.0),06/03/26 23:00:00,Annual,Exports,Solid fossil fuels,Gigawatt-hour,Slovenia,2012,7.059,,
ESTAT:NRG_BAL_C(1.0),06/03/26 23:00:00,Annual,Exports,Solid fossil fuels,Gigawatt-hour,Slovenia,2013,50.896,,
ESTAT:NRG_BAL_C(1.0),06/03/26 23:00:00,Annual,Exports,Solid fossil fuels,Gigawatt-hour,Slovenia,2014,7.002,,
ESTAT:NRG_BAL_C(1.0),06/03/26 23:00:00,Annual,Exports,Solid fossil fuels,Gigawatt-hour,Slovenia,2015,0.000,,
ESTAT:NRG_BAL_C(1.0),06/03/26 23:00:00,Annual,Exports,Solid fossil fuels,Gigawatt-hour,Slovenia,2016,0.000,,
ESTAT:NRG_BAL_C(1.0),06/03/26 23:00:00,Annual,Exports,Solid fossil fuels,Gigawatt-hour,Slovenia,2017,0.000,,
ESTAT:NRG_BAL_C(1.0),06/03/26 23:00:00,Annual,Exports,Solid fossil fuels,Gigawatt-hour,Slovenia,2018,0.000,,
ESTAT:NRG_BAL_C(1.0),06/03/26 23:00:00,Annual,Exports,Solid fossil fuels,Gigawatt-hour,Slovenia,2019,0.000,,
ESTAT:NRG_BAL_C(1.0),06/03/26 23:00:00,Annual,Exports,Solid fossil fuels,Gigawatt-hour,Slovenia,2020,0.000,,
ESTAT:NRG_BAL_C(1.0),06/03/26 23:00:00,Annual,Exports,Solid fossil fuels,Gigawatt-hour,Slovenia,2021,0.000,,
ESTAT:NRG_BAL_C(1.0),06/03/26 23:00:00,Annual,Exports,Solid fossil fuels,Gigawatt-hour,Slovenia,2022,0.000,,
ESTAT:NRG_BAL_C(1.0),06/03/26 23:00:00,Annual,Exports,Solid fossil fuels,Gigawatt-hour,Slovenia,2023,0.000,,
ESTAT:NRG_BAL_C(1.0),06/03/26 23:00:00,Annual,Exports,Solid fossil fuels,Gigawatt-hour,Slovenia,2024,0.000,,
ESTAT:NRG_BAL_C(1.0),06/03/26 23:00:00,Annual,Exports,Solid fossil fuels,Gigawatt-hour,Slovakia,2005,1747.152,,
ESTAT:NRG_BAL_C(1.0),06/03/26 23:00:00,Annual,Exports,Solid fossil fuels,Gigawatt-hour,Slovakia,2006,1726.093,,
ESTAT:NRG_BAL_C(1.0),06/03/26 23:00:00,Annual,Exports,Solid fossil fuels,Gigawatt-hour,Slovakia,2007,1765.586,,
ESTAT:NRG_BAL_C(1.0),06/03/26 23:00:00,Annual,Exports,Solid fossil fuels,Gigawatt-hour,Slovakia,2008,1973.876,,
ESTAT:NRG_BAL_C(1.0),06/03/26 23:00:00,Annual,Exports,Solid fossil fuels,Gigawatt-hour,Slovakia,2009,1826.688,,
ESTAT:NRG_BAL_C(1.0),06/03/26 23:00:00,Annual,Exports,Solid fossil fuels,Gigawatt-hour,Slovakia,2010,3069.878,,
ESTAT:NRG_BAL_C(1.0),06/03/26 23:00:00,Annual,Exports,Solid fossil fuels,Gigawatt-hour,Slovakia,2011,1942.504,,
ESTAT:NRG_BAL_C(1.0),06/03/26 23:00:00,Annual,Exports,Solid fossil fuels,Gigawatt-hour,Slovakia,2012,919.152,,
ESTAT:NRG_BAL_C(1.0),06/03/26 23:00:00,Annual,Exports,Solid fossil fuels,Gigawatt-hour,Slovakia,2013,971.436,,
ESTAT:NRG_BAL_C(1.0),06/03/26 23:00:00,Annual,Exports,Solid fossil fuels,Gigawatt-hour,Slovakia,2014,773.510,,
ESTAT:NRG_BAL_C(1.0),06/03/26 23:00:00,Annual,Exports,Solid fossil fuels,Gigawatt-hour,Slovakia,2015,584.043,,
ESTAT:NRG_BAL_C(1.0),06/03/26 23:00:00,Annual,Exports,Solid fossil fuels,Gigawatt-hour,Slovakia,2016,650.697,,
ESTAT:NRG_BAL_C(1.0),06/03/26 23:00:00,Annual,Exports,Solid fossil fuels,Gigawatt-hour,Slovakia,2017,618.178,,
ESTAT:NRG_BAL_C(1.0),06/03/26 23:00:00,Annual,Exports,Solid fossil fuels,Gigawatt-hour,Slovakia,2018,537.072,,
ESTAT:NRG_BAL_C(1.0),06/03/26 23:00:00,Annual,Exports,Solid fossil fuels,Gigawatt-hour,Slovakia,2019,993.178,,
ESTAT:NRG_BAL_C(1.0),06/03/26 23:00:00,Annual,Exports,Solid fossil fuels,Gigawatt-hour,Slovakia,2020,372.111,,
ESTAT:NRG_BAL_C(1.0),06/03/26 23:00:00,Annual,Exports,Solid fossil fuels,Gigawatt-hour,Slovakia,2021,518.597,,
ESTAT:NRG_BAL_C(1.0),06/03/26 23:00:00,Annual,Exports,Solid fossil fuels,Gigawatt-hour,Slovakia,2022,662.203,,
ESTAT:NRG_BAL_C(1.0),06/03/26 23:00:00,Annual,Exports,Solid fossil fuels,Gigawatt-hour,Slovakia,2023,609.153,,
ESTAT:NRG_BAL_C(1.0),06/03/26 23:00:00,Annual,Exports,Solid fossil fuels,Gigawatt-hour,Slovakia,2024,490.689,,
ESTAT:NRG_BAL_C(1.0),06/03/26 23:00:00,Annual,Exports,Natural gas,Gigawatt-hour,Austria,2005,0.000,,
ESTAT:NRG_BAL_C(1.0),06/03/26 23:00:00,Annual,Exports,Natural gas,Gigawatt-hour,Austria,2006,0.000,,
ESTAT:NRG_BAL_C(1.0),06/03/26 23:00:00,Annual,Exports,Natural gas,Gigawatt-hour,Austria,2007,0.000,,
ESTAT:NRG_BAL_C(1.0),06/03/26 23:00:00,Annual,Exports,Natural gas,Gigawatt-hour,Austria,2008,0.000,,
ESTAT:NRG_BAL_C(1.0),06/03/26 23:00:00,Annual,Exports,Natural gas,Gigawatt-hour,Austria,2009,0.000,,
ESTAT:NRG_BAL_C(1.0),06/03/26 23:00:00,Annual,Exports,Natural gas,Gigawatt-hour,Austria,2010,0.000,,
ESTAT:NRG_BAL_C(1.0),06/03/26 23:00:00,Annual,Exports,Natural gas,Gigawatt-hour,Austria,2011,0.000,,
ESTAT:NRG_BAL_C(1.0),06/03/26 23:00:00,Annual,Exports,Natural gas,Gigawatt-hour,Austria,2012,0.000,,
ESTAT:NRG_BAL_C(1.0),06/03/26 23:00:00,Annual,Exports,Natural gas,Gigawatt-hour,Austria,2013,0.000,,
ESTAT:NRG_BAL_C(1.0),06/03/26 23:00:00,Annual,Exports,Natural gas,Gigawatt-hour,Austria,2014,0.000,,
ESTAT:NRG_BAL_C(1.0),06/03/26 23:00:00,Annual,Exports,Natural gas,Gigawatt-hour,Austria,2015,0.000,,
ESTAT:NRG_BAL_C(1.0),06/03/26 23:00:00,Annual,Exports,Natural gas,Gigawatt-hour,Austria,2016,0.000,,
ESTAT:NRG_BAL_C(1.0),06/03/26 23:00:00,Annual,Exports,Natural gas,Gigawatt-hour,Austria,2017,0.000,,
ESTAT:NRG_BAL_C(1.0),06/03/26 23:00:00,Annual,Exports,Natural gas,Gigawatt-hour,Austria,2018,0.000,,
ESTAT:NRG_BAL_C(1.0),06/03/26 23:00:00,Annual,Exports,Natural gas,Gigawatt-hour,Austria,2019,0.000,,
ESTAT:NRG_BAL_C(1.0),06/03/26 23:00:00,Annual,Exports,Natural gas,Gigawatt-hour,Austria,2020,0.000,,
ESTAT:NRG_BAL_C(1.0),06/03/26 23:00:00,Annual,Exports,Natural gas,Gigawatt-hour,Austria,2021,0.000,,
ESTAT:NRG_BAL_C(1.0),06/03/26 23:00:00,Annual,Exports,Natural gas,Gigawatt-hour,Austria,2022,0.000,,
ESTAT:NRG_BAL_C(1.0),06/03/26 23:00:00,Annual,Exports,Natural gas,Gigawatt-hour,Austria,2023,0.000,,
ESTAT:NRG_BAL_C(1.0),06/03/26 23:00:00,Annual,Exports,Natural gas,Gigawatt-hour,Austria,2024,0.000,,
ESTAT:NRG_BAL_C(1.0),06/03/26 23:00:00,Annual,Exports,Natural gas,Gigawatt-hour,Belgium,2005,0.000,,
ESTAT:NRG_BAL_C(1.0),06/03/26 23:00:00,Annual,Exports,Natural gas,Gigawatt-hour,Belgium,2006,0.000,,
ESTAT:NRG_BAL_C(1.0),06/03/26 23:00:00,Annual,Exports,Natural gas,Gigawatt-hour,Belgium,2007,0.000,,
ESTAT:NRG_BAL_C(1.0),06/03/26 23:00:00,Annual,Exports,Natural gas,Gigawatt-hour,Belgium,2008,6914.719,,
ESTAT:NRG_BAL_C(1.0),06/03/26 23:00:00,Annual,Exports,Natural gas,Gigawatt-hour,Belgium,2009,35333.881,,
ESTAT:NRG_BAL_C(1.0),06/03/26 23:00:00,Annual,Exports,Natural gas,Gigawatt-hour,Belgium,2010,32137.543,,
ESTAT:NRG_BAL_C(1.0),06/03/26 23:00:00,Annual,Exports,Natural gas,Gigawatt-hour,Belgium,2011,39390.380,,
ESTAT:NRG_BAL_C(1.0),06/03/26 23:00:00,Annual,Exports,Natural gas,Gigawatt-hour,Belgium,2012,12585.311,,
ESTAT:NRG_BAL_C(1.0),06/03/26 23:00:00,Annual,Exports,Natural gas,Gigawatt-hour,Belgium,2013,9215.627,,
ESTAT:NRG_BAL_C(1.0),06/03/26 23:00:00,Annual,Exports,Natural gas,Gigawatt-hour,Belgium,2014,8148.979,,
ESTAT:NRG_BAL_C(1.0),06/03/26 23:00:00,Annual,Exports,Natural gas,Gigawatt-hour,Belgium,2015,16607.066,,
ESTAT:NRG_BAL_C(1.0),06/03/26 23:00:00,Annual,Exports,Natural gas,Gigawatt-hour,Belgium,2016,6761.079,,
ESTAT:NRG_BAL_C(1.0),06/03/26 23:00:00,Annual,Exports,Natural gas,Gigawatt-hour,Belgium,2017,3132.658,,
ESTAT:NRG_BAL_C(1.0),06/03/26 23:00:00,Annual,Exports,Natural gas,Gigawatt-hour,Belgium,2018,13369.197,,
ESTAT:NRG_BAL_C(1.0),06/03/26 23:00:00,Annual,Exports,Natural gas,Gigawatt-hour,Belgium,2019,43854.704,,
ESTAT:NRG_BAL_C(1.0),06/03/26 23:00:00,Annual,Exports,Natural gas,Gigawatt-hour,Belgium,2020,33937.084,,
ESTAT:NRG_BAL_C(1.0),06/03/26 23:00:00,Annual,Exports,Natural gas,Gigawatt-hour,Belgium,2021,28206.941,,
ESTAT:NRG_BAL_C(1.0),06/03/26 23:00:00,Annual,Exports,Natural gas,Gigawatt-hour,Belgium,2022,83838.743,,
ESTAT:NRG_BAL_C(1.0),06/03/26 23:00:00,Annual,Exports,Natural gas,Gigawatt-hour,Belgium,2023,79843.196,,
ESTAT:NRG_BAL_C(1.0),06/03/26 23:00:00,Annual,Exports,Natural gas,Gigawatt-hour,Belgium,2024,48154.404,,
ESTAT:NRG_BAL_C(1.0),06/03/26 23:00:00,Annual,Exports,Natural gas,Gigawatt-hour,Bulgaria,2005,0.000,,
ESTAT:NRG_BAL_C(1.0),06/03/26 23:00:00,Annual,Exports,Natural gas,Gigawatt-hour,Bulgaria,2006,0.000,,
ESTAT:NRG_BAL_C(1.0),06/03/26 23:00:00,Annual,Exports,Natural gas,Gigawatt-hour,Bulgaria,2007,0.000,,
ESTAT:NRG_BAL_C(1.0),06/03/26 23:00:00,Annual,Exports,Natural gas,Gigawatt-hour,Bulgaria,2008,0.000,,
ESTAT:NRG_BAL_C(1.0),06/03/26 23:00:00,Annual,Exports,Natural gas,Gigawatt-hour,Bulgaria,2009,0.000,,
ESTAT:NRG_BAL_C(1.0),06/03/26 23:00:00,Annual,Exports,Natural gas,Gigawatt-hour,Bulgaria,2010,0.000,,
ESTAT:NRG_BAL_C(1.0),06/03/26 23:00:00,Annual,Exports,Natural gas,Gigawatt-hour,Bulgaria,2011,0.000,,
ESTAT:NRG_BAL_C(1.0),06/03/26 23:00:00,Annual,Exports,Natural gas,Gigawatt-hour,Bulgaria,2012,0.000,,
ESTAT:NRG_BAL_C(1.0),06/03/26 23:00:00,Annual,Exports,Natural gas,Gigawatt-hour,Bulgaria,2013,0.000,,
ESTAT:NRG_BAL_C(1.0),06/03/26 23:00:00,Annual,Exports,Natural gas,Gigawatt-hour,Bulgaria,2014,18.250,,
ESTAT:NRG_BAL_C(1.0),06/03/26 23:00:00,Annual,Exports,Natural gas,Gigawatt-hour,Bulgaria,2015,22.750,,
ESTAT:NRG_BAL_C(1.0),06/03/26 23:00:00,Annual,Exports,Natural gas,Gigawatt-hour,Bulgaria,2016,26.750,,
ESTAT:NRG_BAL_C(1.0),06/03/26 23:00:00,Annual,Exports,Natural gas,Gigawatt-hour,Bulgaria,2017,311.496,,
ESTAT:NRG_BAL_C(1.0),06/03/26 23:00:00,Annual,Exports,Natural gas,Gigawatt-hour,Bulgaria,2018,120.576,,
ESTAT:NRG_BAL_C(1.0),06/03/26 23:00:00,Annual,Exports,Natural gas,Gigawatt-hour,Bulgaria,2019,73.884,,
ESTAT:NRG_BAL_C(1.0),06/03/26 23:00:00,Annual,Exports,Natural gas,Gigawatt-hour,Bulgaria,2020,100.159,,
ESTAT:NRG_BAL_C(1.0),06/03/26 23:00:00,Annual,Exports,Natural gas,Gigawatt-hour,Bulgaria,2021,0.000,,
ESTAT:NRG_BAL_C(1.0),06/03/26 23:00:00,Annual,Exports,Natural gas,Gigawatt-hour,Bulgaria,2022,0.000,,
ESTAT:NRG_BAL_C(1.0),06/03/26 23:00:00,Annual,Exports,Natural gas,Gigawatt-hour,Bulgaria,2023,0.000,,
ESTAT:NRG_BAL_C(1.0),06/03/26 23:00:00,Annual,Exports,Natural gas,Gigawatt-hour,Bulgaria,2024,0.000,,
ESTAT:NRG_BAL_C(1.0),06/03/26 23:00:00,Annual,Exports,Natural gas,Gigawatt-hour,Cyprus,2005,0.000,,
ESTAT:NRG_BAL_C(1.0),06/03/26 23:00:00,Annual,Exports,Natural gas,Gigawatt-hour,Cyprus,2006,0.000,,
ESTAT:NRG_BAL_C(1.0),06/03/26 23:00:00,Annual,Exports,Natural gas,Gigawatt-hour,Cyprus,2007,0.000,,
ESTAT:NRG_BAL_C(1.0),06/03/26 23:00:00,Annual,Exports,Natural gas,Gigawatt-hour,Cyprus,2008,0.000,,
ESTAT:NRG_BAL_C(1.0),06/03/26 23:00:00,Annual,Exports,Natural gas,Gigawatt-hour,Cyprus,2009,0.000,,
ESTAT:NRG_BAL_C(1.0),06/03/26 23:00:00,Annual,Exports,Natural gas,Gigawatt-hour,Cyprus,2010,0.000,,
ESTAT:NRG_BAL_C(1.0),06/03/26 23:00:00,Annual,Exports,Natural gas,Gigawatt-hour,Cyprus,2011,0.000,,
ESTAT:NRG_BAL_C(1.0),06/03/26 23:00:00,Annual,Exports,Natural gas,Gigawatt-hour,Cyprus,2012,0.000,,
ESTAT:NRG_BAL_C(1.0),06/03/26 23:00:00,Annual,Exports,Natural gas,Gigawatt-hour,Cyprus,2013,0.000,,
ESTAT:NRG_BAL_C(1.0),06/03/26 23:00:00,Annual,Exports,Natural gas,Gigawatt-hour,Cyprus,2014,0.000,,
ESTAT:NRG_BAL_C(1.0),06/03/26 23:00:00,Annual,Exports,Natural gas,Gigawatt-hour,Cyprus,2015,0.000,,
ESTAT:NRG_BAL_C(1.0),06/03/26 23:00:00,Annual,Exports,Natural gas,Gigawatt-hour,Cyprus,2016,0.000,,
ESTAT:NRG_BAL_C(1.0),06/03/26 23:00:00,Annual,Exports,Natural gas,Gigawatt-hour,Cyprus,2017,0.000,,
ESTAT:NRG_BAL_C(1.0),06/03/26 23:00:00,Annual,Exports,Natural gas,Gigawatt-hour,Cyprus,2018,0.000,,
ESTAT:NRG_BAL_C(1.0),06/03/26 23:00:00,Annual,Exports,Natural gas,Gigawatt-hour,Cyprus,2019,0.000,,
ESTAT:NRG_BAL_C(1.0),06/03/26 23:00:00,Annual,Exports,Natural gas,Gigawatt-hour,Cyprus,2020,0.000,,
ESTAT:NRG_BAL_C(1.0),06/03/26 23:00:00,Annual,Exports,Natural gas,Gigawatt-hour,Cyprus,2021,0.000,,
ESTAT:NRG_BAL_C(1.0),06/03/26 23:00:00,Annual,Exports,Natural gas,Gigawatt-hour,Cyprus,2022,0.000,,
ESTAT:NRG_BAL_C(1.0),06/03/26 23:00:00,Annual,Exports,Natural gas,Gigawatt-hour,Cyprus,2023,0.000,,
ESTAT:NRG_BAL_C(1.0),06/03/26 23:00:00,Annual,Exports,Natural gas,Gigawatt-hour,Cyprus,2024,0.000,,
ESTAT:NRG_BAL_C(1.0),06/03/26 23:00:00,Annual,Exports,Natural gas,Gigawatt-hour,Czechia,2005,805.000,,
ESTAT:NRG_BAL_C(1.0),06/03/26 23:00:00,Annual,Exports,Natural gas,Gigawatt-hour,Czechia,2006,799.500,,
ESTAT:NRG_BAL_C(1.0),06/03/26 23:00:00,Annual,Exports,Natural gas,Gigawatt-hour,Czechia,2007,812.750,,
ESTAT:NRG_BAL_C(1.0),06/03/26 23:00:00,Annual,Exports,Natural gas,Gigawatt-hour,Czechia,2008,218.500,,
ESTAT:NRG_BAL_C(1.0),06/03/26 23:00:00,Annual,Exports,Natural gas,Gigawatt-hour,Czechia,2009,266.750,,
ESTAT:NRG_BAL_C(1.0),06/03/26 23:00:00,Annual,Exports,Natural gas,Gigawatt-hour,Czechia,2010,1515.750,,
ESTAT:NRG_BAL_C(1.0),06/03/26 23:00:00,Annual,Exports,Natural gas,Gigawatt-hour,Czechia,2011,1594.500,,
ESTAT:NRG_BAL_C(1.0),06/03/26 23:00:00,Annual,Exports,Natural gas,Gigawatt-hour,Czechia,2012,71.000,,
ESTAT:NRG_BAL_C(1.0),06/03/26 23:00:00,Annual,Exports,Natural gas,Gigawatt-hour,Czechia,2013,77.500,,
ESTAT:NRG_BAL_C(1.0),06/03/26 23:00:00,Annual,Exports,Natural gas,Gigawatt-hour,Czechia,2014,11.250,,
ESTAT:NRG_BAL_C(1.0),06/03/26 23:00:00,Annual,Exports,Natural gas,Gigawatt-hour,Czechia,2015,0.000,,
ESTAT:NRG_BAL_C(1.0),06/03/26 23:00:00,Annual,Exports,Natural gas,Gigawatt-hour,Czechia,2016,0.000,,
ESTAT:NRG_BAL_C(1.0),06/03/26 23:00:00,Annual,Exports,Natural gas,Gigawatt-hour,Czechia,2017,0.000,,
ESTAT:NRG_BAL_C(1.0),06/03/26 23:00:00,Annual,Exports,Natural gas,Gigawatt-hour,Czechia,2018,0.000,,
ESTAT:NRG_BAL_C(1.0),06/03/26 23:00:00,Annual,Exports,Natural gas,Gigawatt-hour,Czechia,2019,0.000,,
ESTAT:NRG_BAL_C(1.0),06/03/26 23:00:00,Annual,Exports,Natural gas,Gigawatt-hour,Czechia,2020,0.000,,
ESTAT:NRG_BAL_C(1.0),06/03/26 23:00:00,Annual,Exports,Natural gas,Gigawatt-hour,Czechia,2021,0.000,,
ESTAT:NRG_BAL_C(1.0),06/03/26 23:00:00,Annual,Exports,Natural gas,Gigawatt-hour,Czechia,2022,0.000,,
ESTAT:NRG_BAL_C(1.0),06/03/26 23:00:00,Annual,Exports,Natural gas,Gigawatt-hour,Czechia,2023,0.000,,
ESTAT:NRG_BAL_C(1.0),06/03/26 23:00:00,Annual,Exports,Natural gas,Gigawatt-hour,Czechia,2024,0.000,,
ESTAT:NRG_BAL_C(1.0),06/03/26 23:00:00,Annual,Exports,Natural gas,Gigawatt-hour,Germany,2005,197248.626,,
ESTAT:NRG_BAL_C(1.0),06/03/26 23:00:00,Annual,Exports,Natural gas,Gigawatt-hour,Germany,2006,151081.389,,
ESTAT:NRG_BAL_C(1.0),06/03/26 23:00:00,Annual,Exports,Natural gas,Gigawatt-hour,Germany,2007,152749.379,,
ESTAT:NRG_BAL_C(1.0),06/03/26 23:00:00,Annual,Exports,Natural gas,Gigawatt-hour,Germany,2008,146666.164,,
ESTAT:NRG_BAL_C(1.0),06/03/26 23:00:00,Annual,Exports,Natural gas,Gigawatt-hour,Germany,2009,128952.015,,
ESTAT:NRG_BAL_C(1.0),06/03/26 23:00:00,Annual,Exports,Natural gas,Gigawatt-hour,Germany,2010,199538.363,,
ESTAT:NRG_BAL_C(1.0),06/03/26 23:00:00,Annual,Exports,Natural gas,Gigawatt-hour,Germany,2011,171583.272,,
ESTAT:NRG_BAL_C(1.0),06/03/26 23:00:00,Annual,Exports,Natural gas,Gigawatt-hour,Germany,2012,165866.055,,
ESTAT:NRG_BAL_C(1.0),06/03/26 23:00:00,Annual,Exports,Natural gas,Gigawatt-hour,Germany,2013,214048.030,,
ESTAT:NRG_BAL_C(1.0),06/03/26 23:00:00,Annual,Exports,Natural gas,Gigawatt-hour,Germany,2014,217105.513,,
ESTAT:NRG_BAL_C(1.0),06/03/26 23:00:00,Annual,Exports,Natural gas,Gigawatt-hour,Germany,2015,316831.194,,
ESTAT:NRG_BAL_C(1.0),06/03/26 23:00:00,Annual,Exports,Natural gas,Gigawatt-hour,Germany,2016,224784.469,,
ESTAT:NRG_BAL_C(1.0),06/03/26 23:00:00,Annual,Exports,Natural gas,Gigawatt-hour,Germany,2017,312849.472,,
ESTAT:NRG_BAL_C(1.0),06/03/26 23:00:00,Annual,Exports,Natural gas,Gigawatt-hour,Germany,2018,0.000,,
ESTAT:NRG_BAL_C(1.0),06/03/26 23:00:00,Annual,Exports,Natural gas,Gigawatt-hour,Germany,2019,0.000,,
ESTAT:NRG_BAL_C(1.0),06/03/26 23:00:00,Annual,Exports,Natural gas,Gigawatt-hour,Germany,2020,0.000,,
ESTAT:NRG_BAL_C(1.0),06/03/26 23:00:00,Annual,Exports,Natural gas,Gigawatt-hour,Germany,2021,0.000,,
ESTAT:NRG_BAL_C(1.0),06/03/26 23:00:00,Annual,Exports,Natural gas,Gigawatt-hour,Germany,2022,0.000,,
ESTAT:NRG_BAL_C(1.0),06/03/26 23:00:00,Annual,Exports,Natural gas,Gigawatt-hour,Germany,2023,0.000,,
ESTAT:NRG_BAL_C(1.0),06/03/26 23:00:00,Annual,Exports,Natural gas,Gigawatt-hour,Germany,2024,0.000,,
ESTAT:NRG_BAL_C(1.0),06/03/26 23:00:00,Annual,Exports,Natural gas,Gigawatt-hour,Denmark,2005,58271.870,,
ESTAT:NRG_BAL_C(1.0),06/03/26 23:00:00,Annual,Exports,Natural gas,Gigawatt-hour,Denmark,2006,54520.564,,
ESTAT:NRG_BAL_C(1.0),06/03/26 23:00:00,Annual,Exports,Natural gas,Gigawatt-hour,Denmark,2007,47094.250,,
ESTAT:NRG_BAL_C(1.0),06/03/26 23:00:00,Annual,Exports,Natural gas,Gigawatt-hour,Denmark,2008,57343.863,,
ESTAT:NRG_BAL_C(1.0),06/03/26 23:00:00,Annual,Exports,Natural gas,Gigawatt-hour,Denmark,2009,41629.334,,
ESTAT:NRG_BAL_C(1.0),06/03/26 23:00:00,Annual,Exports,Natural gas,Gigawatt-hour,Denmark,2010,36725.045,,
ESTAT:NRG_BAL_C(1.0),06/03/26 23:00:00,Annual,Exports,Natural gas,Gigawatt-hour,Denmark,2011,32514.684,,
ESTAT:NRG_BAL_C(1.0),06/03/26 23:00:00,Annual,Exports,Natural gas,Gigawatt-hour,Denmark,2012,31088.915,,
ESTAT:NRG_BAL_C(1.0),06/03/26 23:00:00,Annual,Exports,Natural gas,Gigawatt-hour,Denmark,2013,22954.752,,
ESTAT:NRG_BAL_C(1.0),06/03/26 23:00:00,Annual,Exports,Natural gas,Gigawatt-hour,Denmark,2014,21788.671,,
ESTAT:NRG_BAL_C(1.0),06/03/26 23:00:00,Annual,Exports,Natural gas,Gigawatt-hour,Denmark,2015,22874.861,,
ESTAT:NRG_BAL_C(1.0),06/03/26 23:00:00,Annual,Exports,Natural gas,Gigawatt-hour,Denmark,2016,22060.110,,
ESTAT:NRG_BAL_C(1.0),06/03/26 23:00:00,Annual,Exports,Natural gas,Gigawatt-hour,Denmark,2017,23343.326,,
ESTAT:NRG_BAL_C(1.0),06/03/26 23:00:00,Annual,Exports,Natural gas,Gigawatt-hour,Denmark,2018,16019.173,,
ESTAT:NRG_BAL_C(1.0),06/03/26 23:00:00,Annual,Exports,Natural gas,Gigawatt-hour,Denmark,2019,13733.923,,
ESTAT:NRG_BAL_C(1.0),06/03/26 23:00:00,Annual,Exports,Natural gas,Gigawatt-hour,Denmark,2020,16567.051,,
ESTAT:NRG_BAL_C(1.0),06/03/26 23:00:00,Annual,Exports,Natural gas,Gigawatt-hour,Denmark,2021,17880.344,,
ESTAT:NRG_BAL_C(1.0),06/03/26 23:00:00,Annual,Exports,Natural gas,Gigawatt-hour,Denmark,2022,22308.698,,
ESTAT:NRG_BAL_C(1.0),06/03/26 23:00:00,Annual,Exports,Natural gas,Gigawatt-hour,Denmark,2023,84180.572,,
ESTAT:NRG_BAL_C(1.0),06/03/26 23:00:00,Annual,Exports,Natural gas,Gigawatt-hour,Denmark,2024,86742.266,,
ESTAT:NRG_BAL_C(1.0),06/03/26 23:00:00,Annual,Exports,Natural gas,Gigawatt-hour,Estonia,2005,0.000,,
ESTAT:NRG_BAL_C(1.0),06/03/26 23:00:00,Annual,Exports,Natural gas,Gigawatt-hour,Estonia,2006,0.000,,
ESTAT:NRG_BAL_C(1.0),06/03/26 23:00:00,Annual,Exports,Natural gas,Gigawatt-hour,Estonia,2007,0.000,,
ESTAT:NRG_BAL_C(1.0),06/03/26 23:00:00,Annual,Exports,Natural gas,Gigawatt-hour,Estonia,2008,0.000,,
ESTAT:NRG_BAL_C(1.0),06/03/26 23:00:00,Annual,Exports,Natural gas,Gigawatt-hour,Estonia,2009,0.000,,
ESTAT:NRG_BAL_C(1.0),06/03/26 23:00:00,Annual,Exports,Natural gas,Gigawatt-hour,Estonia,2010,0.000,,
ESTAT:NRG_BAL_C(1.0),06/03/26 23:00:00,Annual,Exports,Natural gas,Gigawatt-hour,Estonia,2011,0.000,,
ESTAT:NRG_BAL_C(1.0),06/03/26 23:00:00,Annual,Exports,Natural gas,Gigawatt-hour,Estonia,2012,0.000,,
ESTAT:NRG_BAL_C(1.0),06/03/26 23:00:00,Annual,Exports,Natural gas,Gigawatt-hour,Estonia,2013,0.000,,
ESTAT:NRG_BAL_C(1.0),06/03/26 23:00:00,Annual,Exports,Natural gas,Gigawatt-hour,Estonia,2014,0.000,,
ESTAT:NRG_BAL_C(1.0),06/03/26 23:00:00,Annual,Exports,Natural gas,Gigawatt-hour,Estonia,2015,0.000,,
ESTAT:NRG_BAL_C(1.0),06/03/26 23:00:00,Annual,Exports,Natural gas,Gigawatt-hour,Estonia,2016,0.000,,
ESTAT:NRG_BAL_C(1.0),06/03/26 23:00:00,Annual,Exports,Natural gas,Gigawatt-hour,Estonia,2017,0.000,,
ESTAT:NRG_BAL_C(1.0),06/03/26 23:00:00,Annual,Exports,Natural gas,Gigawatt-hour,Estonia,2018,0.000,,
ESTAT:NRG_BAL_C(1.0),06/03/26 23:00:00,Annual,Exports,Natural gas,Gigawatt-hour,Estonia,2019,0.000,,
ESTAT:NRG_BAL_C(1.0),06/03/26 23:00:00,Annual,Exports,Natural gas,Gigawatt-hour,Estonia,2020,0.000,,
ESTAT:NRG_BAL_C(1.0),06/03/26 23:00:00,Annual,Exports,Natural gas,Gigawatt-hour,Estonia,2021,0.000,,
ESTAT:NRG_BAL_C(1.0),06/03/26 23:00:00,Annual,Exports,Natural gas,Gigawatt-hour,Estonia,2022,0.000,,
ESTAT:NRG_BAL_C(1.0),06/03/26 23:00:00,Annual,Exports,Natural gas,Gigawatt-hour,Estonia,2023,0.000,,
ESTAT:NRG_BAL_C(1.0),06/03/26 23:00:00,Annual,Exports,Natural gas,Gigawatt-hour,Estonia,2024,0.000,,
ESTAT:NRG_BAL_C(1.0),06/03/26 23:00:00,Annual,Exports,Natural gas,Gigawatt-hour,Greece,2005,0.000,,
ESTAT:NRG_BAL_C(1.0),06/03/26 23:00:00,Annual,Exports,Natural gas,Gigawatt-hour,Greece,2006,0.000,,
ESTAT:NRG_BAL_C(1.0),06/03/26 23:00:00,Annual,Exports,Natural gas,Gigawatt-hour,Greece,2007,0.000,,
ESTAT:NRG_BAL_C(1.0),06/03/26 23:00:00,Annual,Exports,Natural gas,Gigawatt-hour,Greece,2008,0.000,,
ESTAT:NRG_BAL_C(1.0),06/03/26 23:00:00,Annual,Exports,Natural gas,Gigawatt-hour,Greece,2009,0.000,,
ESTAT:NRG_BAL_C(1.0),06/03/26 23:00:00,Annual,Exports,Natural gas,Gigawatt-hour,Greece,2010,0.000,,
ESTAT:NRG_BAL_C(1.0),06/03/26 23:00:00,Annual,Exports,Natural gas,Gigawatt-hour,Greece,2011,0.000,,
ESTAT:NRG_BAL_C(1.0),06/03/26 23:00:00,Annual,Exports,Natural gas,Gigawatt-hour,Greece,2012,0.000,,
ESTAT:NRG_BAL_C(1.0),06/03/26 23:00:00,Annual,Exports,Natural gas,Gigawatt-hour,Greece,2013,0.000,,
ESTAT:NRG_BAL_C(1.0),06/03/26 23:00:00,Annual,Exports,Natural gas,Gigawatt-hour,Greece,2014,0.000,,
ESTAT:NRG_BAL_C(1.0),06/03/26 23:00:00,Annual,Exports,Natural gas,Gigawatt-hour,Greece,2015,0.000,,
ESTAT:NRG_BAL_C(1.0),06/03/26 23:00:00,Annual,Exports,Natural gas,Gigawatt-hour,Greece,2016,0.000,,
ESTAT:NRG_BAL_C(1.0),06/03/26 23:00:00,Annual,Exports,Natural gas,Gigawatt-hour,Greece,2017,0.000,,
ESTAT:NRG_BAL_C(1.0),06/03/26 23:00:00,Annual,Exports,Natural gas,Gigawatt-hour,Greece,2018,0.000,,
ESTAT:NRG_BAL_C(1.0),06/03/26 23:00:00,Annual,Exports,Natural gas,Gigawatt-hour,Greece,2019,158.538,,
ESTAT:NRG_BAL_C(1.0),06/03/26 23:00:00,Annual,Exports,Natural gas,Gigawatt-hour,Greece,2020,330.028,,
ESTAT:NRG_BAL_C(1.0),06/03/26 23:00:00,Annual,Exports,Natural gas,Gigawatt-hour,Greece,2021,155.518,,
ESTAT:NRG_BAL_C(1.0),06/03/26 23:00:00,Annual,Exports,Natural gas,Gigawatt-hour,Greece,2022,4799.221,,
ESTAT:NRG_BAL_C(1.0),06/03/26 23:00:00,Annual,Exports,Natural gas,Gigawatt-hour,Greece,2023,2618.810,,
ESTAT:NRG_BAL_C(1.0),06/03/26 23:00:00,Annual,Exports,Natural gas,Gigawatt-hour,Greece,2024,432.701,,
ESTAT:NRG_BAL_C(1.0),06/03/26 23:00:00,Annual,Exports,Natural gas,Gigawatt-hour,Spain,2005,0.000,,
ESTAT:NRG_BAL_C(1.0),06/03/26 23:00:00,Annual,Exports,Natural gas,Gigawatt-hour,Spain,2006,0.000,,
ESTAT:NRG_BAL_C(1.0),06/03/26 23:00:00,Annual,Exports,Natural gas,Gigawatt-hour,Spain,2007,0.000,,
ESTAT:NRG_BAL_C(1.0),06/03/26 23:00:00,Annual,Exports,Natural gas,Gigawatt-hour,Spain,2008,474.757,,
ESTAT:NRG_BAL_C(1.0),06/03/26 23:00:00,Annual,Exports,Natural gas,Gigawatt-hour,Spain,2009,10387.971,,
ESTAT:NRG_BAL_C(1.0),06/03/26 23:00:00,Annual,Exports,Natural gas,Gigawatt-hour,Spain,2010,11687.410,,
ESTAT:NRG_BAL_C(1.0),06/03/26 23:00:00,Annual,Exports,Natural gas,Gigawatt-hour,Spain,2011,17166.453,,
ESTAT:NRG_BAL_C(1.0),06/03/26 23:00:00,Annual,Exports,Natural gas,Gigawatt-hour,Spain,2012,28279.655,,
ESTAT:NRG_BAL_C(1.0),06/03/26 23:00:00,Annual,Exports,Natural gas,Gigawatt-hour,Spain,2013,59016.926,,
ESTAT:NRG_BAL_C(1.0),06/03/26 23:00:00,Annual,Exports,Natural gas,Gigawatt-hour,Spain,2014,83176.000,,
ESTAT:NRG_BAL_C(1.0),06/03/26 23:00:00,Annual,Exports,Natural gas,Gigawatt-hour,Spain,2015,51198.188,,
ESTAT:NRG_BAL_C(1.0),06/03/26 23:00:00,Annual,Exports,Natural gas,Gigawatt-hour,Spain,2016,40344.918,,
ESTAT:NRG_BAL_C(1.0),06/03/26 23:00:00,Annual,Exports,Natural gas,Gigawatt-hour,Spain,2017,29146.500,,
ESTAT:NRG_BAL_C(1.0),06/03/26 23:00:00,Annual,Exports,Natural gas,Gigawatt-hour,Spain,2018,32852.000,,
ESTAT:NRG_BAL_C(1.0),06/03/26 23:00:00,Annual,Exports,Natural gas,Gigawatt-hour,Spain,2019,11378.500,,
ESTAT:NRG_BAL_C(1.0),06/03/26 23:00:00,Annual,Exports,Natural gas,Gigawatt-hour,Spain,2020,11852.091,,
ESTAT:NRG_BAL_C(1.0),06/03/26 23:00:00,Annual,Exports,Natural gas,Gigawatt-hour,Spain,2021,30565.261,,
ESTAT:NRG_BAL_C(1.0),06/03/26 23:00:00,Annual,Exports,Natural gas,Gigawatt-hour,Spain,2022,61262.838,,
ESTAT:NRG_BAL_C(1.0),06/03/26 23:00:00,Annual,Exports,Natural gas,Gigawatt-hour,Spain,2023,66414.887,,
ESTAT:NRG_BAL_C(1.0),06/03/26 23:00:00,Annual,Exports,Natural gas,Gigawatt-hour,Spain,2024,29466.106,,
ESTAT:NRG_BAL_C(1.0),06/03/26 23:00:00,Annual,Exports,Natural gas,Gigawatt-hour,Finland,2005,0.000,,
ESTAT:NRG_BAL_C(1.0),06/03/26 23:00:00,Annual,Exports,Natural gas,Gigawatt-hour,Finland,2006,0.000,,
ESTAT:NRG_BAL_C(1.0),06/03/26 23:00:00,Annual,Exports,Natural gas,Gigawatt-hour,Finland,2007,0.000,,
ESTAT:NRG_BAL_C(1.0),06/03/26 23:00:00,Annual,Exports,Natural gas,Gigawatt-hour,Finland,2008,0.000,,
ESTAT:NRG_BAL_C(1.0),06/03/26 23:00:00,Annual,Exports,Natural gas,Gigawatt-hour,Finland,2009,0.000,,
ESTAT:NRG_BAL_C(1.0),06/03/26 23:00:00,Annual,Exports,Natural gas,Gigawatt-hour,Finland,2010,0.000,,
ESTAT:NRG_BAL_C(1.0),06/03/26 23:00:00,Annual,Exports,Natural gas,Gigawatt-hour,Finland,2011,0.000,,
ESTAT:NRG_BAL_C(1.0),06/03/26 23:00:00,Annual,Exports,Natural gas,Gigawatt-hour,Finland,2012,0.500,,
ESTAT:NRG_BAL_C(1.0),06/03/26 23:00:00,Annual,Exports,Natural gas,Gigawatt-hour,Finland,2013,5.000,,
ESTAT:NRG_BAL_C(1.0),06/03/26 23:00:00,Annual,Exports,Natural gas,Gigawatt-hour,Finland,2014,2.750,,
ESTAT:NRG_BAL_C(1.0),06/03/26 23:00:00,Annual,Exports,Natural gas,Gigawatt-hour,Finland,2015,2.750,,
ESTAT:NRG_BAL_C(1.0),06/03/26 23:00:00,Annual,Exports,Natural gas,Gigawatt-hour,Finland,2016,3.750,,
ESTAT:NRG_BAL_C(1.0),06/03/26 23:00:00,Annual,Exports,Natural gas,Gigawatt-hour,Finland,2017,0.000,,
ESTAT:NRG_BAL_C(1.0),06/03/26 23:00:00,Annual,Exports,Natural gas,Gigawatt-hour,Finland,2018,0.000,,
ESTAT:NRG_BAL_C(1.0),06/03/26 23:00:00,Annual,Exports,Natural gas,Gigawatt-hour,Finland,2019,0.000,,
ESTAT:NRG_BAL_C(1.0),06/03/26 23:00:00,Annual,Exports,Natural gas,Gigawatt-hour,Finland,2020,0.000,,
ESTAT:NRG_BAL_C(1.0),06/03/26 23:00:00,Annual,Exports,Natural gas,Gigawatt-hour,Finland,2021,0.000,,
ESTAT:NRG_BAL_C(1.0),06/03/26 23:00:00,Annual,Exports,Natural gas,Gigawatt-hour,Finland,2022,0.000,,
ESTAT:NRG_BAL_C(1.0),06/03/26 23:00:00,Annual,Exports,Natural gas,Gigawatt-hour,Finland,2023,1651.972,,
ESTAT:NRG_BAL_C(1.0),06/03/26 23:00:00,Annual,Exports,Natural gas,Gigawatt-hour,Finland,2024,5026.638,,
ESTAT:NRG_BAL_C(1.0),06/03/26 23:00:00,Annual,Exports,Natural gas,Gigawatt-hour,France,2005,10504.884,,
ESTAT:NRG_BAL_C(1.0),06/03/26 23:00:00,Annual,Exports,Natural gas,Gigawatt-hour,France,2006,7899.587,,
ESTAT:NRG_BAL_C(1.0),06/03/26 23:00:00,Annual,Exports,Natural gas,Gigawatt-hour,France,2007,9047.900,,
ESTAT:NRG_BAL_C(1.0),06/03/26 23:00:00,Annual,Exports,Natural gas,Gigawatt-hour,France,2008,12747.715,,
ESTAT:NRG_BAL_C(1.0),06/03/26 23:00:00,Annual,Exports,Natural gas,Gigawatt-hour,France,2009,22406.438,,
ESTAT:NRG_BAL_C(1.0),06/03/26 23:00:00,Annual,Exports,Natural gas,Gigawatt-hour,France,2010,29745.422,,
ESTAT:NRG_BAL_C(1.0),06/03/26 23:00:00,Annual,Exports,Natural gas,Gigawatt-hour,France,2011,67509.518,,
ESTAT:NRG_BAL_C(1.0),06/03/26 23:00:00,Annual,Exports,Natural gas,Gigawatt-hour,France,2012,62380.800,,
ESTAT:NRG_BAL_C(1.0),06/03/26 23:00:00,Annual,Exports,Natural gas,Gigawatt-hour,France,2013,52474.719,,
ESTAT:NRG_BAL_C(1.0),06/03/26 23:00:00,Annual,Exports,Natural gas,Gigawatt-hour,France,2014,46114.371,,
ESTAT:NRG_BAL_C(1.0),06/03/26 23:00:00,Annual,Exports,Natural gas,Gigawatt-hour,France,2015,34647.966,,
ESTAT:NRG_BAL_C(1.0),06/03/26 23:00:00,Annual,Exports,Natural gas,Gigawatt-hour,France,2016,16795.836,,
ESTAT:NRG_BAL_C(1.0),06/03/26 23:00:00,Annual,Exports,Natural gas,Gigawatt-hour,France,2017,40885.199,,
ESTAT:NRG_BAL_C(1.0),06/03/26 23:00:00,Annual,Exports,Natural gas,Gigawatt-hour,France,2018,37454.604,,
ESTAT:NRG_BAL_C(1.0),06/03/26 23:00:00,Annual,Exports,Natural gas,Gigawatt-hour,France,2019,94844.722,,
ESTAT:NRG_BAL_C(1.0),06/03/26 23:00:00,Annual,Exports,Natural gas,Gigawatt-hour,France,2020,84518.290,,
ESTAT:NRG_BAL_C(1.0),06/03/26 23:00:00,Annual,Exports,Natural gas,Gigawatt-hour,France,2021,55833.637,,
ESTAT:NRG_BAL_C(1.0),06/03/26 23:00:00,Annual,Exports,Natural gas,Gigawatt-hour,France,2022,154171.595,,
ESTAT:NRG_BAL_C(1.0),06/03/26 23:00:00,Annual,Exports,Natural gas,Gigawatt-hour,France,2023,140292.667,,
ESTAT:NRG_BAL_C(1.0),06/03/26 23:00:00,Annual,Exports,Natural gas,Gigawatt-hour,France,2024,143297.732,,
ESTAT:NRG_BAL_C(1.0),06/03/26 23:00:00,Annual,Exports,Natural gas,Gigawatt-hour,Croatia,2005,4224.745,,
ESTAT:NRG_BAL_C(1.0),06/03/26 23:00:00,Annual,Exports,Natural gas,Gigawatt-hour,Croatia,2006,8508.250,,
ESTAT:NRG_BAL_C(1.0),06/03/26 23:00:00,Annual,Exports,Natural gas,Gigawatt-hour,Croatia,2007,7141.250,,
ESTAT:NRG_BAL_C(1.0),06/03/26 23:00:00,Annual,Exports,Natural gas,Gigawatt-hour,Croatia,2008,6506.750,,
ESTAT:NRG_BAL_C(1.0),06/03/26 23:00:00,Annual,Exports,Natural gas,Gigawatt-hour,Croatia,2009,7601.750,,
ESTAT:NRG_BAL_C(1.0),06/03/26 23:00:00,Annual,Exports,Natural gas,Gigawatt-hour,Croatia,2010,4572.000,,
ESTAT:NRG_BAL_C(1.0),06/03/26 23:00:00,Annual,Exports,Natural gas,Gigawatt-hour,Croatia,2011,2442.250,,
ESTAT:NRG_BAL_C(1.0),06/03/26 23:00:00,Annual,Exports,Natural gas,Gigawatt-hour,Croatia,2012,2425.250,,
ESTAT:NRG_BAL_C(1.0),06/03/26 23:00:00,Annual,Exports,Natural gas,Gigawatt-hour,Croatia,2013,3552.000,,
ESTAT:NRG_BAL_C(1.0),06/03/26 23:00:00,Annual,Exports,Natural gas,Gigawatt-hour,Croatia,2014,4170.250,,
ESTAT:NRG_BAL_C(1.0),06/03/26 23:00:00,Annual,Exports,Natural gas,Gigawatt-hour,Croatia,2015,3531.000,,
ESTAT:NRG_BAL_C(1.0),06/03/26 23:00:00,Annual,Exports,Natural gas,Gigawatt-hour,Croatia,2016,3764.218,,
ESTAT:NRG_BAL_C(1.0),06/03/26 23:00:00,Annual,Exports,Natural gas,Gigawatt-hour,Croatia,2017,1924.886,,
ESTAT:NRG_BAL_C(1.0),06/03/26 23:00:00,Annual,Exports,Natural gas,Gigawatt-hour,Croatia,2018,1090.198,,
ESTAT:NRG_BAL_C(1.0),06/03/26 23:00:00,Annual,Exports,Natural gas,Gigawatt-hour,Croatia,2019,695.687,,
ESTAT:NRG_BAL_C(1.0),06/03/26 23:00:00,Annual,Exports,Natural gas,Gigawatt-hour,Croatia,2020,507.063,,
ESTAT:NRG_BAL_C(1.0),06/03/26 23:00:00,Annual,Exports,Natural gas,Gigawatt-hour,Croatia,2021,1226.944,,
ESTAT:NRG_BAL_C(1.0),06/03/26 23:00:00,Annual,Exports,Natural gas,Gigawatt-hour,Croatia,2022,10413.500,,
ESTAT:NRG_BAL_C(1.0),06/03/26 23:00:00,Annual,Exports,Natural gas,Gigawatt-hour,Croatia,2023,11184.275,,
ESTAT:NRG_BAL_C(1.0),06/03/26 23:00:00,Annual,Exports,Natural gas,Gigawatt-hour,Croatia,2024,9436.025,,
ESTAT:NRG_BAL_C(1.0),06/03/26 23:00:00,Annual,Exports,Natural gas,Gigawatt-hour,Hungary,2005,0.000,,
ESTAT:NRG_BAL_C(1.0),06/03/26 23:00:00,Annual,Exports,Natural gas,Gigawatt-hour,Hungary,2006,51.500,,
ESTAT:NRG_BAL_C(1.0),06/03/26 23:00:00,Annual,Exports,Natural gas,Gigawatt-hour,Hungary,2007,198.750,,
ESTAT:NRG_BAL_C(1.0),06/03/26 23:00:00,Annual,Exports,Natural gas,Gigawatt-hour,Hungary,2008,218.500,,
ESTAT:NRG_BAL_C(1.0),06/03/26 23:00:00,Annual,Exports,Natural gas,Gigawatt-hour,Hungary,2009,820.750,,
ESTAT:NRG_BAL_C(1.0),06/03/26 23:00:00,Annual,Exports,Natural gas,Gigawatt-hour,Hungary,2010,2167.000,,
ESTAT:NRG_BAL_C(1.0),06/03/26 23:00:00,Annual,Exports,Natural gas,Gigawatt-hour,Hungary,2011,5415.250,,
ESTAT:NRG_BAL_C(1.0),06/03/26 23:00:00,Annual,Exports,Natural gas,Gigawatt-hour,Hungary,2012,8032.000,,
ESTAT:NRG_BAL_C(1.0),06/03/26 23:00:00,Annual,Exports,Natural gas,Gigawatt-hour,Hungary,2013,14084.250,,
ESTAT:NRG_BAL_C(1.0),06/03/26 23:00:00,Annual,Exports,Natural gas,Gigawatt-hour,Hungary,2014,7183.250,,
ESTAT:NRG_BAL_C(1.0),06/03/26 23:00:00,Annual,Exports,Natural gas,Gigawatt-hour,Hungary,2015,5328.750,,
ESTAT:NRG_BAL_C(1.0),06/03/26 23:00:00,Annual,Exports,Natural gas,Gigawatt-hour,Hungary,2016,0.000,,
ESTAT:NRG_BAL_C(1.0),06/03/26 23:00:00,Annual,Exports,Natural gas,Gigawatt-hour,Hungary,2017,0.000,,
ESTAT:NRG_BAL_C(1.0),06/03/26 23:00:00,Annual,Exports,Natural gas,Gigawatt-hour,Hungary,2018,0.000,,
ESTAT:NRG_BAL_C(1.0),06/03/26 23:00:00,Annual,Exports,Natural gas,Gigawatt-hour,Hungary,2019,0.000,,
ESTAT:NRG_BAL_C(1.0),06/03/26 23:00:00,Annual,Exports,Natural gas,Gigawatt-hour,Hungary,2020,0.000,,
ESTAT:NRG_BAL_C(1.0),06/03/26 23:00:00,Annual,Exports,Natural gas,Gigawatt-hour,Hungary,2021,0.000,,
ESTAT:NRG_BAL_C(1.0),06/03/26 23:00:00,Annual,Exports,Natural gas,Gigawatt-hour,Hungary,2022,0.000,,
ESTAT:NRG_BAL_C(1.0),06/03/26 23:00:00,Annual,Exports,Natural gas,Gigawatt-hour,Hungary,2023,0.000,,
ESTAT:NRG_BAL_C(1.0),06/03/26 23:00:00,Annual,Exports,Natural gas,Gigawatt-hour,Hungary,2024,0.000,,
ESTAT:NRG_BAL_C(1.0),06/03/26 23:00:00,Annual,Exports,Natural gas,Gigawatt-hour,Ireland,2005,0.000,,
ESTAT:NRG_BAL_C(1.0),06/03/26 23:00:00,Annual,Exports,Natural gas,Gigawatt-hour,Ireland,2006,0.000,,
ESTAT:NRG_BAL_C(1.0),06/03/26 23:00:00,Annual,Exports,Natural gas,Gigawatt-hour,Ireland,2007,0.000,,
ESTAT:NRG_BAL_C(1.0),06/03/26 23:00:00,Annual,Exports,Natural gas,Gigawatt-hour,Ireland,2008,0.000,,
ESTAT:NRG_BAL_C(1.0),06/03/26 23:00:00,Annual,Exports,Natural gas,Gigawatt-hour,Ireland,2009,0.000,,
ESTAT:NRG_BAL_C(1.0),06/03/26 23:00:00,Annual,Exports,Natural gas,Gigawatt-hour,Ireland,2010,0.000,,
ESTAT:NRG_BAL_C(1.0),06/03/26 23:00:00,Annual,Exports,Natural gas,Gigawatt-hour,Ireland,2011,0.000,,
ESTAT:NRG_BAL_C(1.0),06/03/26 23:00:00,Annual,Exports,Natural gas,Gigawatt-hour,Ireland,2012,0.000,,
ESTAT:NRG_BAL_C(1.0),06/03/26 23:00:00,Annual,Exports,Natural gas,Gigawatt-hour,Ireland,2013,0.000,,
ESTAT:NRG_BAL_C(1.0),06/03/26 23:00:00,Annual,Exports,Natural gas,Gigawatt-hour,Ireland,2014,0.000,,
ESTAT:NRG_BAL_C(1.0),06/03/26 23:00:00,Annual,Exports,Natural gas,Gigawatt-hour,Ireland,2015,0.000,,
ESTAT:NRG_BAL_C(1.0),06/03/26 23:00:00,Annual,Exports,Natural gas,Gigawatt-hour,Ireland,2016,0.000,,
ESTAT:NRG_BAL_C(1.0),06/03/26 23:00:00,Annual,Exports,Natural gas,Gigawatt-hour,Ireland,2017,0.000,,
ESTAT:NRG_BAL_C(1.0),06/03/26 23:00:00,Annual,Exports,Natural gas,Gigawatt-hour,Ireland,2018,0.000,,
ESTAT:NRG_BAL_C(1.0),06/03/26 23:00:00,Annual,Exports,Natural gas,Gigawatt-hour,Ireland,2019,0.000,,
ESTAT:NRG_BAL_C(1.0),06/03/26 23:00:00,Annual,Exports,Natural gas,Gigawatt-hour,Ireland,2020,0.000,,
ESTAT:NRG_BAL_C(1.0),06/03/26 23:00:00,Annual,Exports,Natural gas,Gigawatt-hour,Ireland,2021,0.000,,
ESTAT:NRG_BAL_C(1.0),06/03/26 23:00:00,Annual,Exports,Natural gas,Gigawatt-hour,Ireland,2022,0.000,,
ESTAT:NRG_BAL_C(1.0),06/03/26 23:00:00,Annual,Exports,Natural gas,Gigawatt-hour,Ireland,2023,0.000,,
ESTAT:NRG_BAL_C(1.0),06/03/26 23:00:00,Annual,Exports,Natural gas,Gigawatt-hour,Ireland,2024,0.000,,
ESTAT:NRG_BAL_C(1.0),06/03/26 23:00:00,Annual,Exports,Natural gas,Gigawatt-hour,Italy,2005,3772.000,,
ESTAT:NRG_BAL_C(1.0),06/03/26 23:00:00,Annual,Exports,Natural gas,Gigawatt-hour,Italy,2006,3514.500,,
ESTAT:NRG_BAL_C(1.0),06/03/26 23:00:00,Annual,Exports,Natural gas,Gigawatt-hour,Italy,2007,647.750,,
ESTAT:NRG_BAL_C(1.0),06/03/26 23:00:00,Annual,Exports,Natural gas,Gigawatt-hour,Italy,2008,2000.750,,
ESTAT:NRG_BAL_C(1.0),06/03/26 23:00:00,Annual,Exports,Natural gas,Gigawatt-hour,Italy,2009,1191.000,,
ESTAT:NRG_BAL_C(1.0),06/03/26 23:00:00,Annual,Exports,Natural gas,Gigawatt-hour,Italy,2010,1343.000,,
ESTAT:NRG_BAL_C(1.0),06/03/26 23:00:00,Annual,Exports,Natural gas,Gigawatt-hour,Italy,2011,1181.500,,
ESTAT:NRG_BAL_C(1.0),06/03/26 23:00:00,Annual,Exports,Natural gas,Gigawatt-hour,Italy,2012,1324.000,,
ESTAT:NRG_BAL_C(1.0),06/03/26 23:00:00,Annual,Exports,Natural gas,Gigawatt-hour,Italy,2013,2171.750,,
ESTAT:NRG_BAL_C(1.0),06/03/26 23:00:00,Annual,Exports,Natural gas,Gigawatt-hour,Italy,2014,2257.500,,
ESTAT:NRG_BAL_C(1.0),06/03/26 23:00:00,Annual,Exports,Natural gas,Gigawatt-hour,Italy,2015,2105.000,,
ESTAT:NRG_BAL_C(1.0),06/03/26 23:00:00,Annual,Exports,Natural gas,Gigawatt-hour,Italy,2016,2019.250,,
ESTAT:NRG_BAL_C(1.0),06/03/26 23:00:00,Annual,Exports,Natural gas,Gigawatt-hour,Italy,2017,2596.287,,
ESTAT:NRG_BAL_C(1.0),06/03/26 23:00:00,Annual,Exports,Natural gas,Gigawatt-hour,Italy,2018,3719.551,,
ESTAT:NRG_BAL_C(1.0),06/03/26 23:00:00,Annual,Exports,Natural gas,Gigawatt-hour,Italy,2019,3099.816,,
ESTAT:NRG_BAL_C(1.0),06/03/26 23:00:00,Annual,Exports,Natural gas,Gigawatt-hour,Italy,2020,3005.709,,
ESTAT:NRG_BAL_C(1.0),06/03/26 23:00:00,Annual,Exports,Natural gas,Gigawatt-hour,Italy,2021,14701.809,,
ESTAT:NRG_BAL_C(1.0),06/03/26 23:00:00,Annual,Exports,Natural gas,Gigawatt-hour,Italy,2022,43947.922,,
ESTAT:NRG_BAL_C(1.0),06/03/26 23:00:00,Annual,Exports,Natural gas,Gigawatt-hour,Italy,2023,24950.633,,
ESTAT:NRG_BAL_C(1.0),06/03/26 23:00:00,Annual,Exports,Natural gas,Gigawatt-hour,Italy,2024,5897.690,,
ESTAT:NRG_BAL_C(1.0),06/03/26 23:00:00,Annual,Exports,Natural gas,Gigawatt-hour,Lithuania,2005,0.000,,
ESTAT:NRG_BAL_C(1.0),06/03/26 23:00:00,Annual,Exports,Natural gas,Gigawatt-hour,Lithuania,2006,0.000,,
ESTAT:NRG_BAL_C(1.0),06/03/26 23:00:00,Annual,Exports,Natural gas,Gigawatt-hour,Lithuania,2007,0.000,,
ESTAT:NRG_BAL_C(1.0),06/03/26 23:00:00,Annual,Exports,Natural gas,Gigawatt-hour,Lithuania,2008,0.000,,
ESTAT:NRG_BAL_C(1.0),06/03/26 23:00:00,Annual,Exports,Natural gas,Gigawatt-hour,Lithuania,2009,0.000,,
ESTAT:NRG_BAL_C(1.0),06/03/26 23:00:00,Annual,Exports,Natural gas,Gigawatt-hour,Lithuania,2010,0.000,,
ESTAT:NRG_BAL_C(1.0),06/03/26 23:00:00,Annual,Exports,Natural gas,Gigawatt-hour,Lithuania,2011,0.000,,
ESTAT:NRG_BAL_C(1.0),06/03/26 23:00:00,Annual,Exports,Natural gas,Gigawatt-hour,Lithuania,2012,0.000,,
ESTAT:NRG_BAL_C(1.0),06/03/26 23:00:00,Annual,Exports,Natural gas,Gigawatt-hour,Lithuania,2013,0.000,,
ESTAT:NRG_BAL_C(1.0),06/03/26 23:00:00,Annual,Exports,Natural gas,Gigawatt-hour,Lithuania,2014,9.250,,
ESTAT:NRG_BAL_C(1.0),06/03/26 23:00:00,Annual,Exports,Natural gas,Gigawatt-hour,Lithuania,2015,926.500,,
ESTAT:NRG_BAL_C(1.0),06/03/26 23:00:00,Annual,Exports,Natural gas,Gigawatt-hour,Lithuania,2016,426.750,,
ESTAT:NRG_BAL_C(1.0),06/03/26 23:00:00,Annual,Exports,Natural gas,Gigawatt-hour,Lithuania,2017,1994.989,,
ESTAT:NRG_BAL_C(1.0),06/03/26 23:00:00,Annual,Exports,Natural gas,Gigawatt-hour,Lithuania,2018,1750.250,,
ESTAT:NRG_BAL_C(1.0),06/03/26 23:00:00,Annual,Exports,Natural gas,Gigawatt-hour,Lithuania,2019,5043.707,,
ESTAT:NRG_BAL_C(1.0),06/03/26 23:00:00,Annual,Exports,Natural gas,Gigawatt-hour,Lithuania,2020,5022.250,,
ESTAT:NRG_BAL_C(1.0),06/03/26 23:00:00,Annual,Exports,Natural gas,Gigawatt-hour,Lithuania,2021,1292.007,,
ESTAT:NRG_BAL_C(1.0),06/03/26 23:00:00,Annual,Exports,Natural gas,Gigawatt-hour,Lithuania,2022,19346.721,,
ESTAT:NRG_BAL_C(1.0),06/03/26 23:00:00,Annual,Exports,Natural gas,Gigawatt-hour,Lithuania,2023,18362.854,,
ESTAT:NRG_BAL_C(1.0),06/03/26 23:00:00,Annual,Exports,Natural gas,Gigawatt-hour,Lithuania,2024,10552.340,,
ESTAT:NRG_BAL_C(1.0),06/03/26 23:00:00,Annual,Exports,Natural gas,Gigawatt-hour,Luxembourg,2005,0.000,,
ESTAT:NRG_BAL_C(1.0),06/03/26 23:00:00,Annual,Exports,Natural gas,Gigawatt-hour,Luxembourg,2006,0.000,,
ESTAT:NRG_BAL_C(1.0),06/03/26 23:00:00,Annual,Exports,Natural gas,Gigawatt-hour,Luxembourg,2007,0.000,,
ESTAT:NRG_BAL_C(1.0),06/03/26 23:00:00,Annual,Exports,Natural gas,Gigawatt-hour,Luxembourg,2008,0.000,,
ESTAT:NRG_BAL_C(1.0),06/03/26 23:00:00,Annual,Exports,Natural gas,Gigawatt-hour,Luxembourg,2009,0.000,,
ESTAT:NRG_BAL_C(1.0),06/03/26 23:00:00,Annual,Exports,Natural gas,Gigawatt-hour,Luxembourg,2010,0.000,,
ESTAT:NRG_BAL_C(1.0),06/03/26 23:00:00,Annual,Exports,Natural gas,Gigawatt-hour,Luxembourg,2011,0.000,,
ESTAT:NRG_BAL_C(1.0),06/03/26 23:00:00,Annual,Exports,Natural gas,Gigawatt-hour,Luxembourg,2012,0.000,,
ESTAT:NRG_BAL_C(1.0),06/03/26 23:00:00,Annual,Exports,Natural gas,Gigawatt-hour,Luxembourg,2013,0.000,,
ESTAT:NRG_BAL_C(1.0),06/03/26 23:00:00,Annual,Exports,Natural gas,Gigawatt-hour,Luxembourg,2014,0.000,,
ESTAT:NRG_BAL_C(1.0),06/03/26 23:00:00,Annual,Exports,Natural gas,Gigawatt-hour,Luxembourg,2015,0.000,,
ESTAT:NRG_BAL_C(1.0),06/03/26 23:00:00,Annual,Exports,Natural gas,Gigawatt-hour,Luxembourg,2016,0.000,,
ESTAT:NRG_BAL_C(1.0),06/03/26 23:00:00,Annual,Exports,Natural gas,Gigawatt-hour,Luxembourg,2017,0.000,,
ESTAT:NRG_BAL_C(1.0),06/03/26 23:00:00,Annual,Exports,Natural gas,Gigawatt-hour,Luxembourg,2018,0.000,,
ESTAT:NRG_BAL_C(1.0),06/03/26 23:00:00,Annual,Exports,Natural gas,Gigawatt-hour,Luxembourg,2019,0.000,,
ESTAT:NRG_BAL_C(1.0),06/03/26 23:00:00,Annual,Exports,Natural gas,Gigawatt-hour,Luxembourg,2020,0.000,,
ESTAT:NRG_BAL_C(1.0),06/03/26 23:00:00,Annual,Exports,Natural gas,Gigawatt-hour,Luxembourg,2021,0.000,,
ESTAT:NRG_BAL_C(1.0),06/03/26 23:00:00,Annual,Exports,Natural gas,Gigawatt-hour,Luxembourg,2022,0.000,,
ESTAT:NRG_BAL_C(1.0),06/03/26 23:00:00,Annual,Exports,Natural gas,Gigawatt-hour,Luxembourg,2023,0.000,,
ESTAT:NRG_BAL_C(1.0),06/03/26 23:00:00,Annual,Exports,Natural gas,Gigawatt-hour,Luxembourg,2024,0.000,,
ESTAT:NRG_BAL_C(1.0),06/03/26 23:00:00,Annual,Exports,Natural gas,Gigawatt-hour,Latvia,2005,0.000,,
ESTAT:NRG_BAL_C(1.0),06/03/26 23:00:00,Annual,Exports,Natural gas,Gigawatt-hour,Latvia,2006,0.000,,
ESTAT:NRG_BAL_C(1.0),06/03/26 23:00:00,Annual,Exports,Natural gas,Gigawatt-hour,Latvia,2007,0.000,,
ESTAT:NRG_BAL_C(1.0),06/03/26 23:00:00,Annual,Exports,Natural gas,Gigawatt-hour,Latvia,2008,0.000,,
ESTAT:NRG_BAL_C(1.0),06/03/26 23:00:00,Annual,Exports,Natural gas,Gigawatt-hour,Latvia,2009,0.000,,
ESTAT:NRG_BAL_C(1.0),06/03/26 23:00:00,Annual,Exports,Natural gas,Gigawatt-hour,Latvia,2010,0.000,,
ESTAT:NRG_BAL_C(1.0),06/03/26 23:00:00,Annual,Exports,Natural gas,Gigawatt-hour,Latvia,2011,0.000,,
ESTAT:NRG_BAL_C(1.0),06/03/26 23:00:00,Annual,Exports,Natural gas,Gigawatt-hour,Latvia,2012,0.000,,
ESTAT:NRG_BAL_C(1.0),06/03/26 23:00:00,Annual,Exports,Natural gas,Gigawatt-hour,Latvia,2013,0.000,,
ESTAT:NRG_BAL_C(1.0),06/03/26 23:00:00,Annual,Exports,Natural gas,Gigawatt-hour,Latvia,2014,0.000,,
ESTAT:NRG_BAL_C(1.0),06/03/26 23:00:00,Annual,Exports,Natural gas,Gigawatt-hour,Latvia,2015,0.000,,
ESTAT:NRG_BAL_C(1.0),06/03/26 23:00:00,Annual,Exports,Natural gas,Gigawatt-hour,Latvia,2016,0.000,,
ESTAT:NRG_BAL_C(1.0),06/03/26 23:00:00,Annual,Exports,Natural gas,Gigawatt-hour,Latvia,2017,0.000,,
ESTAT:NRG_BAL_C(1.0),06/03/26 23:00:00,Annual,Exports,Natural gas,Gigawatt-hour,Latvia,2018,0.000,,
ESTAT:NRG_BAL_C(1.0),06/03/26 23:00:00,Annual,Exports,Natural gas,Gigawatt-hour,Latvia,2019,0.000,,
ESTAT:NRG_BAL_C(1.0),06/03/26 23:00:00,Annual,Exports,Natural gas,Gigawatt-hour,Latvia,2020,0.000,,
ESTAT:NRG_BAL_C(1.0),06/03/26 23:00:00,Annual,Exports,Natural gas,Gigawatt-hour,Latvia,2021,0.000,,
ESTAT:NRG_BAL_C(1.0),06/03/26 23:00:00,Annual,Exports,Natural gas,Gigawatt-hour,Latvia,2022,0.000,,
ESTAT:NRG_BAL_C(1.0),06/03/26 23:00:00,Annual,Exports,Natural gas,Gigawatt-hour,Latvia,2023,0.000,,
ESTAT:NRG_BAL_C(1.0),06/03/26 23:00:00,Annual,Exports,Natural gas,Gigawatt-hour,Latvia,2024,14.263,,
ESTAT:NRG_BAL_C(1.0),06/03/26 23:00:00,Annual,Exports,Natural gas,Gigawatt-hour,Malta,2005,0.000,,
ESTAT:NRG_BAL_C(1.0),06/03/26 23:00:00,Annual,Exports,Natural gas,Gigawatt-hour,Malta,2006,0.000,,
ESTAT:NRG_BAL_C(1.0),06/03/26 23:00:00,Annual,Exports,Natural gas,Gigawatt-hour,Malta,2007,0.000,,
ESTAT:NRG_BAL_C(1.0),06/03/26 23:00:00,Annual,Exports,Natural gas,Gigawatt-hour,Malta,2008,0.000,,
ESTAT:NRG_BAL_C(1.0),06/03/26 23:00:00,Annual,Exports,Natural gas,Gigawatt-hour,Malta,2009,0.000,,
ESTAT:NRG_BAL_C(1.0),06/03/26 23:00:00,Annual,Exports,Natural gas,Gigawatt-hour,Malta,2010,0.000,,
ESTAT:NRG_BAL_C(1.0),06/03/26 23:00:00,Annual,Exports,Natural gas,Gigawatt-hour,Malta,2011,0.000,,
ESTAT:NRG_BAL_C(1.0),06/03/26 23:00:00,Annual,Exports,Natural gas,Gigawatt-hour,Malta,2012,0.000,,
ESTAT:NRG_BAL_C(1.0),06/03/26 23:00:00,Annual,Exports,Natural gas,Gigawatt-hour,Malta,2013,0.000,,
ESTAT:NRG_BAL_C(1.0),06/03/26 23:00:00,Annual,Exports,Natural gas,Gigawatt-hour,Malta,2014,0.000,,
ESTAT:NRG_BAL_C(1.0),06/03/26 23:00:00,Annual,Exports,Natural gas,Gigawatt-hour,Malta,2015,0.000,,
ESTAT:NRG_BAL_C(1.0),06/03/26 23:00:00,Annual,Exports,Natural gas,Gigawatt-hour,Malta,2016,0.000,,
ESTAT:NRG_BAL_C(1.0),06/03/26 23:00:00,Annual,Exports,Natural gas,Gigawatt-hour,Malta,2017,0.000,,
ESTAT:NRG_BAL_C(1.0),06/03/26 23:00:00,Annual,Exports,Natural gas,Gigawatt-hour,Malta,2018,0.000,,
ESTAT:NRG_BAL_C(1.0),06/03/26 23:00:00,Annual,Exports,Natural gas,Gigawatt-hour,Malta,2019,0.000,,
ESTAT:NRG_BAL_C(1.0),06/03/26 23:00:00,Annual,Exports,Natural gas,Gigawatt-hour,Malta,2020,0.000,,
ESTAT:NRG_BAL_C(1.0),06/03/26 23:00:00,Annual,Exports,Natural gas,Gigawatt-hour,Malta,2021,0.000,,
ESTAT:NRG_BAL_C(1.0),06/03/26 23:00:00,Annual,Exports,Natural gas,Gigawatt-hour,Malta,2022,0.000,,
ESTAT:NRG_BAL_C(1.0),06/03/26 23:00:00,Annual,Exports,Natural gas,Gigawatt-hour,Malta,2023,0.000,,
ESTAT:NRG_BAL_C(1.0),06/03/26 23:00:00,Annual,Exports,Natural gas,Gigawatt-hour,Malta,2024,0.000,,
ESTAT:NRG_BAL_C(1.0),06/03/26 23:00:00,Annual,Exports,Natural gas,Gigawatt-hour,Netherlands,2005,434693.051,,
ESTAT:NRG_BAL_C(1.0),06/03/26 23:00:00,Annual,Exports,Natural gas,Gigawatt-hour,Netherlands,2006,455526.232,,
ESTAT:NRG_BAL_C(1.0),06/03/26 23:00:00,Annual,Exports,Natural gas,Gigawatt-hour,Netherlands,2007,463942.954,,
ESTAT:NRG_BAL_C(1.0),06/03/26 23:00:00,Annual,Exports,Natural gas,Gigawatt-hour,Netherlands,2008,514359.286,,
ESTAT:NRG_BAL_C(1.0),06/03/26 23:00:00,Annual,Exports,Natural gas,Gigawatt-hour,Netherlands,2009,463470.705,,
ESTAT:NRG_BAL_C(1.0),06/03/26 23:00:00,Annual,Exports,Natural gas,Gigawatt-hour,Netherlands,2010,496137.346,,
ESTAT:NRG_BAL_C(1.0),06/03/26 23:00:00,Annual,Exports,Natural gas,Gigawatt-hour,Netherlands,2011,477581.658,,
ESTAT:NRG_BAL_C(1.0),06/03/26 23:00:00,Annual,Exports,Natural gas,Gigawatt-hour,Netherlands,2012,529581.485,,
ESTAT:NRG_BAL_C(1.0),06/03/26 23:00:00,Annual,Exports,Natural gas,Gigawatt-hour,Netherlands,2013,591137.030,,
ESTAT:NRG_BAL_C(1.0),06/03/26 23:00:00,Annual,Exports,Natural gas,Gigawatt-hour,Netherlands,2014,512970.540,,
ESTAT:NRG_BAL_C(1.0),06/03/26 23:00:00,Annual,Exports,Natural gas,Gigawatt-hour,Netherlands,2015,425362.517,,
ESTAT:NRG_BAL_C(1.0),06/03/26 23:00:00,Annual,Exports,Natural gas,Gigawatt-hour,Netherlands,2016,463091.126,,
ESTAT:NRG_BAL_C(1.0),06/03/26 23:00:00,Annual,Exports,Natural gas,Gigawatt-hour,Netherlands,2017,216158.866,,
ESTAT:NRG_BAL_C(1.0),06/03/26 23:00:00,Annual,Exports,Natural gas,Gigawatt-hour,Netherlands,2018,205911.814,,
ESTAT:NRG_BAL_C(1.0),06/03/26 23:00:00,Annual,Exports,Natural gas,Gigawatt-hour,Netherlands,2019,198844.115,,
ESTAT:NRG_BAL_C(1.0),06/03/26 23:00:00,Annual,Exports,Natural gas,Gigawatt-hour,Netherlands,2020,136309.887,,
ESTAT:NRG_BAL_C(1.0),06/03/26 23:00:00,Annual,Exports,Natural gas,Gigawatt-hour,Netherlands,2021,138935.163,,
ESTAT:NRG_BAL_C(1.0),06/03/26 23:00:00,Annual,Exports,Natural gas,Gigawatt-hour,Netherlands,2022,147136.101,,
ESTAT:NRG_BAL_C(1.0),06/03/26 23:00:00,Annual,Exports,Natural gas,Gigawatt-hour,Netherlands,2023,166247.054,,
ESTAT:NRG_BAL_C(1.0),06/03/26 23:00:00,Annual,Exports,Natural gas,Gigawatt-hour,Netherlands,2024,137278.425,,
ESTAT:NRG_BAL_C(1.0),06/03/26 23:00:00,Annual,Exports,Natural gas,Gigawatt-hour,Poland,2005,416.750,,
ESTAT:NRG_BAL_C(1.0),06/03/26 23:00:00,Annual,Exports,Natural gas,Gigawatt-hour,Poland,2006,436.250,,
ESTAT:NRG_BAL_C(1.0),06/03/26 23:00:00,Annual,Exports,Natural gas,Gigawatt-hour,Poland,2007,419.250,,
ESTAT:NRG_BAL_C(1.0),06/03/26 23:00:00,Annual,Exports,Natural gas,Gigawatt-hour,Poland,2008,367.500,,
ESTAT:NRG_BAL_C(1.0),06/03/26 23:00:00,Annual,Exports,Natural gas,Gigawatt-hour,Poland,2009,388.500,,
ESTAT:NRG_BAL_C(1.0),06/03/26 23:00:00,Annual,Exports,Natural gas,Gigawatt-hour,Poland,2010,438.000,,
ESTAT:NRG_BAL_C(1.0),06/03/26 23:00:00,Annual,Exports,Natural gas,Gigawatt-hour,Poland,2011,274.752,,
ESTAT:NRG_BAL_C(1.0),06/03/26 23:00:00,Annual,Exports,Natural gas,Gigawatt-hour,Poland,2012,29.750,,
ESTAT:NRG_BAL_C(1.0),06/03/26 23:00:00,Annual,Exports,Natural gas,Gigawatt-hour,Poland,2013,895.490,,
ESTAT:NRG_BAL_C(1.0),06/03/26 23:00:00,Annual,Exports,Natural gas,Gigawatt-hour,Poland,2014,720.000,,
ESTAT:NRG_BAL_C(1.0),06/03/26 23:00:00,Annual,Exports,Natural gas,Gigawatt-hour,Poland,2015,527.997,,
ESTAT:NRG_BAL_C(1.0),06/03/26 23:00:00,Annual,Exports,Natural gas,Gigawatt-hour,Poland,2016,8323.500,,
ESTAT:NRG_BAL_C(1.0),06/03/26 23:00:00,Annual,Exports,Natural gas,Gigawatt-hour,Poland,2017,11807.989,,
ESTAT:NRG_BAL_C(1.0),06/03/26 23:00:00,Annual,Exports,Natural gas,Gigawatt-hour,Poland,2018,6569.578,,
ESTAT:NRG_BAL_C(1.0),06/03/26 23:00:00,Annual,Exports,Natural gas,Gigawatt-hour,Poland,2019,12790.280,,
ESTAT:NRG_BAL_C(1.0),06/03/26 23:00:00,Annual,Exports,Natural gas,Gigawatt-hour,Poland,2020,9580.872,,
ESTAT:NRG_BAL_C(1.0),06/03/26 23:00:00,Annual,Exports,Natural gas,Gigawatt-hour,Poland,2021,1097.285,,
ESTAT:NRG_BAL_C(1.0),06/03/26 23:00:00,Annual,Exports,Natural gas,Gigawatt-hour,Poland,2022,5864.458,,
ESTAT:NRG_BAL_C(1.0),06/03/26 23:00:00,Annual,Exports,Natural gas,Gigawatt-hour,Poland,2023,6849.136,,
ESTAT:NRG_BAL_C(1.0),06/03/26 23:00:00,Annual,Exports,Natural gas,Gigawatt-hour,Poland,2024,950.702,,
ESTAT:NRG_BAL_C(1.0),06/03/26 23:00:00,Annual,Exports,Natural gas,Gigawatt-hour,Portugal,2005,0.000,,
ESTAT:NRG_BAL_C(1.0),06/03/26 23:00:00,Annual,Exports,Natural gas,Gigawatt-hour,Portugal,2006,0.000,,
ESTAT:NRG_BAL_C(1.0),06/03/26 23:00:00,Annual,Exports,Natural gas,Gigawatt-hour,Portugal,2007,0.000,,
ESTAT:NRG_BAL_C(1.0),06/03/26 23:00:00,Annual,Exports,Natural gas,Gigawatt-hour,Portugal,2008,0.000,,
ESTAT:NRG_BAL_C(1.0),06/03/26 23:00:00,Annual,Exports,Natural gas,Gigawatt-hour,Portugal,2009,0.000,,
ESTAT:NRG_BAL_C(1.0),06/03/26 23:00:00,Annual,Exports,Natural gas,Gigawatt-hour,Portugal,2010,0.000,,
ESTAT:NRG_BAL_C(1.0),06/03/26 23:00:00,Annual,Exports,Natural gas,Gigawatt-hour,Portugal,2011,0.000,,
ESTAT:NRG_BAL_C(1.0),06/03/26 23:00:00,Annual,Exports,Natural gas,Gigawatt-hour,Portugal,2012,0.000,,
ESTAT:NRG_BAL_C(1.0),06/03/26 23:00:00,Annual,Exports,Natural gas,Gigawatt-hour,Portugal,2013,0.000,,
ESTAT:NRG_BAL_C(1.0),06/03/26 23:00:00,Annual,Exports,Natural gas,Gigawatt-hour,Portugal,2014,0.000,,
ESTAT:NRG_BAL_C(1.0),06/03/26 23:00:00,Annual,Exports,Natural gas,Gigawatt-hour,Portugal,2015,0.000,,
ESTAT:NRG_BAL_C(1.0),06/03/26 23:00:00,Annual,Exports,Natural gas,Gigawatt-hour,Portugal,2016,0.000,,
ESTAT:NRG_BAL_C(1.0),06/03/26 23:00:00,Annual,Exports,Natural gas,Gigawatt-hour,Portugal,2017,0.000,,
ESTAT:NRG_BAL_C(1.0),06/03/26 23:00:00,Annual,Exports,Natural gas,Gigawatt-hour,Portugal,2018,0.000,,
ESTAT:NRG_BAL_C(1.0),06/03/26 23:00:00,Annual,Exports,Natural gas,Gigawatt-hour,Portugal,2019,0.000,,
ESTAT:NRG_BAL_C(1.0),06/03/26 23:00:00,Annual,Exports,Natural gas,Gigawatt-hour,Portugal,2020,0.000,,
ESTAT:NRG_BAL_C(1.0),06/03/26 23:00:00,Annual,Exports,Natural gas,Gigawatt-hour,Portugal,2021,0.000,,
ESTAT:NRG_BAL_C(1.0),06/03/26 23:00:00,Annual,Exports,Natural gas,Gigawatt-hour,Portugal,2022,0.000,,
ESTAT:NRG_BAL_C(1.0),06/03/26 23:00:00,Annual,Exports,Natural gas,Gigawatt-hour,Portugal,2023,0.000,,
ESTAT:NRG_BAL_C(1.0),06/03/26 23:00:00,Annual,Exports,Natural gas,Gigawatt-hour,Portugal,2024,0.000,,
ESTAT:NRG_BAL_C(1.0),06/03/26 23:00:00,Annual,Exports,Natural gas,Gigawatt-hour,Romania,2005,0.000,,
ESTAT:NRG_BAL_C(1.0),06/03/26 23:00:00,Annual,Exports,Natural gas,Gigawatt-hour,Romania,2006,0.000,,
ESTAT:NRG_BAL_C(1.0),06/03/26 23:00:00,Annual,Exports,Natural gas,Gigawatt-hour,Romania,2007,0.000,,
ESTAT:NRG_BAL_C(1.0),06/03/26 23:00:00,Annual,Exports,Natural gas,Gigawatt-hour,Romania,2008,0.000,,
ESTAT:NRG_BAL_C(1.0),06/03/26 23:00:00,Annual,Exports,Natural gas,Gigawatt-hour,Romania,2009,0.000,,
ESTAT:NRG_BAL_C(1.0),06/03/26 23:00:00,Annual,Exports,Natural gas,Gigawatt-hour,Romania,2010,0.000,,
ESTAT:NRG_BAL_C(1.0),06/03/26 23:00:00,Annual,Exports,Natural gas,Gigawatt-hour,Romania,2011,0.000,,
ESTAT:NRG_BAL_C(1.0),06/03/26 23:00:00,Annual,Exports,Natural gas,Gigawatt-hour,Romania,2012,0.000,,
ESTAT:NRG_BAL_C(1.0),06/03/26 23:00:00,Annual,Exports,Natural gas,Gigawatt-hour,Romania,2013,0.000,,
ESTAT:NRG_BAL_C(1.0),06/03/26 23:00:00,Annual,Exports,Natural gas,Gigawatt-hour,Romania,2014,0.000,,
ESTAT:NRG_BAL_C(1.0),06/03/26 23:00:00,Annual,Exports,Natural gas,Gigawatt-hour,Romania,2015,9.500,,
ESTAT:NRG_BAL_C(1.0),06/03/26 23:00:00,Annual,Exports,Natural gas,Gigawatt-hour,Romania,2016,11.000,,
ESTAT:NRG_BAL_C(1.0),06/03/26 23:00:00,Annual,Exports,Natural gas,Gigawatt-hour,Romania,2017,243.743,,
ESTAT:NRG_BAL_C(1.0),06/03/26 23:00:00,Annual,Exports,Natural gas,Gigawatt-hour,Romania,2018,288.662,,
ESTAT:NRG_BAL_C(1.0),06/03/26 23:00:00,Annual,Exports,Natural gas,Gigawatt-hour,Romania,2019,122.987,,
ESTAT:NRG_BAL_C(1.0),06/03/26 23:00:00,Annual,Exports,Natural gas,Gigawatt-hour,Romania,2020,1340.923,,
ESTAT:NRG_BAL_C(1.0),06/03/26 23:00:00,Annual,Exports,Natural gas,Gigawatt-hour,Romania,2021,6990.614,,
ESTAT:NRG_BAL_C(1.0),06/03/26 23:00:00,Annual,Exports,Natural gas,Gigawatt-hour,Romania,2022,9081.836,,
ESTAT:NRG_BAL_C(1.0),06/03/26 23:00:00,Annual,Exports,Natural gas,Gigawatt-hour,Romania,2023,21158.580,,
ESTAT:NRG_BAL_C(1.0),06/03/26 23:00:00,Annual,Exports,Natural gas,Gigawatt-hour,Romania,2024,21980.119,,
ESTAT:NRG_BAL_C(1.0),06/03/26 23:00:00,Annual,Exports,Natural gas,Gigawatt-hour,Sweden,2005,0.000,,
ESTAT:NRG_BAL_C(1.0),06/03/26 23:00:00,Annual,Exports,Natural gas,Gigawatt-hour,Sweden,2006,0.000,,
ESTAT:NRG_BAL_C(1.0),06/03/26 23:00:00,Annual,Exports,Natural gas,Gigawatt-hour,Sweden,2007,0.000,,
ESTAT:NRG_BAL_C(1.0),06/03/26 23:00:00,Annual,Exports,Natural gas,Gigawatt-hour,Sweden,2008,0.000,,
ESTAT:NRG_BAL_C(1.0),06/03/26 23:00:00,Annual,Exports,Natural gas,Gigawatt-hour,Sweden,2009,0.000,,
ESTAT:NRG_BAL_C(1.0),06/03/26 23:00:00,Annual,Exports,Natural gas,Gigawatt-hour,Sweden,2010,0.000,,
ESTAT:NRG_BAL_C(1.0),06/03/26 23:00:00,Annual,Exports,Natural gas,Gigawatt-hour,Sweden,2011,0.000,,
ESTAT:NRG_BAL_C(1.0),06/03/26 23:00:00,Annual,Exports,Natural gas,Gigawatt-hour,Sweden,2012,0.000,,
ESTAT:NRG_BAL_C(1.0),06/03/26 23:00:00,Annual,Exports,Natural gas,Gigawatt-hour,Sweden,2013,0.000,,
ESTAT:NRG_BAL_C(1.0),06/03/26 23:00:00,Annual,Exports,Natural gas,Gigawatt-hour,Sweden,2014,0.000,,
ESTAT:NRG_BAL_C(1.0),06/03/26 23:00:00,Annual,Exports,Natural gas,Gigawatt-hour,Sweden,2015,0.000,,
ESTAT:NRG_BAL_C(1.0),06/03/26 23:00:00,Annual,Exports,Natural gas,Gigawatt-hour,Sweden,2016,0.000,,
ESTAT:NRG_BAL_C(1.0),06/03/26 23:00:00,Annual,Exports,Natural gas,Gigawatt-hour,Sweden,2017,51.250,,
ESTAT:NRG_BAL_C(1.0),06/03/26 23:00:00,Annual,Exports,Natural gas,Gigawatt-hour,Sweden,2018,165.250,,
ESTAT:NRG_BAL_C(1.0),06/03/26 23:00:00,Annual,Exports,Natural gas,Gigawatt-hour,Sweden,2019,259.746,,
ESTAT:NRG_BAL_C(1.0),06/03/26 23:00:00,Annual,Exports,Natural gas,Gigawatt-hour,Sweden,2020,290.484,,
ESTAT:NRG_BAL_C(1.0),06/03/26 23:00:00,Annual,Exports,Natural gas,Gigawatt-hour,Sweden,2021,565.766,,
ESTAT:NRG_BAL_C(1.0),06/03/26 23:00:00,Annual,Exports,Natural gas,Gigawatt-hour,Sweden,2022,101.165,,
ESTAT:NRG_BAL_C(1.0),06/03/26 23:00:00,Annual,Exports,Natural gas,Gigawatt-hour,Sweden,2023,88.471,,
ESTAT:NRG_BAL_C(1.0),06/03/26 23:00:00,Annual,Exports,Natural gas,Gigawatt-hour,Sweden,2024,213.641,,
ESTAT:NRG_BAL_C(1.0),06/03/26 23:00:00,Annual,Exports,Natural gas,Gigawatt-hour,Slovenia,2005,0.000,,
ESTAT:NRG_BAL_C(1.0),06/03/26 23:00:00,Annual,Exports,Natural gas,Gigawatt-hour,Slovenia,2006,0.000,,
ESTAT:NRG_BAL_C(1.0),06/03/26 23:00:00,Annual,Exports,Natural gas,Gigawatt-hour,Slovenia,2007,0.000,,
ESTAT:NRG_BAL_C(1.0),06/03/26 23:00:00,Annual,Exports,Natural gas,Gigawatt-hour,Slovenia,2008,0.000,,
ESTAT:NRG_BAL_C(1.0),06/03/26 23:00:00,Annual,Exports,Natural gas,Gigawatt-hour,Slovenia,2009,0.000,,
ESTAT:NRG_BAL_C(1.0),06/03/26 23:00:00,Annual,Exports,Natural gas,Gigawatt-hour,Slovenia,2010,0.000,,
ESTAT:NRG_BAL_C(1.0),06/03/26 23:00:00,Annual,Exports,Natural gas,Gigawatt-hour,Slovenia,2011,0.000,,
ESTAT:NRG_BAL_C(1.0),06/03/26 23:00:00,Annual,Exports,Natural gas,Gigawatt-hour,Slovenia,2012,0.000,,
ESTAT:NRG_BAL_C(1.0),06/03/26 23:00:00,Annual,Exports,Natural gas,Gigawatt-hour,Slovenia,2013,0.000,,
ESTAT:NRG_BAL_C(1.0),06/03/26 23:00:00,Annual,Exports,Natural gas,Gigawatt-hour,Slovenia,2014,0.000,,
ESTAT:NRG_BAL_C(1.0),06/03/26 23:00:00,Annual,Exports,Natural gas,Gigawatt-hour,Slovenia,2015,0.000,,
ESTAT:NRG_BAL_C(1.0),06/03/26 23:00:00,Annual,Exports,Natural gas,Gigawatt-hour,Slovenia,2016,0.000,,
ESTAT:NRG_BAL_C(1.0),06/03/26 23:00:00,Annual,Exports,Natural gas,Gigawatt-hour,Slovenia,2017,35.814,,
ESTAT:NRG_BAL_C(1.0),06/03/26 23:00:00,Annual,Exports,Natural gas,Gigawatt-hour,Slovenia,2018,109.032,,
ESTAT:NRG_BAL_C(1.0),06/03/26 23:00:00,Annual,Exports,Natural gas,Gigawatt-hour,Slovenia,2019,19.853,,
ESTAT:NRG_BAL_C(1.0),06/03/26 23:00:00,Annual,Exports,Natural gas,Gigawatt-hour,Slovenia,2020,0.000,,
ESTAT:NRG_BAL_C(1.0),06/03/26 23:00:00,Annual,Exports,Natural gas,Gigawatt-hour,Slovenia,2021,0.000,,
ESTAT:NRG_BAL_C(1.0),06/03/26 23:00:00,Annual,Exports,Natural gas,Gigawatt-hour,Slovenia,2022,0.000,,
ESTAT:NRG_BAL_C(1.0),06/03/26 23:00:00,Annual,Exports,Natural gas,Gigawatt-hour,Slovenia,2023,0.000,,
ESTAT:NRG_BAL_C(1.0),06/03/26 23:00:00,Annual,Exports,Natural gas,Gigawatt-hour,Slovenia,2024,0.000,,
ESTAT:NRG_BAL_C(1.0),06/03/26 23:00:00,Annual,Exports,Natural gas,Gigawatt-hour,Slovakia,2005,3615.250,,
ESTAT:NRG_BAL_C(1.0),06/03/26 23:00:00,Annual,Exports,Natural gas,Gigawatt-hour,Slovakia,2006,5748.500,,
ESTAT:NRG_BAL_C(1.0),06/03/26 23:00:00,Annual,Exports,Natural gas,Gigawatt-hour,Slovakia,2007,1741.750,,
ESTAT:NRG_BAL_C(1.0),06/03/26 23:00:00,Annual,Exports,Natural gas,Gigawatt-hour,Slovakia,2008,1794.000,,
ESTAT:NRG_BAL_C(1.0),06/03/26 23:00:00,Annual,Exports,Natural gas,Gigawatt-hour,Slovakia,2009,148.500,,
ESTAT:NRG_BAL_C(1.0),06/03/26 23:00:00,Annual,Exports,Natural gas,Gigawatt-hour,Slovakia,2010,0.000,,
ESTAT:NRG_BAL_C(1.0),06/03/26 23:00:00,Annual,Exports,Natural gas,Gigawatt-hour,Slovakia,2011,28.750,,
ESTAT:NRG_BAL_C(1.0),06/03/26 23:00:00,Annual,Exports,Natural gas,Gigawatt-hour,Slovakia,2012,450.750,,
ESTAT:NRG_BAL_C(1.0),06/03/26 23:00:00,Annual,Exports,Natural gas,Gigawatt-hour,Slovakia,2013,144.250,,
ESTAT:NRG_BAL_C(1.0),06/03/26 23:00:00,Annual,Exports,Natural gas,Gigawatt-hour,Slovakia,2014,29.000,,
ESTAT:NRG_BAL_C(1.0),06/03/26 23:00:00,Annual,Exports,Natural gas,Gigawatt-hour,Slovakia,2015,0.000,,
ESTAT:NRG_BAL_C(1.0),06/03/26 23:00:00,Annual,Exports,Natural gas,Gigawatt-hour,Slovakia,2016,0.000,,
ESTAT:NRG_BAL_C(1.0),06/03/26 23:00:00,Annual,Exports,Natural gas,Gigawatt-hour,Slovakia,2017,0.000,,
ESTAT:NRG_BAL_C(1.0),06/03/26 23:00:00,Annual,Exports,Natural gas,Gigawatt-hour,Slovakia,2018,0.000,,
ESTAT:NRG_BAL_C(1.0),06/03/26 23:00:00,Annual,Exports,Natural gas,Gigawatt-hour,Slovakia,2019,0.000,,
ESTAT:NRG_BAL_C(1.0),06/03/26 23:00:00,Annual,Exports,Natural gas,Gigawatt-hour,Slovakia,2020,0.000,,
ESTAT:NRG_BAL_C(1.0),06/03/26 23:00:00,Annual,Exports,Natural gas,Gigawatt-hour,Slovakia,2021,13113.326,,
ESTAT:NRG_BAL_C(1.0),06/03/26 23:00:00,Annual,Exports,Natural gas,Gigawatt-hour,Slovakia,2022,0.000,,
ESTAT:NRG_BAL_C(1.0),06/03/26 23:00:00,Annual,Exports,Natural gas,Gigawatt-hour,Slovakia,2023,0.000,,
ESTAT:NRG_BAL_C(1.0),06/03/26 23:00:00,Annual,Exports,Natural gas,Gigawatt-hour,Slovakia,2024,0.000,,
ESTAT:NRG_BAL_C(1.0),06/03/26 23:00:00,Annual,Exports,Oil and petroleum products (excluding biofuel portion),Gigawatt-hour,Austria,2005,25088.576,,
ESTAT:NRG_BAL_C(1.0),06/03/26 23:00:00,Annual,Exports,Oil and petroleum products (excluding biofuel portion),Gigawatt-hour,Austria,2006,19942.918,,
ESTAT:NRG_BAL_C(1.0),06/03/26 23:00:00,Annual,Exports,Oil and petroleum products (excluding biofuel portion),Gigawatt-hour,Austria,2007,24701.735,,
ESTAT:NRG_BAL_C(1.0),06/03/26 23:00:00,Annual,Exports,Oil and petroleum products (excluding biofuel portion),Gigawatt-hour,Austria,2008,28280.618,,
ESTAT:NRG_BAL_C(1.0),06/03/26 23:00:00,Annual,Exports,Oil and petroleum products (excluding biofuel portion),Gigawatt-hour,Austria,2009,25509.350,,
ESTAT:NRG_BAL_C(1.0),06/03/26 23:00:00,Annual,Exports,Oil and petroleum products (excluding biofuel portion),Gigawatt-hour,Austria,2010,25205.292,,
ESTAT:NRG_BAL_C(1.0),06/03/26 23:00:00,Annual,Exports,Oil and petroleum products (excluding biofuel portion),Gigawatt-hour,Austria,2011,25956.870,,
ESTAT:NRG_BAL_C(1.0),06/03/26 23:00:00,Annual,Exports,Oil and petroleum products (excluding biofuel portion),Gigawatt-hour,Austria,2012,28149.490,,
ESTAT:NRG_BAL_C(1.0),06/03/26 23:00:00,Annual,Exports,Oil and petroleum products (excluding biofuel portion),Gigawatt-hour,Austria,2013,29047.963,,
ESTAT:NRG_BAL_C(1.0),06/03/26 23:00:00,Annual,Exports,Oil and petroleum products (excluding biofuel portion),Gigawatt-hour,Austria,2014,30658.171,,
ESTAT:NRG_BAL_C(1.0),06/03/26 23:00:00,Annual,Exports,Oil and petroleum products (excluding biofuel portion),Gigawatt-hour,Austria,2015,31955.780,,
ESTAT:NRG_BAL_C(1.0),06/03/26 23:00:00,Annual,Exports,Oil and petroleum products (excluding biofuel portion),Gigawatt-hour,Austria,2016,31030.163,,
ESTAT:NRG_BAL_C(1.0),06/03/26 23:00:00,Annual,Exports,Oil and petroleum products (excluding biofuel portion),Gigawatt-hour,Austria,2017,30962.530,,
ESTAT:NRG_BAL_C(1.0),06/03/26 23:00:00,Annual,Exports,Oil and petroleum products (excluding biofuel portion),Gigawatt-hour,Austria,2018,35969.389,,
ESTAT:NRG_BAL_C(1.0),06/03/26 23:00:00,Annual,Exports,Oil and petroleum products (excluding biofuel portion),Gigawatt-hour,Austria,2019,32938.180,,
ESTAT:NRG_BAL_C(1.0),06/03/26 23:00:00,Annual,Exports,Oil and petroleum products (excluding biofuel portion),Gigawatt-hour,Austria,2020,32267.158,,
ESTAT:NRG_BAL_C(1.0),06/03/26 23:00:00,Annual,Exports,Oil and petroleum products (excluding biofuel portion),Gigawatt-hour,Austria,2021,33638.151,,
ESTAT:NRG_BAL_C(1.0),06/03/26 23:00:00,Annual,Exports,Oil and petroleum products (excluding biofuel portion),Gigawatt-hour,Austria,2022,19470.312,,
ESTAT:NRG_BAL_C(1.0),06/03/26 23:00:00,Annual,Exports,Oil and petroleum products (excluding biofuel portion),Gigawatt-hour,Austria,2023,27119.880,,
ESTAT:NRG_BAL_C(1.0),06/03/26 23:00:00,Annual,Exports,Oil and petroleum products (excluding biofuel portion),Gigawatt-hour,Austria,2024,27549.637,,
ESTAT:NRG_BAL_C(1.0),06/03/26 23:00:00,Annual,Exports,Oil and petroleum products (excluding biofuel portion),Gigawatt-hour,Belgium,2005,301313.099,,
ESTAT:NRG_BAL_C(1.0),06/03/26 23:00:00,Annual,Exports,Oil and petroleum products (excluding biofuel portion),Gigawatt-hour,Belgium,2006,283973.429,,
ESTAT:NRG_BAL_C(1.0),06/03/26 23:00:00,Annual,Exports,Oil and petroleum products (excluding biofuel portion),Gigawatt-hour,Belgium,2007,291692.923,,
ESTAT:NRG_BAL_C(1.0),06/03/26 23:00:00,Annual,Exports,Oil and petroleum products (excluding biofuel portion),Gigawatt-hour,Belgium,2008,284900.411,,
ESTAT:NRG_BAL_C(1.0),06/03/26 23:00:00,Annual,Exports,Oil and petroleum products (excluding biofuel portion),Gigawatt-hour,Belgium,2009,278317.295,,
ESTAT:NRG_BAL_C(1.0),06/03/26 23:00:00,Annual,Exports,Oil and petroleum products (excluding biofuel portion),Gigawatt-hour,Belgium,2010,281751.851,,
ESTAT:NRG_BAL_C(1.0),06/03/26 23:00:00,Annual,Exports,Oil and petroleum products (excluding biofuel portion),Gigawatt-hour,Belgium,2011,284413.528,,
ESTAT:NRG_BAL_C(1.0),06/03/26 23:00:00,Annual,Exports,Oil and petroleum products (excluding biofuel portion),Gigawatt-hour,Belgium,2012,314227.054,,
ESTAT:NRG_BAL_C(1.0),06/03/26 23:00:00,Annual,Exports,Oil and petroleum products (excluding biofuel portion),Gigawatt-hour,Belgium,2013,320266.968,,
ESTAT:NRG_BAL_C(1.0),06/03/26 23:00:00,Annual,Exports,Oil and petroleum products (excluding biofuel portion),Gigawatt-hour,Belgium,2014,346845.455,,
ESTAT:NRG_BAL_C(1.0),06/03/26 23:00:00,Annual,Exports,Oil and petroleum products (excluding biofuel portion),Gigawatt-hour,Belgium,2015,342940.402,,
ESTAT:NRG_BAL_C(1.0),06/03/26 23:00:00,Annual,Exports,Oil and petroleum products (excluding biofuel portion),Gigawatt-hour,Belgium,2016,344808.524,,
ESTAT:NRG_BAL_C(1.0),06/03/26 23:00:00,Annual,Exports,Oil and petroleum products (excluding biofuel portion),Gigawatt-hour,Belgium,2017,396207.287,,
ESTAT:NRG_BAL_C(1.0),06/03/26 23:00:00,Annual,Exports,Oil and petroleum products (excluding biofuel portion),Gigawatt-hour,Belgium,2018,381029.107,,
ESTAT:NRG_BAL_C(1.0),06/03/26 23:00:00,Annual,Exports,Oil and petroleum products (excluding biofuel portion),Gigawatt-hour,Belgium,2019,377816.162,,
ESTAT:NRG_BAL_C(1.0),06/03/26 23:00:00,Annual,Exports,Oil and petroleum products (excluding biofuel portion),Gigawatt-hour,Belgium,2020,314643.450,,
ESTAT:NRG_BAL_C(1.0),06/03/26 23:00:00,Annual,Exports,Oil and petroleum products (excluding biofuel portion),Gigawatt-hour,Belgium,2021,358356.685,,
ESTAT:NRG_BAL_C(1.0),06/03/26 23:00:00,Annual,Exports,Oil and petroleum products (excluding biofuel portion),Gigawatt-hour,Belgium,2022,326496.139,,
ESTAT:NRG_BAL_C(1.0),06/03/26 23:00:00,Annual,Exports,Oil and petroleum products (excluding biofuel portion),Gigawatt-hour,Belgium,2023,351437.138,,
ESTAT:NRG_BAL_C(1.0),06/03/26 23:00:00,Annual,Exports,Oil and petroleum products (excluding biofuel portion),Gigawatt-hour,Belgium,2024,354259.071,,
ESTAT:NRG_BAL_C(1.0),06/03/26 23:00:00,Annual,Exports,Oil and petroleum products (excluding biofuel portion),Gigawatt-hour,Bulgaria,2005,30417.014,,
ESTAT:NRG_BAL_C(1.0),06/03/26 23:00:00,Annual,Exports,Oil and petroleum products (excluding biofuel portion),Gigawatt-hour,Bulgaria,2006,43026.380,,
ESTAT:NRG_BAL_C(1.0),06/03/26 23:00:00,Annual,Exports,Oil and petroleum products (excluding biofuel portion),Gigawatt-hour,Bulgaria,2007,44627.386,,
ESTAT:NRG_BAL_C(1.0),06/03/26 23:00:00,Annual,Exports,Oil and petroleum products (excluding biofuel portion),Gigawatt-hour,Bulgaria,2008,44151.176,,
ESTAT:NRG_BAL_C(1.0),06/03/26 23:00:00,Annual,Exports,Oil and petroleum products (excluding biofuel portion),Gigawatt-hour,Bulgaria,2009,36837.333,,
ESTAT:NRG_BAL_C(1.0),06/03/26 23:00:00,Annual,Exports,Oil and petroleum products (excluding biofuel portion),Gigawatt-hour,Bulgaria,2010,41555.806,,
ESTAT:NRG_BAL_C(1.0),06/03/26 23:00:00,Annual,Exports,Oil and petroleum products (excluding biofuel portion),Gigawatt-hour,Bulgaria,2011,41538.833,,
ESTAT:NRG_BAL_C(1.0),06/03/26 23:00:00,Annual,Exports,Oil and petroleum products (excluding biofuel portion),Gigawatt-hour,Bulgaria,2012,48388.028,,
ESTAT:NRG_BAL_C(1.0),06/03/26 23:00:00,Annual,Exports,Oil and petroleum products (excluding biofuel portion),Gigawatt-hour,Bulgaria,2013,51903.944,,
ESTAT:NRG_BAL_C(1.0),06/03/26 23:00:00,Annual,Exports,Oil and petroleum products (excluding biofuel portion),Gigawatt-hour,Bulgaria,2014,47014.333,,
ESTAT:NRG_BAL_C(1.0),06/03/26 23:00:00,Annual,Exports,Oil and petroleum products (excluding biofuel portion),Gigawatt-hour,Bulgaria,2015,52116.361,,
ESTAT:NRG_BAL_C(1.0),06/03/26 23:00:00,Annual,Exports,Oil and petroleum products (excluding biofuel portion),Gigawatt-hour,Bulgaria,2016,53774.278,,
ESTAT:NRG_BAL_C(1.0),06/03/26 23:00:00,Annual,Exports,Oil and petroleum products (excluding biofuel portion),Gigawatt-hour,Bulgaria,2017,56755.629,,
ESTAT:NRG_BAL_C(1.0),06/03/26 23:00:00,Annual,Exports,Oil and petroleum products (excluding biofuel portion),Gigawatt-hour,Bulgaria,2018,41738.142,,
ESTAT:NRG_BAL_C(1.0),06/03/26 23:00:00,Annual,Exports,Oil and petroleum products (excluding biofuel portion),Gigawatt-hour,Bulgaria,2019,50737.394,,
ESTAT:NRG_BAL_C(1.0),06/03/26 23:00:00,Annual,Exports,Oil and petroleum products (excluding biofuel portion),Gigawatt-hour,Bulgaria,2020,33921.637,,
ESTAT:NRG_BAL_C(1.0),06/03/26 23:00:00,Annual,Exports,Oil and petroleum products (excluding biofuel portion),Gigawatt-hour,Bulgaria,2021,23375.296,,
ESTAT:NRG_BAL_C(1.0),06/03/26 23:00:00,Annual,Exports,Oil and petroleum products (excluding biofuel portion),Gigawatt-hour,Bulgaria,2022,48311.884,,
ESTAT:NRG_BAL_C(1.0),06/03/26 23:00:00,Annual,Exports,Oil and petroleum products (excluding biofuel portion),Gigawatt-hour,Bulgaria,2023,38988.430,,
ESTAT:NRG_BAL_C(1.0),06/03/26 23:00:00,Annual,Exports,Oil and petroleum products (excluding biofuel portion),Gigawatt-hour,Bulgaria,2024,43782.827,,
ESTAT:NRG_BAL_C(1.0),06/03/26 23:00:00,Annual,Exports,Oil and petroleum products (excluding biofuel portion),Gigawatt-hour,Cyprus,2005,0.000,,
ESTAT:NRG_BAL_C(1.0),06/03/26 23:00:00,Annual,Exports,Oil and petroleum products (excluding biofuel portion),Gigawatt-hour,Cyprus,2006,0.000,,
ESTAT:NRG_BAL_C(1.0),06/03/26 23:00:00,Annual,Exports,Oil and petroleum products (excluding biofuel portion),Gigawatt-hour,Cyprus,2007,0.000,,
ESTAT:NRG_BAL_C(1.0),06/03/26 23:00:00,Annual,Exports,Oil and petroleum products (excluding biofuel portion),Gigawatt-hour,Cyprus,2008,0.000,,
ESTAT:NRG_BAL_C(1.0),06/03/26 23:00:00,Annual,Exports,Oil and petroleum products (excluding biofuel portion),Gigawatt-hour,Cyprus,2009,0.000,,
ESTAT:NRG_BAL_C(1.0),06/03/26 23:00:00,Annual,Exports,Oil and petroleum products (excluding biofuel portion),Gigawatt-hour,Cyprus,2010,0.000,,
ESTAT:NRG_BAL_C(1.0),06/03/26 23:00:00,Annual,Exports,Oil and petroleum products (excluding biofuel portion),Gigawatt-hour,Cyprus,2011,0.000,,
ESTAT:NRG_BAL_C(1.0),06/03/26 23:00:00,Annual,Exports,Oil and petroleum products (excluding biofuel portion),Gigawatt-hour,Cyprus,2012,0.000,,
ESTAT:NRG_BAL_C(1.0),06/03/26 23:00:00,Annual,Exports,Oil and petroleum products (excluding biofuel portion),Gigawatt-hour,Cyprus,2013,0.000,,
ESTAT:NRG_BAL_C(1.0),06/03/26 23:00:00,Annual,Exports,Oil and petroleum products (excluding biofuel portion),Gigawatt-hour,Cyprus,2014,0.000,,
ESTAT:NRG_BAL_C(1.0),06/03/26 23:00:00,Annual,Exports,Oil and petroleum products (excluding biofuel portion),Gigawatt-hour,Cyprus,2015,281.750,,
ESTAT:NRG_BAL_C(1.0),06/03/26 23:00:00,Annual,Exports,Oil and petroleum products (excluding biofuel portion),Gigawatt-hour,Cyprus,2016,196.000,,
ESTAT:NRG_BAL_C(1.0),06/03/26 23:00:00,Annual,Exports,Oil and petroleum products (excluding biofuel portion),Gigawatt-hour,Cyprus,2017,0.000,,
ESTAT:NRG_BAL_C(1.0),06/03/26 23:00:00,Annual,Exports,Oil and petroleum products (excluding biofuel portion),Gigawatt-hour,Cyprus,2018,0.000,,
ESTAT:NRG_BAL_C(1.0),06/03/26 23:00:00,Annual,Exports,Oil and petroleum products (excluding biofuel portion),Gigawatt-hour,Cyprus,2019,0.000,,
ESTAT:NRG_BAL_C(1.0),06/03/26 23:00:00,Annual,Exports,Oil and petroleum products (excluding biofuel portion),Gigawatt-hour,Cyprus,2020,0.000,,
ESTAT:NRG_BAL_C(1.0),06/03/26 23:00:00,Annual,Exports,Oil and petroleum products (excluding biofuel portion),Gigawatt-hour,Cyprus,2021,392.690,,
ESTAT:NRG_BAL_C(1.0),06/03/26 23:00:00,Annual,Exports,Oil and petroleum products (excluding biofuel portion),Gigawatt-hour,Cyprus,2022,209.193,,
ESTAT:NRG_BAL_C(1.0),06/03/26 23:00:00,Annual,Exports,Oil and petroleum products (excluding biofuel portion),Gigawatt-hour,Cyprus,2023,0.000,,
ESTAT:NRG_BAL_C(1.0),06/03/26 23:00:00,Annual,Exports,Oil and petroleum products (excluding biofuel portion),Gigawatt-hour,Cyprus,2024,416.202,,
ESTAT:NRG_BAL_C(1.0),06/03/26 23:00:00,Annual,Exports,Oil and petroleum products (excluding biofuel portion),Gigawatt-hour,Czechia,2005,14590.533,,
ESTAT:NRG_BAL_C(1.0),06/03/26 23:00:00,Annual,Exports,Oil and petroleum products (excluding biofuel portion),Gigawatt-hour,Czechia,2006,13879.525,,
ESTAT:NRG_BAL_C(1.0),06/03/26 23:00:00,Annual,Exports,Oil and petroleum products (excluding biofuel portion),Gigawatt-hour,Czechia,2007,12033.208,,
ESTAT:NRG_BAL_C(1.0),06/03/26 23:00:00,Annual,Exports,Oil and petroleum products (excluding biofuel portion),Gigawatt-hour,Czechia,2008,15744.635,,
ESTAT:NRG_BAL_C(1.0),06/03/26 23:00:00,Annual,Exports,Oil and petroleum products (excluding biofuel portion),Gigawatt-hour,Czechia,2009,13384.661,,
ESTAT:NRG_BAL_C(1.0),06/03/26 23:00:00,Annual,Exports,Oil and petroleum products (excluding biofuel portion),Gigawatt-hour,Czechia,2010,19003.854,,
ESTAT:NRG_BAL_C(1.0),06/03/26 23:00:00,Annual,Exports,Oil and petroleum products (excluding biofuel portion),Gigawatt-hour,Czechia,2011,18475.619,,
ESTAT:NRG_BAL_C(1.0),06/03/26 23:00:00,Annual,Exports,Oil and petroleum products (excluding biofuel portion),Gigawatt-hour,Czechia,2012,19620.411,,
ESTAT:NRG_BAL_C(1.0),06/03/26 23:00:00,Annual,Exports,Oil and petroleum products (excluding biofuel portion),Gigawatt-hour,Czechia,2013,20476.723,,
ESTAT:NRG_BAL_C(1.0),06/03/26 23:00:00,Annual,Exports,Oil and petroleum products (excluding biofuel portion),Gigawatt-hour,Czechia,2014,23321.740,,
ESTAT:NRG_BAL_C(1.0),06/03/26 23:00:00,Annual,Exports,Oil and petroleum products (excluding biofuel portion),Gigawatt-hour,Czechia,2015,28547.538,,
ESTAT:NRG_BAL_C(1.0),06/03/26 23:00:00,Annual,Exports,Oil and petroleum products (excluding biofuel portion),Gigawatt-hour,Czechia,2016,25802.828,,
ESTAT:NRG_BAL_C(1.0),06/03/26 23:00:00,Annual,Exports,Oil and petroleum products (excluding biofuel portion),Gigawatt-hour,Czechia,2017,27972.468,,
ESTAT:NRG_BAL_C(1.0),06/03/26 23:00:00,Annual,Exports,Oil and petroleum products (excluding biofuel portion),Gigawatt-hour,Czechia,2018,25987.061,,
ESTAT:NRG_BAL_C(1.0),06/03/26 23:00:00,Annual,Exports,Oil and petroleum products (excluding biofuel portion),Gigawatt-hour,Czechia,2019,26030.116,,
ESTAT:NRG_BAL_C(1.0),06/03/26 23:00:00,Annual,Exports,Oil and petroleum products (excluding biofuel portion),Gigawatt-hour,Czechia,2020,20940.421,,
ESTAT:NRG_BAL_C(1.0),06/03/26 23:00:00,Annual,Exports,Oil and petroleum products (excluding biofuel portion),Gigawatt-hour,Czechia,2021,25550.586,,
ESTAT:NRG_BAL_C(1.0),06/03/26 23:00:00,Annual,Exports,Oil and petroleum products (excluding biofuel portion),Gigawatt-hour,Czechia,2022,21470.276,,
ESTAT:NRG_BAL_C(1.0),06/03/26 23:00:00,Annual,Exports,Oil and petroleum products (excluding biofuel portion),Gigawatt-hour,Czechia,2023,24130.456,,
ESTAT:NRG_BAL_C(1.0),06/03/26 23:00:00,Annual,Exports,Oil and petroleum products (excluding biofuel portion),Gigawatt-hour,Czechia,2024,19207.025,,
ESTAT:NRG_BAL_C(1.0),06/03/26 23:00:00,Annual,Exports,Oil and petroleum products (excluding biofuel portion),Gigawatt-hour,Germany,2005,316494.374,,
ESTAT:NRG_BAL_C(1.0),06/03/26 23:00:00,Annual,Exports,Oil and petroleum products (excluding biofuel portion),Gigawatt-hour,Germany,2006,326213.211,,
ESTAT:NRG_BAL_C(1.0),06/03/26 23:00:00,Annual,Exports,Oil and petroleum products (excluding biofuel portion),Gigawatt-hour,Germany,2007,337475.997,,
ESTAT:NRG_BAL_C(1.0),06/03/26 23:00:00,Annual,Exports,Oil and petroleum products (excluding biofuel portion),Gigawatt-hour,Germany,2008,299306.827,,
ESTAT:NRG_BAL_C(1.0),06/03/26 23:00:00,Annual,Exports,Oil and petroleum products (excluding biofuel portion),Gigawatt-hour,Germany,2009,261356.773,,
ESTAT:NRG_BAL_C(1.0),06/03/26 23:00:00,Annual,Exports,Oil and petroleum products (excluding biofuel portion),Gigawatt-hour,Germany,2010,216241.453,,
ESTAT:NRG_BAL_C(1.0),06/03/26 23:00:00,Annual,Exports,Oil and petroleum products (excluding biofuel portion),Gigawatt-hour,Germany,2011,213336.366,,
ESTAT:NRG_BAL_C(1.0),06/03/26 23:00:00,Annual,Exports,Oil and petroleum products (excluding biofuel portion),Gigawatt-hour,Germany,2012,218810.910,,
ESTAT:NRG_BAL_C(1.0),06/03/26 23:00:00,Annual,Exports,Oil and petroleum products (excluding biofuel portion),Gigawatt-hour,Germany,2013,233728.048,,
ESTAT:NRG_BAL_C(1.0),06/03/26 23:00:00,Annual,Exports,Oil and petroleum products (excluding biofuel portion),Gigawatt-hour,Germany,2014,247418.122,,
ESTAT:NRG_BAL_C(1.0),06/03/26 23:00:00,Annual,Exports,Oil and petroleum products (excluding biofuel portion),Gigawatt-hour,Germany,2015,260132.305,,
ESTAT:NRG_BAL_C(1.0),06/03/26 23:00:00,Annual,Exports,Oil and petroleum products (excluding biofuel portion),Gigawatt-hour,Germany,2016,264329.703,,
ESTAT:NRG_BAL_C(1.0),06/03/26 23:00:00,Annual,Exports,Oil and petroleum products (excluding biofuel portion),Gigawatt-hour,Germany,2017,270515.086,,
ESTAT:NRG_BAL_C(1.0),06/03/26 23:00:00,Annual,Exports,Oil and petroleum products (excluding biofuel portion),Gigawatt-hour,Germany,2018,259902.659,,
ESTAT:NRG_BAL_C(1.0),06/03/26 23:00:00,Annual,Exports,Oil and petroleum products (excluding biofuel portion),Gigawatt-hour,Germany,2019,253375.093,,
ESTAT:NRG_BAL_C(1.0),06/03/26 23:00:00,Annual,Exports,Oil and petroleum products (excluding biofuel portion),Gigawatt-hour,Germany,2020,256374.647,,
ESTAT:NRG_BAL_C(1.0),06/03/26 23:00:00,Annual,Exports,Oil and petroleum products (excluding biofuel portion),Gigawatt-hour,Germany,2021,293933.798,,
ESTAT:NRG_BAL_C(1.0),06/03/26 23:00:00,Annual,Exports,Oil and petroleum products (excluding biofuel portion),Gigawatt-hour,Germany,2022,317835.815,,
ESTAT:NRG_BAL_C(1.0),06/03/26 23:00:00,Annual,Exports,Oil and petroleum products (excluding biofuel portion),Gigawatt-hour,Germany,2023,283341.404,,
ESTAT:NRG_BAL_C(1.0),06/03/26 23:00:00,Annual,Exports,Oil and petroleum products (excluding biofuel portion),Gigawatt-hour,Germany,2024,325334.446,,
ESTAT:NRG_BAL_C(1.0),06/03/26 23:00:00,Annual,Exports,Oil and petroleum products (excluding biofuel portion),Gigawatt-hour,Denmark,2005,211914.611,,
ESTAT:NRG_BAL_C(1.0),06/03/26 23:00:00,Annual,Exports,Oil and petroleum products (excluding biofuel portion),Gigawatt-hour,Denmark,2006,192316.083,,
ESTAT:NRG_BAL_C(1.0),06/03/26 23:00:00,Annual,Exports,Oil and petroleum products (excluding biofuel portion),Gigawatt-hour,Denmark,2007,167300.153,,
ESTAT:NRG_BAL_C(1.0),06/03/26 23:00:00,Annual,Exports,Oil and petroleum products (excluding biofuel portion),Gigawatt-hour,Denmark,2008,164751.500,,
ESTAT:NRG_BAL_C(1.0),06/03/26 23:00:00,Annual,Exports,Oil and petroleum products (excluding biofuel portion),Gigawatt-hour,Denmark,2009,160254.583,,
ESTAT:NRG_BAL_C(1.0),06/03/26 23:00:00,Annual,Exports,Oil and petroleum products (excluding biofuel portion),Gigawatt-hour,Denmark,2010,154453.028,,
ESTAT:NRG_BAL_C(1.0),06/03/26 23:00:00,Annual,Exports,Oil and petroleum products (excluding biofuel portion),Gigawatt-hour,Denmark,2011,155530.667,,
ESTAT:NRG_BAL_C(1.0),06/03/26 23:00:00,Annual,Exports,Oil and petroleum products (excluding biofuel portion),Gigawatt-hour,Denmark,2012,148238.944,,
ESTAT:NRG_BAL_C(1.0),06/03/26 23:00:00,Annual,Exports,Oil and petroleum products (excluding biofuel portion),Gigawatt-hour,Denmark,2013,157288.972,,
ESTAT:NRG_BAL_C(1.0),06/03/26 23:00:00,Annual,Exports,Oil and petroleum products (excluding biofuel portion),Gigawatt-hour,Denmark,2014,147017.083,,
ESTAT:NRG_BAL_C(1.0),06/03/26 23:00:00,Annual,Exports,Oil and petroleum products (excluding biofuel portion),Gigawatt-hour,Denmark,2015,157830.999,,
ESTAT:NRG_BAL_C(1.0),06/03/26 23:00:00,Annual,Exports,Oil and petroleum products (excluding biofuel portion),Gigawatt-hour,Denmark,2016,150640.612,,
ESTAT:NRG_BAL_C(1.0),06/03/26 23:00:00,Annual,Exports,Oil and petroleum products (excluding biofuel portion),Gigawatt-hour,Denmark,2017,128062.128,,
ESTAT:NRG_BAL_C(1.0),06/03/26 23:00:00,Annual,Exports,Oil and petroleum products (excluding biofuel portion),Gigawatt-hour,Denmark,2018,110840.871,,
ESTAT:NRG_BAL_C(1.0),06/03/26 23:00:00,Annual,Exports,Oil and petroleum products (excluding biofuel portion),Gigawatt-hour,Denmark,2019,103708.421,,
ESTAT:NRG_BAL_C(1.0),06/03/26 23:00:00,Annual,Exports,Oil and petroleum products (excluding biofuel portion),Gigawatt-hour,Denmark,2020,94922.506,,
ESTAT:NRG_BAL_C(1.0),06/03/26 23:00:00,Annual,Exports,Oil and petroleum products (excluding biofuel portion),Gigawatt-hour,Denmark,2021,93473.404,,
ESTAT:NRG_BAL_C(1.0),06/03/26 23:00:00,Annual,Exports,Oil and petroleum products (excluding biofuel portion),Gigawatt-hour,Denmark,2022,76592.257,,
ESTAT:NRG_BAL_C(1.0),06/03/26 23:00:00,Annual,Exports,Oil and petroleum products (excluding biofuel portion),Gigawatt-hour,Denmark,2023,75453.031,,
ESTAT:NRG_BAL_C(1.0),06/03/26 23:00:00,Annual,Exports,Oil and petroleum products (excluding biofuel portion),Gigawatt-hour,Denmark,2024,68381.888,,
ESTAT:NRG_BAL_C(1.0),06/03/26 23:00:00,Annual,Exports,Oil and petroleum products (excluding biofuel portion),Gigawatt-hour,Estonia,2005,2586.698,,
ESTAT:NRG_BAL_C(1.0),06/03/26 23:00:00,Annual,Exports,Oil and petroleum products (excluding biofuel portion),Gigawatt-hour,Estonia,2006,2945.102,,
ESTAT:NRG_BAL_C(1.0),06/03/26 23:00:00,Annual,Exports,Oil and petroleum products (excluding biofuel portion),Gigawatt-hour,Estonia,2007,4054.398,,
ESTAT:NRG_BAL_C(1.0),06/03/26 23:00:00,Annual,Exports,Oil and petroleum products (excluding biofuel portion),Gigawatt-hour,Estonia,2008,3293.464,,
ESTAT:NRG_BAL_C(1.0),06/03/26 23:00:00,Annual,Exports,Oil and petroleum products (excluding biofuel portion),Gigawatt-hour,Estonia,2009,4304.808,,
ESTAT:NRG_BAL_C(1.0),06/03/26 23:00:00,Annual,Exports,Oil and petroleum products (excluding biofuel portion),Gigawatt-hour,Estonia,2010,4253.955,,
ESTAT:NRG_BAL_C(1.0),06/03/26 23:00:00,Annual,Exports,Oil and petroleum products (excluding biofuel portion),Gigawatt-hour,Estonia,2011,4692.415,,
ESTAT:NRG_BAL_C(1.0),06/03/26 23:00:00,Annual,Exports,Oil and petroleum products (excluding biofuel portion),Gigawatt-hour,Estonia,2012,14905.556,,
ESTAT:NRG_BAL_C(1.0),06/03/26 23:00:00,Annual,Exports,Oil and petroleum products (excluding biofuel portion),Gigawatt-hour,Estonia,2013,8281.979,,
ESTAT:NRG_BAL_C(1.0),06/03/26 23:00:00,Annual,Exports,Oil and petroleum products (excluding biofuel portion),Gigawatt-hour,Estonia,2014,12778.704,,
ESTAT:NRG_BAL_C(1.0),06/03/26 23:00:00,Annual,Exports,Oil and petroleum products (excluding biofuel portion),Gigawatt-hour,Estonia,2015,12259.938,,
ESTAT:NRG_BAL_C(1.0),06/03/26 23:00:00,Annual,Exports,Oil and petroleum products (excluding biofuel portion),Gigawatt-hour,Estonia,2016,12572.927,,
ESTAT:NRG_BAL_C(1.0),06/03/26 23:00:00,Annual,Exports,Oil and petroleum products (excluding biofuel portion),Gigawatt-hour,Estonia,2017,14908.996,,
ESTAT:NRG_BAL_C(1.0),06/03/26 23:00:00,Annual,Exports,Oil and petroleum products (excluding biofuel portion),Gigawatt-hour,Estonia,2018,19528.777,,
ESTAT:NRG_BAL_C(1.0),06/03/26 23:00:00,Annual,Exports,Oil and petroleum products (excluding biofuel portion),Gigawatt-hour,Estonia,2019,18088.991,,
ESTAT:NRG_BAL_C(1.0),06/03/26 23:00:00,Annual,Exports,Oil and petroleum products (excluding biofuel portion),Gigawatt-hour,Estonia,2020,21686.908,,
ESTAT:NRG_BAL_C(1.0),06/03/26 23:00:00,Annual,Exports,Oil and petroleum products (excluding biofuel portion),Gigawatt-hour,Estonia,2021,22132.842,,
ESTAT:NRG_BAL_C(1.0),06/03/26 23:00:00,Annual,Exports,Oil and petroleum products (excluding biofuel portion),Gigawatt-hour,Estonia,2022,14094.588,,
ESTAT:NRG_BAL_C(1.0),06/03/26 23:00:00,Annual,Exports,Oil and petroleum products (excluding biofuel portion),Gigawatt-hour,Estonia,2023,14865.458,,
ESTAT:NRG_BAL_C(1.0),06/03/26 23:00:00,Annual,Exports,Oil and petroleum products (excluding biofuel portion),Gigawatt-hour,Estonia,2024,15205.297,,
ESTAT:NRG_BAL_C(1.0),06/03/26 23:00:00,Annual,Exports,Oil and petroleum products (excluding biofuel portion),Gigawatt-hour,Greece,2005,69459.550,,
ESTAT:NRG_BAL_C(1.0),06/03/26 23:00:00,Annual,Exports,Oil and petroleum products (excluding biofuel portion),Gigawatt-hour,Greece,2006,82969.206,,
ESTAT:NRG_BAL_C(1.0),06/03/26 23:00:00,Annual,Exports,Oil and petroleum products (excluding biofuel portion),Gigawatt-hour,Greece,2007,87773.544,,
ESTAT:NRG_BAL_C(1.0),06/03/26 23:00:00,Annual,Exports,Oil and petroleum products (excluding biofuel portion),Gigawatt-hour,Greece,2008,87453.494,,
ESTAT:NRG_BAL_C(1.0),06/03/26 23:00:00,Annual,Exports,Oil and petroleum products (excluding biofuel portion),Gigawatt-hour,Greece,2009,102822.800,,
ESTAT:NRG_BAL_C(1.0),06/03/26 23:00:00,Annual,Exports,Oil and petroleum products (excluding biofuel portion),Gigawatt-hour,Greece,2010,111554.061,,
ESTAT:NRG_BAL_C(1.0),06/03/26 23:00:00,Annual,Exports,Oil and petroleum products (excluding biofuel portion),Gigawatt-hour,Greece,2011,112304.447,,
ESTAT:NRG_BAL_C(1.0),06/03/26 23:00:00,Annual,Exports,Oil and petroleum products (excluding biofuel portion),Gigawatt-hour,Greece,2012,145531.018,,
ESTAT:NRG_BAL_C(1.0),06/03/26 23:00:00,Annual,Exports,Oil and petroleum products (excluding biofuel portion),Gigawatt-hour,Greece,2013,165837.469,,
ESTAT:NRG_BAL_C(1.0),06/03/26 23:00:00,Annual,Exports,Oil and petroleum products (excluding biofuel portion),Gigawatt-hour,Greece,2014,181994.216,,
ESTAT:NRG_BAL_C(1.0),06/03/26 23:00:00,Annual,Exports,Oil and petroleum products (excluding biofuel portion),Gigawatt-hour,Greece,2015,190013.608,,
ESTAT:NRG_BAL_C(1.0),06/03/26 23:00:00,Annual,Exports,Oil and petroleum products (excluding biofuel portion),Gigawatt-hour,Greece,2016,213500.466,,
ESTAT:NRG_BAL_C(1.0),06/03/26 23:00:00,Annual,Exports,Oil and petroleum products (excluding biofuel portion),Gigawatt-hour,Greece,2017,223676.984,,
ESTAT:NRG_BAL_C(1.0),06/03/26 23:00:00,Annual,Exports,Oil and petroleum products (excluding biofuel portion),Gigawatt-hour,Greece,2018,236610.066,,
ESTAT:NRG_BAL_C(1.0),06/03/26 23:00:00,Annual,Exports,Oil and petroleum products (excluding biofuel portion),Gigawatt-hour,Greece,2019,215625.155,,
ESTAT:NRG_BAL_C(1.0),06/03/26 23:00:00,Annual,Exports,Oil and petroleum products (excluding biofuel portion),Gigawatt-hour,Greece,2020,221479.198,,
ESTAT:NRG_BAL_C(1.0),06/03/26 23:00:00,Annual,Exports,Oil and petroleum products (excluding biofuel portion),Gigawatt-hour,Greece,2021,245930.224,,
ESTAT:NRG_BAL_C(1.0),06/03/26 23:00:00,Annual,Exports,Oil and petroleum products (excluding biofuel portion),Gigawatt-hour,Greece,2022,207312.563,,
ESTAT:NRG_BAL_C(1.0),06/03/26 23:00:00,Annual,Exports,Oil and petroleum products (excluding biofuel portion),Gigawatt-hour,Greece,2023,210237.962,,
ESTAT:NRG_BAL_C(1.0),06/03/26 23:00:00,Annual,Exports,Oil and petroleum products (excluding biofuel portion),Gigawatt-hour,Greece,2024,201200.637,,
ESTAT:NRG_BAL_C(1.0),06/03/26 23:00:00,Annual,Exports,Oil and petroleum products (excluding biofuel portion),Gigawatt-hour,Spain,2005,98157.417,,
ESTAT:NRG_BAL_C(1.0),06/03/26 23:00:00,Annual,Exports,Oil and petroleum products (excluding biofuel portion),Gigawatt-hour,Spain,2006,116148.333,,
ESTAT:NRG_BAL_C(1.0),06/03/26 23:00:00,Annual,Exports,Oil and petroleum products (excluding biofuel portion),Gigawatt-hour,Spain,2007,125164.889,,
ESTAT:NRG_BAL_C(1.0),06/03/26 23:00:00,Annual,Exports,Oil and petroleum products (excluding biofuel portion),Gigawatt-hour,Spain,2008,120222.194,,
ESTAT:NRG_BAL_C(1.0),06/03/26 23:00:00,Annual,Exports,Oil and petroleum products (excluding biofuel portion),Gigawatt-hour,Spain,2009,129886.972,,
ESTAT:NRG_BAL_C(1.0),06/03/26 23:00:00,Annual,Exports,Oil and petroleum products (excluding biofuel portion),Gigawatt-hour,Spain,2010,135120.222,,
ESTAT:NRG_BAL_C(1.0),06/03/26 23:00:00,Annual,Exports,Oil and petroleum products (excluding biofuel portion),Gigawatt-hour,Spain,2011,152352.056,,
ESTAT:NRG_BAL_C(1.0),06/03/26 23:00:00,Annual,Exports,Oil and petroleum products (excluding biofuel portion),Gigawatt-hour,Spain,2012,227392.306,,
ESTAT:NRG_BAL_C(1.0),06/03/26 23:00:00,Annual,Exports,Oil and petroleum products (excluding biofuel portion),Gigawatt-hour,Spain,2013,256232.917,,
ESTAT:NRG_BAL_C(1.0),06/03/26 23:00:00,Annual,Exports,Oil and petroleum products (excluding biofuel portion),Gigawatt-hour,Spain,2014,248181.361,,
ESTAT:NRG_BAL_C(1.0),06/03/26 23:00:00,Annual,Exports,Oil and petroleum products (excluding biofuel portion),Gigawatt-hour,Spain,2015,267051.111,,
ESTAT:NRG_BAL_C(1.0),06/03/26 23:00:00,Annual,Exports,Oil and petroleum products (excluding biofuel portion),Gigawatt-hour,Spain,2016,288186.167,,
ESTAT:NRG_BAL_C(1.0),06/03/26 23:00:00,Annual,Exports,Oil and petroleum products (excluding biofuel portion),Gigawatt-hour,Spain,2017,318207.806,,
ESTAT:NRG_BAL_C(1.0),06/03/26 23:00:00,Annual,Exports,Oil and petroleum products (excluding biofuel portion),Gigawatt-hour,Spain,2018,294744.139,,
ESTAT:NRG_BAL_C(1.0),06/03/26 23:00:00,Annual,Exports,Oil and petroleum products (excluding biofuel portion),Gigawatt-hour,Spain,2019,282623.472,,
ESTAT:NRG_BAL_C(1.0),06/03/26 23:00:00,Annual,Exports,Oil and petroleum products (excluding biofuel portion),Gigawatt-hour,Spain,2020,272581.132,,
ESTAT:NRG_BAL_C(1.0),06/03/26 23:00:00,Annual,Exports,Oil and petroleum products (excluding biofuel portion),Gigawatt-hour,Spain,2021,266167.238,,
ESTAT:NRG_BAL_C(1.0),06/03/26 23:00:00,Annual,Exports,Oil and petroleum products (excluding biofuel portion),Gigawatt-hour,Spain,2022,242305.623,,
ESTAT:NRG_BAL_C(1.0),06/03/26 23:00:00,Annual,Exports,Oil and petroleum products (excluding biofuel portion),Gigawatt-hour,Spain,2023,262135.718,,
ESTAT:NRG_BAL_C(1.0),06/03/26 23:00:00,Annual,Exports,Oil and petroleum products (excluding biofuel portion),Gigawatt-hour,Spain,2024,266112.290,,
ESTAT:NRG_BAL_C(1.0),06/03/26 23:00:00,Annual,Exports,Oil and petroleum products (excluding biofuel portion),Gigawatt-hour,Finland,2005,59223.757,,
ESTAT:NRG_BAL_C(1.0),06/03/26 23:00:00,Annual,Exports,Oil and petroleum products (excluding biofuel portion),Gigawatt-hour,Finland,2006,65327.226,,
ESTAT:NRG_BAL_C(1.0),06/03/26 23:00:00,Annual,Exports,Oil and petroleum products (excluding biofuel portion),Gigawatt-hour,Finland,2007,73978.891,,
ESTAT:NRG_BAL_C(1.0),06/03/26 23:00:00,Annual,Exports,Oil and petroleum products (excluding biofuel portion),Gigawatt-hour,Finland,2008,78287.883,,
ESTAT:NRG_BAL_C(1.0),06/03/26 23:00:00,Annual,Exports,Oil and petroleum products (excluding biofuel portion),Gigawatt-hour,Finland,2009,78179.146,,
ESTAT:NRG_BAL_C(1.0),06/03/26 23:00:00,Annual,Exports,Oil and petroleum products (excluding biofuel portion),Gigawatt-hour,Finland,2010,79564.567,,
ESTAT:NRG_BAL_C(1.0),06/03/26 23:00:00,Annual,Exports,Oil and petroleum products (excluding biofuel portion),Gigawatt-hour,Finland,2011,84890.207,,
ESTAT:NRG_BAL_C(1.0),06/03/26 23:00:00,Annual,Exports,Oil and petroleum products (excluding biofuel portion),Gigawatt-hour,Finland,2012,89799.131,,
ESTAT:NRG_BAL_C(1.0),06/03/26 23:00:00,Annual,Exports,Oil and petroleum products (excluding biofuel portion),Gigawatt-hour,Finland,2013,107440.415,,
ESTAT:NRG_BAL_C(1.0),06/03/26 23:00:00,Annual,Exports,Oil and petroleum products (excluding biofuel portion),Gigawatt-hour,Finland,2014,101035.436,,
ESTAT:NRG_BAL_C(1.0),06/03/26 23:00:00,Annual,Exports,Oil and petroleum products (excluding biofuel portion),Gigawatt-hour,Finland,2015,81120.577,,
ESTAT:NRG_BAL_C(1.0),06/03/26 23:00:00,Annual,Exports,Oil and petroleum products (excluding biofuel portion),Gigawatt-hour,Finland,2016,107164.458,,
ESTAT:NRG_BAL_C(1.0),06/03/26 23:00:00,Annual,Exports,Oil and petroleum products (excluding biofuel portion),Gigawatt-hour,Finland,2017,106346.216,,
ESTAT:NRG_BAL_C(1.0),06/03/26 23:00:00,Annual,Exports,Oil and petroleum products (excluding biofuel portion),Gigawatt-hour,Finland,2018,104124.577,,
ESTAT:NRG_BAL_C(1.0),06/03/26 23:00:00,Annual,Exports,Oil and petroleum products (excluding biofuel portion),Gigawatt-hour,Finland,2019,112358.900,,
ESTAT:NRG_BAL_C(1.0),06/03/26 23:00:00,Annual,Exports,Oil and petroleum products (excluding biofuel portion),Gigawatt-hour,Finland,2020,103288.398,,
ESTAT:NRG_BAL_C(1.0),06/03/26 23:00:00,Annual,Exports,Oil and petroleum products (excluding biofuel portion),Gigawatt-hour,Finland,2021,76429.486,,
ESTAT:NRG_BAL_C(1.0),06/03/26 23:00:00,Annual,Exports,Oil and petroleum products (excluding biofuel portion),Gigawatt-hour,Finland,2022,92492.885,,
ESTAT:NRG_BAL_C(1.0),06/03/26 23:00:00,Annual,Exports,Oil and petroleum products (excluding biofuel portion),Gigawatt-hour,Finland,2023,93677.143,,
ESTAT:NRG_BAL_C(1.0),06/03/26 23:00:00,Annual,Exports,Oil and petroleum products (excluding biofuel portion),Gigawatt-hour,Finland,2024,81004.220,,
ESTAT:NRG_BAL_C(1.0),06/03/26 23:00:00,Annual,Exports,Oil and petroleum products (excluding biofuel portion),Gigawatt-hour,France,2005,320834.852,,
ESTAT:NRG_BAL_C(1.0),06/03/26 23:00:00,Annual,Exports,Oil and petroleum products (excluding biofuel portion),Gigawatt-hour,France,2006,324859.621,,
ESTAT:NRG_BAL_C(1.0),06/03/26 23:00:00,Annual,Exports,Oil and petroleum products (excluding biofuel portion),Gigawatt-hour,France,2007,306017.544,,
ESTAT:NRG_BAL_C(1.0),06/03/26 23:00:00,Annual,Exports,Oil and petroleum products (excluding biofuel portion),Gigawatt-hour,France,2008,361629.872,,
ESTAT:NRG_BAL_C(1.0),06/03/26 23:00:00,Annual,Exports,Oil and petroleum products (excluding biofuel portion),Gigawatt-hour,France,2009,297954.689,,
ESTAT:NRG_BAL_C(1.0),06/03/26 23:00:00,Annual,Exports,Oil and petroleum products (excluding biofuel portion),Gigawatt-hour,France,2010,269163.448,,
ESTAT:NRG_BAL_C(1.0),06/03/26 23:00:00,Annual,Exports,Oil and petroleum products (excluding biofuel portion),Gigawatt-hour,France,2011,250932.115,,
ESTAT:NRG_BAL_C(1.0),06/03/26 23:00:00,Annual,Exports,Oil and petroleum products (excluding biofuel portion),Gigawatt-hour,France,2012,232725.970,,
ESTAT:NRG_BAL_C(1.0),06/03/26 23:00:00,Annual,Exports,Oil and petroleum products (excluding biofuel portion),Gigawatt-hour,France,2013,223599.469,,
ESTAT:NRG_BAL_C(1.0),06/03/26 23:00:00,Annual,Exports,Oil and petroleum products (excluding biofuel portion),Gigawatt-hour,France,2014,225099.670,,
ESTAT:NRG_BAL_C(1.0),06/03/26 23:00:00,Annual,Exports,Oil and petroleum products (excluding biofuel portion),Gigawatt-hour,France,2015,248974.878,,
ESTAT:NRG_BAL_C(1.0),06/03/26 23:00:00,Annual,Exports,Oil and petroleum products (excluding biofuel portion),Gigawatt-hour,France,2016,242837.196,,
ESTAT:NRG_BAL_C(1.0),06/03/26 23:00:00,Annual,Exports,Oil and petroleum products (excluding biofuel portion),Gigawatt-hour,France,2017,240119.104,,
ESTAT:NRG_BAL_C(1.0),06/03/26 23:00:00,Annual,Exports,Oil and petroleum products (excluding biofuel portion),Gigawatt-hour,France,2018,235872.019,,
ESTAT:NRG_BAL_C(1.0),06/03/26 23:00:00,Annual,Exports,Oil and petroleum products (excluding biofuel portion),Gigawatt-hour,France,2019,203806.463,,
ESTAT:NRG_BAL_C(1.0),06/03/26 23:00:00,Annual,Exports,Oil and petroleum products (excluding biofuel portion),Gigawatt-hour,France,2020,149941.322,,
ESTAT:NRG_BAL_C(1.0),06/03/26 23:00:00,Annual,Exports,Oil and petroleum products (excluding biofuel portion),Gigawatt-hour,France,2021,147921.180,,
ESTAT:NRG_BAL_C(1.0),06/03/26 23:00:00,Annual,Exports,Oil and petroleum products (excluding biofuel portion),Gigawatt-hour,France,2022,161153.425,,
ESTAT:NRG_BAL_C(1.0),06/03/26 23:00:00,Annual,Exports,Oil and petroleum products (excluding biofuel portion),Gigawatt-hour,France,2023,171741.637,,
ESTAT:NRG_BAL_C(1.0),06/03/26 23:00:00,Annual,Exports,Oil and petroleum products (excluding biofuel portion),Gigawatt-hour,France,2024,187716.459,,
ESTAT:NRG_BAL_C(1.0),06/03/26 23:00:00,Annual,Exports,Oil and petroleum products (excluding biofuel portion),Gigawatt-hour,Croatia,2005,22293.242,,
ESTAT:NRG_BAL_C(1.0),06/03/26 23:00:00,Annual,Exports,Oil and petroleum products (excluding biofuel portion),Gigawatt-hour,Croatia,2006,21990.618,,
ESTAT:NRG_BAL_C(1.0),06/03/26 23:00:00,Annual,Exports,Oil and petroleum products (excluding biofuel portion),Gigawatt-hour,Croatia,2007,24108.008,,
ESTAT:NRG_BAL_C(1.0),06/03/26 23:00:00,Annual,Exports,Oil and petroleum products (excluding biofuel portion),Gigawatt-hour,Croatia,2008,20595.205,,
ESTAT:NRG_BAL_C(1.0),06/03/26 23:00:00,Annual,Exports,Oil and petroleum products (excluding biofuel portion),Gigawatt-hour,Croatia,2009,22344.754,,
ESTAT:NRG_BAL_C(1.0),06/03/26 23:00:00,Annual,Exports,Oil and petroleum products (excluding biofuel portion),Gigawatt-hour,Croatia,2010,22808.656,,
ESTAT:NRG_BAL_C(1.0),06/03/26 23:00:00,Annual,Exports,Oil and petroleum products (excluding biofuel portion),Gigawatt-hour,Croatia,2011,18713.822,,
ESTAT:NRG_BAL_C(1.0),06/03/26 23:00:00,Annual,Exports,Oil and petroleum products (excluding biofuel portion),Gigawatt-hour,Croatia,2012,18570.918,,
ESTAT:NRG_BAL_C(1.0),06/03/26 23:00:00,Annual,Exports,Oil and petroleum products (excluding biofuel portion),Gigawatt-hour,Croatia,2013,18291.773,,
ESTAT:NRG_BAL_C(1.0),06/03/26 23:00:00,Annual,Exports,Oil and petroleum products (excluding biofuel portion),Gigawatt-hour,Croatia,2014,18344.979,,
ESTAT:NRG_BAL_C(1.0),06/03/26 23:00:00,Annual,Exports,Oil and petroleum products (excluding biofuel portion),Gigawatt-hour,Croatia,2015,22042.929,,
ESTAT:NRG_BAL_C(1.0),06/03/26 23:00:00,Annual,Exports,Oil and petroleum products (excluding biofuel portion),Gigawatt-hour,Croatia,2016,24658.595,,
ESTAT:NRG_BAL_C(1.0),06/03/26 23:00:00,Annual,Exports,Oil and petroleum products (excluding biofuel portion),Gigawatt-hour,Croatia,2017,29575.176,,
ESTAT:NRG_BAL_C(1.0),06/03/26 23:00:00,Annual,Exports,Oil and petroleum products (excluding biofuel portion),Gigawatt-hour,Croatia,2018,28648.176,,
ESTAT:NRG_BAL_C(1.0),06/03/26 23:00:00,Annual,Exports,Oil and petroleum products (excluding biofuel portion),Gigawatt-hour,Croatia,2019,27170.115,,
ESTAT:NRG_BAL_C(1.0),06/03/26 23:00:00,Annual,Exports,Oil and petroleum products (excluding biofuel portion),Gigawatt-hour,Croatia,2020,27725.731,,
ESTAT:NRG_BAL_C(1.0),06/03/26 23:00:00,Annual,Exports,Oil and petroleum products (excluding biofuel portion),Gigawatt-hour,Croatia,2021,26394.937,,
ESTAT:NRG_BAL_C(1.0),06/03/26 23:00:00,Annual,Exports,Oil and petroleum products (excluding biofuel portion),Gigawatt-hour,Croatia,2022,22302.207,,
ESTAT:NRG_BAL_C(1.0),06/03/26 23:00:00,Annual,Exports,Oil and petroleum products (excluding biofuel portion),Gigawatt-hour,Croatia,2023,21987.928,,
ESTAT:NRG_BAL_C(1.0),06/03/26 23:00:00,Annual,Exports,Oil and petroleum products (excluding biofuel portion),Gigawatt-hour,Croatia,2024,25402.338,,
ESTAT:NRG_BAL_C(1.0),06/03/26 23:00:00,Annual,Exports,Oil and petroleum products (excluding biofuel portion),Gigawatt-hour,Hungary,2005,35198.917,,
ESTAT:NRG_BAL_C(1.0),06/03/26 23:00:00,Annual,Exports,Oil and petroleum products (excluding biofuel portion),Gigawatt-hour,Hungary,2006,38154.500,,
ESTAT:NRG_BAL_C(1.0),06/03/26 23:00:00,Annual,Exports,Oil and petroleum products (excluding biofuel portion),Gigawatt-hour,Hungary,2007,36687.714,,
ESTAT:NRG_BAL_C(1.0),06/03/26 23:00:00,Annual,Exports,Oil and petroleum products (excluding biofuel portion),Gigawatt-hour,Hungary,2008,37985.581,,
ESTAT:NRG_BAL_C(1.0),06/03/26 23:00:00,Annual,Exports,Oil and petroleum products (excluding biofuel portion),Gigawatt-hour,Hungary,2009,26142.164,,
ESTAT:NRG_BAL_C(1.0),06/03/26 23:00:00,Annual,Exports,Oil and petroleum products (excluding biofuel portion),Gigawatt-hour,Hungary,2010,31713.969,,
ESTAT:NRG_BAL_C(1.0),06/03/26 23:00:00,Annual,Exports,Oil and petroleum products (excluding biofuel portion),Gigawatt-hour,Hungary,2011,32855.842,,
ESTAT:NRG_BAL_C(1.0),06/03/26 23:00:00,Annual,Exports,Oil and petroleum products (excluding biofuel portion),Gigawatt-hour,Hungary,2012,31927.722,,
ESTAT:NRG_BAL_C(1.0),06/03/26 23:00:00,Annual,Exports,Oil and petroleum products (excluding biofuel portion),Gigawatt-hour,Hungary,2013,33049.306,,
ESTAT:NRG_BAL_C(1.0),06/03/26 23:00:00,Annual,Exports,Oil and petroleum products (excluding biofuel portion),Gigawatt-hour,Hungary,2014,36031.944,,
ESTAT:NRG_BAL_C(1.0),06/03/26 23:00:00,Annual,Exports,Oil and petroleum products (excluding biofuel portion),Gigawatt-hour,Hungary,2015,31866.789,,
ESTAT:NRG_BAL_C(1.0),06/03/26 23:00:00,Annual,Exports,Oil and petroleum products (excluding biofuel portion),Gigawatt-hour,Hungary,2016,33741.519,,
ESTAT:NRG_BAL_C(1.0),06/03/26 23:00:00,Annual,Exports,Oil and petroleum products (excluding biofuel portion),Gigawatt-hour,Hungary,2017,36725.545,,
ESTAT:NRG_BAL_C(1.0),06/03/26 23:00:00,Annual,Exports,Oil and petroleum products (excluding biofuel portion),Gigawatt-hour,Hungary,2018,44691.451,,
ESTAT:NRG_BAL_C(1.0),06/03/26 23:00:00,Annual,Exports,Oil and petroleum products (excluding biofuel portion),Gigawatt-hour,Hungary,2019,38925.882,,
ESTAT:NRG_BAL_C(1.0),06/03/26 23:00:00,Annual,Exports,Oil and petroleum products (excluding biofuel portion),Gigawatt-hour,Hungary,2020,35257.671,,
ESTAT:NRG_BAL_C(1.0),06/03/26 23:00:00,Annual,Exports,Oil and petroleum products (excluding biofuel portion),Gigawatt-hour,Hungary,2021,32550.117,,
ESTAT:NRG_BAL_C(1.0),06/03/26 23:00:00,Annual,Exports,Oil and petroleum products (excluding biofuel portion),Gigawatt-hour,Hungary,2022,28036.097,,
ESTAT:NRG_BAL_C(1.0),06/03/26 23:00:00,Annual,Exports,Oil and petroleum products (excluding biofuel portion),Gigawatt-hour,Hungary,2023,32131.085,,
ESTAT:NRG_BAL_C(1.0),06/03/26 23:00:00,Annual,Exports,Oil and petroleum products (excluding biofuel portion),Gigawatt-hour,Hungary,2024,43370.398,,
ESTAT:NRG_BAL_C(1.0),06/03/26 23:00:00,Annual,Exports,Oil and petroleum products (excluding biofuel portion),Gigawatt-hour,Ireland,2005,17031.064,,
ESTAT:NRG_BAL_C(1.0),06/03/26 23:00:00,Annual,Exports,Oil and petroleum products (excluding biofuel portion),Gigawatt-hour,Ireland,2006,15266.522,,
ESTAT:NRG_BAL_C(1.0),06/03/26 23:00:00,Annual,Exports,Oil and petroleum products (excluding biofuel portion),Gigawatt-hour,Ireland,2007,14389.972,,
ESTAT:NRG_BAL_C(1.0),06/03/26 23:00:00,Annual,Exports,Oil and petroleum products (excluding biofuel portion),Gigawatt-hour,Ireland,2008,14479.969,,
ESTAT:NRG_BAL_C(1.0),06/03/26 23:00:00,Annual,Exports,Oil and petroleum products (excluding biofuel portion),Gigawatt-hour,Ireland,2009,11221.004,,
ESTAT:NRG_BAL_C(1.0),06/03/26 23:00:00,Annual,Exports,Oil and petroleum products (excluding biofuel portion),Gigawatt-hour,Ireland,2010,17309.074,,
ESTAT:NRG_BAL_C(1.0),06/03/26 23:00:00,Annual,Exports,Oil and petroleum products (excluding biofuel portion),Gigawatt-hour,Ireland,2011,19087.359,,
ESTAT:NRG_BAL_C(1.0),06/03/26 23:00:00,Annual,Exports,Oil and petroleum products (excluding biofuel portion),Gigawatt-hour,Ireland,2012,20942.841,,
ESTAT:NRG_BAL_C(1.0),06/03/26 23:00:00,Annual,Exports,Oil and petroleum products (excluding biofuel portion),Gigawatt-hour,Ireland,2013,14516.185,,
ESTAT:NRG_BAL_C(1.0),06/03/26 23:00:00,Annual,Exports,Oil and petroleum products (excluding biofuel portion),Gigawatt-hour,Ireland,2014,15076.651,,
ESTAT:NRG_BAL_C(1.0),06/03/26 23:00:00,Annual,Exports,Oil and petroleum products (excluding biofuel portion),Gigawatt-hour,Ireland,2015,20793.451,,
ESTAT:NRG_BAL_C(1.0),06/03/26 23:00:00,Annual,Exports,Oil and petroleum products (excluding biofuel portion),Gigawatt-hour,Ireland,2016,19191.532,,
ESTAT:NRG_BAL_C(1.0),06/03/26 23:00:00,Annual,Exports,Oil and petroleum products (excluding biofuel portion),Gigawatt-hour,Ireland,2017,21939.494,,
ESTAT:NRG_BAL_C(1.0),06/03/26 23:00:00,Annual,Exports,Oil and petroleum products (excluding biofuel portion),Gigawatt-hour,Ireland,2018,19974.354,,
ESTAT:NRG_BAL_C(1.0),06/03/26 23:00:00,Annual,Exports,Oil and petroleum products (excluding biofuel portion),Gigawatt-hour,Ireland,2019,17738.575,,
ESTAT:NRG_BAL_C(1.0),06/03/26 23:00:00,Annual,Exports,Oil and petroleum products (excluding biofuel portion),Gigawatt-hour,Ireland,2020,17951.446,,
ESTAT:NRG_BAL_C(1.0),06/03/26 23:00:00,Annual,Exports,Oil and petroleum products (excluding biofuel portion),Gigawatt-hour,Ireland,2021,18886.035,,
ESTAT:NRG_BAL_C(1.0),06/03/26 23:00:00,Annual,Exports,Oil and petroleum products (excluding biofuel portion),Gigawatt-hour,Ireland,2022,17365.194,,
ESTAT:NRG_BAL_C(1.0),06/03/26 23:00:00,Annual,Exports,Oil and petroleum products (excluding biofuel portion),Gigawatt-hour,Ireland,2023,14083.447,,
ESTAT:NRG_BAL_C(1.0),06/03/26 23:00:00,Annual,Exports,Oil and petroleum products (excluding biofuel portion),Gigawatt-hour,Ireland,2024,12800.395,,
ESTAT:NRG_BAL_C(1.0),06/03/26 23:00:00,Annual,Exports,Oil and petroleum products (excluding biofuel portion),Gigawatt-hour,Italy,2005,345383.433,,
ESTAT:NRG_BAL_C(1.0),06/03/26 23:00:00,Annual,Exports,Oil and petroleum products (excluding biofuel portion),Gigawatt-hour,Italy,2006,327530.378,,
ESTAT:NRG_BAL_C(1.0),06/03/26 23:00:00,Annual,Exports,Oil and petroleum products (excluding biofuel portion),Gigawatt-hour,Italy,2007,368930.283,,
ESTAT:NRG_BAL_C(1.0),06/03/26 23:00:00,Annual,Exports,Oil and petroleum products (excluding biofuel portion),Gigawatt-hour,Italy,2008,344818.472,,
ESTAT:NRG_BAL_C(1.0),06/03/26 23:00:00,Annual,Exports,Oil and petroleum products (excluding biofuel portion),Gigawatt-hour,Italy,2009,314973.333,,
ESTAT:NRG_BAL_C(1.0),06/03/26 23:00:00,Annual,Exports,Oil and petroleum products (excluding biofuel portion),Gigawatt-hour,Italy,2010,349953.017,,
ESTAT:NRG_BAL_C(1.0),06/03/26 23:00:00,Annual,Exports,Oil and petroleum products (excluding biofuel portion),Gigawatt-hour,Italy,2011,319730.928,,
ESTAT:NRG_BAL_C(1.0),06/03/26 23:00:00,Annual,Exports,Oil and petroleum products (excluding biofuel portion),Gigawatt-hour,Italy,2012,353297.572,,
ESTAT:NRG_BAL_C(1.0),06/03/26 23:00:00,Annual,Exports,Oil and petroleum products (excluding biofuel portion),Gigawatt-hour,Italy,2013,289383.219,,
ESTAT:NRG_BAL_C(1.0),06/03/26 23:00:00,Annual,Exports,Oil and petroleum products (excluding biofuel portion),Gigawatt-hour,Italy,2014,246349.151,,
ESTAT:NRG_BAL_C(1.0),06/03/26 23:00:00,Annual,Exports,Oil and petroleum products (excluding biofuel portion),Gigawatt-hour,Italy,2015,329103.809,,
ESTAT:NRG_BAL_C(1.0),06/03/26 23:00:00,Annual,Exports,Oil and petroleum products (excluding biofuel portion),Gigawatt-hour,Italy,2016,347649.453,,
ESTAT:NRG_BAL_C(1.0),06/03/26 23:00:00,Annual,Exports,Oil and petroleum products (excluding biofuel portion),Gigawatt-hour,Italy,2017,373747.895,,
ESTAT:NRG_BAL_C(1.0),06/03/26 23:00:00,Annual,Exports,Oil and petroleum products (excluding biofuel portion),Gigawatt-hour,Italy,2018,347481.953,,
ESTAT:NRG_BAL_C(1.0),06/03/26 23:00:00,Annual,Exports,Oil and petroleum products (excluding biofuel portion),Gigawatt-hour,Italy,2019,327449.308,,
ESTAT:NRG_BAL_C(1.0),06/03/26 23:00:00,Annual,Exports,Oil and petroleum products (excluding biofuel portion),Gigawatt-hour,Italy,2020,275828.875,,
ESTAT:NRG_BAL_C(1.0),06/03/26 23:00:00,Annual,Exports,Oil and petroleum products (excluding biofuel portion),Gigawatt-hour,Italy,2021,312333.219,,
ESTAT:NRG_BAL_C(1.0),06/03/26 23:00:00,Annual,Exports,Oil and petroleum products (excluding biofuel portion),Gigawatt-hour,Italy,2022,326555.950,,
ESTAT:NRG_BAL_C(1.0),06/03/26 23:00:00,Annual,Exports,Oil and petroleum products (excluding biofuel portion),Gigawatt-hour,Italy,2023,326934.390,,
ESTAT:NRG_BAL_C(1.0),06/03/26 23:00:00,Annual,Exports,Oil and petroleum products (excluding biofuel portion),Gigawatt-hour,Italy,2024,293627.073,,
ESTAT:NRG_BAL_C(1.0),06/03/26 23:00:00,Annual,Exports,Oil and petroleum products (excluding biofuel portion),Gigawatt-hour,Lithuania,2005,81239.192,,
ESTAT:NRG_BAL_C(1.0),06/03/26 23:00:00,Annual,Exports,Oil and petroleum products (excluding biofuel portion),Gigawatt-hour,Lithuania,2006,75205.636,,
ESTAT:NRG_BAL_C(1.0),06/03/26 23:00:00,Annual,Exports,Oil and petroleum products (excluding biofuel portion),Gigawatt-hour,Lithuania,2007,46125.661,,
ESTAT:NRG_BAL_C(1.0),06/03/26 23:00:00,Annual,Exports,Oil and petroleum products (excluding biofuel portion),Gigawatt-hour,Lithuania,2008,85566.750,,
ESTAT:NRG_BAL_C(1.0),06/03/26 23:00:00,Annual,Exports,Oil and petroleum products (excluding biofuel portion),Gigawatt-hour,Lithuania,2009,81157.161,,
ESTAT:NRG_BAL_C(1.0),06/03/26 23:00:00,Annual,Exports,Oil and petroleum products (excluding biofuel portion),Gigawatt-hour,Lithuania,2010,88389.736,,
ESTAT:NRG_BAL_C(1.0),06/03/26 23:00:00,Annual,Exports,Oil and petroleum products (excluding biofuel portion),Gigawatt-hour,Lithuania,2011,93244.714,,
ESTAT:NRG_BAL_C(1.0),06/03/26 23:00:00,Annual,Exports,Oil and petroleum products (excluding biofuel portion),Gigawatt-hour,Lithuania,2012,91445.058,,
ESTAT:NRG_BAL_C(1.0),06/03/26 23:00:00,Annual,Exports,Oil and petroleum products (excluding biofuel portion),Gigawatt-hour,Lithuania,2013,98870.486,,
ESTAT:NRG_BAL_C(1.0),06/03/26 23:00:00,Annual,Exports,Oil and petroleum products (excluding biofuel portion),Gigawatt-hour,Lithuania,2014,82884.083,,
ESTAT:NRG_BAL_C(1.0),06/03/26 23:00:00,Annual,Exports,Oil and petroleum products (excluding biofuel portion),Gigawatt-hour,Lithuania,2015,98511.671,,
ESTAT:NRG_BAL_C(1.0),06/03/26 23:00:00,Annual,Exports,Oil and petroleum products (excluding biofuel portion),Gigawatt-hour,Lithuania,2016,100850.485,,
ESTAT:NRG_BAL_C(1.0),06/03/26 23:00:00,Annual,Exports,Oil and petroleum products (excluding biofuel portion),Gigawatt-hour,Lithuania,2017,97668.645,,
ESTAT:NRG_BAL_C(1.0),06/03/26 23:00:00,Annual,Exports,Oil and petroleum products (excluding biofuel portion),Gigawatt-hour,Lithuania,2018,89188.275,,
ESTAT:NRG_BAL_C(1.0),06/03/26 23:00:00,Annual,Exports,Oil and petroleum products (excluding biofuel portion),Gigawatt-hour,Lithuania,2019,88189.670,,
ESTAT:NRG_BAL_C(1.0),06/03/26 23:00:00,Annual,Exports,Oil and petroleum products (excluding biofuel portion),Gigawatt-hour,Lithuania,2020,68336.980,,
ESTAT:NRG_BAL_C(1.0),06/03/26 23:00:00,Annual,Exports,Oil and petroleum products (excluding biofuel portion),Gigawatt-hour,Lithuania,2021,71891.260,,
ESTAT:NRG_BAL_C(1.0),06/03/26 23:00:00,Annual,Exports,Oil and petroleum products (excluding biofuel portion),Gigawatt-hour,Lithuania,2022,76879.869,,
ESTAT:NRG_BAL_C(1.0),06/03/26 23:00:00,Annual,Exports,Oil and petroleum products (excluding biofuel portion),Gigawatt-hour,Lithuania,2023,82007.000,,
ESTAT:NRG_BAL_C(1.0),06/03/26 23:00:00,Annual,Exports,Oil and petroleum products (excluding biofuel portion),Gigawatt-hour,Lithuania,2024,76710.960,,
ESTAT:NRG_BAL_C(1.0),06/03/26 23:00:00,Annual,Exports,Oil and petroleum products (excluding biofuel portion),Gigawatt-hour,Luxembourg,2005,178.809,,
ESTAT:NRG_BAL_C(1.0),06/03/26 23:00:00,Annual,Exports,Oil and petroleum products (excluding biofuel portion),Gigawatt-hour,Luxembourg,2006,166.120,,
ESTAT:NRG_BAL_C(1.0),06/03/26 23:00:00,Annual,Exports,Oil and petroleum products (excluding biofuel portion),Gigawatt-hour,Luxembourg,2007,119.916,,
ESTAT:NRG_BAL_C(1.0),06/03/26 23:00:00,Annual,Exports,Oil and petroleum products (excluding biofuel portion),Gigawatt-hour,Luxembourg,2008,181.789,,
ESTAT:NRG_BAL_C(1.0),06/03/26 23:00:00,Annual,Exports,Oil and petroleum products (excluding biofuel portion),Gigawatt-hour,Luxembourg,2009,171.460,,
ESTAT:NRG_BAL_C(1.0),06/03/26 23:00:00,Annual,Exports,Oil and petroleum products (excluding biofuel portion),Gigawatt-hour,Luxembourg,2010,85.610,,
ESTAT:NRG_BAL_C(1.0),06/03/26 23:00:00,Annual,Exports,Oil and petroleum products (excluding biofuel portion),Gigawatt-hour,Luxembourg,2011,73.379,,
ESTAT:NRG_BAL_C(1.0),06/03/26 23:00:00,Annual,Exports,Oil and petroleum products (excluding biofuel portion),Gigawatt-hour,Luxembourg,2012,104.074,,
ESTAT:NRG_BAL_C(1.0),06/03/26 23:00:00,Annual,Exports,Oil and petroleum products (excluding biofuel portion),Gigawatt-hour,Luxembourg,2013,97.258,,
ESTAT:NRG_BAL_C(1.0),06/03/26 23:00:00,Annual,Exports,Oil and petroleum products (excluding biofuel portion),Gigawatt-hour,Luxembourg,2014,67.501,,
ESTAT:NRG_BAL_C(1.0),06/03/26 23:00:00,Annual,Exports,Oil and petroleum products (excluding biofuel portion),Gigawatt-hour,Luxembourg,2015,78.324,,
ESTAT:NRG_BAL_C(1.0),06/03/26 23:00:00,Annual,Exports,Oil and petroleum products (excluding biofuel portion),Gigawatt-hour,Luxembourg,2016,133.785,,
ESTAT:NRG_BAL_C(1.0),06/03/26 23:00:00,Annual,Exports,Oil and petroleum products (excluding biofuel portion),Gigawatt-hour,Luxembourg,2017,301.481,,
ESTAT:NRG_BAL_C(1.0),06/03/26 23:00:00,Annual,Exports,Oil and petroleum products (excluding biofuel portion),Gigawatt-hour,Luxembourg,2018,37.238,,
ESTAT:NRG_BAL_C(1.0),06/03/26 23:00:00,Annual,Exports,Oil and petroleum products (excluding biofuel portion),Gigawatt-hour,Luxembourg,2019,52.520,,
ESTAT:NRG_BAL_C(1.0),06/03/26 23:00:00,Annual,Exports,Oil and petroleum products (excluding biofuel portion),Gigawatt-hour,Luxembourg,2020,32.815,,
ESTAT:NRG_BAL_C(1.0),06/03/26 23:00:00,Annual,Exports,Oil and petroleum products (excluding biofuel portion),Gigawatt-hour,Luxembourg,2021,9.355,,
ESTAT:NRG_BAL_C(1.0),06/03/26 23:00:00,Annual,Exports,Oil and petroleum products (excluding biofuel portion),Gigawatt-hour,Luxembourg,2022,11.298,,
ESTAT:NRG_BAL_C(1.0),06/03/26 23:00:00,Annual,Exports,Oil and petroleum products (excluding biofuel portion),Gigawatt-hour,Luxembourg,2023,8.454,,
ESTAT:NRG_BAL_C(1.0),06/03/26 23:00:00,Annual,Exports,Oil and petroleum products (excluding biofuel portion),Gigawatt-hour,Luxembourg,2024,1.457,,
ESTAT:NRG_BAL_C(1.0),06/03/26 23:00:00,Annual,Exports,Oil and petroleum products (excluding biofuel portion),Gigawatt-hour,Latvia,2005,5867.636,,
ESTAT:NRG_BAL_C(1.0),06/03/26 23:00:00,Annual,Exports,Oil and petroleum products (excluding biofuel portion),Gigawatt-hour,Latvia,2006,3143.978,,
ESTAT:NRG_BAL_C(1.0),06/03/26 23:00:00,Annual,Exports,Oil and petroleum products (excluding biofuel portion),Gigawatt-hour,Latvia,2007,1726.019,,
ESTAT:NRG_BAL_C(1.0),06/03/26 23:00:00,Annual,Exports,Oil and petroleum products (excluding biofuel portion),Gigawatt-hour,Latvia,2008,1522.061,,
ESTAT:NRG_BAL_C(1.0),06/03/26 23:00:00,Annual,Exports,Oil and petroleum products (excluding biofuel portion),Gigawatt-hour,Latvia,2009,3140.511,,
ESTAT:NRG_BAL_C(1.0),06/03/26 23:00:00,Annual,Exports,Oil and petroleum products (excluding biofuel portion),Gigawatt-hour,Latvia,2010,3099.975,,
ESTAT:NRG_BAL_C(1.0),06/03/26 23:00:00,Annual,Exports,Oil and petroleum products (excluding biofuel portion),Gigawatt-hour,Latvia,2011,5485.640,,
ESTAT:NRG_BAL_C(1.0),06/03/26 23:00:00,Annual,Exports,Oil and petroleum products (excluding biofuel portion),Gigawatt-hour,Latvia,2012,6194.367,,
ESTAT:NRG_BAL_C(1.0),06/03/26 23:00:00,Annual,Exports,Oil and petroleum products (excluding biofuel portion),Gigawatt-hour,Latvia,2013,8064.825,,
ESTAT:NRG_BAL_C(1.0),06/03/26 23:00:00,Annual,Exports,Oil and petroleum products (excluding biofuel portion),Gigawatt-hour,Latvia,2014,9609.921,,
ESTAT:NRG_BAL_C(1.0),06/03/26 23:00:00,Annual,Exports,Oil and petroleum products (excluding biofuel portion),Gigawatt-hour,Latvia,2015,11291.011,,
ESTAT:NRG_BAL_C(1.0),06/03/26 23:00:00,Annual,Exports,Oil and petroleum products (excluding biofuel portion),Gigawatt-hour,Latvia,2016,9641.989,,
ESTAT:NRG_BAL_C(1.0),06/03/26 23:00:00,Annual,Exports,Oil and petroleum products (excluding biofuel portion),Gigawatt-hour,Latvia,2017,8954.424,,
ESTAT:NRG_BAL_C(1.0),06/03/26 23:00:00,Annual,Exports,Oil and petroleum products (excluding biofuel portion),Gigawatt-hour,Latvia,2018,10362.814,,
ESTAT:NRG_BAL_C(1.0),06/03/26 23:00:00,Annual,Exports,Oil and petroleum products (excluding biofuel portion),Gigawatt-hour,Latvia,2019,5713.445,,
ESTAT:NRG_BAL_C(1.0),06/03/26 23:00:00,Annual,Exports,Oil and petroleum products (excluding biofuel portion),Gigawatt-hour,Latvia,2020,3421.902,,
ESTAT:NRG_BAL_C(1.0),06/03/26 23:00:00,Annual,Exports,Oil and petroleum products (excluding biofuel portion),Gigawatt-hour,Latvia,2021,4004.684,,
ESTAT:NRG_BAL_C(1.0),06/03/26 23:00:00,Annual,Exports,Oil and petroleum products (excluding biofuel portion),Gigawatt-hour,Latvia,2022,7078.492,,
ESTAT:NRG_BAL_C(1.0),06/03/26 23:00:00,Annual,Exports,Oil and petroleum products (excluding biofuel portion),Gigawatt-hour,Latvia,2023,6980.936,,
ESTAT:NRG_BAL_C(1.0),06/03/26 23:00:00,Annual,Exports,Oil and petroleum products (excluding biofuel portion),Gigawatt-hour,Latvia,2024,7977.340,,
ESTAT:NRG_BAL_C(1.0),06/03/26 23:00:00,Annual,Exports,Oil and petroleum products (excluding biofuel portion),Gigawatt-hour,Malta,2005,0.000,,
ESTAT:NRG_BAL_C(1.0),06/03/26 23:00:00,Annual,Exports,Oil and petroleum products (excluding biofuel portion),Gigawatt-hour,Malta,2006,0.000,,
ESTAT:NRG_BAL_C(1.0),06/03/26 23:00:00,Annual,Exports,Oil and petroleum products (excluding biofuel portion),Gigawatt-hour,Malta,2007,0.000,,
ESTAT:NRG_BAL_C(1.0),06/03/26 23:00:00,Annual,Exports,Oil and petroleum products (excluding biofuel portion),Gigawatt-hour,Malta,2008,0.000,,
ESTAT:NRG_BAL_C(1.0),06/03/26 23:00:00,Annual,Exports,Oil and petroleum products (excluding biofuel portion),Gigawatt-hour,Malta,2009,107.500,,
ESTAT:NRG_BAL_C(1.0),06/03/26 23:00:00,Annual,Exports,Oil and petroleum products (excluding biofuel portion),Gigawatt-hour,Malta,2010,191.111,,
ESTAT:NRG_BAL_C(1.0),06/03/26 23:00:00,Annual,Exports,Oil and petroleum products (excluding biofuel portion),Gigawatt-hour,Malta,2011,35.833,,
ESTAT:NRG_BAL_C(1.0),06/03/26 23:00:00,Annual,Exports,Oil and petroleum products (excluding biofuel portion),Gigawatt-hour,Malta,2012,95.917,,
ESTAT:NRG_BAL_C(1.0),06/03/26 23:00:00,Annual,Exports,Oil and petroleum products (excluding biofuel portion),Gigawatt-hour,Malta,2013,1748.000,,
ESTAT:NRG_BAL_C(1.0),06/03/26 23:00:00,Annual,Exports,Oil and petroleum products (excluding biofuel portion),Gigawatt-hour,Malta,2014,2329.833,,
ESTAT:NRG_BAL_C(1.0),06/03/26 23:00:00,Annual,Exports,Oil and petroleum products (excluding biofuel portion),Gigawatt-hour,Malta,2015,6175.278,,
ESTAT:NRG_BAL_C(1.0),06/03/26 23:00:00,Annual,Exports,Oil and petroleum products (excluding biofuel portion),Gigawatt-hour,Malta,2016,3240.833,,
ESTAT:NRG_BAL_C(1.0),06/03/26 23:00:00,Annual,Exports,Oil and petroleum products (excluding biofuel portion),Gigawatt-hour,Malta,2017,1747.189,,
ESTAT:NRG_BAL_C(1.0),06/03/26 23:00:00,Annual,Exports,Oil and petroleum products (excluding biofuel portion),Gigawatt-hour,Malta,2018,4096.663,,
ESTAT:NRG_BAL_C(1.0),06/03/26 23:00:00,Annual,Exports,Oil and petroleum products (excluding biofuel portion),Gigawatt-hour,Malta,2019,4366.985,,
ESTAT:NRG_BAL_C(1.0),06/03/26 23:00:00,Annual,Exports,Oil and petroleum products (excluding biofuel portion),Gigawatt-hour,Malta,2020,2255.021,,
ESTAT:NRG_BAL_C(1.0),06/03/26 23:00:00,Annual,Exports,Oil and petroleum products (excluding biofuel portion),Gigawatt-hour,Malta,2021,1226.519,,
ESTAT:NRG_BAL_C(1.0),06/03/26 23:00:00,Annual,Exports,Oil and petroleum products (excluding biofuel portion),Gigawatt-hour,Malta,2022,410.828,,
ESTAT:NRG_BAL_C(1.0),06/03/26 23:00:00,Annual,Exports,Oil and petroleum products (excluding biofuel portion),Gigawatt-hour,Malta,2023,1044.533,,
ESTAT:NRG_BAL_C(1.0),06/03/26 23:00:00,Annual,Exports,Oil and petroleum products (excluding biofuel portion),Gigawatt-hour,Malta,2024,463.065,,
ESTAT:NRG_BAL_C(1.0),06/03/26 23:00:00,Annual,Exports,Oil and petroleum products (excluding biofuel portion),Gigawatt-hour,Netherlands,2005,894903.118,,
ESTAT:NRG_BAL_C(1.0),06/03/26 23:00:00,Annual,Exports,Oil and petroleum products (excluding biofuel portion),Gigawatt-hour,Netherlands,2006,946471.404,,
ESTAT:NRG_BAL_C(1.0),06/03/26 23:00:00,Annual,Exports,Oil and petroleum products (excluding biofuel portion),Gigawatt-hour,Netherlands,2007,905331.460,,
ESTAT:NRG_BAL_C(1.0),06/03/26 23:00:00,Annual,Exports,Oil and petroleum products (excluding biofuel portion),Gigawatt-hour,Netherlands,2008,953959.605,,
ESTAT:NRG_BAL_C(1.0),06/03/26 23:00:00,Annual,Exports,Oil and petroleum products (excluding biofuel portion),Gigawatt-hour,Netherlands,2009,1067746.653,,
ESTAT:NRG_BAL_C(1.0),06/03/26 23:00:00,Annual,Exports,Oil and petroleum products (excluding biofuel portion),Gigawatt-hour,Netherlands,2010,1188823.971,,
ESTAT:NRG_BAL_C(1.0),06/03/26 23:00:00,Annual,Exports,Oil and petroleum products (excluding biofuel portion),Gigawatt-hour,Netherlands,2011,1171572.678,,
ESTAT:NRG_BAL_C(1.0),06/03/26 23:00:00,Annual,Exports,Oil and petroleum products (excluding biofuel portion),Gigawatt-hour,Netherlands,2012,1211645.257,,
ESTAT:NRG_BAL_C(1.0),06/03/26 23:00:00,Annual,Exports,Oil and petroleum products (excluding biofuel portion),Gigawatt-hour,Netherlands,2013,1201517.278,,
ESTAT:NRG_BAL_C(1.0),06/03/26 23:00:00,Annual,Exports,Oil and petroleum products (excluding biofuel portion),Gigawatt-hour,Netherlands,2014,1194758.932,,
ESTAT:NRG_BAL_C(1.0),06/03/26 23:00:00,Annual,Exports,Oil and petroleum products (excluding biofuel portion),Gigawatt-hour,Netherlands,2015,1320219.622,,
ESTAT:NRG_BAL_C(1.0),06/03/26 23:00:00,Annual,Exports,Oil and petroleum products (excluding biofuel portion),Gigawatt-hour,Netherlands,2016,1337716.420,,
ESTAT:NRG_BAL_C(1.0),06/03/26 23:00:00,Annual,Exports,Oil and petroleum products (excluding biofuel portion),Gigawatt-hour,Netherlands,2017,1291049.475,,
ESTAT:NRG_BAL_C(1.0),06/03/26 23:00:00,Annual,Exports,Oil and petroleum products (excluding biofuel portion),Gigawatt-hour,Netherlands,2018,1267636.961,,
ESTAT:NRG_BAL_C(1.0),06/03/26 23:00:00,Annual,Exports,Oil and petroleum products (excluding biofuel portion),Gigawatt-hour,Netherlands,2019,1230610.240,,
ESTAT:NRG_BAL_C(1.0),06/03/26 23:00:00,Annual,Exports,Oil and petroleum products (excluding biofuel portion),Gigawatt-hour,Netherlands,2020,1080662.779,,
ESTAT:NRG_BAL_C(1.0),06/03/26 23:00:00,Annual,Exports,Oil and petroleum products (excluding biofuel portion),Gigawatt-hour,Netherlands,2021,1277319.297,,
ESTAT:NRG_BAL_C(1.0),06/03/26 23:00:00,Annual,Exports,Oil and petroleum products (excluding biofuel portion),Gigawatt-hour,Netherlands,2022,1258711.542,,
ESTAT:NRG_BAL_C(1.0),06/03/26 23:00:00,Annual,Exports,Oil and petroleum products (excluding biofuel portion),Gigawatt-hour,Netherlands,2023,1238985.271,,
ESTAT:NRG_BAL_C(1.0),06/03/26 23:00:00,Annual,Exports,Oil and petroleum products (excluding biofuel portion),Gigawatt-hour,Netherlands,2024,1192085.291,,
ESTAT:NRG_BAL_C(1.0),06/03/26 23:00:00,Annual,Exports,Oil and petroleum products (excluding biofuel portion),Gigawatt-hour,Poland,2005,34724.180,,
ESTAT:NRG_BAL_C(1.0),06/03/26 23:00:00,Annual,Exports,Oil and petroleum products (excluding biofuel portion),Gigawatt-hour,Poland,2006,36475.232,,
ESTAT:NRG_BAL_C(1.0),06/03/26 23:00:00,Annual,Exports,Oil and petroleum products (excluding biofuel portion),Gigawatt-hour,Poland,2007,39482.877,,
ESTAT:NRG_BAL_C(1.0),06/03/26 23:00:00,Annual,Exports,Oil and petroleum products (excluding biofuel portion),Gigawatt-hour,Poland,2008,38213.478,,
ESTAT:NRG_BAL_C(1.0),06/03/26 23:00:00,Annual,Exports,Oil and petroleum products (excluding biofuel portion),Gigawatt-hour,Poland,2009,31530.326,,
ESTAT:NRG_BAL_C(1.0),06/03/26 23:00:00,Annual,Exports,Oil and petroleum products (excluding biofuel portion),Gigawatt-hour,Poland,2010,40945.549,,
ESTAT:NRG_BAL_C(1.0),06/03/26 23:00:00,Annual,Exports,Oil and petroleum products (excluding biofuel portion),Gigawatt-hour,Poland,2011,55645.364,,
ESTAT:NRG_BAL_C(1.0),06/03/26 23:00:00,Annual,Exports,Oil and petroleum products (excluding biofuel portion),Gigawatt-hour,Poland,2012,68515.003,,
ESTAT:NRG_BAL_C(1.0),06/03/26 23:00:00,Annual,Exports,Oil and petroleum products (excluding biofuel portion),Gigawatt-hour,Poland,2013,80255.083,,
ESTAT:NRG_BAL_C(1.0),06/03/26 23:00:00,Annual,Exports,Oil and petroleum products (excluding biofuel portion),Gigawatt-hour,Poland,2014,86577.889,,
ESTAT:NRG_BAL_C(1.0),06/03/26 23:00:00,Annual,Exports,Oil and petroleum products (excluding biofuel portion),Gigawatt-hour,Poland,2015,97532.413,,
ESTAT:NRG_BAL_C(1.0),06/03/26 23:00:00,Annual,Exports,Oil and petroleum products (excluding biofuel portion),Gigawatt-hour,Poland,2016,83997.213,,
ESTAT:NRG_BAL_C(1.0),06/03/26 23:00:00,Annual,Exports,Oil and petroleum products (excluding biofuel portion),Gigawatt-hour,Poland,2017,61583.277,,
ESTAT:NRG_BAL_C(1.0),06/03/26 23:00:00,Annual,Exports,Oil and petroleum products (excluding biofuel portion),Gigawatt-hour,Poland,2018,71984.678,,
ESTAT:NRG_BAL_C(1.0),06/03/26 23:00:00,Annual,Exports,Oil and petroleum products (excluding biofuel portion),Gigawatt-hour,Poland,2019,63098.887,,
ESTAT:NRG_BAL_C(1.0),06/03/26 23:00:00,Annual,Exports,Oil and petroleum products (excluding biofuel portion),Gigawatt-hour,Poland,2020,54499.200,,
ESTAT:NRG_BAL_C(1.0),06/03/26 23:00:00,Annual,Exports,Oil and petroleum products (excluding biofuel portion),Gigawatt-hour,Poland,2021,47104.016,,
ESTAT:NRG_BAL_C(1.0),06/03/26 23:00:00,Annual,Exports,Oil and petroleum products (excluding biofuel portion),Gigawatt-hour,Poland,2022,62204.840,,
ESTAT:NRG_BAL_C(1.0),06/03/26 23:00:00,Annual,Exports,Oil and petroleum products (excluding biofuel portion),Gigawatt-hour,Poland,2023,68104.690,,
ESTAT:NRG_BAL_C(1.0),06/03/26 23:00:00,Annual,Exports,Oil and petroleum products (excluding biofuel portion),Gigawatt-hour,Poland,2024,69951.776,,
ESTAT:NRG_BAL_C(1.0),06/03/26 23:00:00,Annual,Exports,Oil and petroleum products (excluding biofuel portion),Gigawatt-hour,Portugal,2005,28089.675,,
ESTAT:NRG_BAL_C(1.0),06/03/26 23:00:00,Annual,Exports,Oil and petroleum products (excluding biofuel portion),Gigawatt-hour,Portugal,2006,40150.597,,
ESTAT:NRG_BAL_C(1.0),06/03/26 23:00:00,Annual,Exports,Oil and petroleum products (excluding biofuel portion),Gigawatt-hour,Portugal,2007,29605.500,,
ESTAT:NRG_BAL_C(1.0),06/03/26 23:00:00,Annual,Exports,Oil and petroleum products (excluding biofuel portion),Gigawatt-hour,Portugal,2008,29733.611,,
ESTAT:NRG_BAL_C(1.0),06/03/26 23:00:00,Annual,Exports,Oil and petroleum products (excluding biofuel portion),Gigawatt-hour,Portugal,2009,27110.653,,
ESTAT:NRG_BAL_C(1.0),06/03/26 23:00:00,Annual,Exports,Oil and petroleum products (excluding biofuel portion),Gigawatt-hour,Portugal,2010,33301.569,,
ESTAT:NRG_BAL_C(1.0),06/03/26 23:00:00,Annual,Exports,Oil and petroleum products (excluding biofuel portion),Gigawatt-hour,Portugal,2011,33277.361,,
ESTAT:NRG_BAL_C(1.0),06/03/26 23:00:00,Annual,Exports,Oil and petroleum products (excluding biofuel portion),Gigawatt-hour,Portugal,2012,43389.250,,
ESTAT:NRG_BAL_C(1.0),06/03/26 23:00:00,Annual,Exports,Oil and petroleum products (excluding biofuel portion),Gigawatt-hour,Portugal,2013,65151.833,,
ESTAT:NRG_BAL_C(1.0),06/03/26 23:00:00,Annual,Exports,Oil and petroleum products (excluding biofuel portion),Gigawatt-hour,Portugal,2014,55625.878,,
ESTAT:NRG_BAL_C(1.0),06/03/26 23:00:00,Annual,Exports,Oil and petroleum products (excluding biofuel portion),Gigawatt-hour,Portugal,2015,80389.792,,
ESTAT:NRG_BAL_C(1.0),06/03/26 23:00:00,Annual,Exports,Oil and petroleum products (excluding biofuel portion),Gigawatt-hour,Portugal,2016,78961.514,,
ESTAT:NRG_BAL_C(1.0),06/03/26 23:00:00,Annual,Exports,Oil and petroleum products (excluding biofuel portion),Gigawatt-hour,Portugal,2017,81884.656,,
ESTAT:NRG_BAL_C(1.0),06/03/26 23:00:00,Annual,Exports,Oil and petroleum products (excluding biofuel portion),Gigawatt-hour,Portugal,2018,62704.890,,
ESTAT:NRG_BAL_C(1.0),06/03/26 23:00:00,Annual,Exports,Oil and petroleum products (excluding biofuel portion),Gigawatt-hour,Portugal,2019,56981.621,,
ESTAT:NRG_BAL_C(1.0),06/03/26 23:00:00,Annual,Exports,Oil and petroleum products (excluding biofuel portion),Gigawatt-hour,Portugal,2020,61726.825,,
ESTAT:NRG_BAL_C(1.0),06/03/26 23:00:00,Annual,Exports,Oil and petroleum products (excluding biofuel portion),Gigawatt-hour,Portugal,2021,58899.385,,
ESTAT:NRG_BAL_C(1.0),06/03/26 23:00:00,Annual,Exports,Oil and petroleum products (excluding biofuel portion),Gigawatt-hour,Portugal,2022,53055.788,,
ESTAT:NRG_BAL_C(1.0),06/03/26 23:00:00,Annual,Exports,Oil and petroleum products (excluding biofuel portion),Gigawatt-hour,Portugal,2023,47627.842,,
ESTAT:NRG_BAL_C(1.0),06/03/26 23:00:00,Annual,Exports,Oil and petroleum products (excluding biofuel portion),Gigawatt-hour,Portugal,2024,58570.492,,
ESTAT:NRG_BAL_C(1.0),06/03/26 23:00:00,Annual,Exports,Oil and petroleum products (excluding biofuel portion),Gigawatt-hour,Romania,2005,68946.130,,
ESTAT:NRG_BAL_C(1.0),06/03/26 23:00:00,Annual,Exports,Oil and petroleum products (excluding biofuel portion),Gigawatt-hour,Romania,2006,62850.339,,
ESTAT:NRG_BAL_C(1.0),06/03/26 23:00:00,Annual,Exports,Oil and petroleum products (excluding biofuel portion),Gigawatt-hour,Romania,2007,52333.888,,
ESTAT:NRG_BAL_C(1.0),06/03/26 23:00:00,Annual,Exports,Oil and petroleum products (excluding biofuel portion),Gigawatt-hour,Romania,2008,58852.505,,
ESTAT:NRG_BAL_C(1.0),06/03/26 23:00:00,Annual,Exports,Oil and petroleum products (excluding biofuel portion),Gigawatt-hour,Romania,2009,49194.915,,
ESTAT:NRG_BAL_C(1.0),06/03/26 23:00:00,Annual,Exports,Oil and petroleum products (excluding biofuel portion),Gigawatt-hour,Romania,2010,42061.330,,
ESTAT:NRG_BAL_C(1.0),06/03/26 23:00:00,Annual,Exports,Oil and petroleum products (excluding biofuel portion),Gigawatt-hour,Romania,2011,44287.126,,
ESTAT:NRG_BAL_C(1.0),06/03/26 23:00:00,Annual,Exports,Oil and petroleum products (excluding biofuel portion),Gigawatt-hour,Romania,2012,40384.729,,
ESTAT:NRG_BAL_C(1.0),06/03/26 23:00:00,Annual,Exports,Oil and petroleum products (excluding biofuel portion),Gigawatt-hour,Romania,2013,45675.332,,
ESTAT:NRG_BAL_C(1.0),06/03/26 23:00:00,Annual,Exports,Oil and petroleum products (excluding biofuel portion),Gigawatt-hour,Romania,2014,55543.784,,
ESTAT:NRG_BAL_C(1.0),06/03/26 23:00:00,Annual,Exports,Oil and petroleum products (excluding biofuel portion),Gigawatt-hour,Romania,2015,57054.333,,
ESTAT:NRG_BAL_C(1.0),06/03/26 23:00:00,Annual,Exports,Oil and petroleum products (excluding biofuel portion),Gigawatt-hour,Romania,2016,62018.268,,
ESTAT:NRG_BAL_C(1.0),06/03/26 23:00:00,Annual,Exports,Oil and petroleum products (excluding biofuel portion),Gigawatt-hour,Romania,2017,60445.125,,
ESTAT:NRG_BAL_C(1.0),06/03/26 23:00:00,Annual,Exports,Oil and petroleum products (excluding biofuel portion),Gigawatt-hour,Romania,2018,63962.468,,
ESTAT:NRG_BAL_C(1.0),06/03/26 23:00:00,Annual,Exports,Oil and petroleum products (excluding biofuel portion),Gigawatt-hour,Romania,2019,64908.706,,
ESTAT:NRG_BAL_C(1.0),06/03/26 23:00:00,Annual,Exports,Oil and petroleum products (excluding biofuel portion),Gigawatt-hour,Romania,2020,51852.641,,
ESTAT:NRG_BAL_C(1.0),06/03/26 23:00:00,Annual,Exports,Oil and petroleum products (excluding biofuel portion),Gigawatt-hour,Romania,2021,47108.925,,
ESTAT:NRG_BAL_C(1.0),06/03/26 23:00:00,Annual,Exports,Oil and petroleum products (excluding biofuel portion),Gigawatt-hour,Romania,2022,56753.149,,
ESTAT:NRG_BAL_C(1.0),06/03/26 23:00:00,Annual,Exports,Oil and petroleum products (excluding biofuel portion),Gigawatt-hour,Romania,2023,49482.743,,
ESTAT:NRG_BAL_C(1.0),06/03/26 23:00:00,Annual,Exports,Oil and petroleum products (excluding biofuel portion),Gigawatt-hour,Romania,2024,52862.016,,
ESTAT:NRG_BAL_C(1.0),06/03/26 23:00:00,Annual,Exports,Oil and petroleum products (excluding biofuel portion),Gigawatt-hour,Sweden,2005,123712.641,,
ESTAT:NRG_BAL_C(1.0),06/03/26 23:00:00,Annual,Exports,Oil and petroleum products (excluding biofuel portion),Gigawatt-hour,Sweden,2006,131898.986,,
ESTAT:NRG_BAL_C(1.0),06/03/26 23:00:00,Annual,Exports,Oil and petroleum products (excluding biofuel portion),Gigawatt-hour,Sweden,2007,124686.649,,
ESTAT:NRG_BAL_C(1.0),06/03/26 23:00:00,Annual,Exports,Oil and petroleum products (excluding biofuel portion),Gigawatt-hour,Sweden,2008,145618.584,,
ESTAT:NRG_BAL_C(1.0),06/03/26 23:00:00,Annual,Exports,Oil and petroleum products (excluding biofuel portion),Gigawatt-hour,Sweden,2009,141597.459,,
ESTAT:NRG_BAL_C(1.0),06/03/26 23:00:00,Annual,Exports,Oil and petroleum products (excluding biofuel portion),Gigawatt-hour,Sweden,2010,149661.601,,
ESTAT:NRG_BAL_C(1.0),06/03/26 23:00:00,Annual,Exports,Oil and petroleum products (excluding biofuel portion),Gigawatt-hour,Sweden,2011,135854.678,,
ESTAT:NRG_BAL_C(1.0),06/03/26 23:00:00,Annual,Exports,Oil and petroleum products (excluding biofuel portion),Gigawatt-hour,Sweden,2012,159239.884,,
ESTAT:NRG_BAL_C(1.0),06/03/26 23:00:00,Annual,Exports,Oil and petroleum products (excluding biofuel portion),Gigawatt-hour,Sweden,2013,117470.300,,
ESTAT:NRG_BAL_C(1.0),06/03/26 23:00:00,Annual,Exports,Oil and petroleum products (excluding biofuel portion),Gigawatt-hour,Sweden,2014,150047.752,,
ESTAT:NRG_BAL_C(1.0),06/03/26 23:00:00,Annual,Exports,Oil and petroleum products (excluding biofuel portion),Gigawatt-hour,Sweden,2015,179472.426,,
ESTAT:NRG_BAL_C(1.0),06/03/26 23:00:00,Annual,Exports,Oil and petroleum products (excluding biofuel portion),Gigawatt-hour,Sweden,2016,198870.337,,
ESTAT:NRG_BAL_C(1.0),06/03/26 23:00:00,Annual,Exports,Oil and petroleum products (excluding biofuel portion),Gigawatt-hour,Sweden,2017,212534.391,,
ESTAT:NRG_BAL_C(1.0),06/03/26 23:00:00,Annual,Exports,Oil and petroleum products (excluding biofuel portion),Gigawatt-hour,Sweden,2018,202295.519,,
ESTAT:NRG_BAL_C(1.0),06/03/26 23:00:00,Annual,Exports,Oil and petroleum products (excluding biofuel portion),Gigawatt-hour,Sweden,2019,137035.928,,
ESTAT:NRG_BAL_C(1.0),06/03/26 23:00:00,Annual,Exports,Oil and petroleum products (excluding biofuel portion),Gigawatt-hour,Sweden,2020,156531.046,,
ESTAT:NRG_BAL_C(1.0),06/03/26 23:00:00,Annual,Exports,Oil and petroleum products (excluding biofuel portion),Gigawatt-hour,Sweden,2021,198252.661,,
ESTAT:NRG_BAL_C(1.0),06/03/26 23:00:00,Annual,Exports,Oil and petroleum products (excluding biofuel portion),Gigawatt-hour,Sweden,2022,176530.382,,
ESTAT:NRG_BAL_C(1.0),06/03/26 23:00:00,Annual,Exports,Oil and petroleum products (excluding biofuel portion),Gigawatt-hour,Sweden,2023,175632.481,,
ESTAT:NRG_BAL_C(1.0),06/03/26 23:00:00,Annual,Exports,Oil and petroleum products (excluding biofuel portion),Gigawatt-hour,Sweden,2024,174962.024,,
ESTAT:NRG_BAL_C(1.0),06/03/26 23:00:00,Annual,Exports,Oil and petroleum products (excluding biofuel portion),Gigawatt-hour,Slovenia,2005,2547.611,,
ESTAT:NRG_BAL_C(1.0),06/03/26 23:00:00,Annual,Exports,Oil and petroleum products (excluding biofuel portion),Gigawatt-hour,Slovenia,2006,4828.542,,
ESTAT:NRG_BAL_C(1.0),06/03/26 23:00:00,Annual,Exports,Oil and petroleum products (excluding biofuel portion),Gigawatt-hour,Slovenia,2007,5058.070,,
ESTAT:NRG_BAL_C(1.0),06/03/26 23:00:00,Annual,Exports,Oil and petroleum products (excluding biofuel portion),Gigawatt-hour,Slovenia,2008,6476.831,,
ESTAT:NRG_BAL_C(1.0),06/03/26 23:00:00,Annual,Exports,Oil and petroleum products (excluding biofuel portion),Gigawatt-hour,Slovenia,2009,5685.651,,
ESTAT:NRG_BAL_C(1.0),06/03/26 23:00:00,Annual,Exports,Oil and petroleum products (excluding biofuel portion),Gigawatt-hour,Slovenia,2010,7996.950,,
ESTAT:NRG_BAL_C(1.0),06/03/26 23:00:00,Annual,Exports,Oil and petroleum products (excluding biofuel portion),Gigawatt-hour,Slovenia,2011,8444.955,,
ESTAT:NRG_BAL_C(1.0),06/03/26 23:00:00,Annual,Exports,Oil and petroleum products (excluding biofuel portion),Gigawatt-hour,Slovenia,2012,9649.699,,
ESTAT:NRG_BAL_C(1.0),06/03/26 23:00:00,Annual,Exports,Oil and petroleum products (excluding biofuel portion),Gigawatt-hour,Slovenia,2013,11093.561,,
ESTAT:NRG_BAL_C(1.0),06/03/26 23:00:00,Annual,Exports,Oil and petroleum products (excluding biofuel portion),Gigawatt-hour,Slovenia,2014,16551.608,,
ESTAT:NRG_BAL_C(1.0),06/03/26 23:00:00,Annual,Exports,Oil and petroleum products (excluding biofuel portion),Gigawatt-hour,Slovenia,2015,20318.303,,
ESTAT:NRG_BAL_C(1.0),06/03/26 23:00:00,Annual,Exports,Oil and petroleum products (excluding biofuel portion),Gigawatt-hour,Slovenia,2016,24123.932,,
ESTAT:NRG_BAL_C(1.0),06/03/26 23:00:00,Annual,Exports,Oil and petroleum products (excluding biofuel portion),Gigawatt-hour,Slovenia,2017,24624.650,,
ESTAT:NRG_BAL_C(1.0),06/03/26 23:00:00,Annual,Exports,Oil and petroleum products (excluding biofuel portion),Gigawatt-hour,Slovenia,2018,25005.928,,
ESTAT:NRG_BAL_C(1.0),06/03/26 23:00:00,Annual,Exports,Oil and petroleum products (excluding biofuel portion),Gigawatt-hour,Slovenia,2019,27384.839,,
ESTAT:NRG_BAL_C(1.0),06/03/26 23:00:00,Annual,Exports,Oil and petroleum products (excluding biofuel portion),Gigawatt-hour,Slovenia,2020,22612.787,,
ESTAT:NRG_BAL_C(1.0),06/03/26 23:00:00,Annual,Exports,Oil and petroleum products (excluding biofuel portion),Gigawatt-hour,Slovenia,2021,18905.205,,
ESTAT:NRG_BAL_C(1.0),06/03/26 23:00:00,Annual,Exports,Oil and petroleum products (excluding biofuel portion),Gigawatt-hour,Slovenia,2022,27329.904,,
ESTAT:NRG_BAL_C(1.0),06/03/26 23:00:00,Annual,Exports,Oil and petroleum products (excluding biofuel portion),Gigawatt-hour,Slovenia,2023,27867.957,,
ESTAT:NRG_BAL_C(1.0),06/03/26 23:00:00,Annual,Exports,Oil and petroleum products (excluding biofuel portion),Gigawatt-hour,Slovenia,2024,29672.939,,
ESTAT:NRG_BAL_C(1.0),06/03/26 23:00:00,Annual,Exports,Oil and petroleum products (excluding biofuel portion),Gigawatt-hour,Slovakia,2005,42412.708,,
ESTAT:NRG_BAL_C(1.0),06/03/26 23:00:00,Annual,Exports,Oil and petroleum products (excluding biofuel portion),Gigawatt-hour,Slovakia,2006,43812.129,,
ESTAT:NRG_BAL_C(1.0),06/03/26 23:00:00,Annual,Exports,Oil and petroleum products (excluding biofuel portion),Gigawatt-hour,Slovakia,2007,45664.688,,
ESTAT:NRG_BAL_C(1.0),06/03/26 23:00:00,Annual,Exports,Oil and petroleum products (excluding biofuel portion),Gigawatt-hour,Slovakia,2008,42919.673,,
ESTAT:NRG_BAL_C(1.0),06/03/26 23:00:00,Annual,Exports,Oil and petroleum products (excluding biofuel portion),Gigawatt-hour,Slovakia,2009,43904.206,,
ESTAT:NRG_BAL_C(1.0),06/03/26 23:00:00,Annual,Exports,Oil and petroleum products (excluding biofuel portion),Gigawatt-hour,Slovakia,2010,39587.831,,
ESTAT:NRG_BAL_C(1.0),06/03/26 23:00:00,Annual,Exports,Oil and petroleum products (excluding biofuel portion),Gigawatt-hour,Slovakia,2011,45059.234,,
ESTAT:NRG_BAL_C(1.0),06/03/26 23:00:00,Annual,Exports,Oil and petroleum products (excluding biofuel portion),Gigawatt-hour,Slovakia,2012,40085.112,,
ESTAT:NRG_BAL_C(1.0),06/03/26 23:00:00,Annual,Exports,Oil and petroleum products (excluding biofuel portion),Gigawatt-hour,Slovakia,2013,47992.788,,
ESTAT:NRG_BAL_C(1.0),06/03/26 23:00:00,Annual,Exports,Oil and petroleum products (excluding biofuel portion),Gigawatt-hour,Slovakia,2014,42914.232,,
ESTAT:NRG_BAL_C(1.0),06/03/26 23:00:00,Annual,Exports,Oil and petroleum products (excluding biofuel portion),Gigawatt-hour,Slovakia,2015,51741.554,,
ESTAT:NRG_BAL_C(1.0),06/03/26 23:00:00,Annual,Exports,Oil and petroleum products (excluding biofuel portion),Gigawatt-hour,Slovakia,2016,48421.060,,
ESTAT:NRG_BAL_C(1.0),06/03/26 23:00:00,Annual,Exports,Oil and petroleum products (excluding biofuel portion),Gigawatt-hour,Slovakia,2017,46269.418,,
ESTAT:NRG_BAL_C(1.0),06/03/26 23:00:00,Annual,Exports,Oil and petroleum products (excluding biofuel portion),Gigawatt-hour,Slovakia,2018,41471.463,,
ESTAT:NRG_BAL_C(1.0),06/03/26 23:00:00,Annual,Exports,Oil and petroleum products (excluding biofuel portion),Gigawatt-hour,Slovakia,2019,39244.250,,
ESTAT:NRG_BAL_C(1.0),06/03/26 23:00:00,Annual,Exports,Oil and petroleum products (excluding biofuel portion),Gigawatt-hour,Slovakia,2020,42273.535,,
ESTAT:NRG_BAL_C(1.0),06/03/26 23:00:00,Annual,Exports,Oil and petroleum products (excluding biofuel portion),Gigawatt-hour,Slovakia,2021,40677.284,,
ESTAT:NRG_BAL_C(1.0),06/03/26 23:00:00,Annual,Exports,Oil and petroleum products (excluding biofuel portion),Gigawatt-hour,Slovakia,2022,37739.331,,
ESTAT:NRG_BAL_C(1.0),06/03/26 23:00:00,Annual,Exports,Oil and petroleum products (excluding biofuel portion),Gigawatt-hour,Slovakia,2023,43416.458,,
ESTAT:NRG_BAL_C(1.0),06/03/26 23:00:00,Annual,Exports,Oil and petroleum products (excluding biofuel portion),Gigawatt-hour,Slovakia,2024,37700.480,,
ESTAT:NRG_BAL_C(1.0),06/03/26 23:00:00,Annual,Gross available energy,Solid fossil fuels,Gigawatt-hour,Austria,2005,47175.307,,
ESTAT:NRG_BAL_C(1.0),06/03/26 23:00:00,Annual,Gross available energy,Solid fossil fuels,Gigawatt-hour,Austria,2006,46526.913,,
ESTAT:NRG_BAL_C(1.0),06/03/26 23:00:00,Annual,Gross available energy,Solid fossil fuels,Gigawatt-hour,Austria,2007,45011.991,,
ESTAT:NRG_BAL_C(1.0),06/03/26 23:00:00,Annual,Gross available energy,Solid fossil fuels,Gigawatt-hour,Austria,2008,44570.655,,
ESTAT:NRG_BAL_C(1.0),06/03/26 23:00:00,Annual,Gross available energy,Solid fossil fuels,Gigawatt-hour,Austria,2009,33364.168,,
ESTAT:NRG_BAL_C(1.0),06/03/26 23:00:00,Annual,Gross available energy,Solid fossil fuels,Gigawatt-hour,Austria,2010,39350.484,,
ESTAT:NRG_BAL_C(1.0),06/03/26 23:00:00,Annual,Gross available energy,Solid fossil fuels,Gigawatt-hour,Austria,2011,40500.988,,
ESTAT:NRG_BAL_C(1.0),06/03/26 23:00:00,Annual,Gross available energy,Solid fossil fuels,Gigawatt-hour,Austria,2012,37740.112,,
ESTAT:NRG_BAL_C(1.0),06/03/26 23:00:00,Annual,Gross available energy,Solid fossil fuels,Gigawatt-hour,Austria,2013,38574.699,,
ESTAT:NRG_BAL_C(1.0),06/03/26 23:00:00,Annual,Gross available energy,Solid fossil fuels,Gigawatt-hour,Austria,2014,35465.963,,
ESTAT:NRG_BAL_C(1.0),06/03/26 23:00:00,Annual,Gross available energy,Solid fossil fuels,Gigawatt-hour,Austria,2015,37509.084,,
ESTAT:NRG_BAL_C(1.0),06/03/26 23:00:00,Annual,Gross available energy,Solid fossil fuels,Gigawatt-hour,Austria,2016,35048.716,,
ESTAT:NRG_BAL_C(1.0),06/03/26 23:00:00,Annual,Gross available energy,Solid fossil fuels,Gigawatt-hour,Austria,2017,36155.089,,
ESTAT:NRG_BAL_C(1.0),06/03/26 23:00:00,Annual,Gross available energy,Solid fossil fuels,Gigawatt-hour,Austria,2018,31860.959,,
ESTAT:NRG_BAL_C(1.0),06/03/26 23:00:00,Annual,Gross available energy,Solid fossil fuels,Gigawatt-hour,Austria,2019,33553.374,,
ESTAT:NRG_BAL_C(1.0),06/03/26 23:00:00,Annual,Gross available energy,Solid fossil fuels,Gigawatt-hour,Austria,2020,28743.600,,
ESTAT:NRG_BAL_C(1.0),06/03/26 23:00:00,Annual,Gross available energy,Solid fossil fuels,Gigawatt-hour,Austria,2021,29721.264,,
ESTAT:NRG_BAL_C(1.0),06/03/26 23:00:00,Annual,Gross available energy,Solid fossil fuels,Gigawatt-hour,Austria,2022,28861.196,,
ESTAT:NRG_BAL_C(1.0),06/03/26 23:00:00,Annual,Gross available energy,Solid fossil fuels,Gigawatt-hour,Austria,2023,27944.581,,
ESTAT:NRG_BAL_C(1.0),06/03/26 23:00:00,Annual,Gross available energy,Solid fossil fuels,Gigawatt-hour,Austria,2024,27227.136,,
ESTAT:NRG_BAL_C(1.0),06/03/26 23:00:00,Annual,Gross available energy,Solid fossil fuels,Gigawatt-hour,Belgium,2005,60168.639,,
ESTAT:NRG_BAL_C(1.0),06/03/26 23:00:00,Annual,Gross available energy,Solid fossil fuels,Gigawatt-hour,Belgium,2006,57594.378,,
ESTAT:NRG_BAL_C(1.0),06/03/26 23:00:00,Annual,Gross available energy,Solid fossil fuels,Gigawatt-hour,Belgium,2007,51384.188,,
ESTAT:NRG_BAL_C(1.0),06/03/26 23:00:00,Annual,Gross available energy,Solid fossil fuels,Gigawatt-hour,Belgium,2008,53009.360,,
ESTAT:NRG_BAL_C(1.0),06/03/26 23:00:00,Annual,Gross available energy,Solid fossil fuels,Gigawatt-hour,Belgium,2009,36463.253,,
ESTAT:NRG_BAL_C(1.0),06/03/26 23:00:00,Annual,Gross available energy,Solid fossil fuels,Gigawatt-hour,Belgium,2010,44044.886,,
ESTAT:NRG_BAL_C(1.0),06/03/26 23:00:00,Annual,Gross available energy,Solid fossil fuels,Gigawatt-hour,Belgium,2011,40764.586,,
ESTAT:NRG_BAL_C(1.0),06/03/26 23:00:00,Annual,Gross available energy,Solid fossil fuels,Gigawatt-hour,Belgium,2012,37630.796,,
ESTAT:NRG_BAL_C(1.0),06/03/26 23:00:00,Annual,Gross available energy,Solid fossil fuels,Gigawatt-hour,Belgium,2013,41438.680,,
ESTAT:NRG_BAL_C(1.0),06/03/26 23:00:00,Annual,Gross available energy,Solid fossil fuels,Gigawatt-hour,Belgium,2014,40430.737,,
ESTAT:NRG_BAL_C(1.0),06/03/26 23:00:00,Annual,Gross available energy,Solid fossil fuels,Gigawatt-hour,Belgium,2015,39834.838,,
ESTAT:NRG_BAL_C(1.0),06/03/26 23:00:00,Annual,Gross available energy,Solid fossil fuels,Gigawatt-hour,Belgium,2016,36816.636,,
ESTAT:NRG_BAL_C(1.0),06/03/26 23:00:00,Annual,Gross available energy,Solid fossil fuels,Gigawatt-hour,Belgium,2017,35703.485,,
ESTAT:NRG_BAL_C(1.0),06/03/26 23:00:00,Annual,Gross available energy,Solid fossil fuels,Gigawatt-hour,Belgium,2018,35826.162,,
ESTAT:NRG_BAL_C(1.0),06/03/26 23:00:00,Annual,Gross available energy,Solid fossil fuels,Gigawatt-hour,Belgium,2019,35478.985,,
ESTAT:NRG_BAL_C(1.0),06/03/26 23:00:00,Annual,Gross available energy,Solid fossil fuels,Gigawatt-hour,Belgium,2020,27502.504,,
ESTAT:NRG_BAL_C(1.0),06/03/26 23:00:00,Annual,Gross available energy,Solid fossil fuels,Gigawatt-hour,Belgium,2021,30282.238,,
ESTAT:NRG_BAL_C(1.0),06/03/26 23:00:00,Annual,Gross available energy,Solid fossil fuels,Gigawatt-hour,Belgium,2022,31837.096,,
ESTAT:NRG_BAL_C(1.0),06/03/26 23:00:00,Annual,Gross available energy,Solid fossil fuels,Gigawatt-hour,Belgium,2023,27300.743,,
ESTAT:NRG_BAL_C(1.0),06/03/26 23:00:00,Annual,Gross available energy,Solid fossil fuels,Gigawatt-hour,Belgium,2024,30580.317,,
ESTAT:NRG_BAL_C(1.0),06/03/26 23:00:00,Annual,Gross available energy,Solid fossil fuels,Gigawatt-hour,Bulgaria,2005,80431.249,,
ESTAT:NRG_BAL_C(1.0),06/03/26 23:00:00,Annual,Gross available energy,Solid fossil fuels,Gigawatt-hour,Bulgaria,2006,81180.774,,
ESTAT:NRG_BAL_C(1.0),06/03/26 23:00:00,Annual,Gross available energy,Solid fossil fuels,Gigawatt-hour,Bulgaria,2007,91691.414,,
ESTAT:NRG_BAL_C(1.0),06/03/26 23:00:00,Annual,Gross available energy,Solid fossil fuels,Gigawatt-hour,Bulgaria,2008,87051.092,,
ESTAT:NRG_BAL_C(1.0),06/03/26 23:00:00,Annual,Gross available energy,Solid fossil fuels,Gigawatt-hour,Bulgaria,2009,74616.445,,
ESTAT:NRG_BAL_C(1.0),06/03/26 23:00:00,Annual,Gross available energy,Solid fossil fuels,Gigawatt-hour,Bulgaria,2010,80691.234,,
ESTAT:NRG_BAL_C(1.0),06/03/26 23:00:00,Annual,Gross available energy,Solid fossil fuels,Gigawatt-hour,Bulgaria,2011,94129.493,,
ESTAT:NRG_BAL_C(1.0),06/03/26 23:00:00,Annual,Gross available energy,Solid fossil fuels,Gigawatt-hour,Bulgaria,2012,80421.453,,
ESTAT:NRG_BAL_C(1.0),06/03/26 23:00:00,Annual,Gross available energy,Solid fossil fuels,Gigawatt-hour,Bulgaria,2013,69159.230,,
ESTAT:NRG_BAL_C(1.0),06/03/26 23:00:00,Annual,Gross available energy,Solid fossil fuels,Gigawatt-hour,Bulgaria,2014,73935.161,,
ESTAT:NRG_BAL_C(1.0),06/03/26 23:00:00,Annual,Gross available energy,Solid fossil fuels,Gigawatt-hour,Bulgaria,2015,76844.103,,
ESTAT:NRG_BAL_C(1.0),06/03/26 23:00:00,Annual,Gross available energy,Solid fossil fuels,Gigawatt-hour,Bulgaria,2016,66274.580,,
ESTAT:NRG_BAL_C(1.0),06/03/26 23:00:00,Annual,Gross available energy,Solid fossil fuels,Gigawatt-hour,Bulgaria,2017,71207.706,,
ESTAT:NRG_BAL_C(1.0),06/03/26 23:00:00,Annual,Gross available energy,Solid fossil fuels,Gigawatt-hour,Bulgaria,2018,63876.660,,
ESTAT:NRG_BAL_C(1.0),06/03/26 23:00:00,Annual,Gross available energy,Solid fossil fuels,Gigawatt-hour,Bulgaria,2019,59050.854,,
ESTAT:NRG_BAL_C(1.0),06/03/26 23:00:00,Annual,Gross available energy,Solid fossil fuels,Gigawatt-hour,Bulgaria,2020,48382.338,,
ESTAT:NRG_BAL_C(1.0),06/03/26 23:00:00,Annual,Gross available energy,Solid fossil fuels,Gigawatt-hour,Bulgaria,2021,61336.381,,
ESTAT:NRG_BAL_C(1.0),06/03/26 23:00:00,Annual,Gross available energy,Solid fossil fuels,Gigawatt-hour,Bulgaria,2022,73013.067,,
ESTAT:NRG_BAL_C(1.0),06/03/26 23:00:00,Annual,Gross available energy,Solid fossil fuels,Gigawatt-hour,Bulgaria,2023,43201.518,,
ESTAT:NRG_BAL_C(1.0),06/03/26 23:00:00,Annual,Gross available energy,Solid fossil fuels,Gigawatt-hour,Bulgaria,2024,35806.411,,
ESTAT:NRG_BAL_C(1.0),06/03/26 23:00:00,Annual,Gross available energy,Solid fossil fuels,Gigawatt-hour,Cyprus,2005,414.853,,
ESTAT:NRG_BAL_C(1.0),06/03/26 23:00:00,Annual,Gross available energy,Solid fossil fuels,Gigawatt-hour,Cyprus,2006,451.364,,
ESTAT:NRG_BAL_C(1.0),06/03/26 23:00:00,Annual,Gross available energy,Solid fossil fuels,Gigawatt-hour,Cyprus,2007,387.450,,
ESTAT:NRG_BAL_C(1.0),06/03/26 23:00:00,Annual,Gross available energy,Solid fossil fuels,Gigawatt-hour,Cyprus,2008,326.439,,
ESTAT:NRG_BAL_C(1.0),06/03/26 23:00:00,Annual,Gross available energy,Solid fossil fuels,Gigawatt-hour,Cyprus,2009,169.322,,
ESTAT:NRG_BAL_C(1.0),06/03/26 23:00:00,Annual,Gross available energy,Solid fossil fuels,Gigawatt-hour,Cyprus,2010,195.139,,
ESTAT:NRG_BAL_C(1.0),06/03/26 23:00:00,Annual,Gross available energy,Solid fossil fuels,Gigawatt-hour,Cyprus,2011,86.762,,
ESTAT:NRG_BAL_C(1.0),06/03/26 23:00:00,Annual,Gross available energy,Solid fossil fuels,Gigawatt-hour,Cyprus,2012,1.439,,
ESTAT:NRG_BAL_C(1.0),06/03/26 23:00:00,Annual,Gross available energy,Solid fossil fuels,Gigawatt-hour,Cyprus,2013,1.439,,
ESTAT:NRG_BAL_C(1.0),06/03/26 23:00:00,Annual,Gross available energy,Solid fossil fuels,Gigawatt-hour,Cyprus,2014,25.790,,
ESTAT:NRG_BAL_C(1.0),06/03/26 23:00:00,Annual,Gross available energy,Solid fossil fuels,Gigawatt-hour,Cyprus,2015,42.792,,
ESTAT:NRG_BAL_C(1.0),06/03/26 23:00:00,Annual,Gross available energy,Solid fossil fuels,Gigawatt-hour,Cyprus,2016,0.000,,
ESTAT:NRG_BAL_C(1.0),06/03/26 23:00:00,Annual,Gross available energy,Solid fossil fuels,Gigawatt-hour,Cyprus,2017,34.655,,
ESTAT:NRG_BAL_C(1.0),06/03/26 23:00:00,Annual,Gross available energy,Solid fossil fuels,Gigawatt-hour,Cyprus,2018,158.329,,
ESTAT:NRG_BAL_C(1.0),06/03/26 23:00:00,Annual,Gross available energy,Solid fossil fuels,Gigawatt-hour,Cyprus,2019,200.024,,
ESTAT:NRG_BAL_C(1.0),06/03/26 23:00:00,Annual,Gross available energy,Solid fossil fuels,Gigawatt-hour,Cyprus,2020,162.872,,
ESTAT:NRG_BAL_C(1.0),06/03/26 23:00:00,Annual,Gross available energy,Solid fossil fuels,Gigawatt-hour,Cyprus,2021,466.416,,
ESTAT:NRG_BAL_C(1.0),06/03/26 23:00:00,Annual,Gross available energy,Solid fossil fuels,Gigawatt-hour,Cyprus,2022,355.795,,
ESTAT:NRG_BAL_C(1.0),06/03/26 23:00:00,Annual,Gross available energy,Solid fossil fuels,Gigawatt-hour,Cyprus,2023,318.577,,
ESTAT:NRG_BAL_C(1.0),06/03/26 23:00:00,Annual,Gross available energy,Solid fossil fuels,Gigawatt-hour,Cyprus,2024,147.632,,
ESTAT:NRG_BAL_C(1.0),06/03/26 23:00:00,Annual,Gross available energy,Solid fossil fuels,Gigawatt-hour,Czechia,2005,235380.780,,
ESTAT:NRG_BAL_C(1.0),06/03/26 23:00:00,Annual,Gross available energy,Solid fossil fuels,Gigawatt-hour,Czechia,2006,243541.828,,
ESTAT:NRG_BAL_C(1.0),06/03/26 23:00:00,Annual,Gross available energy,Solid fossil fuels,Gigawatt-hour,Czechia,2007,247290.615,,
ESTAT:NRG_BAL_C(1.0),06/03/26 23:00:00,Annual,Gross available energy,Solid fossil fuels,Gigawatt-hour,Czechia,2008,228848.485,,
ESTAT:NRG_BAL_C(1.0),06/03/26 23:00:00,Annual,Gross available energy,Solid fossil fuels,Gigawatt-hour,Czechia,2009,204785.904,,
ESTAT:NRG_BAL_C(1.0),06/03/26 23:00:00,Annual,Gross available energy,Solid fossil fuels,Gigawatt-hour,Czechia,2010,219190.321,,
ESTAT:NRG_BAL_C(1.0),06/03/26 23:00:00,Annual,Gross available energy,Solid fossil fuels,Gigawatt-hour,Czechia,2011,212838.430,,
ESTAT:NRG_BAL_C(1.0),06/03/26 23:00:00,Annual,Gross available energy,Solid fossil fuels,Gigawatt-hour,Czechia,2012,201002.605,,
ESTAT:NRG_BAL_C(1.0),06/03/26 23:00:00,Annual,Gross available energy,Solid fossil fuels,Gigawatt-hour,Czechia,2013,200923.005,,
ESTAT:NRG_BAL_C(1.0),06/03/26 23:00:00,Annual,Gross available energy,Solid fossil fuels,Gigawatt-hour,Czechia,2014,185755.248,,
ESTAT:NRG_BAL_C(1.0),06/03/26 23:00:00,Annual,Gross available energy,Solid fossil fuels,Gigawatt-hour,Czechia,2015,190669.319,,
ESTAT:NRG_BAL_C(1.0),06/03/26 23:00:00,Annual,Gross available energy,Solid fossil fuels,Gigawatt-hour,Czechia,2016,192521.677,,
ESTAT:NRG_BAL_C(1.0),06/03/26 23:00:00,Annual,Gross available energy,Solid fossil fuels,Gigawatt-hour,Czechia,2017,184191.607,,
ESTAT:NRG_BAL_C(1.0),06/03/26 23:00:00,Annual,Gross available energy,Solid fossil fuels,Gigawatt-hour,Czechia,2018,183931.762,,
ESTAT:NRG_BAL_C(1.0),06/03/26 23:00:00,Annual,Gross available energy,Solid fossil fuels,Gigawatt-hour,Czechia,2019,165050.373,,
ESTAT:NRG_BAL_C(1.0),06/03/26 23:00:00,Annual,Gross available energy,Solid fossil fuels,Gigawatt-hour,Czechia,2020,143029.252,,
ESTAT:NRG_BAL_C(1.0),06/03/26 23:00:00,Annual,Gross available energy,Solid fossil fuels,Gigawatt-hour,Czechia,2021,150113.591,,
ESTAT:NRG_BAL_C(1.0),06/03/26 23:00:00,Annual,Gross available energy,Solid fossil fuels,Gigawatt-hour,Czechia,2022,156478.901,,
ESTAT:NRG_BAL_C(1.0),06/03/26 23:00:00,Annual,Gross available energy,Solid fossil fuels,Gigawatt-hour,Czechia,2023,124696.868,,
ESTAT:NRG_BAL_C(1.0),06/03/26 23:00:00,Annual,Gross available energy,Solid fossil fuels,Gigawatt-hour,Czechia,2024,111509.274,,
ESTAT:NRG_BAL_C(1.0),06/03/26 23:00:00,Annual,Gross available energy,Solid fossil fuels,Gigawatt-hour,Germany,2005,951816.254,,
ESTAT:NRG_BAL_C(1.0),06/03/26 23:00:00,Annual,Gross available energy,Solid fossil fuels,Gigawatt-hour,Germany,2006,1001874.282,,
ESTAT:NRG_BAL_C(1.0),06/03/26 23:00:00,Annual,Gross available energy,Solid fossil fuels,Gigawatt-hour,Germany,2007,1001448.724,,
ESTAT:NRG_BAL_C(1.0),06/03/26 23:00:00,Annual,Gross available energy,Solid fossil fuels,Gigawatt-hour,Germany,2008,931656.150,,
ESTAT:NRG_BAL_C(1.0),06/03/26 23:00:00,Annual,Gross available energy,Solid fossil fuels,Gigawatt-hour,Germany,2009,838192.684,,
ESTAT:NRG_BAL_C(1.0),06/03/26 23:00:00,Annual,Gross available energy,Solid fossil fuels,Gigawatt-hour,Germany,2010,919650.714,,
ESTAT:NRG_BAL_C(1.0),06/03/26 23:00:00,Annual,Gross available energy,Solid fossil fuels,Gigawatt-hour,Germany,2011,906743.078,,
ESTAT:NRG_BAL_C(1.0),06/03/26 23:00:00,Annual,Gross available energy,Solid fossil fuels,Gigawatt-hour,Germany,2012,929453.701,,
ESTAT:NRG_BAL_C(1.0),06/03/26 23:00:00,Annual,Gross available energy,Solid fossil fuels,Gigawatt-hour,Germany,2013,948555.903,,
ESTAT:NRG_BAL_C(1.0),06/03/26 23:00:00,Annual,Gross available energy,Solid fossil fuels,Gigawatt-hour,Germany,2014,925803.274,,
ESTAT:NRG_BAL_C(1.0),06/03/26 23:00:00,Annual,Gross available energy,Solid fossil fuels,Gigawatt-hour,Germany,2015,923593.350,,
ESTAT:NRG_BAL_C(1.0),06/03/26 23:00:00,Annual,Gross available energy,Solid fossil fuels,Gigawatt-hour,Germany,2016,897031.618,,
ESTAT:NRG_BAL_C(1.0),06/03/26 23:00:00,Annual,Gross available energy,Solid fossil fuels,Gigawatt-hour,Germany,2017,829317.828,,
ESTAT:NRG_BAL_C(1.0),06/03/26 23:00:00,Annual,Gross available energy,Solid fossil fuels,Gigawatt-hour,Germany,2018,811058.673,,
ESTAT:NRG_BAL_C(1.0),06/03/26 23:00:00,Annual,Gross available energy,Solid fossil fuels,Gigawatt-hour,Germany,2019,656688.359,,
ESTAT:NRG_BAL_C(1.0),06/03/26 23:00:00,Annual,Gross available energy,Solid fossil fuels,Gigawatt-hour,Germany,2020,519337.671,,
ESTAT:NRG_BAL_C(1.0),06/03/26 23:00:00,Annual,Gross available energy,Solid fossil fuels,Gigawatt-hour,Germany,2021,627036.700,,
ESTAT:NRG_BAL_C(1.0),06/03/26 23:00:00,Annual,Gross available energy,Solid fossil fuels,Gigawatt-hour,Germany,2022,646886.425,,
ESTAT:NRG_BAL_C(1.0),06/03/26 23:00:00,Annual,Gross available energy,Solid fossil fuels,Gigawatt-hour,Germany,2023,487943.487,,
ESTAT:NRG_BAL_C(1.0),06/03/26 23:00:00,Annual,Gross available energy,Solid fossil fuels,Gigawatt-hour,Germany,2024,439250.628,,
ESTAT:NRG_BAL_C(1.0),06/03/26 23:00:00,Annual,Gross available energy,Solid fossil fuels,Gigawatt-hour,Denmark,2005,43192.308,,
ESTAT:NRG_BAL_C(1.0),06/03/26 23:00:00,Annual,Gross available energy,Solid fossil fuels,Gigawatt-hour,Denmark,2006,63697.534,,
ESTAT:NRG_BAL_C(1.0),06/03/26 23:00:00,Annual,Gross available energy,Solid fossil fuels,Gigawatt-hour,Denmark,2007,54098.988,,
ESTAT:NRG_BAL_C(1.0),06/03/26 23:00:00,Annual,Gross available energy,Solid fossil fuels,Gigawatt-hour,Denmark,2008,46588.208,,
ESTAT:NRG_BAL_C(1.0),06/03/26 23:00:00,Annual,Gross available energy,Solid fossil fuels,Gigawatt-hour,Denmark,2009,46560.363,,
ESTAT:NRG_BAL_C(1.0),06/03/26 23:00:00,Annual,Gross available energy,Solid fossil fuels,Gigawatt-hour,Denmark,2010,44297.983,,
ESTAT:NRG_BAL_C(1.0),06/03/26 23:00:00,Annual,Gross available energy,Solid fossil fuels,Gigawatt-hour,Denmark,2011,37616.944,,
ESTAT:NRG_BAL_C(1.0),06/03/26 23:00:00,Annual,Gross available energy,Solid fossil fuels,Gigawatt-hour,Denmark,2012,28700.094,,
ESTAT:NRG_BAL_C(1.0),06/03/26 23:00:00,Annual,Gross available energy,Solid fossil fuels,Gigawatt-hour,Denmark,2013,36908.328,,
ESTAT:NRG_BAL_C(1.0),06/03/26 23:00:00,Annual,Gross available energy,Solid fossil fuels,Gigawatt-hour,Denmark,2014,29466.583,,
ESTAT:NRG_BAL_C(1.0),06/03/26 23:00:00,Annual,Gross available energy,Solid fossil fuels,Gigawatt-hour,Denmark,2015,21139.269,,
ESTAT:NRG_BAL_C(1.0),06/03/26 23:00:00,Annual,Gross available energy,Solid fossil fuels,Gigawatt-hour,Denmark,2016,23315.516,,
ESTAT:NRG_BAL_C(1.0),06/03/26 23:00:00,Annual,Gross available energy,Solid fossil fuels,Gigawatt-hour,Denmark,2017,17861.906,,
ESTAT:NRG_BAL_C(1.0),06/03/26 23:00:00,Annual,Gross available energy,Solid fossil fuels,Gigawatt-hour,Denmark,2018,18520.525,,
ESTAT:NRG_BAL_C(1.0),06/03/26 23:00:00,Annual,Gross available energy,Solid fossil fuels,Gigawatt-hour,Denmark,2019,11268.613,,
ESTAT:NRG_BAL_C(1.0),06/03/26 23:00:00,Annual,Gross available energy,Solid fossil fuels,Gigawatt-hour,Denmark,2020,9533.273,,
ESTAT:NRG_BAL_C(1.0),06/03/26 23:00:00,Annual,Gross available energy,Solid fossil fuels,Gigawatt-hour,Denmark,2021,13025.799,,
ESTAT:NRG_BAL_C(1.0),06/03/26 23:00:00,Annual,Gross available energy,Solid fossil fuels,Gigawatt-hour,Denmark,2022,11865.840,,
ESTAT:NRG_BAL_C(1.0),06/03/26 23:00:00,Annual,Gross available energy,Solid fossil fuels,Gigawatt-hour,Denmark,2023,7736.236,,
ESTAT:NRG_BAL_C(1.0),06/03/26 23:00:00,Annual,Gross available energy,Solid fossil fuels,Gigawatt-hour,Denmark,2024,5166.192,,
ESTAT:NRG_BAL_C(1.0),06/03/26 23:00:00,Annual,Gross available energy,Solid fossil fuels,Gigawatt-hour,Estonia,2005,129.510,,
ESTAT:NRG_BAL_C(1.0),06/03/26 23:00:00,Annual,Gross available energy,Solid fossil fuels,Gigawatt-hour,Estonia,2006,266.783,,
ESTAT:NRG_BAL_C(1.0),06/03/26 23:00:00,Annual,Gross available energy,Solid fossil fuels,Gigawatt-hour,Estonia,2007,663.967,,
ESTAT:NRG_BAL_C(1.0),06/03/26 23:00:00,Annual,Gross available energy,Solid fossil fuels,Gigawatt-hour,Estonia,2008,703.923,,
ESTAT:NRG_BAL_C(1.0),06/03/26 23:00:00,Annual,Gross available energy,Solid fossil fuels,Gigawatt-hour,Estonia,2009,513.867,,
ESTAT:NRG_BAL_C(1.0),06/03/26 23:00:00,Annual,Gross available energy,Solid fossil fuels,Gigawatt-hour,Estonia,2010,278.421,,
ESTAT:NRG_BAL_C(1.0),06/03/26 23:00:00,Annual,Gross available energy,Solid fossil fuels,Gigawatt-hour,Estonia,2011,338.184,,
ESTAT:NRG_BAL_C(1.0),06/03/26 23:00:00,Annual,Gross available energy,Solid fossil fuels,Gigawatt-hour,Estonia,2012,284.517,,
ESTAT:NRG_BAL_C(1.0),06/03/26 23:00:00,Annual,Gross available energy,Solid fossil fuels,Gigawatt-hour,Estonia,2013,325.556,,
ESTAT:NRG_BAL_C(1.0),06/03/26 23:00:00,Annual,Gross available energy,Solid fossil fuels,Gigawatt-hour,Estonia,2014,390.557,,
ESTAT:NRG_BAL_C(1.0),06/03/26 23:00:00,Annual,Gross available energy,Solid fossil fuels,Gigawatt-hour,Estonia,2015,155.375,,
ESTAT:NRG_BAL_C(1.0),06/03/26 23:00:00,Annual,Gross available energy,Solid fossil fuels,Gigawatt-hour,Estonia,2016,100.708,,
ESTAT:NRG_BAL_C(1.0),06/03/26 23:00:00,Annual,Gross available energy,Solid fossil fuels,Gigawatt-hour,Estonia,2017,142.917,,
ESTAT:NRG_BAL_C(1.0),06/03/26 23:00:00,Annual,Gross available energy,Solid fossil fuels,Gigawatt-hour,Estonia,2018,194.722,,
ESTAT:NRG_BAL_C(1.0),06/03/26 23:00:00,Annual,Gross available energy,Solid fossil fuels,Gigawatt-hour,Estonia,2019,164.321,,
ESTAT:NRG_BAL_C(1.0),06/03/26 23:00:00,Annual,Gross available energy,Solid fossil fuels,Gigawatt-hour,Estonia,2020,-31.698,,
ESTAT:NRG_BAL_C(1.0),06/03/26 23:00:00,Annual,Gross available energy,Solid fossil fuels,Gigawatt-hour,Estonia,2021,-104.478,,
ESTAT:NRG_BAL_C(1.0),06/03/26 23:00:00,Annual,Gross available energy,Solid fossil fuels,Gigawatt-hour,Estonia,2022,-52.842,,
ESTAT:NRG_BAL_C(1.0),06/03/26 23:00:00,Annual,Gross available energy,Solid fossil fuels,Gigawatt-hour,Estonia,2023,-4.786,,
ESTAT:NRG_BAL_C(1.0),06/03/26 23:00:00,Annual,Gross available energy,Solid fossil fuels,Gigawatt-hour,Estonia,2024,5.542,,
ESTAT:NRG_BAL_C(1.0),06/03/26 23:00:00,Annual,Gross available energy,Solid fossil fuels,Gigawatt-hour,Greece,2005,104117.431,,
ESTAT:NRG_BAL_C(1.0),06/03/26 23:00:00,Annual,Gross available energy,Solid fossil fuels,Gigawatt-hour,Greece,2006,98010.594,,
ESTAT:NRG_BAL_C(1.0),06/03/26 23:00:00,Annual,Gross available energy,Solid fossil fuels,Gigawatt-hour,Greece,2007,102762.544,,
ESTAT:NRG_BAL_C(1.0),06/03/26 23:00:00,Annual,Gross available energy,Solid fossil fuels,Gigawatt-hour,Greece,2008,96779.576,,
ESTAT:NRG_BAL_C(1.0),06/03/26 23:00:00,Annual,Gross available energy,Solid fossil fuels,Gigawatt-hour,Greece,2009,97985.735,,
ESTAT:NRG_BAL_C(1.0),06/03/26 23:00:00,Annual,Gross available energy,Solid fossil fuels,Gigawatt-hour,Greece,2010,91447.074,,
ESTAT:NRG_BAL_C(1.0),06/03/26 23:00:00,Annual,Gross available energy,Solid fossil fuels,Gigawatt-hour,Greece,2011,91724.183,,
ESTAT:NRG_BAL_C(1.0),06/03/26 23:00:00,Annual,Gross available energy,Solid fossil fuels,Gigawatt-hour,Greece,2012,94608.216,,
ESTAT:NRG_BAL_C(1.0),06/03/26 23:00:00,Annual,Gross available energy,Solid fossil fuels,Gigawatt-hour,Greece,2013,81189.074,,
ESTAT:NRG_BAL_C(1.0),06/03/26 23:00:00,Annual,Gross available energy,Solid fossil fuels,Gigawatt-hour,Greece,2014,77770.770,,
ESTAT:NRG_BAL_C(1.0),06/03/26 23:00:00,Annual,Gross available energy,Solid fossil fuels,Gigawatt-hour,Greece,2015,65202.124,,
ESTAT:NRG_BAL_C(1.0),06/03/26 23:00:00,Annual,Gross available energy,Solid fossil fuels,Gigawatt-hour,Greece,2016,50817.102,,
ESTAT:NRG_BAL_C(1.0),06/03/26 23:00:00,Annual,Gross available energy,Solid fossil fuels,Gigawatt-hour,Greece,2017,56017.469,,
ESTAT:NRG_BAL_C(1.0),06/03/26 23:00:00,Annual,Gross available energy,Solid fossil fuels,Gigawatt-hour,Greece,2018,53080.120,,
ESTAT:NRG_BAL_C(1.0),06/03/26 23:00:00,Annual,Gross available energy,Solid fossil fuels,Gigawatt-hour,Greece,2019,37170.504,,
ESTAT:NRG_BAL_C(1.0),06/03/26 23:00:00,Annual,Gross available energy,Solid fossil fuels,Gigawatt-hour,Greece,2020,21293.600,,
ESTAT:NRG_BAL_C(1.0),06/03/26 23:00:00,Annual,Gross available energy,Solid fossil fuels,Gigawatt-hour,Greece,2021,19898.021,,
ESTAT:NRG_BAL_C(1.0),06/03/26 23:00:00,Annual,Gross available energy,Solid fossil fuels,Gigawatt-hour,Greece,2022,18171.522,,
ESTAT:NRG_BAL_C(1.0),06/03/26 23:00:00,Annual,Gross available energy,Solid fossil fuels,Gigawatt-hour,Greece,2023,13712.914,,
ESTAT:NRG_BAL_C(1.0),06/03/26 23:00:00,Annual,Gross available energy,Solid fossil fuels,Gigawatt-hour,Greece,2024,9370.292,,
ESTAT:NRG_BAL_C(1.0),06/03/26 23:00:00,Annual,Gross available energy,Solid fossil fuels,Gigawatt-hour,Spain,2005,238608.311,,
ESTAT:NRG_BAL_C(1.0),06/03/26 23:00:00,Annual,Gross available energy,Solid fossil fuels,Gigawatt-hour,Spain,2006,208306.729,,
ESTAT:NRG_BAL_C(1.0),06/03/26 23:00:00,Annual,Gross available energy,Solid fossil fuels,Gigawatt-hour,Spain,2007,233070.911,,
ESTAT:NRG_BAL_C(1.0),06/03/26 23:00:00,Annual,Gross available energy,Solid fossil fuels,Gigawatt-hour,Spain,2008,157082.084,,
ESTAT:NRG_BAL_C(1.0),06/03/26 23:00:00,Annual,Gross available energy,Solid fossil fuels,Gigawatt-hour,Spain,2009,112406.597,,
ESTAT:NRG_BAL_C(1.0),06/03/26 23:00:00,Annual,Gross available energy,Solid fossil fuels,Gigawatt-hour,Spain,2010,84679.097,,
ESTAT:NRG_BAL_C(1.0),06/03/26 23:00:00,Annual,Gross available energy,Solid fossil fuels,Gigawatt-hour,Spain,2011,147888.755,,
ESTAT:NRG_BAL_C(1.0),06/03/26 23:00:00,Annual,Gross available energy,Solid fossil fuels,Gigawatt-hour,Spain,2012,180482.984,,
ESTAT:NRG_BAL_C(1.0),06/03/26 23:00:00,Annual,Gross available energy,Solid fossil fuels,Gigawatt-hour,Spain,2013,133137.021,,
ESTAT:NRG_BAL_C(1.0),06/03/26 23:00:00,Annual,Gross available energy,Solid fossil fuels,Gigawatt-hour,Spain,2014,134537.761,,
ESTAT:NRG_BAL_C(1.0),06/03/26 23:00:00,Annual,Gross available energy,Solid fossil fuels,Gigawatt-hour,Spain,2015,157972.563,,
ESTAT:NRG_BAL_C(1.0),06/03/26 23:00:00,Annual,Gross available energy,Solid fossil fuels,Gigawatt-hour,Spain,2016,126022.758,,
ESTAT:NRG_BAL_C(1.0),06/03/26 23:00:00,Annual,Gross available energy,Solid fossil fuels,Gigawatt-hour,Spain,2017,150118.819,,
ESTAT:NRG_BAL_C(1.0),06/03/26 23:00:00,Annual,Gross available energy,Solid fossil fuels,Gigawatt-hour,Spain,2018,133999.683,,
ESTAT:NRG_BAL_C(1.0),06/03/26 23:00:00,Annual,Gross available energy,Solid fossil fuels,Gigawatt-hour,Spain,2019,58984.402,,
ESTAT:NRG_BAL_C(1.0),06/03/26 23:00:00,Annual,Gross available energy,Solid fossil fuels,Gigawatt-hour,Spain,2020,36051.186,,
ESTAT:NRG_BAL_C(1.0),06/03/26 23:00:00,Annual,Gross available energy,Solid fossil fuels,Gigawatt-hour,Spain,2021,37314.299,,
ESTAT:NRG_BAL_C(1.0),06/03/26 23:00:00,Annual,Gross available energy,Solid fossil fuels,Gigawatt-hour,Spain,2022,41929.010,,
ESTAT:NRG_BAL_C(1.0),06/03/26 23:00:00,Annual,Gross available energy,Solid fossil fuels,Gigawatt-hour,Spain,2023,32194.524,,
ESTAT:NRG_BAL_C(1.0),06/03/26 23:00:00,Annual,Gross available energy,Solid fossil fuels,Gigawatt-hour,Spain,2024,28726.387,,
ESTAT:NRG_BAL_C(1.0),06/03/26 23:00:00,Annual,Gross available energy,Solid fossil fuels,Gigawatt-hour,Finland,2005,37936.506,,
ESTAT:NRG_BAL_C(1.0),06/03/26 23:00:00,Annual,Gross available energy,Solid fossil fuels,Gigawatt-hour,Finland,2006,59231.139,,
ESTAT:NRG_BAL_C(1.0),06/03/26 23:00:00,Annual,Gross available energy,Solid fossil fuels,Gigawatt-hour,Finland,2007,55240.839,,
ESTAT:NRG_BAL_C(1.0),06/03/26 23:00:00,Annual,Gross available energy,Solid fossil fuels,Gigawatt-hour,Finland,2008,39154.703,,
ESTAT:NRG_BAL_C(1.0),06/03/26 23:00:00,Annual,Gross available energy,Solid fossil fuels,Gigawatt-hour,Finland,2009,41121.363,,
ESTAT:NRG_BAL_C(1.0),06/03/26 23:00:00,Annual,Gross available energy,Solid fossil fuels,Gigawatt-hour,Finland,2010,53344.284,,
ESTAT:NRG_BAL_C(1.0),06/03/26 23:00:00,Annual,Gross available energy,Solid fossil fuels,Gigawatt-hour,Finland,2011,45918.510,,
ESTAT:NRG_BAL_C(1.0),06/03/26 23:00:00,Annual,Gross available energy,Solid fossil fuels,Gigawatt-hour,Finland,2012,34831.721,,
ESTAT:NRG_BAL_C(1.0),06/03/26 23:00:00,Annual,Gross available energy,Solid fossil fuels,Gigawatt-hour,Finland,2013,44052.140,,
ESTAT:NRG_BAL_C(1.0),06/03/26 23:00:00,Annual,Gross available energy,Solid fossil fuels,Gigawatt-hour,Finland,2014,35711.379,,
ESTAT:NRG_BAL_C(1.0),06/03/26 23:00:00,Annual,Gross available energy,Solid fossil fuels,Gigawatt-hour,Finland,2015,31814.148,,
ESTAT:NRG_BAL_C(1.0),06/03/26 23:00:00,Annual,Gross available energy,Solid fossil fuels,Gigawatt-hour,Finland,2016,34379.543,,
ESTAT:NRG_BAL_C(1.0),06/03/26 23:00:00,Annual,Gross available energy,Solid fossil fuels,Gigawatt-hour,Finland,2017,32984.604,,
ESTAT:NRG_BAL_C(1.0),06/03/26 23:00:00,Annual,Gross available energy,Solid fossil fuels,Gigawatt-hour,Finland,2018,31813.174,,
ESTAT:NRG_BAL_C(1.0),06/03/26 23:00:00,Annual,Gross available energy,Solid fossil fuels,Gigawatt-hour,Finland,2019,24755.268,,
ESTAT:NRG_BAL_C(1.0),06/03/26 23:00:00,Annual,Gross available energy,Solid fossil fuels,Gigawatt-hour,Finland,2020,21383.191,,
ESTAT:NRG_BAL_C(1.0),06/03/26 23:00:00,Annual,Gross available energy,Solid fossil fuels,Gigawatt-hour,Finland,2021,24144.182,,
ESTAT:NRG_BAL_C(1.0),06/03/26 23:00:00,Annual,Gross available energy,Solid fossil fuels,Gigawatt-hour,Finland,2022,25039.323,,
ESTAT:NRG_BAL_C(1.0),06/03/26 23:00:00,Annual,Gross available energy,Solid fossil fuels,Gigawatt-hour,Finland,2023,19945.704,,
ESTAT:NRG_BAL_C(1.0),06/03/26 23:00:00,Annual,Gross available energy,Solid fossil fuels,Gigawatt-hour,Finland,2024,16019.197,,
ESTAT:NRG_BAL_C(1.0),06/03/26 23:00:00,Annual,Gross available energy,Solid fossil fuels,Gigawatt-hour,France,2005,164620.278,,
ESTAT:NRG_BAL_C(1.0),06/03/26 23:00:00,Annual,Gross available energy,Solid fossil fuels,Gigawatt-hour,France,2006,151827.222,,
ESTAT:NRG_BAL_C(1.0),06/03/26 23:00:00,Annual,Gross available energy,Solid fossil fuels,Gigawatt-hour,France,2007,156947.500,,
ESTAT:NRG_BAL_C(1.0),06/03/26 23:00:00,Annual,Gross available energy,Solid fossil fuels,Gigawatt-hour,France,2008,148411.111,,
ESTAT:NRG_BAL_C(1.0),06/03/26 23:00:00,Annual,Gross available energy,Solid fossil fuels,Gigawatt-hour,France,2009,129288.611,,
ESTAT:NRG_BAL_C(1.0),06/03/26 23:00:00,Annual,Gross available energy,Solid fossil fuels,Gigawatt-hour,France,2010,139119.444,,
ESTAT:NRG_BAL_C(1.0),06/03/26 23:00:00,Annual,Gross available energy,Solid fossil fuels,Gigawatt-hour,France,2011,131177.828,,
ESTAT:NRG_BAL_C(1.0),06/03/26 23:00:00,Annual,Gross available energy,Solid fossil fuels,Gigawatt-hour,France,2012,145685.346,,
ESTAT:NRG_BAL_C(1.0),06/03/26 23:00:00,Annual,Gross available energy,Solid fossil fuels,Gigawatt-hour,France,2013,154036.629,,
ESTAT:NRG_BAL_C(1.0),06/03/26 23:00:00,Annual,Gross available energy,Solid fossil fuels,Gigawatt-hour,France,2014,114504.883,,
ESTAT:NRG_BAL_C(1.0),06/03/26 23:00:00,Annual,Gross available energy,Solid fossil fuels,Gigawatt-hour,France,2015,108470.040,,
ESTAT:NRG_BAL_C(1.0),06/03/26 23:00:00,Annual,Gross available energy,Solid fossil fuels,Gigawatt-hour,France,2016,105968.360,,
ESTAT:NRG_BAL_C(1.0),06/03/26 23:00:00,Annual,Gross available energy,Solid fossil fuels,Gigawatt-hour,France,2017,115387.063,,
ESTAT:NRG_BAL_C(1.0),06/03/26 23:00:00,Annual,Gross available energy,Solid fossil fuels,Gigawatt-hour,France,2018,106206.598,,
ESTAT:NRG_BAL_C(1.0),06/03/26 23:00:00,Annual,Gross available energy,Solid fossil fuels,Gigawatt-hour,France,2019,85231.388,,
ESTAT:NRG_BAL_C(1.0),06/03/26 23:00:00,Annual,Gross available energy,Solid fossil fuels,Gigawatt-hour,France,2020,61626.136,,
ESTAT:NRG_BAL_C(1.0),06/03/26 23:00:00,Annual,Gross available energy,Solid fossil fuels,Gigawatt-hour,France,2021,98472.618,,
ESTAT:NRG_BAL_C(1.0),06/03/26 23:00:00,Annual,Gross available energy,Solid fossil fuels,Gigawatt-hour,France,2022,86770.439,,
ESTAT:NRG_BAL_C(1.0),06/03/26 23:00:00,Annual,Gross available energy,Solid fossil fuels,Gigawatt-hour,France,2023,69769.455,,
ESTAT:NRG_BAL_C(1.0),06/03/26 23:00:00,Annual,Gross available energy,Solid fossil fuels,Gigawatt-hour,France,2024,62302.644,,
ESTAT:NRG_BAL_C(1.0),06/03/26 23:00:00,Annual,Gross available energy,Solid fossil fuels,Gigawatt-hour,Croatia,2005,7950.154,,
ESTAT:NRG_BAL_C(1.0),06/03/26 23:00:00,Annual,Gross available energy,Solid fossil fuels,Gigawatt-hour,Croatia,2006,7380.738,,
ESTAT:NRG_BAL_C(1.0),06/03/26 23:00:00,Annual,Gross available energy,Solid fossil fuels,Gigawatt-hour,Croatia,2007,8015.021,,
ESTAT:NRG_BAL_C(1.0),06/03/26 23:00:00,Annual,Gross available energy,Solid fossil fuels,Gigawatt-hour,Croatia,2008,8247.308,,
ESTAT:NRG_BAL_C(1.0),06/03/26 23:00:00,Annual,Gross available energy,Solid fossil fuels,Gigawatt-hour,Croatia,2009,5891.389,,
ESTAT:NRG_BAL_C(1.0),06/03/26 23:00:00,Annual,Gross available energy,Solid fossil fuels,Gigawatt-hour,Croatia,2010,7936.905,,
ESTAT:NRG_BAL_C(1.0),06/03/26 23:00:00,Annual,Gross available energy,Solid fossil fuels,Gigawatt-hour,Croatia,2011,8174.092,,
ESTAT:NRG_BAL_C(1.0),06/03/26 23:00:00,Annual,Gross available energy,Solid fossil fuels,Gigawatt-hour,Croatia,2012,7344.987,,
ESTAT:NRG_BAL_C(1.0),06/03/26 23:00:00,Annual,Gross available energy,Solid fossil fuels,Gigawatt-hour,Croatia,2013,7847.507,,
ESTAT:NRG_BAL_C(1.0),06/03/26 23:00:00,Annual,Gross available energy,Solid fossil fuels,Gigawatt-hour,Croatia,2014,7521.744,,
ESTAT:NRG_BAL_C(1.0),06/03/26 23:00:00,Annual,Gross available energy,Solid fossil fuels,Gigawatt-hour,Croatia,2015,7040.362,,
ESTAT:NRG_BAL_C(1.0),06/03/26 23:00:00,Annual,Gross available energy,Solid fossil fuels,Gigawatt-hour,Croatia,2016,7572.888,,
ESTAT:NRG_BAL_C(1.0),06/03/26 23:00:00,Annual,Gross available energy,Solid fossil fuels,Gigawatt-hour,Croatia,2017,4562.851,,
ESTAT:NRG_BAL_C(1.0),06/03/26 23:00:00,Annual,Gross available energy,Solid fossil fuels,Gigawatt-hour,Croatia,2018,4260.713,,
ESTAT:NRG_BAL_C(1.0),06/03/26 23:00:00,Annual,Gross available energy,Solid fossil fuels,Gigawatt-hour,Croatia,2019,4866.355,,
ESTAT:NRG_BAL_C(1.0),06/03/26 23:00:00,Annual,Gross available energy,Solid fossil fuels,Gigawatt-hour,Croatia,2020,4200.654,,
ESTAT:NRG_BAL_C(1.0),06/03/26 23:00:00,Annual,Gross available energy,Solid fossil fuels,Gigawatt-hour,Croatia,2021,4830.347,,
ESTAT:NRG_BAL_C(1.0),06/03/26 23:00:00,Annual,Gross available energy,Solid fossil fuels,Gigawatt-hour,Croatia,2022,4727.461,,
ESTAT:NRG_BAL_C(1.0),06/03/26 23:00:00,Annual,Gross available energy,Solid fossil fuels,Gigawatt-hour,Croatia,2023,4019.561,,
ESTAT:NRG_BAL_C(1.0),06/03/26 23:00:00,Annual,Gross available energy,Solid fossil fuels,Gigawatt-hour,Croatia,2024,2727.500,,
ESTAT:NRG_BAL_C(1.0),06/03/26 23:00:00,Annual,Gross available energy,Solid fossil fuels,Gigawatt-hour,Hungary,2005,35705.708,,
ESTAT:NRG_BAL_C(1.0),06/03/26 23:00:00,Annual,Gross available energy,Solid fossil fuels,Gigawatt-hour,Hungary,2006,35772.953,,
ESTAT:NRG_BAL_C(1.0),06/03/26 23:00:00,Annual,Gross available energy,Solid fossil fuels,Gigawatt-hour,Hungary,2007,36384.889,,
ESTAT:NRG_BAL_C(1.0),06/03/26 23:00:00,Annual,Gross available energy,Solid fossil fuels,Gigawatt-hour,Hungary,2008,35331.799,,
ESTAT:NRG_BAL_C(1.0),06/03/26 23:00:00,Annual,Gross available energy,Solid fossil fuels,Gigawatt-hour,Hungary,2009,29769.222,,
ESTAT:NRG_BAL_C(1.0),06/03/26 23:00:00,Annual,Gross available energy,Solid fossil fuels,Gigawatt-hour,Hungary,2010,31439.553,,
ESTAT:NRG_BAL_C(1.0),06/03/26 23:00:00,Annual,Gross available energy,Solid fossil fuels,Gigawatt-hour,Hungary,2011,31499.002,,
ESTAT:NRG_BAL_C(1.0),06/03/26 23:00:00,Annual,Gross available energy,Solid fossil fuels,Gigawatt-hour,Hungary,2012,30287.744,,
ESTAT:NRG_BAL_C(1.0),06/03/26 23:00:00,Annual,Gross available energy,Solid fossil fuels,Gigawatt-hour,Hungary,2013,26353.432,,
ESTAT:NRG_BAL_C(1.0),06/03/26 23:00:00,Annual,Gross available energy,Solid fossil fuels,Gigawatt-hour,Hungary,2014,25688.193,,
ESTAT:NRG_BAL_C(1.0),06/03/26 23:00:00,Annual,Gross available energy,Solid fossil fuels,Gigawatt-hour,Hungary,2015,27439.660,,
ESTAT:NRG_BAL_C(1.0),06/03/26 23:00:00,Annual,Gross available energy,Solid fossil fuels,Gigawatt-hour,Hungary,2016,25460.489,,
ESTAT:NRG_BAL_C(1.0),06/03/26 23:00:00,Annual,Gross available energy,Solid fossil fuels,Gigawatt-hour,Hungary,2017,25993.399,,
ESTAT:NRG_BAL_C(1.0),06/03/26 23:00:00,Annual,Gross available energy,Solid fossil fuels,Gigawatt-hour,Hungary,2018,24811.681,,
ESTAT:NRG_BAL_C(1.0),06/03/26 23:00:00,Annual,Gross available energy,Solid fossil fuels,Gigawatt-hour,Hungary,2019,21274.780,,
ESTAT:NRG_BAL_C(1.0),06/03/26 23:00:00,Annual,Gross available energy,Solid fossil fuels,Gigawatt-hour,Hungary,2020,19573.342,,
ESTAT:NRG_BAL_C(1.0),06/03/26 23:00:00,Annual,Gross available energy,Solid fossil fuels,Gigawatt-hour,Hungary,2021,15955.196,,
ESTAT:NRG_BAL_C(1.0),06/03/26 23:00:00,Annual,Gross available energy,Solid fossil fuels,Gigawatt-hour,Hungary,2022,14444.035,,
ESTAT:NRG_BAL_C(1.0),06/03/26 23:00:00,Annual,Gross available energy,Solid fossil fuels,Gigawatt-hour,Hungary,2023,10433.083,,
ESTAT:NRG_BAL_C(1.0),06/03/26 23:00:00,Annual,Gross available energy,Solid fossil fuels,Gigawatt-hour,Hungary,2024,8648.564,,
ESTAT:NRG_BAL_C(1.0),06/03/26 23:00:00,Annual,Gross available energy,Solid fossil fuels,Gigawatt-hour,Ireland,2005,21888.110,,
ESTAT:NRG_BAL_C(1.0),06/03/26 23:00:00,Annual,Gross available energy,Solid fossil fuels,Gigawatt-hour,Ireland,2006,18971.537,,
ESTAT:NRG_BAL_C(1.0),06/03/26 23:00:00,Annual,Gross available energy,Solid fossil fuels,Gigawatt-hour,Ireland,2007,18601.835,,
ESTAT:NRG_BAL_C(1.0),06/03/26 23:00:00,Annual,Gross available energy,Solid fossil fuels,Gigawatt-hour,Ireland,2008,16399.119,,
ESTAT:NRG_BAL_C(1.0),06/03/26 23:00:00,Annual,Gross available energy,Solid fossil fuels,Gigawatt-hour,Ireland,2009,13326.173,,
ESTAT:NRG_BAL_C(1.0),06/03/26 23:00:00,Annual,Gross available energy,Solid fossil fuels,Gigawatt-hour,Ireland,2010,14348.479,,
ESTAT:NRG_BAL_C(1.0),06/03/26 23:00:00,Annual,Gross available energy,Solid fossil fuels,Gigawatt-hour,Ireland,2011,14234.671,,
ESTAT:NRG_BAL_C(1.0),06/03/26 23:00:00,Annual,Gross available energy,Solid fossil fuels,Gigawatt-hour,Ireland,2012,17277.374,,
ESTAT:NRG_BAL_C(1.0),06/03/26 23:00:00,Annual,Gross available energy,Solid fossil fuels,Gigawatt-hour,Ireland,2013,15202.072,,
ESTAT:NRG_BAL_C(1.0),06/03/26 23:00:00,Annual,Gross available energy,Solid fossil fuels,Gigawatt-hour,Ireland,2014,14529.307,,
ESTAT:NRG_BAL_C(1.0),06/03/26 23:00:00,Annual,Gross available energy,Solid fossil fuels,Gigawatt-hour,Ireland,2015,17050.428,,
ESTAT:NRG_BAL_C(1.0),06/03/26 23:00:00,Annual,Gross available energy,Solid fossil fuels,Gigawatt-hour,Ireland,2016,16861.860,,
ESTAT:NRG_BAL_C(1.0),06/03/26 23:00:00,Annual,Gross available energy,Solid fossil fuels,Gigawatt-hour,Ireland,2017,13337.220,,
ESTAT:NRG_BAL_C(1.0),06/03/26 23:00:00,Annual,Gross available energy,Solid fossil fuels,Gigawatt-hour,Ireland,2018,9167.942,,
ESTAT:NRG_BAL_C(1.0),06/03/26 23:00:00,Annual,Gross available energy,Solid fossil fuels,Gigawatt-hour,Ireland,2019,4507.588,,
ESTAT:NRG_BAL_C(1.0),06/03/26 23:00:00,Annual,Gross available energy,Solid fossil fuels,Gigawatt-hour,Ireland,2020,5209.010,,
ESTAT:NRG_BAL_C(1.0),06/03/26 23:00:00,Annual,Gross available energy,Solid fossil fuels,Gigawatt-hour,Ireland,2021,10633.204,,
ESTAT:NRG_BAL_C(1.0),06/03/26 23:00:00,Annual,Gross available energy,Solid fossil fuels,Gigawatt-hour,Ireland,2022,8457.579,,
ESTAT:NRG_BAL_C(1.0),06/03/26 23:00:00,Annual,Gross available energy,Solid fossil fuels,Gigawatt-hour,Ireland,2023,5103.510,,
ESTAT:NRG_BAL_C(1.0),06/03/26 23:00:00,Annual,Gross available energy,Solid fossil fuels,Gigawatt-hour,Ireland,2024,3359.459,,
ESTAT:NRG_BAL_C(1.0),06/03/26 23:00:00,Annual,Gross available energy,Solid fossil fuels,Gigawatt-hour,Italy,2005,191533.537,,
ESTAT:NRG_BAL_C(1.0),06/03/26 23:00:00,Annual,Gross available energy,Solid fossil fuels,Gigawatt-hour,Italy,2006,193911.251,,
ESTAT:NRG_BAL_C(1.0),06/03/26 23:00:00,Annual,Gross available energy,Solid fossil fuels,Gigawatt-hour,Italy,2007,189892.568,,
ESTAT:NRG_BAL_C(1.0),06/03/26 23:00:00,Annual,Gross available energy,Solid fossil fuels,Gigawatt-hour,Italy,2008,183735.550,,
ESTAT:NRG_BAL_C(1.0),06/03/26 23:00:00,Annual,Gross available energy,Solid fossil fuels,Gigawatt-hour,Italy,2009,143843.744,,
ESTAT:NRG_BAL_C(1.0),06/03/26 23:00:00,Annual,Gross available energy,Solid fossil fuels,Gigawatt-hour,Italy,2010,159028.402,,
ESTAT:NRG_BAL_C(1.0),06/03/26 23:00:00,Annual,Gross available energy,Solid fossil fuels,Gigawatt-hour,Italy,2011,178303.879,,
ESTAT:NRG_BAL_C(1.0),06/03/26 23:00:00,Annual,Gross available energy,Solid fossil fuels,Gigawatt-hour,Italy,2012,182761.280,,
ESTAT:NRG_BAL_C(1.0),06/03/26 23:00:00,Annual,Gross available energy,Solid fossil fuels,Gigawatt-hour,Italy,2013,157425.781,,
ESTAT:NRG_BAL_C(1.0),06/03/26 23:00:00,Annual,Gross available energy,Solid fossil fuels,Gigawatt-hour,Italy,2014,151874.176,,
ESTAT:NRG_BAL_C(1.0),06/03/26 23:00:00,Annual,Gross available energy,Solid fossil fuels,Gigawatt-hour,Italy,2015,143045.278,,
ESTAT:NRG_BAL_C(1.0),06/03/26 23:00:00,Annual,Gross available energy,Solid fossil fuels,Gigawatt-hour,Italy,2016,127732.320,,
ESTAT:NRG_BAL_C(1.0),06/03/26 23:00:00,Annual,Gross available energy,Solid fossil fuels,Gigawatt-hour,Italy,2017,108645.096,,
ESTAT:NRG_BAL_C(1.0),06/03/26 23:00:00,Annual,Gross available energy,Solid fossil fuels,Gigawatt-hour,Italy,2018,99298.817,,
ESTAT:NRG_BAL_C(1.0),06/03/26 23:00:00,Annual,Gross available energy,Solid fossil fuels,Gigawatt-hour,Italy,2019,75366.699,,
ESTAT:NRG_BAL_C(1.0),06/03/26 23:00:00,Annual,Gross available energy,Solid fossil fuels,Gigawatt-hour,Italy,2020,59249.607,,
ESTAT:NRG_BAL_C(1.0),06/03/26 23:00:00,Annual,Gross available energy,Solid fossil fuels,Gigawatt-hour,Italy,2021,64403.831,,
ESTAT:NRG_BAL_C(1.0),06/03/26 23:00:00,Annual,Gross available energy,Solid fossil fuels,Gigawatt-hour,Italy,2022,86184.514,,
ESTAT:NRG_BAL_C(1.0),06/03/26 23:00:00,Annual,Gross available energy,Solid fossil fuels,Gigawatt-hour,Italy,2023,56014.673,,
ESTAT:NRG_BAL_C(1.0),06/03/26 23:00:00,Annual,Gross available energy,Solid fossil fuels,Gigawatt-hour,Italy,2024,26784.201,,
ESTAT:NRG_BAL_C(1.0),06/03/26 23:00:00,Annual,Gross available energy,Solid fossil fuels,Gigawatt-hour,Lithuania,2005,1951.222,,
ESTAT:NRG_BAL_C(1.0),06/03/26 23:00:00,Annual,Gross available energy,Solid fossil fuels,Gigawatt-hour,Lithuania,2006,2709.788,,
ESTAT:NRG_BAL_C(1.0),06/03/26 23:00:00,Annual,Gross available energy,Solid fossil fuels,Gigawatt-hour,Lithuania,2007,2586.336,,
ESTAT:NRG_BAL_C(1.0),06/03/26 23:00:00,Annual,Gross available energy,Solid fossil fuels,Gigawatt-hour,Lithuania,2008,2203.278,,
ESTAT:NRG_BAL_C(1.0),06/03/26 23:00:00,Annual,Gross available energy,Solid fossil fuels,Gigawatt-hour,Lithuania,2009,1683.563,,
ESTAT:NRG_BAL_C(1.0),06/03/26 23:00:00,Annual,Gross available energy,Solid fossil fuels,Gigawatt-hour,Lithuania,2010,2116.668,,
ESTAT:NRG_BAL_C(1.0),06/03/26 23:00:00,Annual,Gross available energy,Solid fossil fuels,Gigawatt-hour,Lithuania,2011,2447.067,,
ESTAT:NRG_BAL_C(1.0),06/03/26 23:00:00,Annual,Gross available energy,Solid fossil fuels,Gigawatt-hour,Lithuania,2012,2327.950,,
ESTAT:NRG_BAL_C(1.0),06/03/26 23:00:00,Annual,Gross available energy,Solid fossil fuels,Gigawatt-hour,Lithuania,2013,2640.785,,
ESTAT:NRG_BAL_C(1.0),06/03/26 23:00:00,Annual,Gross available energy,Solid fossil fuels,Gigawatt-hour,Lithuania,2014,2278.707,,
ESTAT:NRG_BAL_C(1.0),06/03/26 23:00:00,Annual,Gross available energy,Solid fossil fuels,Gigawatt-hour,Lithuania,2015,1864.206,,
ESTAT:NRG_BAL_C(1.0),06/03/26 23:00:00,Annual,Gross available energy,Solid fossil fuels,Gigawatt-hour,Lithuania,2016,1853.063,,
ESTAT:NRG_BAL_C(1.0),06/03/26 23:00:00,Annual,Gross available energy,Solid fossil fuels,Gigawatt-hour,Lithuania,2017,1898.121,,
ESTAT:NRG_BAL_C(1.0),06/03/26 23:00:00,Annual,Gross available energy,Solid fossil fuels,Gigawatt-hour,Lithuania,2018,2010.970,,
ESTAT:NRG_BAL_C(1.0),06/03/26 23:00:00,Annual,Gross available energy,Solid fossil fuels,Gigawatt-hour,Lithuania,2019,1969.737,,
ESTAT:NRG_BAL_C(1.0),06/03/26 23:00:00,Annual,Gross available energy,Solid fossil fuels,Gigawatt-hour,Lithuania,2020,1565.296,,
ESTAT:NRG_BAL_C(1.0),06/03/26 23:00:00,Annual,Gross available energy,Solid fossil fuels,Gigawatt-hour,Lithuania,2021,1862.104,,
ESTAT:NRG_BAL_C(1.0),06/03/26 23:00:00,Annual,Gross available energy,Solid fossil fuels,Gigawatt-hour,Lithuania,2022,1836.250,,
ESTAT:NRG_BAL_C(1.0),06/03/26 23:00:00,Annual,Gross available energy,Solid fossil fuels,Gigawatt-hour,Lithuania,2023,1155.671,,
ESTAT:NRG_BAL_C(1.0),06/03/26 23:00:00,Annual,Gross available energy,Solid fossil fuels,Gigawatt-hour,Lithuania,2024,1019.283,,
ESTAT:NRG_BAL_C(1.0),06/03/26 23:00:00,Annual,Gross available energy,Solid fossil fuels,Gigawatt-hour,Luxembourg,2005,902.469,,
ESTAT:NRG_BAL_C(1.0),06/03/26 23:00:00,Annual,Gross available energy,Solid fossil fuels,Gigawatt-hour,Luxembourg,2006,1076.891,,
ESTAT:NRG_BAL_C(1.0),06/03/26 23:00:00,Annual,Gross available energy,Solid fossil fuels,Gigawatt-hour,Luxembourg,2007,911.215,,
ESTAT:NRG_BAL_C(1.0),06/03/26 23:00:00,Annual,Gross available energy,Solid fossil fuels,Gigawatt-hour,Luxembourg,2008,871.270,,
ESTAT:NRG_BAL_C(1.0),06/03/26 23:00:00,Annual,Gross available energy,Solid fossil fuels,Gigawatt-hour,Luxembourg,2009,778.142,,
ESTAT:NRG_BAL_C(1.0),06/03/26 23:00:00,Annual,Gross available energy,Solid fossil fuels,Gigawatt-hour,Luxembourg,2010,762.646,,
ESTAT:NRG_BAL_C(1.0),06/03/26 23:00:00,Annual,Gross available energy,Solid fossil fuels,Gigawatt-hour,Luxembourg,2011,687.658,,
ESTAT:NRG_BAL_C(1.0),06/03/26 23:00:00,Annual,Gross available energy,Solid fossil fuels,Gigawatt-hour,Luxembourg,2012,637.605,,
ESTAT:NRG_BAL_C(1.0),06/03/26 23:00:00,Annual,Gross available energy,Solid fossil fuels,Gigawatt-hour,Luxembourg,2013,611.301,,
ESTAT:NRG_BAL_C(1.0),06/03/26 23:00:00,Annual,Gross available energy,Solid fossil fuels,Gigawatt-hour,Luxembourg,2014,605.780,,
ESTAT:NRG_BAL_C(1.0),06/03/26 23:00:00,Annual,Gross available energy,Solid fossil fuels,Gigawatt-hour,Luxembourg,2015,572.367,,
ESTAT:NRG_BAL_C(1.0),06/03/26 23:00:00,Annual,Gross available energy,Solid fossil fuels,Gigawatt-hour,Luxembourg,2016,592.313,,
ESTAT:NRG_BAL_C(1.0),06/03/26 23:00:00,Annual,Gross available energy,Solid fossil fuels,Gigawatt-hour,Luxembourg,2017,547.956,,
ESTAT:NRG_BAL_C(1.0),06/03/26 23:00:00,Annual,Gross available energy,Solid fossil fuels,Gigawatt-hour,Luxembourg,2018,485.669,,
ESTAT:NRG_BAL_C(1.0),06/03/26 23:00:00,Annual,Gross available energy,Solid fossil fuels,Gigawatt-hour,Luxembourg,2019,532.157,,
ESTAT:NRG_BAL_C(1.0),06/03/26 23:00:00,Annual,Gross available energy,Solid fossil fuels,Gigawatt-hour,Luxembourg,2020,440.263,,
ESTAT:NRG_BAL_C(1.0),06/03/26 23:00:00,Annual,Gross available energy,Solid fossil fuels,Gigawatt-hour,Luxembourg,2021,457.816,,
ESTAT:NRG_BAL_C(1.0),06/03/26 23:00:00,Annual,Gross available energy,Solid fossil fuels,Gigawatt-hour,Luxembourg,2022,472.229,,
ESTAT:NRG_BAL_C(1.0),06/03/26 23:00:00,Annual,Gross available energy,Solid fossil fuels,Gigawatt-hour,Luxembourg,2023,264.919,,
ESTAT:NRG_BAL_C(1.0),06/03/26 23:00:00,Annual,Gross available energy,Solid fossil fuels,Gigawatt-hour,Luxembourg,2024,229.810,,
ESTAT:NRG_BAL_C(1.0),06/03/26 23:00:00,Annual,Gross available energy,Solid fossil fuels,Gigawatt-hour,Latvia,2005,926.092,,
ESTAT:NRG_BAL_C(1.0),06/03/26 23:00:00,Annual,Gross available energy,Solid fossil fuels,Gigawatt-hour,Latvia,2006,991.483,,
ESTAT:NRG_BAL_C(1.0),06/03/26 23:00:00,Annual,Gross available energy,Solid fossil fuels,Gigawatt-hour,Latvia,2007,1209.667,,
ESTAT:NRG_BAL_C(1.0),06/03/26 23:00:00,Annual,Gross available energy,Solid fossil fuels,Gigawatt-hour,Latvia,2008,1217.108,,
ESTAT:NRG_BAL_C(1.0),06/03/26 23:00:00,Annual,Gross available energy,Solid fossil fuels,Gigawatt-hour,Latvia,2009,984.042,,
ESTAT:NRG_BAL_C(1.0),06/03/26 23:00:00,Annual,Gross available energy,Solid fossil fuels,Gigawatt-hour,Latvia,2010,1238.642,,
ESTAT:NRG_BAL_C(1.0),06/03/26 23:00:00,Annual,Gross available energy,Solid fossil fuels,Gigawatt-hour,Latvia,2011,1275.058,,
ESTAT:NRG_BAL_C(1.0),06/03/26 23:00:00,Annual,Gross available energy,Solid fossil fuels,Gigawatt-hour,Latvia,2012,1058.044,,
ESTAT:NRG_BAL_C(1.0),06/03/26 23:00:00,Annual,Gross available energy,Solid fossil fuels,Gigawatt-hour,Latvia,2013,824.504,,
ESTAT:NRG_BAL_C(1.0),06/03/26 23:00:00,Annual,Gross available energy,Solid fossil fuels,Gigawatt-hour,Latvia,2014,684.590,,
ESTAT:NRG_BAL_C(1.0),06/03/26 23:00:00,Annual,Gross available energy,Solid fossil fuels,Gigawatt-hour,Latvia,2015,537.975,,
ESTAT:NRG_BAL_C(1.0),06/03/26 23:00:00,Annual,Gross available energy,Solid fossil fuels,Gigawatt-hour,Latvia,2016,468.843,,
ESTAT:NRG_BAL_C(1.0),06/03/26 23:00:00,Annual,Gross available energy,Solid fossil fuels,Gigawatt-hour,Latvia,2017,469.683,,
ESTAT:NRG_BAL_C(1.0),06/03/26 23:00:00,Annual,Gross available energy,Solid fossil fuels,Gigawatt-hour,Latvia,2018,526.065,,
ESTAT:NRG_BAL_C(1.0),06/03/26 23:00:00,Annual,Gross available energy,Solid fossil fuels,Gigawatt-hour,Latvia,2019,456.838,,
ESTAT:NRG_BAL_C(1.0),06/03/26 23:00:00,Annual,Gross available energy,Solid fossil fuels,Gigawatt-hour,Latvia,2020,267.090,,
ESTAT:NRG_BAL_C(1.0),06/03/26 23:00:00,Annual,Gross available energy,Solid fossil fuels,Gigawatt-hour,Latvia,2021,199.636,,
ESTAT:NRG_BAL_C(1.0),06/03/26 23:00:00,Annual,Gross available energy,Solid fossil fuels,Gigawatt-hour,Latvia,2022,130.575,,
ESTAT:NRG_BAL_C(1.0),06/03/26 23:00:00,Annual,Gross available energy,Solid fossil fuels,Gigawatt-hour,Latvia,2023,130.214,,
ESTAT:NRG_BAL_C(1.0),06/03/26 23:00:00,Annual,Gross available energy,Solid fossil fuels,Gigawatt-hour,Latvia,2024,95.553,,
ESTAT:NRG_BAL_C(1.0),06/03/26 23:00:00,Annual,Gross available energy,Solid fossil fuels,Gigawatt-hour,Malta,2005,0.000,,
ESTAT:NRG_BAL_C(1.0),06/03/26 23:00:00,Annual,Gross available energy,Solid fossil fuels,Gigawatt-hour,Malta,2006,0.000,,
ESTAT:NRG_BAL_C(1.0),06/03/26 23:00:00,Annual,Gross available energy,Solid fossil fuels,Gigawatt-hour,Malta,2007,0.000,,
ESTAT:NRG_BAL_C(1.0),06/03/26 23:00:00,Annual,Gross available energy,Solid fossil fuels,Gigawatt-hour,Malta,2008,0.000,,
ESTAT:NRG_BAL_C(1.0),06/03/26 23:00:00,Annual,Gross available energy,Solid fossil fuels,Gigawatt-hour,Malta,2009,0.000,,
ESTAT:NRG_BAL_C(1.0),06/03/26 23:00:00,Annual,Gross available energy,Solid fossil fuels,Gigawatt-hour,Malta,2010,0.000,,
ESTAT:NRG_BAL_C(1.0),06/03/26 23:00:00,Annual,Gross available energy,Solid fossil fuels,Gigawatt-hour,Malta,2011,0.000,,
ESTAT:NRG_BAL_C(1.0),06/03/26 23:00:00,Annual,Gross available energy,Solid fossil fuels,Gigawatt-hour,Malta,2012,0.000,,
ESTAT:NRG_BAL_C(1.0),06/03/26 23:00:00,Annual,Gross available energy,Solid fossil fuels,Gigawatt-hour,Malta,2013,0.000,,
ESTAT:NRG_BAL_C(1.0),06/03/26 23:00:00,Annual,Gross available energy,Solid fossil fuels,Gigawatt-hour,Malta,2014,0.000,,
ESTAT:NRG_BAL_C(1.0),06/03/26 23:00:00,Annual,Gross available energy,Solid fossil fuels,Gigawatt-hour,Malta,2015,0.000,,
ESTAT:NRG_BAL_C(1.0),06/03/26 23:00:00,Annual,Gross available energy,Solid fossil fuels,Gigawatt-hour,Malta,2016,0.000,,
ESTAT:NRG_BAL_C(1.0),06/03/26 23:00:00,Annual,Gross available energy,Solid fossil fuels,Gigawatt-hour,Malta,2017,0.000,,
ESTAT:NRG_BAL_C(1.0),06/03/26 23:00:00,Annual,Gross available energy,Solid fossil fuels,Gigawatt-hour,Malta,2018,0.000,,
ESTAT:NRG_BAL_C(1.0),06/03/26 23:00:00,Annual,Gross available energy,Solid fossil fuels,Gigawatt-hour,Malta,2019,0.000,,
ESTAT:NRG_BAL_C(1.0),06/03/26 23:00:00,Annual,Gross available energy,Solid fossil fuels,Gigawatt-hour,Malta,2020,0.000,,
ESTAT:NRG_BAL_C(1.0),06/03/26 23:00:00,Annual,Gross available energy,Solid fossil fuels,Gigawatt-hour,Malta,2021,0.000,,
ESTAT:NRG_BAL_C(1.0),06/03/26 23:00:00,Annual,Gross available energy,Solid fossil fuels,Gigawatt-hour,Malta,2022,0.000,,
ESTAT:NRG_BAL_C(1.0),06/03/26 23:00:00,Annual,Gross available energy,Solid fossil fuels,Gigawatt-hour,Malta,2023,0.000,,
ESTAT:NRG_BAL_C(1.0),06/03/26 23:00:00,Annual,Gross available energy,Solid fossil fuels,Gigawatt-hour,Malta,2024,0.000,,
ESTAT:NRG_BAL_C(1.0),06/03/26 23:00:00,Annual,Gross available energy,Solid fossil fuels,Gigawatt-hour,Netherlands,2005,94133.461,,
ESTAT:NRG_BAL_C(1.0),06/03/26 23:00:00,Annual,Gross available energy,Solid fossil fuels,Gigawatt-hour,Netherlands,2006,91685.236,,
ESTAT:NRG_BAL_C(1.0),06/03/26 23:00:00,Annual,Gross available energy,Solid fossil fuels,Gigawatt-hour,Netherlands,2007,97805.847,,
ESTAT:NRG_BAL_C(1.0),06/03/26 23:00:00,Annual,Gross available energy,Solid fossil fuels,Gigawatt-hour,Netherlands,2008,92735.996,,
ESTAT:NRG_BAL_C(1.0),06/03/26 23:00:00,Annual,Gross available energy,Solid fossil fuels,Gigawatt-hour,Netherlands,2009,86781.549,,
ESTAT:NRG_BAL_C(1.0),06/03/26 23:00:00,Annual,Gross available energy,Solid fossil fuels,Gigawatt-hour,Netherlands,2010,87704.351,,
ESTAT:NRG_BAL_C(1.0),06/03/26 23:00:00,Annual,Gross available energy,Solid fossil fuels,Gigawatt-hour,Netherlands,2011,86519.719,,
ESTAT:NRG_BAL_C(1.0),06/03/26 23:00:00,Annual,Gross available energy,Solid fossil fuels,Gigawatt-hour,Netherlands,2012,94802.002,,
ESTAT:NRG_BAL_C(1.0),06/03/26 23:00:00,Annual,Gross available energy,Solid fossil fuels,Gigawatt-hour,Netherlands,2013,94484.145,,
ESTAT:NRG_BAL_C(1.0),06/03/26 23:00:00,Annual,Gross available energy,Solid fossil fuels,Gigawatt-hour,Netherlands,2014,104748.989,,
ESTAT:NRG_BAL_C(1.0),06/03/26 23:00:00,Annual,Gross available energy,Solid fossil fuels,Gigawatt-hour,Netherlands,2015,128963.936,,
ESTAT:NRG_BAL_C(1.0),06/03/26 23:00:00,Annual,Gross available energy,Solid fossil fuels,Gigawatt-hour,Netherlands,2016,119510.096,,
ESTAT:NRG_BAL_C(1.0),06/03/26 23:00:00,Annual,Gross available energy,Solid fossil fuels,Gigawatt-hour,Netherlands,2017,107144.557,,
ESTAT:NRG_BAL_C(1.0),06/03/26 23:00:00,Annual,Gross available energy,Solid fossil fuels,Gigawatt-hour,Netherlands,2018,96091.794,,
ESTAT:NRG_BAL_C(1.0),06/03/26 23:00:00,Annual,Gross available energy,Solid fossil fuels,Gigawatt-hour,Netherlands,2019,74707.481,,
ESTAT:NRG_BAL_C(1.0),06/03/26 23:00:00,Annual,Gross available energy,Solid fossil fuels,Gigawatt-hour,Netherlands,2020,47785.078,,
ESTAT:NRG_BAL_C(1.0),06/03/26 23:00:00,Annual,Gross available energy,Solid fossil fuels,Gigawatt-hour,Netherlands,2021,65091.112,,
ESTAT:NRG_BAL_C(1.0),06/03/26 23:00:00,Annual,Gross available energy,Solid fossil fuels,Gigawatt-hour,Netherlands,2022,64257.603,,
ESTAT:NRG_BAL_C(1.0),06/03/26 23:00:00,Annual,Gross available energy,Solid fossil fuels,Gigawatt-hour,Netherlands,2023,43998.431,,
ESTAT:NRG_BAL_C(1.0),06/03/26 23:00:00,Annual,Gross available energy,Solid fossil fuels,Gigawatt-hour,Netherlands,2024,47850.240,,
ESTAT:NRG_BAL_C(1.0),06/03/26 23:00:00,Annual,Gross available energy,Solid fossil fuels,Gigawatt-hour,Poland,2005,635655.765,,
ESTAT:NRG_BAL_C(1.0),06/03/26 23:00:00,Annual,Gross available energy,Solid fossil fuels,Gigawatt-hour,Poland,2006,665554.874,,
ESTAT:NRG_BAL_C(1.0),06/03/26 23:00:00,Annual,Gross available energy,Solid fossil fuels,Gigawatt-hour,Poland,2007,648766.148,,
ESTAT:NRG_BAL_C(1.0),06/03/26 23:00:00,Annual,Gross available energy,Solid fossil fuels,Gigawatt-hour,Poland,2008,637170.565,,
ESTAT:NRG_BAL_C(1.0),06/03/26 23:00:00,Annual,Gross available energy,Solid fossil fuels,Gigawatt-hour,Poland,2009,595137.454,,
ESTAT:NRG_BAL_C(1.0),06/03/26 23:00:00,Annual,Gross available energy,Solid fossil fuels,Gigawatt-hour,Poland,2010,642234.396,,
ESTAT:NRG_BAL_C(1.0),06/03/26 23:00:00,Annual,Gross available energy,Solid fossil fuels,Gigawatt-hour,Poland,2011,635450.684,,
ESTAT:NRG_BAL_C(1.0),06/03/26 23:00:00,Annual,Gross available energy,Solid fossil fuels,Gigawatt-hour,Poland,2012,584544.204,,
ESTAT:NRG_BAL_C(1.0),06/03/26 23:00:00,Annual,Gross available energy,Solid fossil fuels,Gigawatt-hour,Poland,2013,618605.988,,
ESTAT:NRG_BAL_C(1.0),06/03/26 23:00:00,Annual,Gross available energy,Solid fossil fuels,Gigawatt-hour,Poland,2014,573043.206,,
ESTAT:NRG_BAL_C(1.0),06/03/26 23:00:00,Annual,Gross available energy,Solid fossil fuels,Gigawatt-hour,Poland,2015,562598.507,,
ESTAT:NRG_BAL_C(1.0),06/03/26 23:00:00,Annual,Gross available energy,Solid fossil fuels,Gigawatt-hour,Poland,2016,576113.505,,
ESTAT:NRG_BAL_C(1.0),06/03/26 23:00:00,Annual,Gross available energy,Solid fossil fuels,Gigawatt-hour,Poland,2017,577683.390,,
ESTAT:NRG_BAL_C(1.0),06/03/26 23:00:00,Annual,Gross available energy,Solid fossil fuels,Gigawatt-hour,Poland,2018,572778.420,,
ESTAT:NRG_BAL_C(1.0),06/03/26 23:00:00,Annual,Gross available energy,Solid fossil fuels,Gigawatt-hour,Poland,2019,509869.725,,
ESTAT:NRG_BAL_C(1.0),06/03/26 23:00:00,Annual,Gross available energy,Solid fossil fuels,Gigawatt-hour,Poland,2020,475838.038,,
ESTAT:NRG_BAL_C(1.0),06/03/26 23:00:00,Annual,Gross available energy,Solid fossil fuels,Gigawatt-hour,Poland,2021,533979.883,,
ESTAT:NRG_BAL_C(1.0),06/03/26 23:00:00,Annual,Gross available energy,Solid fossil fuels,Gigawatt-hour,Poland,2022,490153.472,,
ESTAT:NRG_BAL_C(1.0),06/03/26 23:00:00,Annual,Gross available energy,Solid fossil fuels,Gigawatt-hour,Poland,2023,395861.441,,
ESTAT:NRG_BAL_C(1.0),06/03/26 23:00:00,Annual,Gross available energy,Solid fossil fuels,Gigawatt-hour,Poland,2024,372247.241,,
ESTAT:NRG_BAL_C(1.0),06/03/26 23:00:00,Annual,Gross available energy,Solid fossil fuels,Gigawatt-hour,Portugal,2005,38949.662,,
ESTAT:NRG_BAL_C(1.0),06/03/26 23:00:00,Annual,Gross available energy,Solid fossil fuels,Gigawatt-hour,Portugal,2006,38484.687,,
ESTAT:NRG_BAL_C(1.0),06/03/26 23:00:00,Annual,Gross available energy,Solid fossil fuels,Gigawatt-hour,Portugal,2007,33576.263,,
ESTAT:NRG_BAL_C(1.0),06/03/26 23:00:00,Annual,Gross available energy,Solid fossil fuels,Gigawatt-hour,Portugal,2008,29374.551,,
ESTAT:NRG_BAL_C(1.0),06/03/26 23:00:00,Annual,Gross available energy,Solid fossil fuels,Gigawatt-hour,Portugal,2009,33275.240,,
ESTAT:NRG_BAL_C(1.0),06/03/26 23:00:00,Annual,Gross available energy,Solid fossil fuels,Gigawatt-hour,Portugal,2010,19278.166,,
ESTAT:NRG_BAL_C(1.0),06/03/26 23:00:00,Annual,Gross available energy,Solid fossil fuels,Gigawatt-hour,Portugal,2011,25683.515,,
ESTAT:NRG_BAL_C(1.0),06/03/26 23:00:00,Annual,Gross available energy,Solid fossil fuels,Gigawatt-hour,Portugal,2012,34126.501,,
ESTAT:NRG_BAL_C(1.0),06/03/26 23:00:00,Annual,Gross available energy,Solid fossil fuels,Gigawatt-hour,Portugal,2013,30821.371,,
ESTAT:NRG_BAL_C(1.0),06/03/26 23:00:00,Annual,Gross available energy,Solid fossil fuels,Gigawatt-hour,Portugal,2014,31172.993,,
ESTAT:NRG_BAL_C(1.0),06/03/26 23:00:00,Annual,Gross available energy,Solid fossil fuels,Gigawatt-hour,Portugal,2015,37893.829,,
ESTAT:NRG_BAL_C(1.0),06/03/26 23:00:00,Annual,Gross available energy,Solid fossil fuels,Gigawatt-hour,Portugal,2016,33104.183,,
ESTAT:NRG_BAL_C(1.0),06/03/26 23:00:00,Annual,Gross available energy,Solid fossil fuels,Gigawatt-hour,Portugal,2017,37531.736,,
ESTAT:NRG_BAL_C(1.0),06/03/26 23:00:00,Annual,Gross available energy,Solid fossil fuels,Gigawatt-hour,Portugal,2018,31356.869,,
ESTAT:NRG_BAL_C(1.0),06/03/26 23:00:00,Annual,Gross available energy,Solid fossil fuels,Gigawatt-hour,Portugal,2019,14515.930,,
ESTAT:NRG_BAL_C(1.0),06/03/26 23:00:00,Annual,Gross available energy,Solid fossil fuels,Gigawatt-hour,Portugal,2020,6579.493,,
ESTAT:NRG_BAL_C(1.0),06/03/26 23:00:00,Annual,Gross available energy,Solid fossil fuels,Gigawatt-hour,Portugal,2021,2274.801,,
ESTAT:NRG_BAL_C(1.0),06/03/26 23:00:00,Annual,Gross available energy,Solid fossil fuels,Gigawatt-hour,Portugal,2022,79.041,,
ESTAT:NRG_BAL_C(1.0),06/03/26 23:00:00,Annual,Gross available energy,Solid fossil fuels,Gigawatt-hour,Portugal,2023,60.594,,
ESTAT:NRG_BAL_C(1.0),06/03/26 23:00:00,Annual,Gross available energy,Solid fossil fuels,Gigawatt-hour,Portugal,2024,74.579,,
ESTAT:NRG_BAL_C(1.0),06/03/26 23:00:00,Annual,Gross available energy,Solid fossil fuels,Gigawatt-hour,Romania,2005,101805.525,,
ESTAT:NRG_BAL_C(1.0),06/03/26 23:00:00,Annual,Gross available energy,Solid fossil fuels,Gigawatt-hour,Romania,2006,110247.414,,
ESTAT:NRG_BAL_C(1.0),06/03/26 23:00:00,Annual,Gross available energy,Solid fossil fuels,Gigawatt-hour,Romania,2007,117365.409,,
ESTAT:NRG_BAL_C(1.0),06/03/26 23:00:00,Annual,Gross available energy,Solid fossil fuels,Gigawatt-hour,Romania,2008,111152.630,,
ESTAT:NRG_BAL_C(1.0),06/03/26 23:00:00,Annual,Gross available energy,Solid fossil fuels,Gigawatt-hour,Romania,2009,87451.866,,
ESTAT:NRG_BAL_C(1.0),06/03/26 23:00:00,Annual,Gross available energy,Solid fossil fuels,Gigawatt-hour,Romania,2010,80807.479,,
ESTAT:NRG_BAL_C(1.0),06/03/26 23:00:00,Annual,Gross available energy,Solid fossil fuels,Gigawatt-hour,Romania,2011,94117.445,,
ESTAT:NRG_BAL_C(1.0),06/03/26 23:00:00,Annual,Gross available energy,Solid fossil fuels,Gigawatt-hour,Romania,2012,87922.978,,
ESTAT:NRG_BAL_C(1.0),06/03/26 23:00:00,Annual,Gross available energy,Solid fossil fuels,Gigawatt-hour,Romania,2013,66387.617,,
ESTAT:NRG_BAL_C(1.0),06/03/26 23:00:00,Annual,Gross available energy,Solid fossil fuels,Gigawatt-hour,Romania,2014,66611.066,,
ESTAT:NRG_BAL_C(1.0),06/03/26 23:00:00,Annual,Gross available energy,Solid fossil fuels,Gigawatt-hour,Romania,2015,68526.655,,
ESTAT:NRG_BAL_C(1.0),06/03/26 23:00:00,Annual,Gross available energy,Solid fossil fuels,Gigawatt-hour,Romania,2016,61382.356,,
ESTAT:NRG_BAL_C(1.0),06/03/26 23:00:00,Annual,Gross available energy,Solid fossil fuels,Gigawatt-hour,Romania,2017,62670.185,,
ESTAT:NRG_BAL_C(1.0),06/03/26 23:00:00,Annual,Gross available energy,Solid fossil fuels,Gigawatt-hour,Romania,2018,58696.066,,
ESTAT:NRG_BAL_C(1.0),06/03/26 23:00:00,Annual,Gross available energy,Solid fossil fuels,Gigawatt-hour,Romania,2019,56910.630,,
ESTAT:NRG_BAL_C(1.0),06/03/26 23:00:00,Annual,Gross available energy,Solid fossil fuels,Gigawatt-hour,Romania,2020,40494.786,,
ESTAT:NRG_BAL_C(1.0),06/03/26 23:00:00,Annual,Gross available energy,Solid fossil fuels,Gigawatt-hour,Romania,2021,47038.455,,
ESTAT:NRG_BAL_C(1.0),06/03/26 23:00:00,Annual,Gross available energy,Solid fossil fuels,Gigawatt-hour,Romania,2022,40860.775,,
ESTAT:NRG_BAL_C(1.0),06/03/26 23:00:00,Annual,Gross available energy,Solid fossil fuels,Gigawatt-hour,Romania,2023,30125.266,,
ESTAT:NRG_BAL_C(1.0),06/03/26 23:00:00,Annual,Gross available energy,Solid fossil fuels,Gigawatt-hour,Romania,2024,25907.455,,
ESTAT:NRG_BAL_C(1.0),06/03/26 23:00:00,Annual,Gross available energy,Solid fossil fuels,Gigawatt-hour,Sweden,2005,26989.968,,
ESTAT:NRG_BAL_C(1.0),06/03/26 23:00:00,Annual,Gross available energy,Solid fossil fuels,Gigawatt-hour,Sweden,2006,28150.859,,
ESTAT:NRG_BAL_C(1.0),06/03/26 23:00:00,Annual,Gross available energy,Solid fossil fuels,Gigawatt-hour,Sweden,2007,27952.867,,
ESTAT:NRG_BAL_C(1.0),06/03/26 23:00:00,Annual,Gross available energy,Solid fossil fuels,Gigawatt-hour,Sweden,2008,24044.867,,
ESTAT:NRG_BAL_C(1.0),06/03/26 23:00:00,Annual,Gross available energy,Solid fossil fuels,Gigawatt-hour,Sweden,2009,18411.233,,
ESTAT:NRG_BAL_C(1.0),06/03/26 23:00:00,Annual,Gross available energy,Solid fossil fuels,Gigawatt-hour,Sweden,2010,24879.878,,
ESTAT:NRG_BAL_C(1.0),06/03/26 23:00:00,Annual,Gross available energy,Solid fossil fuels,Gigawatt-hour,Sweden,2011,25120.000,,
ESTAT:NRG_BAL_C(1.0),06/03/26 23:00:00,Annual,Gross available energy,Solid fossil fuels,Gigawatt-hour,Sweden,2012,22571.733,,
ESTAT:NRG_BAL_C(1.0),06/03/26 23:00:00,Annual,Gross available energy,Solid fossil fuels,Gigawatt-hour,Sweden,2013,23103.256,,
ESTAT:NRG_BAL_C(1.0),06/03/26 23:00:00,Annual,Gross available energy,Solid fossil fuels,Gigawatt-hour,Sweden,2014,22480.444,,
ESTAT:NRG_BAL_C(1.0),06/03/26 23:00:00,Annual,Gross available energy,Solid fossil fuels,Gigawatt-hour,Sweden,2015,23029.911,,
ESTAT:NRG_BAL_C(1.0),06/03/26 23:00:00,Annual,Gross available energy,Solid fossil fuels,Gigawatt-hour,Sweden,2016,22167.967,,
ESTAT:NRG_BAL_C(1.0),06/03/26 23:00:00,Annual,Gross available energy,Solid fossil fuels,Gigawatt-hour,Sweden,2017,22215.222,,
ESTAT:NRG_BAL_C(1.0),06/03/26 23:00:00,Annual,Gross available energy,Solid fossil fuels,Gigawatt-hour,Sweden,2018,23330.978,,
ESTAT:NRG_BAL_C(1.0),06/03/26 23:00:00,Annual,Gross available energy,Solid fossil fuels,Gigawatt-hour,Sweden,2019,21606.389,,
ESTAT:NRG_BAL_C(1.0),06/03/26 23:00:00,Annual,Gross available energy,Solid fossil fuels,Gigawatt-hour,Sweden,2020,17490.111,,
ESTAT:NRG_BAL_C(1.0),06/03/26 23:00:00,Annual,Gross available energy,Solid fossil fuels,Gigawatt-hour,Sweden,2021,19289.689,,
ESTAT:NRG_BAL_C(1.0),06/03/26 23:00:00,Annual,Gross available energy,Solid fossil fuels,Gigawatt-hour,Sweden,2022,17237.722,,
ESTAT:NRG_BAL_C(1.0),06/03/26 23:00:00,Annual,Gross available energy,Solid fossil fuels,Gigawatt-hour,Sweden,2023,16903.467,,
ESTAT:NRG_BAL_C(1.0),06/03/26 23:00:00,Annual,Gross available energy,Solid fossil fuels,Gigawatt-hour,Sweden,2024,18196.622,,
ESTAT:NRG_BAL_C(1.0),06/03/26 23:00:00,Annual,Gross available energy,Solid fossil fuels,Gigawatt-hour,Slovenia,2005,17891.923,,
ESTAT:NRG_BAL_C(1.0),06/03/26 23:00:00,Annual,Gross available energy,Solid fossil fuels,Gigawatt-hour,Slovenia,2006,18196.844,,
ESTAT:NRG_BAL_C(1.0),06/03/26 23:00:00,Annual,Gross available energy,Solid fossil fuels,Gigawatt-hour,Slovenia,2007,18588.275,,
ESTAT:NRG_BAL_C(1.0),06/03/26 23:00:00,Annual,Gross available energy,Solid fossil fuels,Gigawatt-hour,Slovenia,2008,17861.497,,
ESTAT:NRG_BAL_C(1.0),06/03/26 23:00:00,Annual,Gross available energy,Solid fossil fuels,Gigawatt-hour,Slovenia,2009,16596.258,,
ESTAT:NRG_BAL_C(1.0),06/03/26 23:00:00,Annual,Gross available energy,Solid fossil fuels,Gigawatt-hour,Slovenia,2010,16902.801,,
ESTAT:NRG_BAL_C(1.0),06/03/26 23:00:00,Annual,Gross available energy,Solid fossil fuels,Gigawatt-hour,Slovenia,2011,17033.978,,
ESTAT:NRG_BAL_C(1.0),06/03/26 23:00:00,Annual,Gross available energy,Solid fossil fuels,Gigawatt-hour,Slovenia,2012,16199.244,,
ESTAT:NRG_BAL_C(1.0),06/03/26 23:00:00,Annual,Gross available energy,Solid fossil fuels,Gigawatt-hour,Slovenia,2013,15723.735,,
ESTAT:NRG_BAL_C(1.0),06/03/26 23:00:00,Annual,Gross available energy,Solid fossil fuels,Gigawatt-hour,Slovenia,2014,12195.970,,
ESTAT:NRG_BAL_C(1.0),06/03/26 23:00:00,Annual,Gross available energy,Solid fossil fuels,Gigawatt-hour,Slovenia,2015,12419.521,,
ESTAT:NRG_BAL_C(1.0),06/03/26 23:00:00,Annual,Gross available energy,Solid fossil fuels,Gigawatt-hour,Slovenia,2016,13344.002,,
ESTAT:NRG_BAL_C(1.0),06/03/26 23:00:00,Annual,Gross available energy,Solid fossil fuels,Gigawatt-hour,Slovenia,2017,13263.140,,
ESTAT:NRG_BAL_C(1.0),06/03/26 23:00:00,Annual,Gross available energy,Solid fossil fuels,Gigawatt-hour,Slovenia,2018,13158.948,,
ESTAT:NRG_BAL_C(1.0),06/03/26 23:00:00,Annual,Gross available energy,Solid fossil fuels,Gigawatt-hour,Slovenia,2019,12400.151,,
ESTAT:NRG_BAL_C(1.0),06/03/26 23:00:00,Annual,Gross available energy,Solid fossil fuels,Gigawatt-hour,Slovenia,2020,11864.289,,
ESTAT:NRG_BAL_C(1.0),06/03/26 23:00:00,Annual,Gross available energy,Solid fossil fuels,Gigawatt-hour,Slovenia,2021,10876.555,,
ESTAT:NRG_BAL_C(1.0),06/03/26 23:00:00,Annual,Gross available energy,Solid fossil fuels,Gigawatt-hour,Slovenia,2022,8698.592,,
ESTAT:NRG_BAL_C(1.0),06/03/26 23:00:00,Annual,Gross available energy,Solid fossil fuels,Gigawatt-hour,Slovenia,2023,8433.122,,
ESTAT:NRG_BAL_C(1.0),06/03/26 23:00:00,Annual,Gross available energy,Solid fossil fuels,Gigawatt-hour,Slovenia,2024,9068.969,,
ESTAT:NRG_BAL_C(1.0),06/03/26 23:00:00,Annual,Gross available energy,Solid fossil fuels,Gigawatt-hour,Slovakia,2005,49296.910,,
ESTAT:NRG_BAL_C(1.0),06/03/26 23:00:00,Annual,Gross available energy,Solid fossil fuels,Gigawatt-hour,Slovakia,2006,51827.766,,
ESTAT:NRG_BAL_C(1.0),06/03/26 23:00:00,Annual,Gross available energy,Solid fossil fuels,Gigawatt-hour,Slovakia,2007,46567.259,,
ESTAT:NRG_BAL_C(1.0),06/03/26 23:00:00,Annual,Gross available energy,Solid fossil fuels,Gigawatt-hour,Slovakia,2008,46622.140,,
ESTAT:NRG_BAL_C(1.0),06/03/26 23:00:00,Annual,Gross available energy,Solid fossil fuels,Gigawatt-hour,Slovakia,2009,45041.185,,
ESTAT:NRG_BAL_C(1.0),06/03/26 23:00:00,Annual,Gross available energy,Solid fossil fuels,Gigawatt-hour,Slovakia,2010,45324.837,,
ESTAT:NRG_BAL_C(1.0),06/03/26 23:00:00,Annual,Gross available energy,Solid fossil fuels,Gigawatt-hour,Slovakia,2011,43072.185,,
ESTAT:NRG_BAL_C(1.0),06/03/26 23:00:00,Annual,Gross available energy,Solid fossil fuels,Gigawatt-hour,Slovakia,2012,40436.954,,
ESTAT:NRG_BAL_C(1.0),06/03/26 23:00:00,Annual,Gross available energy,Solid fossil fuels,Gigawatt-hour,Slovakia,2013,40131.368,,
ESTAT:NRG_BAL_C(1.0),06/03/26 23:00:00,Annual,Gross available energy,Solid fossil fuels,Gigawatt-hour,Slovakia,2014,39821.436,,
ESTAT:NRG_BAL_C(1.0),06/03/26 23:00:00,Annual,Gross available energy,Solid fossil fuels,Gigawatt-hour,Slovakia,2015,38135.191,,
ESTAT:NRG_BAL_C(1.0),06/03/26 23:00:00,Annual,Gross available energy,Solid fossil fuels,Gigawatt-hour,Slovakia,2016,37472.786,,
ESTAT:NRG_BAL_C(1.0),06/03/26 23:00:00,Annual,Gross available energy,Solid fossil fuels,Gigawatt-hour,Slovakia,2017,39272.051,,
ESTAT:NRG_BAL_C(1.0),06/03/26 23:00:00,Annual,Gross available energy,Solid fossil fuels,Gigawatt-hour,Slovakia,2018,38832.646,,
ESTAT:NRG_BAL_C(1.0),06/03/26 23:00:00,Annual,Gross available energy,Solid fossil fuels,Gigawatt-hour,Slovakia,2019,31749.269,,
ESTAT:NRG_BAL_C(1.0),06/03/26 23:00:00,Annual,Gross available energy,Solid fossil fuels,Gigawatt-hour,Slovakia,2020,26806.979,,
ESTAT:NRG_BAL_C(1.0),06/03/26 23:00:00,Annual,Gross available energy,Solid fossil fuels,Gigawatt-hour,Slovakia,2021,32834.376,,
ESTAT:NRG_BAL_C(1.0),06/03/26 23:00:00,Annual,Gross available energy,Solid fossil fuels,Gigawatt-hour,Slovakia,2022,27944.789,,
ESTAT:NRG_BAL_C(1.0),06/03/26 23:00:00,Annual,Gross available energy,Solid fossil fuels,Gigawatt-hour,Slovakia,2023,27940.344,,
ESTAT:NRG_BAL_C(1.0),06/03/26 23:00:00,Annual,Gross available energy,Solid fossil fuels,Gigawatt-hour,Slovakia,2024,22901.436,,
ESTAT:NRG_BAL_C(1.0),06/03/26 23:00:00,Annual,Gross available energy,Natural gas,Gigawatt-hour,Austria,2005,94037.116,,
ESTAT:NRG_BAL_C(1.0),06/03/26 23:00:00,Annual,Gross available energy,Natural gas,Gigawatt-hour,Austria,2006,88040.494,,
ESTAT:NRG_BAL_C(1.0),06/03/26 23:00:00,Annual,Gross available energy,Natural gas,Gigawatt-hour,Austria,2007,82958.626,,
ESTAT:NRG_BAL_C(1.0),06/03/26 23:00:00,Annual,Gross available energy,Natural gas,Gigawatt-hour,Austria,2008,87743.447,,
ESTAT:NRG_BAL_C(1.0),06/03/26 23:00:00,Annual,Gross available energy,Natural gas,Gigawatt-hour,Austria,2009,85717.481,,
ESTAT:NRG_BAL_C(1.0),06/03/26 23:00:00,Annual,Gross available energy,Natural gas,Gigawatt-hour,Austria,2010,94469.756,,
ESTAT:NRG_BAL_C(1.0),06/03/26 23:00:00,Annual,Gross available energy,Natural gas,Gigawatt-hour,Austria,2011,89161.900,,
ESTAT:NRG_BAL_C(1.0),06/03/26 23:00:00,Annual,Gross available energy,Natural gas,Gigawatt-hour,Austria,2012,85208.237,,
ESTAT:NRG_BAL_C(1.0),06/03/26 23:00:00,Annual,Gross available energy,Natural gas,Gigawatt-hour,Austria,2013,82113.873,,
ESTAT:NRG_BAL_C(1.0),06/03/26 23:00:00,Annual,Gross available energy,Natural gas,Gigawatt-hour,Austria,2014,75216.187,,
ESTAT:NRG_BAL_C(1.0),06/03/26 23:00:00,Annual,Gross available energy,Natural gas,Gigawatt-hour,Austria,2015,80344.087,,
ESTAT:NRG_BAL_C(1.0),06/03/26 23:00:00,Annual,Gross available energy,Natural gas,Gigawatt-hour,Austria,2016,84233.200,,
ESTAT:NRG_BAL_C(1.0),06/03/26 23:00:00,Annual,Gross available energy,Natural gas,Gigawatt-hour,Austria,2017,90439.906,,
ESTAT:NRG_BAL_C(1.0),06/03/26 23:00:00,Annual,Gross available energy,Natural gas,Gigawatt-hour,Austria,2018,85626.743,,
ESTAT:NRG_BAL_C(1.0),06/03/26 23:00:00,Annual,Gross available energy,Natural gas,Gigawatt-hour,Austria,2019,89278.733,,
ESTAT:NRG_BAL_C(1.0),06/03/26 23:00:00,Annual,Gross available energy,Natural gas,Gigawatt-hour,Austria,2020,85118.714,,
ESTAT:NRG_BAL_C(1.0),06/03/26 23:00:00,Annual,Gross available energy,Natural gas,Gigawatt-hour,Austria,2021,89921.517,,
ESTAT:NRG_BAL_C(1.0),06/03/26 23:00:00,Annual,Gross available energy,Natural gas,Gigawatt-hour,Austria,2022,80127.852,,
ESTAT:NRG_BAL_C(1.0),06/03/26 23:00:00,Annual,Gross available energy,Natural gas,Gigawatt-hour,Austria,2023,68533.757,,
ESTAT:NRG_BAL_C(1.0),06/03/26 23:00:00,Annual,Gross available energy,Natural gas,Gigawatt-hour,Austria,2024,67870.428,,
ESTAT:NRG_BAL_C(1.0),06/03/26 23:00:00,Annual,Gross available energy,Natural gas,Gigawatt-hour,Belgium,2005,172012.635,,
ESTAT:NRG_BAL_C(1.0),06/03/26 23:00:00,Annual,Gross available energy,Natural gas,Gigawatt-hour,Belgium,2006,175732.721,,
ESTAT:NRG_BAL_C(1.0),06/03/26 23:00:00,Annual,Gross available energy,Natural gas,Gigawatt-hour,Belgium,2007,174779.107,,
ESTAT:NRG_BAL_C(1.0),06/03/26 23:00:00,Annual,Gross available energy,Natural gas,Gigawatt-hour,Belgium,2008,173159.127,,
ESTAT:NRG_BAL_C(1.0),06/03/26 23:00:00,Annual,Gross available energy,Natural gas,Gigawatt-hour,Belgium,2009,175802.144,,
ESTAT:NRG_BAL_C(1.0),06/03/26 23:00:00,Annual,Gross available energy,Natural gas,Gigawatt-hour,Belgium,2010,195407.294,,
ESTAT:NRG_BAL_C(1.0),06/03/26 23:00:00,Annual,Gross available energy,Natural gas,Gigawatt-hour,Belgium,2011,168053.526,,
ESTAT:NRG_BAL_C(1.0),06/03/26 23:00:00,Annual,Gross available energy,Natural gas,Gigawatt-hour,Belgium,2012,167777.726,,
ESTAT:NRG_BAL_C(1.0),06/03/26 23:00:00,Annual,Gross available energy,Natural gas,Gigawatt-hour,Belgium,2013,169025.840,,
ESTAT:NRG_BAL_C(1.0),06/03/26 23:00:00,Annual,Gross available energy,Natural gas,Gigawatt-hour,Belgium,2014,147516.893,,
ESTAT:NRG_BAL_C(1.0),06/03/26 23:00:00,Annual,Gross available energy,Natural gas,Gigawatt-hour,Belgium,2015,162741.531,,
ESTAT:NRG_BAL_C(1.0),06/03/26 23:00:00,Annual,Gross available energy,Natural gas,Gigawatt-hour,Belgium,2016,166020.247,,
ESTAT:NRG_BAL_C(1.0),06/03/26 23:00:00,Annual,Gross available energy,Natural gas,Gigawatt-hour,Belgium,2017,169751.331,,
ESTAT:NRG_BAL_C(1.0),06/03/26 23:00:00,Annual,Gross available energy,Natural gas,Gigawatt-hour,Belgium,2018,175191.988,,
ESTAT:NRG_BAL_C(1.0),06/03/26 23:00:00,Annual,Gross available energy,Natural gas,Gigawatt-hour,Belgium,2019,177581.139,,
ESTAT:NRG_BAL_C(1.0),06/03/26 23:00:00,Annual,Gross available energy,Natural gas,Gigawatt-hour,Belgium,2020,176543.309,,
ESTAT:NRG_BAL_C(1.0),06/03/26 23:00:00,Annual,Gross available energy,Natural gas,Gigawatt-hour,Belgium,2021,177212.724,,
ESTAT:NRG_BAL_C(1.0),06/03/26 23:00:00,Annual,Gross available energy,Natural gas,Gigawatt-hour,Belgium,2022,150867.227,,
ESTAT:NRG_BAL_C(1.0),06/03/26 23:00:00,Annual,Gross available energy,Natural gas,Gigawatt-hour,Belgium,2023,142403.178,,
ESTAT:NRG_BAL_C(1.0),06/03/26 23:00:00,Annual,Gross available energy,Natural gas,Gigawatt-hour,Belgium,2024,139464.784,,
ESTAT:NRG_BAL_C(1.0),06/03/26 23:00:00,Annual,Gross available energy,Natural gas,Gigawatt-hour,Bulgaria,2005,32611.162,,
ESTAT:NRG_BAL_C(1.0),06/03/26 23:00:00,Annual,Gross available energy,Natural gas,Gigawatt-hour,Bulgaria,2006,33734.252,,
ESTAT:NRG_BAL_C(1.0),06/03/26 23:00:00,Annual,Gross available energy,Natural gas,Gigawatt-hour,Bulgaria,2007,35011.098,,
ESTAT:NRG_BAL_C(1.0),06/03/26 23:00:00,Annual,Gross available energy,Natural gas,Gigawatt-hour,Bulgaria,2008,33892.505,,
ESTAT:NRG_BAL_C(1.0),06/03/26 23:00:00,Annual,Gross available energy,Natural gas,Gigawatt-hour,Bulgaria,2009,25129.105,,
ESTAT:NRG_BAL_C(1.0),06/03/26 23:00:00,Annual,Gross available energy,Natural gas,Gigawatt-hour,Bulgaria,2010,26753.250,,
ESTAT:NRG_BAL_C(1.0),06/03/26 23:00:00,Annual,Gross available energy,Natural gas,Gigawatt-hour,Bulgaria,2011,30590.025,,
ESTAT:NRG_BAL_C(1.0),06/03/26 23:00:00,Annual,Gross available energy,Natural gas,Gigawatt-hour,Bulgaria,2012,28507.112,,
ESTAT:NRG_BAL_C(1.0),06/03/26 23:00:00,Annual,Gross available energy,Natural gas,Gigawatt-hour,Bulgaria,2013,27885.553,,
ESTAT:NRG_BAL_C(1.0),06/03/26 23:00:00,Annual,Gross available energy,Natural gas,Gigawatt-hour,Bulgaria,2014,27477.075,,
ESTAT:NRG_BAL_C(1.0),06/03/26 23:00:00,Annual,Gross available energy,Natural gas,Gigawatt-hour,Bulgaria,2015,30177.182,,
ESTAT:NRG_BAL_C(1.0),06/03/26 23:00:00,Annual,Gross available energy,Natural gas,Gigawatt-hour,Bulgaria,2016,31244.693,,
ESTAT:NRG_BAL_C(1.0),06/03/26 23:00:00,Annual,Gross available energy,Natural gas,Gigawatt-hour,Bulgaria,2017,32125.065,,
ESTAT:NRG_BAL_C(1.0),06/03/26 23:00:00,Annual,Gross available energy,Natural gas,Gigawatt-hour,Bulgaria,2018,30379.215,,
ESTAT:NRG_BAL_C(1.0),06/03/26 23:00:00,Annual,Gross available energy,Natural gas,Gigawatt-hour,Bulgaria,2019,28398.349,,
ESTAT:NRG_BAL_C(1.0),06/03/26 23:00:00,Annual,Gross available energy,Natural gas,Gigawatt-hour,Bulgaria,2020,29251.219,,
ESTAT:NRG_BAL_C(1.0),06/03/26 23:00:00,Annual,Gross available energy,Natural gas,Gigawatt-hour,Bulgaria,2021,33040.163,,
ESTAT:NRG_BAL_C(1.0),06/03/26 23:00:00,Annual,Gross available energy,Natural gas,Gigawatt-hour,Bulgaria,2022,27043.220,,
ESTAT:NRG_BAL_C(1.0),06/03/26 23:00:00,Annual,Gross available energy,Natural gas,Gigawatt-hour,Bulgaria,2023,25263.474,,
ESTAT:NRG_BAL_C(1.0),06/03/26 23:00:00,Annual,Gross available energy,Natural gas,Gigawatt-hour,Bulgaria,2024,27133.671,,
ESTAT:NRG_BAL_C(1.0),06/03/26 23:00:00,Annual,Gross available energy,Natural gas,Gigawatt-hour,Cyprus,2005,0.000,,
ESTAT:NRG_BAL_C(1.0),06/03/26 23:00:00,Annual,Gross available energy,Natural gas,Gigawatt-hour,Cyprus,2006,0.000,,
ESTAT:NRG_BAL_C(1.0),06/03/26 23:00:00,Annual,Gross available energy,Natural gas,Gigawatt-hour,Cyprus,2007,0.000,,
ESTAT:NRG_BAL_C(1.0),06/03/26 23:00:00,Annual,Gross available energy,Natural gas,Gigawatt-hour,Cyprus,2008,0.000,,
ESTAT:NRG_BAL_C(1.0),06/03/26 23:00:00,Annual,Gross available energy,Natural gas,Gigawatt-hour,Cyprus,2009,0.000,,
ESTAT:NRG_BAL_C(1.0),06/03/26 23:00:00,Annual,Gross available energy,Natural gas,Gigawatt-hour,Cyprus,2010,0.000,,
ESTAT:NRG_BAL_C(1.0),06/03/26 23:00:00,Annual,Gross available energy,Natural gas,Gigawatt-hour,Cyprus,2011,0.000,,
ESTAT:NRG_BAL_C(1.0),06/03/26 23:00:00,Annual,Gross available energy,Natural gas,Gigawatt-hour,Cyprus,2012,0.000,,
ESTAT:NRG_BAL_C(1.0),06/03/26 23:00:00,Annual,Gross available energy,Natural gas,Gigawatt-hour,Cyprus,2013,0.000,,
ESTAT:NRG_BAL_C(1.0),06/03/26 23:00:00,Annual,Gross available energy,Natural gas,Gigawatt-hour,Cyprus,2014,0.000,,
ESTAT:NRG_BAL_C(1.0),06/03/26 23:00:00,Annual,Gross available energy,Natural gas,Gigawatt-hour,Cyprus,2015,0.000,,
ESTAT:NRG_BAL_C(1.0),06/03/26 23:00:00,Annual,Gross available energy,Natural gas,Gigawatt-hour,Cyprus,2016,0.000,,
ESTAT:NRG_BAL_C(1.0),06/03/26 23:00:00,Annual,Gross available energy,Natural gas,Gigawatt-hour,Cyprus,2017,0.000,,
ESTAT:NRG_BAL_C(1.0),06/03/26 23:00:00,Annual,Gross available energy,Natural gas,Gigawatt-hour,Cyprus,2018,0.000,,
ESTAT:NRG_BAL_C(1.0),06/03/26 23:00:00,Annual,Gross available energy,Natural gas,Gigawatt-hour,Cyprus,2019,0.000,,
ESTAT:NRG_BAL_C(1.0),06/03/26 23:00:00,Annual,Gross available energy,Natural gas,Gigawatt-hour,Cyprus,2020,0.000,,
ESTAT:NRG_BAL_C(1.0),06/03/26 23:00:00,Annual,Gross available energy,Natural gas,Gigawatt-hour,Cyprus,2021,0.000,,
ESTAT:NRG_BAL_C(1.0),06/03/26 23:00:00,Annual,Gross available energy,Natural gas,Gigawatt-hour,Cyprus,2022,0.000,,
ESTAT:NRG_BAL_C(1.0),06/03/26 23:00:00,Annual,Gross available energy,Natural gas,Gigawatt-hour,Cyprus,2023,0.000,,
ESTAT:NRG_BAL_C(1.0),06/03/26 23:00:00,Annual,Gross available energy,Natural gas,Gigawatt-hour,Cyprus,2024,0.000,,
ESTAT:NRG_BAL_C(1.0),06/03/26 23:00:00,Annual,Gross available energy,Natural gas,Gigawatt-hour,Czechia,2005,89591.000,,
ESTAT:NRG_BAL_C(1.0),06/03/26 23:00:00,Annual,Gross available energy,Natural gas,Gigawatt-hour,Czechia,2006,88312.750,,
ESTAT:NRG_BAL_C(1.0),06/03/26 23:00:00,Annual,Gross available energy,Natural gas,Gigawatt-hour,Czechia,2007,84185.500,,
ESTAT:NRG_BAL_C(1.0),06/03/26 23:00:00,Annual,Gross available energy,Natural gas,Gigawatt-hour,Czechia,2008,83428.250,,
ESTAT:NRG_BAL_C(1.0),06/03/26 23:00:00,Annual,Gross available energy,Natural gas,Gigawatt-hour,Czechia,2009,79133.500,,
ESTAT:NRG_BAL_C(1.0),06/03/26 23:00:00,Annual,Gross available energy,Natural gas,Gigawatt-hour,Czechia,2010,93848.750,,
ESTAT:NRG_BAL_C(1.0),06/03/26 23:00:00,Annual,Gross available energy,Natural gas,Gigawatt-hour,Czechia,2011,79190.500,,
ESTAT:NRG_BAL_C(1.0),06/03/26 23:00:00,Annual,Gross available energy,Natural gas,Gigawatt-hour,Czechia,2012,79736.500,,
ESTAT:NRG_BAL_C(1.0),06/03/26 23:00:00,Annual,Gross available energy,Natural gas,Gigawatt-hour,Czechia,2013,80786.750,,
ESTAT:NRG_BAL_C(1.0),06/03/26 23:00:00,Annual,Gross available energy,Natural gas,Gigawatt-hour,Czechia,2014,71898.000,,
ESTAT:NRG_BAL_C(1.0),06/03/26 23:00:00,Annual,Gross available energy,Natural gas,Gigawatt-hour,Czechia,2015,75394.500,,
ESTAT:NRG_BAL_C(1.0),06/03/26 23:00:00,Annual,Gross available energy,Natural gas,Gigawatt-hour,Czechia,2016,81599.067,,
ESTAT:NRG_BAL_C(1.0),06/03/26 23:00:00,Annual,Gross available energy,Natural gas,Gigawatt-hour,Czechia,2017,83747.500,,
ESTAT:NRG_BAL_C(1.0),06/03/26 23:00:00,Annual,Gross available energy,Natural gas,Gigawatt-hour,Czechia,2018,79306.188,,
ESTAT:NRG_BAL_C(1.0),06/03/26 23:00:00,Annual,Gross available energy,Natural gas,Gigawatt-hour,Czechia,2019,83249.755,,
ESTAT:NRG_BAL_C(1.0),06/03/26 23:00:00,Annual,Gross available energy,Natural gas,Gigawatt-hour,Czechia,2020,84621.075,,
ESTAT:NRG_BAL_C(1.0),06/03/26 23:00:00,Annual,Gross available energy,Natural gas,Gigawatt-hour,Czechia,2021,90675.107,,
ESTAT:NRG_BAL_C(1.0),06/03/26 23:00:00,Annual,Gross available energy,Natural gas,Gigawatt-hour,Czechia,2022,73753.430,,
ESTAT:NRG_BAL_C(1.0),06/03/26 23:00:00,Annual,Gross available energy,Natural gas,Gigawatt-hour,Czechia,2023,66947.766,,
ESTAT:NRG_BAL_C(1.0),06/03/26 23:00:00,Annual,Gross available energy,Natural gas,Gigawatt-hour,Czechia,2024,66819.310,,
ESTAT:NRG_BAL_C(1.0),06/03/26 23:00:00,Annual,Gross available energy,Natural gas,Gigawatt-hour,Germany,2005,904602.487,,
ESTAT:NRG_BAL_C(1.0),06/03/26 23:00:00,Annual,Gross available energy,Natural gas,Gigawatt-hour,Germany,2006,922210.860,,
ESTAT:NRG_BAL_C(1.0),06/03/26 23:00:00,Annual,Gross available energy,Natural gas,Gigawatt-hour,Germany,2007,889637.246,,
ESTAT:NRG_BAL_C(1.0),06/03/26 23:00:00,Annual,Gross available energy,Natural gas,Gigawatt-hour,Germany,2008,897393.017,,
ESTAT:NRG_BAL_C(1.0),06/03/26 23:00:00,Annual,Gross available energy,Natural gas,Gigawatt-hour,Germany,2009,845862.517,,
ESTAT:NRG_BAL_C(1.0),06/03/26 23:00:00,Annual,Gross available energy,Natural gas,Gigawatt-hour,Germany,2010,882768.404,,
ESTAT:NRG_BAL_C(1.0),06/03/26 23:00:00,Annual,Gross available energy,Natural gas,Gigawatt-hour,Germany,2011,809397.822,,
ESTAT:NRG_BAL_C(1.0),06/03/26 23:00:00,Annual,Gross available energy,Natural gas,Gigawatt-hour,Germany,2012,811995.176,,
ESTAT:NRG_BAL_C(1.0),06/03/26 23:00:00,Annual,Gross available energy,Natural gas,Gigawatt-hour,Germany,2013,850173.228,,
ESTAT:NRG_BAL_C(1.0),06/03/26 23:00:00,Annual,Gross available energy,Natural gas,Gigawatt-hour,Germany,2014,737041.280,,
ESTAT:NRG_BAL_C(1.0),06/03/26 23:00:00,Annual,Gross available energy,Natural gas,Gigawatt-hour,Germany,2015,757742.104,,
ESTAT:NRG_BAL_C(1.0),06/03/26 23:00:00,Annual,Gross available energy,Natural gas,Gigawatt-hour,Germany,2016,817936.770,,
ESTAT:NRG_BAL_C(1.0),06/03/26 23:00:00,Annual,Gross available energy,Natural gas,Gigawatt-hour,Germany,2017,876226.223,,
ESTAT:NRG_BAL_C(1.0),06/03/26 23:00:00,Annual,Gross available energy,Natural gas,Gigawatt-hour,Germany,2018,855412.055,,
ESTAT:NRG_BAL_C(1.0),06/03/26 23:00:00,Annual,Gross available energy,Natural gas,Gigawatt-hour,Germany,2019,879465.372,,
ESTAT:NRG_BAL_C(1.0),06/03/26 23:00:00,Annual,Gross available energy,Natural gas,Gigawatt-hour,Germany,2020,867597.416,,
ESTAT:NRG_BAL_C(1.0),06/03/26 23:00:00,Annual,Gross available energy,Natural gas,Gigawatt-hour,Germany,2021,897623.632,,
ESTAT:NRG_BAL_C(1.0),06/03/26 23:00:00,Annual,Gross available energy,Natural gas,Gigawatt-hour,Germany,2022,776455.997,,
ESTAT:NRG_BAL_C(1.0),06/03/26 23:00:00,Annual,Gross available energy,Natural gas,Gigawatt-hour,Germany,2023,745036.387,,
ESTAT:NRG_BAL_C(1.0),06/03/26 23:00:00,Annual,Gross available energy,Natural gas,Gigawatt-hour,Germany,2024,754185.315,,
ESTAT:NRG_BAL_C(1.0),06/03/26 23:00:00,Annual,Gross available energy,Natural gas,Gigawatt-hour,Denmark,2005,51165.794,,
ESTAT:NRG_BAL_C(1.0),06/03/26 23:00:00,Annual,Gross available energy,Natural gas,Gigawatt-hour,Denmark,2006,52759.828,,
ESTAT:NRG_BAL_C(1.0),06/03/26 23:00:00,Annual,Gross available energy,Natural gas,Gigawatt-hour,Denmark,2007,47236.750,,
ESTAT:NRG_BAL_C(1.0),06/03/26 23:00:00,Annual,Gross available energy,Natural gas,Gigawatt-hour,Denmark,2008,47403.257,,
ESTAT:NRG_BAL_C(1.0),06/03/26 23:00:00,Annual,Gross available energy,Natural gas,Gigawatt-hour,Denmark,2009,45327.364,,
ESTAT:NRG_BAL_C(1.0),06/03/26 23:00:00,Annual,Gross available energy,Natural gas,Gigawatt-hour,Denmark,2010,51428.162,,
ESTAT:NRG_BAL_C(1.0),06/03/26 23:00:00,Annual,Gross available energy,Natural gas,Gigawatt-hour,Denmark,2011,43130.326,,
ESTAT:NRG_BAL_C(1.0),06/03/26 23:00:00,Annual,Gross available energy,Natural gas,Gigawatt-hour,Denmark,2012,40524.290,,
ESTAT:NRG_BAL_C(1.0),06/03/26 23:00:00,Annual,Gross available energy,Natural gas,Gigawatt-hour,Denmark,2013,38564.333,,
ESTAT:NRG_BAL_C(1.0),06/03/26 23:00:00,Annual,Gross available energy,Natural gas,Gigawatt-hour,Denmark,2014,32610.806,,
ESTAT:NRG_BAL_C(1.0),06/03/26 23:00:00,Annual,Gross available energy,Natural gas,Gigawatt-hour,Denmark,2015,33192.274,,
ESTAT:NRG_BAL_C(1.0),06/03/26 23:00:00,Annual,Gross available energy,Natural gas,Gigawatt-hour,Denmark,2016,33484.106,,
ESTAT:NRG_BAL_C(1.0),06/03/26 23:00:00,Annual,Gross available energy,Natural gas,Gigawatt-hour,Denmark,2017,31969.087,,
ESTAT:NRG_BAL_C(1.0),06/03/26 23:00:00,Annual,Gross available energy,Natural gas,Gigawatt-hour,Denmark,2018,31104.105,,
ESTAT:NRG_BAL_C(1.0),06/03/26 23:00:00,Annual,Gross available energy,Natural gas,Gigawatt-hour,Denmark,2019,29415.148,,
ESTAT:NRG_BAL_C(1.0),06/03/26 23:00:00,Annual,Gross available energy,Natural gas,Gigawatt-hour,Denmark,2020,24565.309,,
ESTAT:NRG_BAL_C(1.0),06/03/26 23:00:00,Annual,Gross available energy,Natural gas,Gigawatt-hour,Denmark,2021,22443.333,,
ESTAT:NRG_BAL_C(1.0),06/03/26 23:00:00,Annual,Gross available energy,Natural gas,Gigawatt-hour,Denmark,2022,16906.458,,
ESTAT:NRG_BAL_C(1.0),06/03/26 23:00:00,Annual,Gross available energy,Natural gas,Gigawatt-hour,Denmark,2023,15352.909,,
ESTAT:NRG_BAL_C(1.0),06/03/26 23:00:00,Annual,Gross available energy,Natural gas,Gigawatt-hour,Denmark,2024,16716.704,,
ESTAT:NRG_BAL_C(1.0),06/03/26 23:00:00,Annual,Gross available energy,Natural gas,Gigawatt-hour,Estonia,2005,9300.250,,
ESTAT:NRG_BAL_C(1.0),06/03/26 23:00:00,Annual,Gross available energy,Natural gas,Gigawatt-hour,Estonia,2006,9398.750,,
ESTAT:NRG_BAL_C(1.0),06/03/26 23:00:00,Annual,Gross available energy,Natural gas,Gigawatt-hour,Estonia,2007,9343.000,,
ESTAT:NRG_BAL_C(1.0),06/03/26 23:00:00,Annual,Gross available energy,Natural gas,Gigawatt-hour,Estonia,2008,8961.000,,
ESTAT:NRG_BAL_C(1.0),06/03/26 23:00:00,Annual,Gross available energy,Natural gas,Gigawatt-hour,Estonia,2009,6107.250,,
ESTAT:NRG_BAL_C(1.0),06/03/26 23:00:00,Annual,Gross available energy,Natural gas,Gigawatt-hour,Estonia,2010,6542.000,,
ESTAT:NRG_BAL_C(1.0),06/03/26 23:00:00,Annual,Gross available energy,Natural gas,Gigawatt-hour,Estonia,2011,5853.250,,
ESTAT:NRG_BAL_C(1.0),06/03/26 23:00:00,Annual,Gross available energy,Natural gas,Gigawatt-hour,Estonia,2012,6343.000,,
ESTAT:NRG_BAL_C(1.0),06/03/26 23:00:00,Annual,Gross available energy,Natural gas,Gigawatt-hour,Estonia,2013,6453.500,,
ESTAT:NRG_BAL_C(1.0),06/03/26 23:00:00,Annual,Gross available energy,Natural gas,Gigawatt-hour,Estonia,2014,5065.500,,
ESTAT:NRG_BAL_C(1.0),06/03/26 23:00:00,Annual,Gross available energy,Natural gas,Gigawatt-hour,Estonia,2015,4541.000,,
ESTAT:NRG_BAL_C(1.0),06/03/26 23:00:00,Annual,Gross available energy,Natural gas,Gigawatt-hour,Estonia,2016,4980.750,,
ESTAT:NRG_BAL_C(1.0),06/03/26 23:00:00,Annual,Gross available energy,Natural gas,Gigawatt-hour,Estonia,2017,4888.793,,
ESTAT:NRG_BAL_C(1.0),06/03/26 23:00:00,Annual,Gross available energy,Natural gas,Gigawatt-hour,Estonia,2018,5003.573,,
ESTAT:NRG_BAL_C(1.0),06/03/26 23:00:00,Annual,Gross available energy,Natural gas,Gigawatt-hour,Estonia,2019,4660.554,,
ESTAT:NRG_BAL_C(1.0),06/03/26 23:00:00,Annual,Gross available energy,Natural gas,Gigawatt-hour,Estonia,2020,4300.500,,
ESTAT:NRG_BAL_C(1.0),06/03/26 23:00:00,Annual,Gross available energy,Natural gas,Gigawatt-hour,Estonia,2021,4863.190,,
ESTAT:NRG_BAL_C(1.0),06/03/26 23:00:00,Annual,Gross available energy,Natural gas,Gigawatt-hour,Estonia,2022,4036.667,,
ESTAT:NRG_BAL_C(1.0),06/03/26 23:00:00,Annual,Gross available energy,Natural gas,Gigawatt-hour,Estonia,2023,3129.675,,
ESTAT:NRG_BAL_C(1.0),06/03/26 23:00:00,Annual,Gross available energy,Natural gas,Gigawatt-hour,Estonia,2024,3420.068,,
ESTAT:NRG_BAL_C(1.0),06/03/26 23:00:00,Annual,Gross available energy,Natural gas,Gigawatt-hour,Greece,2005,27371.984,,
ESTAT:NRG_BAL_C(1.0),06/03/26 23:00:00,Annual,Gross available energy,Natural gas,Gigawatt-hour,Greece,2006,31950.961,,
ESTAT:NRG_BAL_C(1.0),06/03/26 23:00:00,Annual,Gross available energy,Natural gas,Gigawatt-hour,Greece,2007,39125.445,,
ESTAT:NRG_BAL_C(1.0),06/03/26 23:00:00,Annual,Gross available energy,Natural gas,Gigawatt-hour,Greece,2008,40777.087,,
ESTAT:NRG_BAL_C(1.0),06/03/26 23:00:00,Annual,Gross available energy,Natural gas,Gigawatt-hour,Greece,2009,34552.850,,
ESTAT:NRG_BAL_C(1.0),06/03/26 23:00:00,Annual,Gross available energy,Natural gas,Gigawatt-hour,Greece,2010,37616.823,,
ESTAT:NRG_BAL_C(1.0),06/03/26 23:00:00,Annual,Gross available energy,Natural gas,Gigawatt-hour,Greece,2011,46197.383,,
ESTAT:NRG_BAL_C(1.0),06/03/26 23:00:00,Annual,Gross available energy,Natural gas,Gigawatt-hour,Greece,2012,42589.885,,
ESTAT:NRG_BAL_C(1.0),06/03/26 23:00:00,Annual,Gross available energy,Natural gas,Gigawatt-hour,Greece,2013,37638.322,,
ESTAT:NRG_BAL_C(1.0),06/03/26 23:00:00,Annual,Gross available energy,Natural gas,Gigawatt-hour,Greece,2014,28892.421,,
ESTAT:NRG_BAL_C(1.0),06/03/26 23:00:00,Annual,Gross available energy,Natural gas,Gigawatt-hour,Greece,2015,31132.939,,
ESTAT:NRG_BAL_C(1.0),06/03/26 23:00:00,Annual,Gross available energy,Natural gas,Gigawatt-hour,Greece,2016,40586.063,,
ESTAT:NRG_BAL_C(1.0),06/03/26 23:00:00,Annual,Gross available energy,Natural gas,Gigawatt-hour,Greece,2017,48888.660,,
ESTAT:NRG_BAL_C(1.0),06/03/26 23:00:00,Annual,Gross available energy,Natural gas,Gigawatt-hour,Greece,2018,47883.441,,
ESTAT:NRG_BAL_C(1.0),06/03/26 23:00:00,Annual,Gross available energy,Natural gas,Gigawatt-hour,Greece,2019,52210.004,,
ESTAT:NRG_BAL_C(1.0),06/03/26 23:00:00,Annual,Gross available energy,Natural gas,Gigawatt-hour,Greece,2020,57318.426,,
ESTAT:NRG_BAL_C(1.0),06/03/26 23:00:00,Annual,Gross available energy,Natural gas,Gigawatt-hour,Greece,2021,63367.805,,
ESTAT:NRG_BAL_C(1.0),06/03/26 23:00:00,Annual,Gross available energy,Natural gas,Gigawatt-hour,Greece,2022,51214.610,,
ESTAT:NRG_BAL_C(1.0),06/03/26 23:00:00,Annual,Gross available energy,Natural gas,Gigawatt-hour,Greece,2023,46208.135,,
ESTAT:NRG_BAL_C(1.0),06/03/26 23:00:00,Annual,Gross available energy,Natural gas,Gigawatt-hour,Greece,2024,60508.775,,
ESTAT:NRG_BAL_C(1.0),06/03/26 23:00:00,Annual,Gross available energy,Natural gas,Gigawatt-hour,Spain,2005,347083.378,,
ESTAT:NRG_BAL_C(1.0),06/03/26 23:00:00,Annual,Gross available energy,Natural gas,Gigawatt-hour,Spain,2006,367627.204,,
ESTAT:NRG_BAL_C(1.0),06/03/26 23:00:00,Annual,Gross available energy,Natural gas,Gigawatt-hour,Spain,2007,369640.694,,
ESTAT:NRG_BAL_C(1.0),06/03/26 23:00:00,Annual,Gross available energy,Natural gas,Gigawatt-hour,Spain,2008,406001.998,,
ESTAT:NRG_BAL_C(1.0),06/03/26 23:00:00,Annual,Gross available energy,Natural gas,Gigawatt-hour,Spain,2009,363149.070,,
ESTAT:NRG_BAL_C(1.0),06/03/26 23:00:00,Annual,Gross available energy,Natural gas,Gigawatt-hour,Spain,2010,362036.130,,
ESTAT:NRG_BAL_C(1.0),06/03/26 23:00:00,Annual,Gross available energy,Natural gas,Gigawatt-hour,Spain,2011,336522.659,,
ESTAT:NRG_BAL_C(1.0),06/03/26 23:00:00,Annual,Gross available energy,Natural gas,Gigawatt-hour,Spain,2012,332323.816,,
ESTAT:NRG_BAL_C(1.0),06/03/26 23:00:00,Annual,Gross available energy,Natural gas,Gigawatt-hour,Spain,2013,304280.092,,
ESTAT:NRG_BAL_C(1.0),06/03/26 23:00:00,Annual,Gross available energy,Natural gas,Gigawatt-hour,Spain,2014,275243.072,,
ESTAT:NRG_BAL_C(1.0),06/03/26 23:00:00,Annual,Gross available energy,Natural gas,Gigawatt-hour,Spain,2015,285437.832,,
ESTAT:NRG_BAL_C(1.0),06/03/26 23:00:00,Annual,Gross available energy,Natural gas,Gigawatt-hour,Spain,2016,291215.949,,
ESTAT:NRG_BAL_C(1.0),06/03/26 23:00:00,Annual,Gross available energy,Natural gas,Gigawatt-hour,Spain,2017,317121.143,,
ESTAT:NRG_BAL_C(1.0),06/03/26 23:00:00,Annual,Gross available energy,Natural gas,Gigawatt-hour,Spain,2018,314972.500,,
ESTAT:NRG_BAL_C(1.0),06/03/26 23:00:00,Annual,Gross available energy,Natural gas,Gigawatt-hour,Spain,2019,359744.498,,
ESTAT:NRG_BAL_C(1.0),06/03/26 23:00:00,Annual,Gross available energy,Natural gas,Gigawatt-hour,Spain,2020,324901.811,,
ESTAT:NRG_BAL_C(1.0),06/03/26 23:00:00,Annual,Gross available energy,Natural gas,Gigawatt-hour,Spain,2021,343242.973,,
ESTAT:NRG_BAL_C(1.0),06/03/26 23:00:00,Annual,Gross available energy,Natural gas,Gigawatt-hour,Spain,2022,329741.565,,
ESTAT:NRG_BAL_C(1.0),06/03/26 23:00:00,Annual,Gross available energy,Natural gas,Gigawatt-hour,Spain,2023,294725.081,,
ESTAT:NRG_BAL_C(1.0),06/03/26 23:00:00,Annual,Gross available energy,Natural gas,Gigawatt-hour,Spain,2024,283158.928,,
ESTAT:NRG_BAL_C(1.0),06/03/26 23:00:00,Annual,Gross available energy,Natural gas,Gigawatt-hour,Finland,2005,41945.750,,
ESTAT:NRG_BAL_C(1.0),06/03/26 23:00:00,Annual,Gross available energy,Natural gas,Gigawatt-hour,Finland,2006,45185.500,,
ESTAT:NRG_BAL_C(1.0),06/03/26 23:00:00,Annual,Gross available energy,Natural gas,Gigawatt-hour,Finland,2007,43395.239,,
ESTAT:NRG_BAL_C(1.0),06/03/26 23:00:00,Annual,Gross available energy,Natural gas,Gigawatt-hour,Finland,2008,44917.472,,
ESTAT:NRG_BAL_C(1.0),06/03/26 23:00:00,Annual,Gross available energy,Natural gas,Gigawatt-hour,Finland,2009,40516.119,,
ESTAT:NRG_BAL_C(1.0),06/03/26 23:00:00,Annual,Gross available energy,Natural gas,Gigawatt-hour,Finland,2010,44625.238,,
ESTAT:NRG_BAL_C(1.0),06/03/26 23:00:00,Annual,Gross available energy,Natural gas,Gigawatt-hour,Finland,2011,39076.229,,
ESTAT:NRG_BAL_C(1.0),06/03/26 23:00:00,Annual,Gross available energy,Natural gas,Gigawatt-hour,Finland,2012,34949.045,,
ESTAT:NRG_BAL_C(1.0),06/03/26 23:00:00,Annual,Gross available energy,Natural gas,Gigawatt-hour,Finland,2013,33219.862,,
ESTAT:NRG_BAL_C(1.0),06/03/26 23:00:00,Annual,Gross available energy,Natural gas,Gigawatt-hour,Finland,2014,29228.755,,
ESTAT:NRG_BAL_C(1.0),06/03/26 23:00:00,Annual,Gross available energy,Natural gas,Gigawatt-hour,Finland,2015,26007.750,,
ESTAT:NRG_BAL_C(1.0),06/03/26 23:00:00,Annual,Gross available energy,Natural gas,Gigawatt-hour,Finland,2016,23942.723,,
ESTAT:NRG_BAL_C(1.0),06/03/26 23:00:00,Annual,Gross available energy,Natural gas,Gigawatt-hour,Finland,2017,22528.273,,
ESTAT:NRG_BAL_C(1.0),06/03/26 23:00:00,Annual,Gross available energy,Natural gas,Gigawatt-hour,Finland,2018,25328.935,,
ESTAT:NRG_BAL_C(1.0),06/03/26 23:00:00,Annual,Gross available energy,Natural gas,Gigawatt-hour,Finland,2019,24800.447,,
ESTAT:NRG_BAL_C(1.0),06/03/26 23:00:00,Annual,Gross available energy,Natural gas,Gigawatt-hour,Finland,2020,24624.067,,
ESTAT:NRG_BAL_C(1.0),06/03/26 23:00:00,Annual,Gross available energy,Natural gas,Gigawatt-hour,Finland,2021,24755.174,,
ESTAT:NRG_BAL_C(1.0),06/03/26 23:00:00,Annual,Gross available energy,Natural gas,Gigawatt-hour,Finland,2022,12860.846,,
ESTAT:NRG_BAL_C(1.0),06/03/26 23:00:00,Annual,Gross available energy,Natural gas,Gigawatt-hour,Finland,2023,15004.217,,
ESTAT:NRG_BAL_C(1.0),06/03/26 23:00:00,Annual,Gross available energy,Natural gas,Gigawatt-hour,Finland,2024,16603.978,,
ESTAT:NRG_BAL_C(1.0),06/03/26 23:00:00,Annual,Gross available energy,Natural gas,Gigawatt-hour,France,2005,477127.271,,
ESTAT:NRG_BAL_C(1.0),06/03/26 23:00:00,Annual,Gross available energy,Natural gas,Gigawatt-hour,France,2006,460801.542,,
ESTAT:NRG_BAL_C(1.0),06/03/26 23:00:00,Annual,Gross available energy,Natural gas,Gigawatt-hour,France,2007,447605.549,,
ESTAT:NRG_BAL_C(1.0),06/03/26 23:00:00,Annual,Gross available energy,Natural gas,Gigawatt-hour,France,2008,463871.093,,
ESTAT:NRG_BAL_C(1.0),06/03/26 23:00:00,Annual,Gross available energy,Natural gas,Gigawatt-hour,France,2009,447309.542,,
ESTAT:NRG_BAL_C(1.0),06/03/26 23:00:00,Annual,Gross available energy,Natural gas,Gigawatt-hour,France,2010,495643.832,,
ESTAT:NRG_BAL_C(1.0),06/03/26 23:00:00,Annual,Gross available energy,Natural gas,Gigawatt-hour,France,2011,430190.344,,
ESTAT:NRG_BAL_C(1.0),06/03/26 23:00:00,Annual,Gross available energy,Natural gas,Gigawatt-hour,France,2012,444442.958,,
ESTAT:NRG_BAL_C(1.0),06/03/26 23:00:00,Annual,Gross available energy,Natural gas,Gigawatt-hour,France,2013,451431.541,,
ESTAT:NRG_BAL_C(1.0),06/03/26 23:00:00,Annual,Gross available energy,Natural gas,Gigawatt-hour,France,2014,379083.514,,
ESTAT:NRG_BAL_C(1.0),06/03/26 23:00:00,Annual,Gross available energy,Natural gas,Gigawatt-hour,France,2015,407517.639,,
ESTAT:NRG_BAL_C(1.0),06/03/26 23:00:00,Annual,Gross available energy,Natural gas,Gigawatt-hour,France,2016,445299.437,,
ESTAT:NRG_BAL_C(1.0),06/03/26 23:00:00,Annual,Gross available energy,Natural gas,Gigawatt-hour,France,2017,447657.066,,
ESTAT:NRG_BAL_C(1.0),06/03/26 23:00:00,Annual,Gross available energy,Natural gas,Gigawatt-hour,France,2018,427731.134,,
ESTAT:NRG_BAL_C(1.0),06/03/26 23:00:00,Annual,Gross available energy,Natural gas,Gigawatt-hour,France,2019,435676.246,,
ESTAT:NRG_BAL_C(1.0),06/03/26 23:00:00,Annual,Gross available energy,Natural gas,Gigawatt-hour,France,2020,405183.865,,
ESTAT:NRG_BAL_C(1.0),06/03/26 23:00:00,Annual,Gross available energy,Natural gas,Gigawatt-hour,France,2021,430061.593,,
ESTAT:NRG_BAL_C(1.0),06/03/26 23:00:00,Annual,Gross available energy,Natural gas,Gigawatt-hour,France,2022,385821.187,,
ESTAT:NRG_BAL_C(1.0),06/03/26 23:00:00,Annual,Gross available energy,Natural gas,Gigawatt-hour,France,2023,340109.402,,
ESTAT:NRG_BAL_C(1.0),06/03/26 23:00:00,Annual,Gross available energy,Natural gas,Gigawatt-hour,France,2024,318189.840,,
ESTAT:NRG_BAL_C(1.0),06/03/26 23:00:00,Annual,Gross available energy,Natural gas,Gigawatt-hour,Croatia,2005,27644.050,,
ESTAT:NRG_BAL_C(1.0),06/03/26 23:00:00,Annual,Gross available energy,Natural gas,Gigawatt-hour,Croatia,2006,27339.000,,
ESTAT:NRG_BAL_C(1.0),06/03/26 23:00:00,Annual,Gross available energy,Natural gas,Gigawatt-hour,Croatia,2007,31413.750,,
ESTAT:NRG_BAL_C(1.0),06/03/26 23:00:00,Annual,Gross available energy,Natural gas,Gigawatt-hour,Croatia,2008,29967.750,,
ESTAT:NRG_BAL_C(1.0),06/03/26 23:00:00,Annual,Gross available energy,Natural gas,Gigawatt-hour,Croatia,2009,27950.000,,
ESTAT:NRG_BAL_C(1.0),06/03/26 23:00:00,Annual,Gross available energy,Natural gas,Gigawatt-hour,Croatia,2010,30614.250,,
ESTAT:NRG_BAL_C(1.0),06/03/26 23:00:00,Annual,Gross available energy,Natural gas,Gigawatt-hour,Croatia,2011,29891.750,,
ESTAT:NRG_BAL_C(1.0),06/03/26 23:00:00,Annual,Gross available energy,Natural gas,Gigawatt-hour,Croatia,2012,28066.000,,
ESTAT:NRG_BAL_C(1.0),06/03/26 23:00:00,Annual,Gross available energy,Natural gas,Gigawatt-hour,Croatia,2013,26538.000,,
ESTAT:NRG_BAL_C(1.0),06/03/26 23:00:00,Annual,Gross available energy,Natural gas,Gigawatt-hour,Croatia,2014,23485.750,,
ESTAT:NRG_BAL_C(1.0),06/03/26 23:00:00,Annual,Gross available energy,Natural gas,Gigawatt-hour,Croatia,2015,24212.500,,
ESTAT:NRG_BAL_C(1.0),06/03/26 23:00:00,Annual,Gross available energy,Natural gas,Gigawatt-hour,Croatia,2016,25243.283,,
ESTAT:NRG_BAL_C(1.0),06/03/26 23:00:00,Annual,Gross available energy,Natural gas,Gigawatt-hour,Croatia,2017,28996.669,,
ESTAT:NRG_BAL_C(1.0),06/03/26 23:00:00,Annual,Gross available energy,Natural gas,Gigawatt-hour,Croatia,2018,26658.366,,
ESTAT:NRG_BAL_C(1.0),06/03/26 23:00:00,Annual,Gross available energy,Natural gas,Gigawatt-hour,Croatia,2019,27981.422,,
ESTAT:NRG_BAL_C(1.0),06/03/26 23:00:00,Annual,Gross available energy,Natural gas,Gigawatt-hour,Croatia,2020,29368.095,,
ESTAT:NRG_BAL_C(1.0),06/03/26 23:00:00,Annual,Gross available energy,Natural gas,Gigawatt-hour,Croatia,2021,28251.805,,
ESTAT:NRG_BAL_C(1.0),06/03/26 23:00:00,Annual,Gross available energy,Natural gas,Gigawatt-hour,Croatia,2022,24805.114,,
ESTAT:NRG_BAL_C(1.0),06/03/26 23:00:00,Annual,Gross available energy,Natural gas,Gigawatt-hour,Croatia,2023,26618.425,,
ESTAT:NRG_BAL_C(1.0),06/03/26 23:00:00,Annual,Gross available energy,Natural gas,Gigawatt-hour,Croatia,2024,24318.250,,
ESTAT:NRG_BAL_C(1.0),06/03/26 23:00:00,Annual,Gross available energy,Natural gas,Gigawatt-hour,Hungary,2005,140652.500,,
ESTAT:NRG_BAL_C(1.0),06/03/26 23:00:00,Annual,Gross available energy,Natural gas,Gigawatt-hour,Hungary,2006,133242.250,,
ESTAT:NRG_BAL_C(1.0),06/03/26 23:00:00,Annual,Gross available energy,Natural gas,Gigawatt-hour,Hungary,2007,124497.250,,
ESTAT:NRG_BAL_C(1.0),06/03/26 23:00:00,Annual,Gross available energy,Natural gas,Gigawatt-hour,Hungary,2008,122822.500,,
ESTAT:NRG_BAL_C(1.0),06/03/26 23:00:00,Annual,Gross available energy,Natural gas,Gigawatt-hour,Hungary,2009,106436.500,,
ESTAT:NRG_BAL_C(1.0),06/03/26 23:00:00,Annual,Gross available energy,Natural gas,Gigawatt-hour,Hungary,2010,114154.250,,
ESTAT:NRG_BAL_C(1.0),06/03/26 23:00:00,Annual,Gross available energy,Natural gas,Gigawatt-hour,Hungary,2011,108786.250,,
ESTAT:NRG_BAL_C(1.0),06/03/26 23:00:00,Annual,Gross available energy,Natural gas,Gigawatt-hour,Hungary,2012,97424.000,,
ESTAT:NRG_BAL_C(1.0),06/03/26 23:00:00,Annual,Gross available energy,Natural gas,Gigawatt-hour,Hungary,2013,89598.250,,
ESTAT:NRG_BAL_C(1.0),06/03/26 23:00:00,Annual,Gross available energy,Natural gas,Gigawatt-hour,Hungary,2014,81196.250,,
ESTAT:NRG_BAL_C(1.0),06/03/26 23:00:00,Annual,Gross available energy,Natural gas,Gigawatt-hour,Hungary,2015,87107.000,,
ESTAT:NRG_BAL_C(1.0),06/03/26 23:00:00,Annual,Gross available energy,Natural gas,Gigawatt-hour,Hungary,2016,93362.473,,
ESTAT:NRG_BAL_C(1.0),06/03/26 23:00:00,Annual,Gross available energy,Natural gas,Gigawatt-hour,Hungary,2017,99341.500,,
ESTAT:NRG_BAL_C(1.0),06/03/26 23:00:00,Annual,Gross available energy,Natural gas,Gigawatt-hour,Hungary,2018,96224.250,,
ESTAT:NRG_BAL_C(1.0),06/03/26 23:00:00,Annual,Gross available energy,Natural gas,Gigawatt-hour,Hungary,2019,98439.998,,
ESTAT:NRG_BAL_C(1.0),06/03/26 23:00:00,Annual,Gross available energy,Natural gas,Gigawatt-hour,Hungary,2020,101929.751,,
ESTAT:NRG_BAL_C(1.0),06/03/26 23:00:00,Annual,Gross available energy,Natural gas,Gigawatt-hour,Hungary,2021,108104.000,,
ESTAT:NRG_BAL_C(1.0),06/03/26 23:00:00,Annual,Gross available energy,Natural gas,Gigawatt-hour,Hungary,2022,91909.751,,
ESTAT:NRG_BAL_C(1.0),06/03/26 23:00:00,Annual,Gross available energy,Natural gas,Gigawatt-hour,Hungary,2023,82148.250,,
ESTAT:NRG_BAL_C(1.0),06/03/26 23:00:00,Annual,Gross available energy,Natural gas,Gigawatt-hour,Hungary,2024,82511.250,,
ESTAT:NRG_BAL_C(1.0),06/03/26 23:00:00,Annual,Gross available energy,Natural gas,Gigawatt-hour,Ireland,2005,40652.029,,
ESTAT:NRG_BAL_C(1.0),06/03/26 23:00:00,Annual,Gross available energy,Natural gas,Gigawatt-hour,Ireland,2006,46033.630,,
ESTAT:NRG_BAL_C(1.0),06/03/26 23:00:00,Annual,Gross available energy,Natural gas,Gigawatt-hour,Ireland,2007,49424.637,,
ESTAT:NRG_BAL_C(1.0),06/03/26 23:00:00,Annual,Gross available energy,Natural gas,Gigawatt-hour,Ireland,2008,52543.205,,
ESTAT:NRG_BAL_C(1.0),06/03/26 23:00:00,Annual,Gross available energy,Natural gas,Gigawatt-hour,Ireland,2009,49649.347,,
ESTAT:NRG_BAL_C(1.0),06/03/26 23:00:00,Annual,Gross available energy,Natural gas,Gigawatt-hour,Ireland,2010,54682.095,,
ESTAT:NRG_BAL_C(1.0),06/03/26 23:00:00,Annual,Gross available energy,Natural gas,Gigawatt-hour,Ireland,2011,48116.963,,
ESTAT:NRG_BAL_C(1.0),06/03/26 23:00:00,Annual,Gross available energy,Natural gas,Gigawatt-hour,Ireland,2012,46884.798,,
ESTAT:NRG_BAL_C(1.0),06/03/26 23:00:00,Annual,Gross available energy,Natural gas,Gigawatt-hour,Ireland,2013,44808.386,,
ESTAT:NRG_BAL_C(1.0),06/03/26 23:00:00,Annual,Gross available energy,Natural gas,Gigawatt-hour,Ireland,2014,43405.823,,
ESTAT:NRG_BAL_C(1.0),06/03/26 23:00:00,Annual,Gross available energy,Natural gas,Gigawatt-hour,Ireland,2015,43716.767,,
ESTAT:NRG_BAL_C(1.0),06/03/26 23:00:00,Annual,Gross available energy,Natural gas,Gigawatt-hour,Ireland,2016,49388.778,,
ESTAT:NRG_BAL_C(1.0),06/03/26 23:00:00,Annual,Gross available energy,Natural gas,Gigawatt-hour,Ireland,2017,50155.183,,
ESTAT:NRG_BAL_C(1.0),06/03/26 23:00:00,Annual,Gross available energy,Natural gas,Gigawatt-hour,Ireland,2018,52190.810,,
ESTAT:NRG_BAL_C(1.0),06/03/26 23:00:00,Annual,Gross available energy,Natural gas,Gigawatt-hour,Ireland,2019,53033.980,,
ESTAT:NRG_BAL_C(1.0),06/03/26 23:00:00,Annual,Gross available energy,Natural gas,Gigawatt-hour,Ireland,2020,53104.130,,
ESTAT:NRG_BAL_C(1.0),06/03/26 23:00:00,Annual,Gross available energy,Natural gas,Gigawatt-hour,Ireland,2021,50816.665,,
ESTAT:NRG_BAL_C(1.0),06/03/26 23:00:00,Annual,Gross available energy,Natural gas,Gigawatt-hour,Ireland,2022,51861.279,,
ESTAT:NRG_BAL_C(1.0),06/03/26 23:00:00,Annual,Gross available energy,Natural gas,Gigawatt-hour,Ireland,2023,48140.573,,
ESTAT:NRG_BAL_C(1.0),06/03/26 23:00:00,Annual,Gross available energy,Natural gas,Gigawatt-hour,Ireland,2024,49530.592,,
ESTAT:NRG_BAL_C(1.0),06/03/26 23:00:00,Annual,Gross available energy,Natural gas,Gigawatt-hour,Italy,2005,821674.000,,
ESTAT:NRG_BAL_C(1.0),06/03/26 23:00:00,Annual,Gross available energy,Natural gas,Gigawatt-hour,Italy,2006,804700.750,,
ESTAT:NRG_BAL_C(1.0),06/03/26 23:00:00,Annual,Gross available energy,Natural gas,Gigawatt-hour,Italy,2007,808644.000,,
ESTAT:NRG_BAL_C(1.0),06/03/26 23:00:00,Annual,Gross available energy,Natural gas,Gigawatt-hour,Italy,2008,808510.750,,
ESTAT:NRG_BAL_C(1.0),06/03/26 23:00:00,Annual,Gross available energy,Natural gas,Gigawatt-hour,Italy,2009,743179.250,,
ESTAT:NRG_BAL_C(1.0),06/03/26 23:00:00,Annual,Gross available energy,Natural gas,Gigawatt-hour,Italy,2010,791499.000,,
ESTAT:NRG_BAL_C(1.0),06/03/26 23:00:00,Annual,Gross available energy,Natural gas,Gigawatt-hour,Italy,2011,742158.500,,
ESTAT:NRG_BAL_C(1.0),06/03/26 23:00:00,Annual,Gross available energy,Natural gas,Gigawatt-hour,Italy,2012,713565.750,,
ESTAT:NRG_BAL_C(1.0),06/03/26 23:00:00,Annual,Gross available energy,Natural gas,Gigawatt-hour,Italy,2013,667407.500,,
ESTAT:NRG_BAL_C(1.0),06/03/26 23:00:00,Annual,Gross available energy,Natural gas,Gigawatt-hour,Italy,2014,589711.750,,
ESTAT:NRG_BAL_C(1.0),06/03/26 23:00:00,Annual,Gross available energy,Natural gas,Gigawatt-hour,Italy,2015,643156.500,,
ESTAT:NRG_BAL_C(1.0),06/03/26 23:00:00,Annual,Gross available energy,Natural gas,Gigawatt-hour,Italy,2016,675465.500,,
ESTAT:NRG_BAL_C(1.0),06/03/26 23:00:00,Annual,Gross available energy,Natural gas,Gigawatt-hour,Italy,2017,715815.138,,
ESTAT:NRG_BAL_C(1.0),06/03/26 23:00:00,Annual,Gross available energy,Natural gas,Gigawatt-hour,Italy,2018,692140.822,,
ESTAT:NRG_BAL_C(1.0),06/03/26 23:00:00,Annual,Gross available energy,Natural gas,Gigawatt-hour,Italy,2019,708837.576,,
ESTAT:NRG_BAL_C(1.0),06/03/26 23:00:00,Annual,Gross available energy,Natural gas,Gigawatt-hour,Italy,2020,677864.094,,
ESTAT:NRG_BAL_C(1.0),06/03/26 23:00:00,Annual,Gross available energy,Natural gas,Gigawatt-hour,Italy,2021,726066.080,,
ESTAT:NRG_BAL_C(1.0),06/03/26 23:00:00,Annual,Gross available energy,Natural gas,Gigawatt-hour,Italy,2022,652488.827,,
ESTAT:NRG_BAL_C(1.0),06/03/26 23:00:00,Annual,Gross available energy,Natural gas,Gigawatt-hour,Italy,2023,585332.272,,
ESTAT:NRG_BAL_C(1.0),06/03/26 23:00:00,Annual,Gross available energy,Natural gas,Gigawatt-hour,Italy,2024,588807.187,,
ESTAT:NRG_BAL_C(1.0),06/03/26 23:00:00,Annual,Gross available energy,Natural gas,Gigawatt-hour,Lithuania,2005,28801.250,,
ESTAT:NRG_BAL_C(1.0),06/03/26 23:00:00,Annual,Gross available energy,Natural gas,Gigawatt-hour,Lithuania,2006,28540.750,,
ESTAT:NRG_BAL_C(1.0),06/03/26 23:00:00,Annual,Gross available energy,Natural gas,Gigawatt-hour,Lithuania,2007,33629.500,,
ESTAT:NRG_BAL_C(1.0),06/03/26 23:00:00,Annual,Gross available energy,Natural gas,Gigawatt-hour,Lithuania,2008,30187.250,,
ESTAT:NRG_BAL_C(1.0),06/03/26 23:00:00,Annual,Gross available energy,Natural gas,Gigawatt-hour,Lithuania,2009,25368.500,,
ESTAT:NRG_BAL_C(1.0),06/03/26 23:00:00,Annual,Gross available energy,Natural gas,Gigawatt-hour,Lithuania,2010,28979.500,,
ESTAT:NRG_BAL_C(1.0),06/03/26 23:00:00,Annual,Gross available energy,Natural gas,Gigawatt-hour,Lithuania,2011,31610.750,,
ESTAT:NRG_BAL_C(1.0),06/03/26 23:00:00,Annual,Gross available energy,Natural gas,Gigawatt-hour,Lithuania,2012,30866.500,,
ESTAT:NRG_BAL_C(1.0),06/03/26 23:00:00,Annual,Gross available energy,Natural gas,Gigawatt-hour,Lithuania,2013,25173.250,,
ESTAT:NRG_BAL_C(1.0),06/03/26 23:00:00,Annual,Gross available energy,Natural gas,Gigawatt-hour,Lithuania,2014,24010.250,,
ESTAT:NRG_BAL_C(1.0),06/03/26 23:00:00,Annual,Gross available energy,Natural gas,Gigawatt-hour,Lithuania,2015,24044.750,,
ESTAT:NRG_BAL_C(1.0),06/03/26 23:00:00,Annual,Gross available energy,Natural gas,Gigawatt-hour,Lithuania,2016,21417.750,,
ESTAT:NRG_BAL_C(1.0),06/03/26 23:00:00,Annual,Gross available energy,Natural gas,Gigawatt-hour,Lithuania,2017,22346.748,,
ESTAT:NRG_BAL_C(1.0),06/03/26 23:00:00,Annual,Gross available energy,Natural gas,Gigawatt-hour,Lithuania,2018,20651.247,,
ESTAT:NRG_BAL_C(1.0),06/03/26 23:00:00,Annual,Gross available energy,Natural gas,Gigawatt-hour,Lithuania,2019,21682.968,,
ESTAT:NRG_BAL_C(1.0),06/03/26 23:00:00,Annual,Gross available energy,Natural gas,Gigawatt-hour,Lithuania,2020,22931.500,,
ESTAT:NRG_BAL_C(1.0),06/03/26 23:00:00,Annual,Gross available energy,Natural gas,Gigawatt-hour,Lithuania,2021,21821.128,,
ESTAT:NRG_BAL_C(1.0),06/03/26 23:00:00,Annual,Gross available energy,Natural gas,Gigawatt-hour,Lithuania,2022,14903.074,,
ESTAT:NRG_BAL_C(1.0),06/03/26 23:00:00,Annual,Gross available energy,Natural gas,Gigawatt-hour,Lithuania,2023,14512.986,,
ESTAT:NRG_BAL_C(1.0),06/03/26 23:00:00,Annual,Gross available energy,Natural gas,Gigawatt-hour,Lithuania,2024,15926.885,,
ESTAT:NRG_BAL_C(1.0),06/03/26 23:00:00,Annual,Gross available energy,Natural gas,Gigawatt-hour,Luxembourg,2005,13680.046,,
ESTAT:NRG_BAL_C(1.0),06/03/26 23:00:00,Annual,Gross available energy,Natural gas,Gigawatt-hour,Luxembourg,2006,14309.427,,
ESTAT:NRG_BAL_C(1.0),06/03/26 23:00:00,Annual,Gross available energy,Natural gas,Gigawatt-hour,Luxembourg,2007,13356.534,,
ESTAT:NRG_BAL_C(1.0),06/03/26 23:00:00,Annual,Gross available energy,Natural gas,Gigawatt-hour,Luxembourg,2008,12714.349,,
ESTAT:NRG_BAL_C(1.0),06/03/26 23:00:00,Annual,Gross available energy,Natural gas,Gigawatt-hour,Luxembourg,2009,12937.973,,
ESTAT:NRG_BAL_C(1.0),06/03/26 23:00:00,Annual,Gross available energy,Natural gas,Gigawatt-hour,Luxembourg,2010,13916.304,,
ESTAT:NRG_BAL_C(1.0),06/03/26 23:00:00,Annual,Gross available energy,Natural gas,Gigawatt-hour,Luxembourg,2011,12005.374,,
ESTAT:NRG_BAL_C(1.0),06/03/26 23:00:00,Annual,Gross available energy,Natural gas,Gigawatt-hour,Luxembourg,2012,12223.856,,
ESTAT:NRG_BAL_C(1.0),06/03/26 23:00:00,Annual,Gross available energy,Natural gas,Gigawatt-hour,Luxembourg,2013,10349.571,,
ESTAT:NRG_BAL_C(1.0),06/03/26 23:00:00,Annual,Gross available energy,Natural gas,Gigawatt-hour,Luxembourg,2014,9805.959,,
ESTAT:NRG_BAL_C(1.0),06/03/26 23:00:00,Annual,Gross available energy,Natural gas,Gigawatt-hour,Luxembourg,2015,8942.812,,
ESTAT:NRG_BAL_C(1.0),06/03/26 23:00:00,Annual,Gross available energy,Natural gas,Gigawatt-hour,Luxembourg,2016,8246.929,,
ESTAT:NRG_BAL_C(1.0),06/03/26 23:00:00,Annual,Gross available energy,Natural gas,Gigawatt-hour,Luxembourg,2017,8061.143,,
ESTAT:NRG_BAL_C(1.0),06/03/26 23:00:00,Annual,Gross available energy,Natural gas,Gigawatt-hour,Luxembourg,2018,7950.633,,
ESTAT:NRG_BAL_C(1.0),06/03/26 23:00:00,Annual,Gross available energy,Natural gas,Gigawatt-hour,Luxembourg,2019,7955.588,,
ESTAT:NRG_BAL_C(1.0),06/03/26 23:00:00,Annual,Gross available energy,Natural gas,Gigawatt-hour,Luxembourg,2020,7225.362,,
ESTAT:NRG_BAL_C(1.0),06/03/26 23:00:00,Annual,Gross available energy,Natural gas,Gigawatt-hour,Luxembourg,2021,7789.807,,
ESTAT:NRG_BAL_C(1.0),06/03/26 23:00:00,Annual,Gross available energy,Natural gas,Gigawatt-hour,Luxembourg,2022,6117.396,,
ESTAT:NRG_BAL_C(1.0),06/03/26 23:00:00,Annual,Gross available energy,Natural gas,Gigawatt-hour,Luxembourg,2023,5732.400,,
ESTAT:NRG_BAL_C(1.0),06/03/26 23:00:00,Annual,Gross available energy,Natural gas,Gigawatt-hour,Luxembourg,2024,6033.957,,
ESTAT:NRG_BAL_C(1.0),06/03/26 23:00:00,Annual,Gross available energy,Natural gas,Gigawatt-hour,Latvia,2005,15792.250,,
ESTAT:NRG_BAL_C(1.0),06/03/26 23:00:00,Annual,Gross available energy,Natural gas,Gigawatt-hour,Latvia,2006,16359.000,,
ESTAT:NRG_BAL_C(1.0),06/03/26 23:00:00,Annual,Gross available energy,Natural gas,Gigawatt-hour,Latvia,2007,15811.750,,
ESTAT:NRG_BAL_C(1.0),06/03/26 23:00:00,Annual,Gross available energy,Natural gas,Gigawatt-hour,Latvia,2008,15503.750,,
ESTAT:NRG_BAL_C(1.0),06/03/26 23:00:00,Annual,Gross available energy,Natural gas,Gigawatt-hour,Latvia,2009,14272.250,,
ESTAT:NRG_BAL_C(1.0),06/03/26 23:00:00,Annual,Gross available energy,Natural gas,Gigawatt-hour,Latvia,2010,17001.750,,
ESTAT:NRG_BAL_C(1.0),06/03/26 23:00:00,Annual,Gross available energy,Natural gas,Gigawatt-hour,Latvia,2011,14984.250,,
ESTAT:NRG_BAL_C(1.0),06/03/26 23:00:00,Annual,Gross available energy,Natural gas,Gigawatt-hour,Latvia,2012,14085.750,,
ESTAT:NRG_BAL_C(1.0),06/03/26 23:00:00,Annual,Gross available energy,Natural gas,Gigawatt-hour,Latvia,2013,14010.500,,
ESTAT:NRG_BAL_C(1.0),06/03/26 23:00:00,Annual,Gross available energy,Natural gas,Gigawatt-hour,Latvia,2014,12579.500,,
ESTAT:NRG_BAL_C(1.0),06/03/26 23:00:00,Annual,Gross available energy,Natural gas,Gigawatt-hour,Latvia,2015,12774.250,,
ESTAT:NRG_BAL_C(1.0),06/03/26 23:00:00,Annual,Gross available energy,Natural gas,Gigawatt-hour,Latvia,2016,12947.653,,
ESTAT:NRG_BAL_C(1.0),06/03/26 23:00:00,Annual,Gross available energy,Natural gas,Gigawatt-hour,Latvia,2017,11548.068,,
ESTAT:NRG_BAL_C(1.0),06/03/26 23:00:00,Annual,Gross available energy,Natural gas,Gigawatt-hour,Latvia,2018,13595.973,,
ESTAT:NRG_BAL_C(1.0),06/03/26 23:00:00,Annual,Gross available energy,Natural gas,Gigawatt-hour,Latvia,2019,12831.670,,
ESTAT:NRG_BAL_C(1.0),06/03/26 23:00:00,Annual,Gross available energy,Natural gas,Gigawatt-hour,Latvia,2020,10586.321,,
ESTAT:NRG_BAL_C(1.0),06/03/26 23:00:00,Annual,Gross available energy,Natural gas,Gigawatt-hour,Latvia,2021,11212.477,,
ESTAT:NRG_BAL_C(1.0),06/03/26 23:00:00,Annual,Gross available energy,Natural gas,Gigawatt-hour,Latvia,2022,8045.615,,
ESTAT:NRG_BAL_C(1.0),06/03/26 23:00:00,Annual,Gross available energy,Natural gas,Gigawatt-hour,Latvia,2023,7979.784,,
ESTAT:NRG_BAL_C(1.0),06/03/26 23:00:00,Annual,Gross available energy,Natural gas,Gigawatt-hour,Latvia,2024,8239.279,,
ESTAT:NRG_BAL_C(1.0),06/03/26 23:00:00,Annual,Gross available energy,Natural gas,Gigawatt-hour,Malta,2005,0.000,,
ESTAT:NRG_BAL_C(1.0),06/03/26 23:00:00,Annual,Gross available energy,Natural gas,Gigawatt-hour,Malta,2006,0.000,,
ESTAT:NRG_BAL_C(1.0),06/03/26 23:00:00,Annual,Gross available energy,Natural gas,Gigawatt-hour,Malta,2007,0.000,,
ESTAT:NRG_BAL_C(1.0),06/03/26 23:00:00,Annual,Gross available energy,Natural gas,Gigawatt-hour,Malta,2008,0.000,,
ESTAT:NRG_BAL_C(1.0),06/03/26 23:00:00,Annual,Gross available energy,Natural gas,Gigawatt-hour,Malta,2009,0.000,,
ESTAT:NRG_BAL_C(1.0),06/03/26 23:00:00,Annual,Gross available energy,Natural gas,Gigawatt-hour,Malta,2010,0.000,,
ESTAT:NRG_BAL_C(1.0),06/03/26 23:00:00,Annual,Gross available energy,Natural gas,Gigawatt-hour,Malta,2011,0.000,,
ESTAT:NRG_BAL_C(1.0),06/03/26 23:00:00,Annual,Gross available energy,Natural gas,Gigawatt-hour,Malta,2012,0.000,,
ESTAT:NRG_BAL_C(1.0),06/03/26 23:00:00,Annual,Gross available energy,Natural gas,Gigawatt-hour,Malta,2013,0.000,,
ESTAT:NRG_BAL_C(1.0),06/03/26 23:00:00,Annual,Gross available energy,Natural gas,Gigawatt-hour,Malta,2014,0.000,,
ESTAT:NRG_BAL_C(1.0),06/03/26 23:00:00,Annual,Gross available energy,Natural gas,Gigawatt-hour,Malta,2015,0.000,,
ESTAT:NRG_BAL_C(1.0),06/03/26 23:00:00,Annual,Gross available energy,Natural gas,Gigawatt-hour,Malta,2016,0.000,,
ESTAT:NRG_BAL_C(1.0),06/03/26 23:00:00,Annual,Gross available energy,Natural gas,Gigawatt-hour,Malta,2017,2811.211,,
ESTAT:NRG_BAL_C(1.0),06/03/26 23:00:00,Annual,Gross available energy,Natural gas,Gigawatt-hour,Malta,2018,3406.720,,
ESTAT:NRG_BAL_C(1.0),06/03/26 23:00:00,Annual,Gross available energy,Natural gas,Gigawatt-hour,Malta,2019,3561.157,,
ESTAT:NRG_BAL_C(1.0),06/03/26 23:00:00,Annual,Gross available energy,Natural gas,Gigawatt-hour,Malta,2020,3701.163,,
ESTAT:NRG_BAL_C(1.0),06/03/26 23:00:00,Annual,Gross available energy,Natural gas,Gigawatt-hour,Malta,2021,3711.332,,
ESTAT:NRG_BAL_C(1.0),06/03/26 23:00:00,Annual,Gross available energy,Natural gas,Gigawatt-hour,Malta,2022,3754.073,,
ESTAT:NRG_BAL_C(1.0),06/03/26 23:00:00,Annual,Gross available energy,Natural gas,Gigawatt-hour,Malta,2023,3944.953,,
ESTAT:NRG_BAL_C(1.0),06/03/26 23:00:00,Annual,Gross available energy,Natural gas,Gigawatt-hour,Malta,2024,3643.795,,
ESTAT:NRG_BAL_C(1.0),06/03/26 23:00:00,Annual,Gross available energy,Natural gas,Gigawatt-hour,Netherlands,2005,410831.881,,
ESTAT:NRG_BAL_C(1.0),06/03/26 23:00:00,Annual,Gross available energy,Natural gas,Gigawatt-hour,Netherlands,2006,398248.673,,
ESTAT:NRG_BAL_C(1.0),06/03/26 23:00:00,Annual,Gross available energy,Natural gas,Gigawatt-hour,Netherlands,2007,387693.208,,
ESTAT:NRG_BAL_C(1.0),06/03/26 23:00:00,Annual,Gross available energy,Natural gas,Gigawatt-hour,Netherlands,2008,403054.157,,
ESTAT:NRG_BAL_C(1.0),06/03/26 23:00:00,Annual,Gross available energy,Natural gas,Gigawatt-hour,Netherlands,2009,412776.374,,
ESTAT:NRG_BAL_C(1.0),06/03/26 23:00:00,Annual,Gross available energy,Natural gas,Gigawatt-hour,Netherlands,2010,465970.697,,
ESTAT:NRG_BAL_C(1.0),06/03/26 23:00:00,Annual,Gross available energy,Natural gas,Gigawatt-hour,Netherlands,2011,407554.142,,
ESTAT:NRG_BAL_C(1.0),06/03/26 23:00:00,Annual,Gross available energy,Natural gas,Gigawatt-hour,Netherlands,2012,389443.202,,
ESTAT:NRG_BAL_C(1.0),06/03/26 23:00:00,Annual,Gross available energy,Natural gas,Gigawatt-hour,Netherlands,2013,388220.956,,
ESTAT:NRG_BAL_C(1.0),06/03/26 23:00:00,Annual,Gross available energy,Natural gas,Gigawatt-hour,Netherlands,2014,338470.872,,
ESTAT:NRG_BAL_C(1.0),06/03/26 23:00:00,Annual,Gross available energy,Natural gas,Gigawatt-hour,Netherlands,2015,333004.598,,
ESTAT:NRG_BAL_C(1.0),06/03/26 23:00:00,Annual,Gross available energy,Natural gas,Gigawatt-hour,Netherlands,2016,349362.464,,
ESTAT:NRG_BAL_C(1.0),06/03/26 23:00:00,Annual,Gross available energy,Natural gas,Gigawatt-hour,Netherlands,2017,362430.045,,
ESTAT:NRG_BAL_C(1.0),06/03/26 23:00:00,Annual,Gross available energy,Natural gas,Gigawatt-hour,Netherlands,2018,357706.389,,
ESTAT:NRG_BAL_C(1.0),06/03/26 23:00:00,Annual,Gross available energy,Natural gas,Gigawatt-hour,Netherlands,2019,373572.713,,
ESTAT:NRG_BAL_C(1.0),06/03/26 23:00:00,Annual,Gross available energy,Natural gas,Gigawatt-hour,Netherlands,2020,367138.550,,
ESTAT:NRG_BAL_C(1.0),06/03/26 23:00:00,Annual,Gross available energy,Natural gas,Gigawatt-hour,Netherlands,2021,352162.140,,
ESTAT:NRG_BAL_C(1.0),06/03/26 23:00:00,Annual,Gross available energy,Natural gas,Gigawatt-hour,Netherlands,2022,272608.418,,
ESTAT:NRG_BAL_C(1.0),06/03/26 23:00:00,Annual,Gross available energy,Natural gas,Gigawatt-hour,Netherlands,2023,260414.858,,
ESTAT:NRG_BAL_C(1.0),06/03/26 23:00:00,Annual,Gross available energy,Natural gas,Gigawatt-hour,Netherlands,2024,266066.204,,
ESTAT:NRG_BAL_C(1.0),06/03/26 23:00:00,Annual,Gross available energy,Natural gas,Gigawatt-hour,Poland,2005,142287.250,,
ESTAT:NRG_BAL_C(1.0),06/03/26 23:00:00,Annual,Gross available energy,Natural gas,Gigawatt-hour,Poland,2006,146323.250,,
ESTAT:NRG_BAL_C(1.0),06/03/26 23:00:00,Annual,Gross available energy,Natural gas,Gigawatt-hour,Poland,2007,145312.250,,
ESTAT:NRG_BAL_C(1.0),06/03/26 23:00:00,Annual,Gross available energy,Natural gas,Gigawatt-hour,Poland,2008,146141.250,,
ESTAT:NRG_BAL_C(1.0),06/03/26 23:00:00,Annual,Gross available energy,Natural gas,Gigawatt-hour,Poland,2009,140285.250,,
ESTAT:NRG_BAL_C(1.0),06/03/26 23:00:00,Annual,Gross available energy,Natural gas,Gigawatt-hour,Poland,2010,148919.706,,
ESTAT:NRG_BAL_C(1.0),06/03/26 23:00:00,Annual,Gross available energy,Natural gas,Gigawatt-hour,Poland,2011,149286.617,,
ESTAT:NRG_BAL_C(1.0),06/03/26 23:00:00,Annual,Gross available energy,Natural gas,Gigawatt-hour,Poland,2012,159101.200,,
ESTAT:NRG_BAL_C(1.0),06/03/26 23:00:00,Annual,Gross available energy,Natural gas,Gigawatt-hour,Poland,2013,159748.436,,
ESTAT:NRG_BAL_C(1.0),06/03/26 23:00:00,Annual,Gross available energy,Natural gas,Gigawatt-hour,Poland,2014,155892.188,,
ESTAT:NRG_BAL_C(1.0),06/03/26 23:00:00,Annual,Gross available energy,Natural gas,Gigawatt-hour,Poland,2015,160212.446,,
ESTAT:NRG_BAL_C(1.0),06/03/26 23:00:00,Annual,Gross available energy,Natural gas,Gigawatt-hour,Poland,2016,170184.277,,
ESTAT:NRG_BAL_C(1.0),06/03/26 23:00:00,Annual,Gross available energy,Natural gas,Gigawatt-hour,Poland,2017,179624.048,,
ESTAT:NRG_BAL_C(1.0),06/03/26 23:00:00,Annual,Gross available energy,Natural gas,Gigawatt-hour,Poland,2018,187523.320,,
ESTAT:NRG_BAL_C(1.0),06/03/26 23:00:00,Annual,Gross available energy,Natural gas,Gigawatt-hour,Poland,2019,188730.587,,
ESTAT:NRG_BAL_C(1.0),06/03/26 23:00:00,Annual,Gross available energy,Natural gas,Gigawatt-hour,Poland,2020,202831.135,,
ESTAT:NRG_BAL_C(1.0),06/03/26 23:00:00,Annual,Gross available energy,Natural gas,Gigawatt-hour,Poland,2021,212022.840,,
ESTAT:NRG_BAL_C(1.0),06/03/26 23:00:00,Annual,Gross available energy,Natural gas,Gigawatt-hour,Poland,2022,174961.731,,
ESTAT:NRG_BAL_C(1.0),06/03/26 23:00:00,Annual,Gross available energy,Natural gas,Gigawatt-hour,Poland,2023,183325.345,,
ESTAT:NRG_BAL_C(1.0),06/03/26 23:00:00,Annual,Gross available energy,Natural gas,Gigawatt-hour,Poland,2024,197330.877,,
ESTAT:NRG_BAL_C(1.0),06/03/26 23:00:00,Annual,Gross available energy,Natural gas,Gigawatt-hour,Portugal,2005,43620.500,,
ESTAT:NRG_BAL_C(1.0),06/03/26 23:00:00,Annual,Gross available energy,Natural gas,Gigawatt-hour,Portugal,2006,42328.500,,
ESTAT:NRG_BAL_C(1.0),06/03/26 23:00:00,Annual,Gross available energy,Natural gas,Gigawatt-hour,Portugal,2007,44291.250,,
ESTAT:NRG_BAL_C(1.0),06/03/26 23:00:00,Annual,Gross available energy,Natural gas,Gigawatt-hour,Portugal,2008,48131.000,,
ESTAT:NRG_BAL_C(1.0),06/03/26 23:00:00,Annual,Gross available energy,Natural gas,Gigawatt-hour,Portugal,2009,49046.250,,
ESTAT:NRG_BAL_C(1.0),06/03/26 23:00:00,Annual,Gross available energy,Natural gas,Gigawatt-hour,Portugal,2010,52201.500,,
ESTAT:NRG_BAL_C(1.0),06/03/26 23:00:00,Annual,Gross available energy,Natural gas,Gigawatt-hour,Portugal,2011,51912.250,,
ESTAT:NRG_BAL_C(1.0),06/03/26 23:00:00,Annual,Gross available energy,Natural gas,Gigawatt-hour,Portugal,2012,45736.500,,
ESTAT:NRG_BAL_C(1.0),06/03/26 23:00:00,Annual,Gross available energy,Natural gas,Gigawatt-hour,Portugal,2013,43680.750,,
ESTAT:NRG_BAL_C(1.0),06/03/26 23:00:00,Annual,Gross available energy,Natural gas,Gigawatt-hour,Portugal,2014,40395.000,,
ESTAT:NRG_BAL_C(1.0),06/03/26 23:00:00,Annual,Gross available energy,Natural gas,Gigawatt-hour,Portugal,2015,47111.758,,
ESTAT:NRG_BAL_C(1.0),06/03/26 23:00:00,Annual,Gross available energy,Natural gas,Gigawatt-hour,Portugal,2016,50274.668,,
ESTAT:NRG_BAL_C(1.0),06/03/26 23:00:00,Annual,Gross available energy,Natural gas,Gigawatt-hour,Portugal,2017,62981.051,,
ESTAT:NRG_BAL_C(1.0),06/03/26 23:00:00,Annual,Gross available energy,Natural gas,Gigawatt-hour,Portugal,2018,58655.555,,
ESTAT:NRG_BAL_C(1.0),06/03/26 23:00:00,Annual,Gross available energy,Natural gas,Gigawatt-hour,Portugal,2019,61670.024,,
ESTAT:NRG_BAL_C(1.0),06/03/26 23:00:00,Annual,Gross available energy,Natural gas,Gigawatt-hour,Portugal,2020,60523.117,,
ESTAT:NRG_BAL_C(1.0),06/03/26 23:00:00,Annual,Gross available energy,Natural gas,Gigawatt-hour,Portugal,2021,57833.050,,
ESTAT:NRG_BAL_C(1.0),06/03/26 23:00:00,Annual,Gross available energy,Natural gas,Gigawatt-hour,Portugal,2022,56033.418,,
ESTAT:NRG_BAL_C(1.0),06/03/26 23:00:00,Annual,Gross available energy,Natural gas,Gigawatt-hour,Portugal,2023,44415.641,,
ESTAT:NRG_BAL_C(1.0),06/03/26 23:00:00,Annual,Gross available energy,Natural gas,Gigawatt-hour,Portugal,2024,36731.703,,
ESTAT:NRG_BAL_C(1.0),06/03/26 23:00:00,Annual,Gross available energy,Natural gas,Gigawatt-hour,Romania,2005,161926.750,,
ESTAT:NRG_BAL_C(1.0),06/03/26 23:00:00,Annual,Gross available energy,Natural gas,Gigawatt-hour,Romania,2006,165130.500,,
ESTAT:NRG_BAL_C(1.0),06/03/26 23:00:00,Annual,Gross available energy,Natural gas,Gigawatt-hour,Romania,2007,148422.000,,
ESTAT:NRG_BAL_C(1.0),06/03/26 23:00:00,Annual,Gross available energy,Natural gas,Gigawatt-hour,Romania,2008,141414.500,,
ESTAT:NRG_BAL_C(1.0),06/03/26 23:00:00,Annual,Gross available energy,Natural gas,Gigawatt-hour,Romania,2009,123049.500,,
ESTAT:NRG_BAL_C(1.0),06/03/26 23:00:00,Annual,Gross available energy,Natural gas,Gigawatt-hour,Romania,2010,125469.000,,
ESTAT:NRG_BAL_C(1.0),06/03/26 23:00:00,Annual,Gross available energy,Natural gas,Gigawatt-hour,Romania,2011,129151.750,,
ESTAT:NRG_BAL_C(1.0),06/03/26 23:00:00,Annual,Gross available energy,Natural gas,Gigawatt-hour,Romania,2012,125341.000,,
ESTAT:NRG_BAL_C(1.0),06/03/26 23:00:00,Annual,Gross available energy,Natural gas,Gigawatt-hour,Romania,2013,114427.000,,
ESTAT:NRG_BAL_C(1.0),06/03/26 23:00:00,Annual,Gross available energy,Natural gas,Gigawatt-hour,Romania,2014,108731.250,,
ESTAT:NRG_BAL_C(1.0),06/03/26 23:00:00,Annual,Gross available energy,Natural gas,Gigawatt-hour,Romania,2015,103708.250,,
ESTAT:NRG_BAL_C(1.0),06/03/26 23:00:00,Annual,Gross available energy,Natural gas,Gigawatt-hour,Romania,2016,104946.109,,
ESTAT:NRG_BAL_C(1.0),06/03/26 23:00:00,Annual,Gross available energy,Natural gas,Gigawatt-hour,Romania,2017,112902.687,,
ESTAT:NRG_BAL_C(1.0),06/03/26 23:00:00,Annual,Gross available energy,Natural gas,Gigawatt-hour,Romania,2018,115629.876,,
ESTAT:NRG_BAL_C(1.0),06/03/26 23:00:00,Annual,Gross available energy,Natural gas,Gigawatt-hour,Romania,2019,107749.801,,
ESTAT:NRG_BAL_C(1.0),06/03/26 23:00:00,Annual,Gross available energy,Natural gas,Gigawatt-hour,Romania,2020,112625.530,,
ESTAT:NRG_BAL_C(1.0),06/03/26 23:00:00,Annual,Gross available energy,Natural gas,Gigawatt-hour,Romania,2021,115671.019,,
ESTAT:NRG_BAL_C(1.0),06/03/26 23:00:00,Annual,Gross available energy,Natural gas,Gigawatt-hour,Romania,2022,97102.952,,
ESTAT:NRG_BAL_C(1.0),06/03/26 23:00:00,Annual,Gross available energy,Natural gas,Gigawatt-hour,Romania,2023,91161.271,,
ESTAT:NRG_BAL_C(1.0),06/03/26 23:00:00,Annual,Gross available energy,Natural gas,Gigawatt-hour,Romania,2024,94485.334,,
ESTAT:NRG_BAL_C(1.0),06/03/26 23:00:00,Annual,Gross available energy,Natural gas,Gigawatt-hour,Sweden,2005,9799.750,,
ESTAT:NRG_BAL_C(1.0),06/03/26 23:00:00,Annual,Gross available energy,Natural gas,Gigawatt-hour,Sweden,2006,10256.000,,
ESTAT:NRG_BAL_C(1.0),06/03/26 23:00:00,Annual,Gross available energy,Natural gas,Gigawatt-hour,Sweden,2007,10589.500,,
ESTAT:NRG_BAL_C(1.0),06/03/26 23:00:00,Annual,Gross available energy,Natural gas,Gigawatt-hour,Sweden,2008,9612.500,,
ESTAT:NRG_BAL_C(1.0),06/03/26 23:00:00,Annual,Gross available energy,Natural gas,Gigawatt-hour,Sweden,2009,12671.000,,
ESTAT:NRG_BAL_C(1.0),06/03/26 23:00:00,Annual,Gross available energy,Natural gas,Gigawatt-hour,Sweden,2010,17048.750,,
ESTAT:NRG_BAL_C(1.0),06/03/26 23:00:00,Annual,Gross available energy,Natural gas,Gigawatt-hour,Sweden,2011,13475.000,,
ESTAT:NRG_BAL_C(1.0),06/03/26 23:00:00,Annual,Gross available energy,Natural gas,Gigawatt-hour,Sweden,2012,11706.750,,
ESTAT:NRG_BAL_C(1.0),06/03/26 23:00:00,Annual,Gross available energy,Natural gas,Gigawatt-hour,Sweden,2013,11110.000,,
ESTAT:NRG_BAL_C(1.0),06/03/26 23:00:00,Annual,Gross available energy,Natural gas,Gigawatt-hour,Sweden,2014,9234.750,,
ESTAT:NRG_BAL_C(1.0),06/03/26 23:00:00,Annual,Gross available energy,Natural gas,Gigawatt-hour,Sweden,2015,8415.500,,
ESTAT:NRG_BAL_C(1.0),06/03/26 23:00:00,Annual,Gross available energy,Natural gas,Gigawatt-hour,Sweden,2016,9516.102,,
ESTAT:NRG_BAL_C(1.0),06/03/26 23:00:00,Annual,Gross available energy,Natural gas,Gigawatt-hour,Sweden,2017,10916.398,,
ESTAT:NRG_BAL_C(1.0),06/03/26 23:00:00,Annual,Gross available energy,Natural gas,Gigawatt-hour,Sweden,2018,11886.000,,
ESTAT:NRG_BAL_C(1.0),06/03/26 23:00:00,Annual,Gross available energy,Natural gas,Gigawatt-hour,Sweden,2019,11163.403,,
ESTAT:NRG_BAL_C(1.0),06/03/26 23:00:00,Annual,Gross available energy,Natural gas,Gigawatt-hour,Sweden,2020,14804.000,,
ESTAT:NRG_BAL_C(1.0),06/03/26 23:00:00,Annual,Gross available energy,Natural gas,Gigawatt-hour,Sweden,2021,11908.619,,
ESTAT:NRG_BAL_C(1.0),06/03/26 23:00:00,Annual,Gross available energy,Natural gas,Gigawatt-hour,Sweden,2022,7323.031,,
ESTAT:NRG_BAL_C(1.0),06/03/26 23:00:00,Annual,Gross available energy,Natural gas,Gigawatt-hour,Sweden,2023,8777.187,,
ESTAT:NRG_BAL_C(1.0),06/03/26 23:00:00,Annual,Gross available energy,Natural gas,Gigawatt-hour,Sweden,2024,9028.768,,
ESTAT:NRG_BAL_C(1.0),06/03/26 23:00:00,Annual,Gross available energy,Natural gas,Gigawatt-hour,Slovenia,2005,10802.250,,
ESTAT:NRG_BAL_C(1.0),06/03/26 23:00:00,Annual,Gross available energy,Natural gas,Gigawatt-hour,Slovenia,2006,10458.250,,
ESTAT:NRG_BAL_C(1.0),06/03/26 23:00:00,Annual,Gross available energy,Natural gas,Gigawatt-hour,Slovenia,2007,10632.000,,
ESTAT:NRG_BAL_C(1.0),06/03/26 23:00:00,Annual,Gross available energy,Natural gas,Gigawatt-hour,Slovenia,2008,10219.250,,
ESTAT:NRG_BAL_C(1.0),06/03/26 23:00:00,Annual,Gross available energy,Natural gas,Gigawatt-hour,Slovenia,2009,9670.750,,
ESTAT:NRG_BAL_C(1.0),06/03/26 23:00:00,Annual,Gross available energy,Natural gas,Gigawatt-hour,Slovenia,2010,10034.750,,
ESTAT:NRG_BAL_C(1.0),06/03/26 23:00:00,Annual,Gross available energy,Natural gas,Gigawatt-hour,Slovenia,2011,8578.500,,
ESTAT:NRG_BAL_C(1.0),06/03/26 23:00:00,Annual,Gross available energy,Natural gas,Gigawatt-hour,Slovenia,2012,8258.250,,
ESTAT:NRG_BAL_C(1.0),06/03/26 23:00:00,Annual,Gross available energy,Natural gas,Gigawatt-hour,Slovenia,2013,8046.250,,
ESTAT:NRG_BAL_C(1.0),06/03/26 23:00:00,Annual,Gross available energy,Natural gas,Gigawatt-hour,Slovenia,2014,7280.500,,
ESTAT:NRG_BAL_C(1.0),06/03/26 23:00:00,Annual,Gross available energy,Natural gas,Gigawatt-hour,Slovenia,2015,7726.000,,
ESTAT:NRG_BAL_C(1.0),06/03/26 23:00:00,Annual,Gross available energy,Natural gas,Gigawatt-hour,Slovenia,2016,8199.750,,
ESTAT:NRG_BAL_C(1.0),06/03/26 23:00:00,Annual,Gross available energy,Natural gas,Gigawatt-hour,Slovenia,2017,8590.405,,
ESTAT:NRG_BAL_C(1.0),06/03/26 23:00:00,Annual,Gross available energy,Natural gas,Gigawatt-hour,Slovenia,2018,8428.469,,
ESTAT:NRG_BAL_C(1.0),06/03/26 23:00:00,Annual,Gross available energy,Natural gas,Gigawatt-hour,Slovenia,2019,8555.198,,
ESTAT:NRG_BAL_C(1.0),06/03/26 23:00:00,Annual,Gross available energy,Natural gas,Gigawatt-hour,Slovenia,2020,8554.384,,
ESTAT:NRG_BAL_C(1.0),06/03/26 23:00:00,Annual,Gross available energy,Natural gas,Gigawatt-hour,Slovenia,2021,9015.367,,
ESTAT:NRG_BAL_C(1.0),06/03/26 23:00:00,Annual,Gross available energy,Natural gas,Gigawatt-hour,Slovenia,2022,7949.617,,
ESTAT:NRG_BAL_C(1.0),06/03/26 23:00:00,Annual,Gross available energy,Natural gas,Gigawatt-hour,Slovenia,2023,7669.057,,
ESTAT:NRG_BAL_C(1.0),06/03/26 23:00:00,Annual,Gross available energy,Natural gas,Gigawatt-hour,Slovenia,2024,8305.587,,
ESTAT:NRG_BAL_C(1.0),06/03/26 23:00:00,Annual,Gross available energy,Natural gas,Gigawatt-hour,Slovakia,2005,68426.750,,
ESTAT:NRG_BAL_C(1.0),06/03/26 23:00:00,Annual,Gross available energy,Natural gas,Gigawatt-hour,Slovakia,2006,62544.750,,
ESTAT:NRG_BAL_C(1.0),06/03/26 23:00:00,Annual,Gross available energy,Natural gas,Gigawatt-hour,Slovakia,2007,59189.000,,
ESTAT:NRG_BAL_C(1.0),06/03/26 23:00:00,Annual,Gross available energy,Natural gas,Gigawatt-hour,Slovakia,2008,60084.250,,
ESTAT:NRG_BAL_C(1.0),06/03/26 23:00:00,Annual,Gross available energy,Natural gas,Gigawatt-hour,Slovakia,2009,51455.000,,
ESTAT:NRG_BAL_C(1.0),06/03/26 23:00:00,Annual,Gross available energy,Natural gas,Gigawatt-hour,Slovakia,2010,58224.750,,
ESTAT:NRG_BAL_C(1.0),06/03/26 23:00:00,Annual,Gross available energy,Natural gas,Gigawatt-hour,Slovakia,2011,53929.000,,
ESTAT:NRG_BAL_C(1.0),06/03/26 23:00:00,Annual,Gross available energy,Natural gas,Gigawatt-hour,Slovakia,2012,50768.750,,
ESTAT:NRG_BAL_C(1.0),06/03/26 23:00:00,Annual,Gross available energy,Natural gas,Gigawatt-hour,Slovakia,2013,53010.000,,
ESTAT:NRG_BAL_C(1.0),06/03/26 23:00:00,Annual,Gross available energy,Natural gas,Gigawatt-hour,Slovakia,2014,43872.250,,
ESTAT:NRG_BAL_C(1.0),06/03/26 23:00:00,Annual,Gross available energy,Natural gas,Gigawatt-hour,Slovakia,2015,45118.000,,
ESTAT:NRG_BAL_C(1.0),06/03/26 23:00:00,Annual,Gross available energy,Natural gas,Gigawatt-hour,Slovakia,2016,45302.750,,
ESTAT:NRG_BAL_C(1.0),06/03/26 23:00:00,Annual,Gross available energy,Natural gas,Gigawatt-hour,Slovakia,2017,48109.447,,
ESTAT:NRG_BAL_C(1.0),06/03/26 23:00:00,Annual,Gross available energy,Natural gas,Gigawatt-hour,Slovakia,2018,47416.214,,
ESTAT:NRG_BAL_C(1.0),06/03/26 23:00:00,Annual,Gross available energy,Natural gas,Gigawatt-hour,Slovakia,2019,47522.778,,
ESTAT:NRG_BAL_C(1.0),06/03/26 23:00:00,Annual,Gross available energy,Natural gas,Gigawatt-hour,Slovakia,2020,47546.384,,
ESTAT:NRG_BAL_C(1.0),06/03/26 23:00:00,Annual,Gross available energy,Natural gas,Gigawatt-hour,Slovakia,2021,52928.769,,
ESTAT:NRG_BAL_C(1.0),06/03/26 23:00:00,Annual,Gross available energy,Natural gas,Gigawatt-hour,Slovakia,2022,44098.712,,
ESTAT:NRG_BAL_C(1.0),06/03/26 23:00:00,Annual,Gross available energy,Natural gas,Gigawatt-hour,Slovakia,2023,41981.421,,
ESTAT:NRG_BAL_C(1.0),06/03/26 23:00:00,Annual,Gross available energy,Natural gas,Gigawatt-hour,Slovakia,2024,43458.261,,
ESTAT:NRG_BAL_C(1.0),06/03/26 23:00:00,Annual,Gross available energy,Oil and petroleum products (excluding biofuel portion),Gigawatt-hour,Austria,2005,168178.531,,
ESTAT:NRG_BAL_C(1.0),06/03/26 23:00:00,Annual,Gross available energy,Oil and petroleum products (excluding biofuel portion),Gigawatt-hour,Austria,2006,167471.644,,
ESTAT:NRG_BAL_C(1.0),06/03/26 23:00:00,Annual,Gross available energy,Oil and petroleum products (excluding biofuel portion),Gigawatt-hour,Austria,2007,160748.230,,
ESTAT:NRG_BAL_C(1.0),06/03/26 23:00:00,Annual,Gross available energy,Oil and petroleum products (excluding biofuel portion),Gigawatt-hour,Austria,2008,156235.408,,
ESTAT:NRG_BAL_C(1.0),06/03/26 23:00:00,Annual,Gross available energy,Oil and petroleum products (excluding biofuel portion),Gigawatt-hour,Austria,2009,147102.868,,
ESTAT:NRG_BAL_C(1.0),06/03/26 23:00:00,Annual,Gross available energy,Oil and petroleum products (excluding biofuel portion),Gigawatt-hour,Austria,2010,151655.783,,
ESTAT:NRG_BAL_C(1.0),06/03/26 23:00:00,Annual,Gross available energy,Oil and petroleum products (excluding biofuel portion),Gigawatt-hour,Austria,2011,142421.198,,
ESTAT:NRG_BAL_C(1.0),06/03/26 23:00:00,Annual,Gross available energy,Oil and petroleum products (excluding biofuel portion),Gigawatt-hour,Austria,2012,139425.330,,
ESTAT:NRG_BAL_C(1.0),06/03/26 23:00:00,Annual,Gross available energy,Oil and petroleum products (excluding biofuel portion),Gigawatt-hour,Austria,2013,142620.538,,
ESTAT:NRG_BAL_C(1.0),06/03/26 23:00:00,Annual,Gross available energy,Oil and petroleum products (excluding biofuel portion),Gigawatt-hour,Austria,2014,138518.798,,
ESTAT:NRG_BAL_C(1.0),06/03/26 23:00:00,Annual,Gross available energy,Oil and petroleum products (excluding biofuel portion),Gigawatt-hour,Austria,2015,139872.819,,
ESTAT:NRG_BAL_C(1.0),06/03/26 23:00:00,Annual,Gross available energy,Oil and petroleum products (excluding biofuel portion),Gigawatt-hour,Austria,2016,142814.305,,
ESTAT:NRG_BAL_C(1.0),06/03/26 23:00:00,Annual,Gross available energy,Oil and petroleum products (excluding biofuel portion),Gigawatt-hour,Austria,2017,143106.957,,
ESTAT:NRG_BAL_C(1.0),06/03/26 23:00:00,Annual,Gross available energy,Oil and petroleum products (excluding biofuel portion),Gigawatt-hour,Austria,2018,145293.767,,
ESTAT:NRG_BAL_C(1.0),06/03/26 23:00:00,Annual,Gross available energy,Oil and petroleum products (excluding biofuel portion),Gigawatt-hour,Austria,2019,149917.867,,
ESTAT:NRG_BAL_C(1.0),06/03/26 23:00:00,Annual,Gross available energy,Oil and petroleum products (excluding biofuel portion),Gigawatt-hour,Austria,2020,129448.040,,
ESTAT:NRG_BAL_C(1.0),06/03/26 23:00:00,Annual,Gross available energy,Oil and petroleum products (excluding biofuel portion),Gigawatt-hour,Austria,2021,137251.518,,
ESTAT:NRG_BAL_C(1.0),06/03/26 23:00:00,Annual,Gross available energy,Oil and petroleum products (excluding biofuel portion),Gigawatt-hour,Austria,2022,132639.860,,
ESTAT:NRG_BAL_C(1.0),06/03/26 23:00:00,Annual,Gross available energy,Oil and petroleum products (excluding biofuel portion),Gigawatt-hour,Austria,2023,132464.826,,
ESTAT:NRG_BAL_C(1.0),06/03/26 23:00:00,Annual,Gross available energy,Oil and petroleum products (excluding biofuel portion),Gigawatt-hour,Austria,2024,129223.641,,
ESTAT:NRG_BAL_C(1.0),06/03/26 23:00:00,Annual,Gross available energy,Oil and petroleum products (excluding biofuel portion),Gigawatt-hour,Belgium,2005,375492.724,,
ESTAT:NRG_BAL_C(1.0),06/03/26 23:00:00,Annual,Gross available energy,Oil and petroleum products (excluding biofuel portion),Gigawatt-hour,Belgium,2006,369501.347,,
ESTAT:NRG_BAL_C(1.0),06/03/26 23:00:00,Annual,Gross available energy,Oil and petroleum products (excluding biofuel portion),Gigawatt-hour,Belgium,2007,371939.544,,
ESTAT:NRG_BAL_C(1.0),06/03/26 23:00:00,Annual,Gross available energy,Oil and petroleum products (excluding biofuel portion),Gigawatt-hour,Belgium,2008,396734.554,,
ESTAT:NRG_BAL_C(1.0),06/03/26 23:00:00,Annual,Gross available energy,Oil and petroleum products (excluding biofuel portion),Gigawatt-hour,Belgium,2009,355329.892,,
ESTAT:NRG_BAL_C(1.0),06/03/26 23:00:00,Annual,Gross available energy,Oil and petroleum products (excluding biofuel portion),Gigawatt-hour,Belgium,2010,373386.782,,
ESTAT:NRG_BAL_C(1.0),06/03/26 23:00:00,Annual,Gross available energy,Oil and petroleum products (excluding biofuel portion),Gigawatt-hour,Belgium,2011,344121.318,,
ESTAT:NRG_BAL_C(1.0),06/03/26 23:00:00,Annual,Gross available energy,Oil and petroleum products (excluding biofuel portion),Gigawatt-hour,Belgium,2012,322876.789,,
ESTAT:NRG_BAL_C(1.0),06/03/26 23:00:00,Annual,Gross available energy,Oil and petroleum products (excluding biofuel portion),Gigawatt-hour,Belgium,2013,334912.388,,
ESTAT:NRG_BAL_C(1.0),06/03/26 23:00:00,Annual,Gross available energy,Oil and petroleum products (excluding biofuel portion),Gigawatt-hour,Belgium,2014,333882.272,,
ESTAT:NRG_BAL_C(1.0),06/03/26 23:00:00,Annual,Gross available energy,Oil and petroleum products (excluding biofuel portion),Gigawatt-hour,Belgium,2015,340629.287,,
ESTAT:NRG_BAL_C(1.0),06/03/26 23:00:00,Annual,Gross available energy,Oil and petroleum products (excluding biofuel portion),Gigawatt-hour,Belgium,2016,344018.888,,
ESTAT:NRG_BAL_C(1.0),06/03/26 23:00:00,Annual,Gross available energy,Oil and petroleum products (excluding biofuel portion),Gigawatt-hour,Belgium,2017,352454.250,,
ESTAT:NRG_BAL_C(1.0),06/03/26 23:00:00,Annual,Gross available energy,Oil and petroleum products (excluding biofuel portion),Gigawatt-hour,Belgium,2018,374274.714,,
ESTAT:NRG_BAL_C(1.0),06/03/26 23:00:00,Annual,Gross available energy,Oil and petroleum products (excluding biofuel portion),Gigawatt-hour,Belgium,2019,351233.737,,
ESTAT:NRG_BAL_C(1.0),06/03/26 23:00:00,Annual,Gross available energy,Oil and petroleum products (excluding biofuel portion),Gigawatt-hour,Belgium,2020,302917.449,,
ESTAT:NRG_BAL_C(1.0),06/03/26 23:00:00,Annual,Gross available energy,Oil and petroleum products (excluding biofuel portion),Gigawatt-hour,Belgium,2021,336010.690,,
ESTAT:NRG_BAL_C(1.0),06/03/26 23:00:00,Annual,Gross available energy,Oil and petroleum products (excluding biofuel portion),Gigawatt-hour,Belgium,2022,325264.227,,
ESTAT:NRG_BAL_C(1.0),06/03/26 23:00:00,Annual,Gross available energy,Oil and petroleum products (excluding biofuel portion),Gigawatt-hour,Belgium,2023,314704.849,,
ESTAT:NRG_BAL_C(1.0),06/03/26 23:00:00,Annual,Gross available energy,Oil and petroleum products (excluding biofuel portion),Gigawatt-hour,Belgium,2024,322398.830,,
ESTAT:NRG_BAL_C(1.0),06/03/26 23:00:00,Annual,Gross available energy,Oil and petroleum products (excluding biofuel portion),Gigawatt-hour,Bulgaria,2005,59327.194,,
ESTAT:NRG_BAL_C(1.0),06/03/26 23:00:00,Annual,Gross available energy,Oil and petroleum products (excluding biofuel portion),Gigawatt-hour,Bulgaria,2006,61538.189,,
ESTAT:NRG_BAL_C(1.0),06/03/26 23:00:00,Annual,Gross available energy,Oil and petroleum products (excluding biofuel portion),Gigawatt-hour,Bulgaria,2007,58207.686,,
ESTAT:NRG_BAL_C(1.0),06/03/26 23:00:00,Annual,Gross available energy,Oil and petroleum products (excluding biofuel portion),Gigawatt-hour,Bulgaria,2008,58158.059,,
ESTAT:NRG_BAL_C(1.0),06/03/26 23:00:00,Annual,Gross available energy,Oil and petroleum products (excluding biofuel portion),Gigawatt-hour,Bulgaria,2009,53186.185,,
ESTAT:NRG_BAL_C(1.0),06/03/26 23:00:00,Annual,Gross available energy,Oil and petroleum products (excluding biofuel portion),Gigawatt-hour,Bulgaria,2010,47741.328,,
ESTAT:NRG_BAL_C(1.0),06/03/26 23:00:00,Annual,Gross available energy,Oil and petroleum products (excluding biofuel portion),Gigawatt-hour,Bulgaria,2011,45170.889,,
ESTAT:NRG_BAL_C(1.0),06/03/26 23:00:00,Annual,Gross available energy,Oil and petroleum products (excluding biofuel portion),Gigawatt-hour,Bulgaria,2012,47362.110,,
ESTAT:NRG_BAL_C(1.0),06/03/26 23:00:00,Annual,Gross available energy,Oil and petroleum products (excluding biofuel portion),Gigawatt-hour,Bulgaria,2013,43612.314,,
ESTAT:NRG_BAL_C(1.0),06/03/26 23:00:00,Annual,Gross available energy,Oil and petroleum products (excluding biofuel portion),Gigawatt-hour,Bulgaria,2014,47533.037,,
ESTAT:NRG_BAL_C(1.0),06/03/26 23:00:00,Annual,Gross available energy,Oil and petroleum products (excluding biofuel portion),Gigawatt-hour,Bulgaria,2015,51463.584,,
ESTAT:NRG_BAL_C(1.0),06/03/26 23:00:00,Annual,Gross available energy,Oil and petroleum products (excluding biofuel portion),Gigawatt-hour,Bulgaria,2016,51373.023,,
ESTAT:NRG_BAL_C(1.0),06/03/26 23:00:00,Annual,Gross available energy,Oil and petroleum products (excluding biofuel portion),Gigawatt-hour,Bulgaria,2017,53736.672,,
ESTAT:NRG_BAL_C(1.0),06/03/26 23:00:00,Annual,Gross available energy,Oil and petroleum products (excluding biofuel portion),Gigawatt-hour,Bulgaria,2018,54701.457,,
ESTAT:NRG_BAL_C(1.0),06/03/26 23:00:00,Annual,Gross available energy,Oil and petroleum products (excluding biofuel portion),Gigawatt-hour,Bulgaria,2019,56148.385,,
ESTAT:NRG_BAL_C(1.0),06/03/26 23:00:00,Annual,Gross available energy,Oil and petroleum products (excluding biofuel portion),Gigawatt-hour,Bulgaria,2020,51138.550,,
ESTAT:NRG_BAL_C(1.0),06/03/26 23:00:00,Annual,Gross available energy,Oil and petroleum products (excluding biofuel portion),Gigawatt-hour,Bulgaria,2021,54157.896,,
ESTAT:NRG_BAL_C(1.0),06/03/26 23:00:00,Annual,Gross available energy,Oil and petroleum products (excluding biofuel portion),Gigawatt-hour,Bulgaria,2022,56992.737,,
ESTAT:NRG_BAL_C(1.0),06/03/26 23:00:00,Annual,Gross available energy,Oil and petroleum products (excluding biofuel portion),Gigawatt-hour,Bulgaria,2023,56354.543,,
ESTAT:NRG_BAL_C(1.0),06/03/26 23:00:00,Annual,Gross available energy,Oil and petroleum products (excluding biofuel portion),Gigawatt-hour,Bulgaria,2024,59576.317,,
ESTAT:NRG_BAL_C(1.0),06/03/26 23:00:00,Annual,Gross available energy,Oil and petroleum products (excluding biofuel portion),Gigawatt-hour,Cyprus,2005,31897.291,,
ESTAT:NRG_BAL_C(1.0),06/03/26 23:00:00,Annual,Gross available energy,Oil and petroleum products (excluding biofuel portion),Gigawatt-hour,Cyprus,2006,33080.887,,
ESTAT:NRG_BAL_C(1.0),06/03/26 23:00:00,Annual,Gross available energy,Oil and petroleum products (excluding biofuel portion),Gigawatt-hour,Cyprus,2007,34017.268,,
ESTAT:NRG_BAL_C(1.0),06/03/26 23:00:00,Annual,Gross available energy,Oil and petroleum products (excluding biofuel portion),Gigawatt-hour,Cyprus,2008,35366.328,,
ESTAT:NRG_BAL_C(1.0),06/03/26 23:00:00,Annual,Gross available energy,Oil and petroleum products (excluding biofuel portion),Gigawatt-hour,Cyprus,2009,34146.836,,
ESTAT:NRG_BAL_C(1.0),06/03/26 23:00:00,Annual,Gross available energy,Oil and petroleum products (excluding biofuel portion),Gigawatt-hour,Cyprus,2010,32701.026,,
ESTAT:NRG_BAL_C(1.0),06/03/26 23:00:00,Annual,Gross available energy,Oil and petroleum products (excluding biofuel portion),Gigawatt-hour,Cyprus,2011,32294.705,,
ESTAT:NRG_BAL_C(1.0),06/03/26 23:00:00,Annual,Gross available energy,Oil and petroleum products (excluding biofuel portion),Gigawatt-hour,Cyprus,2012,30231.129,,
ESTAT:NRG_BAL_C(1.0),06/03/26 23:00:00,Annual,Gross available energy,Oil and petroleum products (excluding biofuel portion),Gigawatt-hour,Cyprus,2013,26742.695,,
ESTAT:NRG_BAL_C(1.0),06/03/26 23:00:00,Annual,Gross available energy,Oil and petroleum products (excluding biofuel portion),Gigawatt-hour,Cyprus,2014,27108.723,,
ESTAT:NRG_BAL_C(1.0),06/03/26 23:00:00,Annual,Gross available energy,Oil and petroleum products (excluding biofuel portion),Gigawatt-hour,Cyprus,2015,27561.939,,
ESTAT:NRG_BAL_C(1.0),06/03/26 23:00:00,Annual,Gross available energy,Oil and petroleum products (excluding biofuel portion),Gigawatt-hour,Cyprus,2016,29916.151,,
ESTAT:NRG_BAL_C(1.0),06/03/26 23:00:00,Annual,Gross available energy,Oil and petroleum products (excluding biofuel portion),Gigawatt-hour,Cyprus,2017,30512.266,,
ESTAT:NRG_BAL_C(1.0),06/03/26 23:00:00,Annual,Gross available energy,Oil and petroleum products (excluding biofuel portion),Gigawatt-hour,Cyprus,2018,30558.194,,
ESTAT:NRG_BAL_C(1.0),06/03/26 23:00:00,Annual,Gross available energy,Oil and petroleum products (excluding biofuel portion),Gigawatt-hour,Cyprus,2019,30344.833,,
ESTAT:NRG_BAL_C(1.0),06/03/26 23:00:00,Annual,Gross available energy,Oil and petroleum products (excluding biofuel portion),Gigawatt-hour,Cyprus,2020,25954.776,,
ESTAT:NRG_BAL_C(1.0),06/03/26 23:00:00,Annual,Gross available energy,Oil and petroleum products (excluding biofuel portion),Gigawatt-hour,Cyprus,2021,26563.732,,
ESTAT:NRG_BAL_C(1.0),06/03/26 23:00:00,Annual,Gross available energy,Oil and petroleum products (excluding biofuel portion),Gigawatt-hour,Cyprus,2022,28792.994,,
ESTAT:NRG_BAL_C(1.0),06/03/26 23:00:00,Annual,Gross available energy,Oil and petroleum products (excluding biofuel portion),Gigawatt-hour,Cyprus,2023,28551.989,,
ESTAT:NRG_BAL_C(1.0),06/03/26 23:00:00,Annual,Gross available energy,Oil and petroleum products (excluding biofuel portion),Gigawatt-hour,Cyprus,2024,29381.560,,
ESTAT:NRG_BAL_C(1.0),06/03/26 23:00:00,Annual,Gross available energy,Oil and petroleum products (excluding biofuel portion),Gigawatt-hour,Czechia,2005,115734.696,,
ESTAT:NRG_BAL_C(1.0),06/03/26 23:00:00,Annual,Gross available energy,Oil and petroleum products (excluding biofuel portion),Gigawatt-hour,Czechia,2006,115367.476,,
ESTAT:NRG_BAL_C(1.0),06/03/26 23:00:00,Annual,Gross available energy,Oil and petroleum products (excluding biofuel portion),Gigawatt-hour,Czechia,2007,116175.241,,
ESTAT:NRG_BAL_C(1.0),06/03/26 23:00:00,Annual,Gross available energy,Oil and petroleum products (excluding biofuel portion),Gigawatt-hour,Czechia,2008,117111.747,,
ESTAT:NRG_BAL_C(1.0),06/03/26 23:00:00,Annual,Gross available energy,Oil and petroleum products (excluding biofuel portion),Gigawatt-hour,Czechia,2009,110827.991,,
ESTAT:NRG_BAL_C(1.0),06/03/26 23:00:00,Annual,Gross available energy,Oil and petroleum products (excluding biofuel portion),Gigawatt-hour,Czechia,2010,108116.127,,
ESTAT:NRG_BAL_C(1.0),06/03/26 23:00:00,Annual,Gross available energy,Oil and petroleum products (excluding biofuel portion),Gigawatt-hour,Czechia,2011,105300.099,,
ESTAT:NRG_BAL_C(1.0),06/03/26 23:00:00,Annual,Gross available energy,Oil and petroleum products (excluding biofuel portion),Gigawatt-hour,Czechia,2012,103708.060,,
ESTAT:NRG_BAL_C(1.0),06/03/26 23:00:00,Annual,Gross available energy,Oil and petroleum products (excluding biofuel portion),Gigawatt-hour,Czechia,2013,99622.716,,
ESTAT:NRG_BAL_C(1.0),06/03/26 23:00:00,Annual,Gross available energy,Oil and petroleum products (excluding biofuel portion),Gigawatt-hour,Czechia,2014,105880.016,,
ESTAT:NRG_BAL_C(1.0),06/03/26 23:00:00,Annual,Gross available energy,Oil and petroleum products (excluding biofuel portion),Gigawatt-hour,Czechia,2015,103570.071,,
ESTAT:NRG_BAL_C(1.0),06/03/26 23:00:00,Annual,Gross available energy,Oil and petroleum products (excluding biofuel portion),Gigawatt-hour,Czechia,2016,96618.311,,
ESTAT:NRG_BAL_C(1.0),06/03/26 23:00:00,Annual,Gross available energy,Oil and petroleum products (excluding biofuel portion),Gigawatt-hour,Czechia,2017,112490.091,,
ESTAT:NRG_BAL_C(1.0),06/03/26 23:00:00,Annual,Gross available energy,Oil and petroleum products (excluding biofuel portion),Gigawatt-hour,Czechia,2018,114148.254,,
ESTAT:NRG_BAL_C(1.0),06/03/26 23:00:00,Annual,Gross available energy,Oil and petroleum products (excluding biofuel portion),Gigawatt-hour,Czechia,2019,114764.821,,
ESTAT:NRG_BAL_C(1.0),06/03/26 23:00:00,Annual,Gross available energy,Oil and petroleum products (excluding biofuel portion),Gigawatt-hour,Czechia,2020,100133.481,,
ESTAT:NRG_BAL_C(1.0),06/03/26 23:00:00,Annual,Gross available energy,Oil and petroleum products (excluding biofuel portion),Gigawatt-hour,Czechia,2021,110147.892,,
ESTAT:NRG_BAL_C(1.0),06/03/26 23:00:00,Annual,Gross available energy,Oil and petroleum products (excluding biofuel portion),Gigawatt-hour,Czechia,2022,112975.484,,
ESTAT:NRG_BAL_C(1.0),06/03/26 23:00:00,Annual,Gross available energy,Oil and petroleum products (excluding biofuel portion),Gigawatt-hour,Czechia,2023,111809.693,,
ESTAT:NRG_BAL_C(1.0),06/03/26 23:00:00,Annual,Gross available energy,Oil and petroleum products (excluding biofuel portion),Gigawatt-hour,Czechia,2024,115898.838,,
ESTAT:NRG_BAL_C(1.0),06/03/26 23:00:00,Annual,Gross available energy,Oil and petroleum products (excluding biofuel portion),Gigawatt-hour,Germany,2005,1477900.825,,
ESTAT:NRG_BAL_C(1.0),06/03/26 23:00:00,Annual,Gross available energy,Oil and petroleum products (excluding biofuel portion),Gigawatt-hour,Germany,2006,1482260.973,,
ESTAT:NRG_BAL_C(1.0),06/03/26 23:00:00,Annual,Gross available energy,Oil and petroleum products (excluding biofuel portion),Gigawatt-hour,Germany,2007,1350717.765,,
ESTAT:NRG_BAL_C(1.0),06/03/26 23:00:00,Annual,Gross available energy,Oil and petroleum products (excluding biofuel portion),Gigawatt-hour,Germany,2008,1420980.728,,
ESTAT:NRG_BAL_C(1.0),06/03/26 23:00:00,Annual,Gross available energy,Oil and petroleum products (excluding biofuel portion),Gigawatt-hour,Germany,2009,1333258.558,,
ESTAT:NRG_BAL_C(1.0),06/03/26 23:00:00,Annual,Gross available energy,Oil and petroleum products (excluding biofuel portion),Gigawatt-hour,Germany,2010,1348628.802,,
ESTAT:NRG_BAL_C(1.0),06/03/26 23:00:00,Annual,Gross available energy,Oil and petroleum products (excluding biofuel portion),Gigawatt-hour,Germany,2011,1304091.738,,
ESTAT:NRG_BAL_C(1.0),06/03/26 23:00:00,Annual,Gross available energy,Oil and petroleum products (excluding biofuel portion),Gigawatt-hour,Germany,2012,1303653.764,,
ESTAT:NRG_BAL_C(1.0),06/03/26 23:00:00,Annual,Gross available energy,Oil and petroleum products (excluding biofuel portion),Gigawatt-hour,Germany,2013,1330296.619,,
ESTAT:NRG_BAL_C(1.0),06/03/26 23:00:00,Annual,Gross available energy,Oil and petroleum products (excluding biofuel portion),Gigawatt-hour,Germany,2014,1302931.394,,
ESTAT:NRG_BAL_C(1.0),06/03/26 23:00:00,Annual,Gross available energy,Oil and petroleum products (excluding biofuel portion),Gigawatt-hour,Germany,2015,1305864.759,,
ESTAT:NRG_BAL_C(1.0),06/03/26 23:00:00,Annual,Gross available energy,Oil and petroleum products (excluding biofuel portion),Gigawatt-hour,Germany,2016,1321054.993,,
ESTAT:NRG_BAL_C(1.0),06/03/26 23:00:00,Annual,Gross available energy,Oil and petroleum products (excluding biofuel portion),Gigawatt-hour,Germany,2017,1342813.716,,
ESTAT:NRG_BAL_C(1.0),06/03/26 23:00:00,Annual,Gross available energy,Oil and petroleum products (excluding biofuel portion),Gigawatt-hour,Germany,2018,1281180.051,,
ESTAT:NRG_BAL_C(1.0),06/03/26 23:00:00,Annual,Gross available energy,Oil and petroleum products (excluding biofuel portion),Gigawatt-hour,Germany,2019,1294904.566,,
ESTAT:NRG_BAL_C(1.0),06/03/26 23:00:00,Annual,Gross available energy,Oil and petroleum products (excluding biofuel portion),Gigawatt-hour,Germany,2020,1172123.406,,
ESTAT:NRG_BAL_C(1.0),06/03/26 23:00:00,Annual,Gross available energy,Oil and petroleum products (excluding biofuel portion),Gigawatt-hour,Germany,2021,1153298.581,,
ESTAT:NRG_BAL_C(1.0),06/03/26 23:00:00,Annual,Gross available energy,Oil and petroleum products (excluding biofuel portion),Gigawatt-hour,Germany,2022,1181772.381,,
ESTAT:NRG_BAL_C(1.0),06/03/26 23:00:00,Annual,Gross available energy,Oil and petroleum products (excluding biofuel portion),Gigawatt-hour,Germany,2023,1102579.427,,
ESTAT:NRG_BAL_C(1.0),06/03/26 23:00:00,Annual,Gross available energy,Oil and petroleum products (excluding biofuel portion),Gigawatt-hour,Germany,2024,1096970.994,,
ESTAT:NRG_BAL_C(1.0),06/03/26 23:00:00,Annual,Gross available energy,Oil and petroleum products (excluding biofuel portion),Gigawatt-hour,Denmark,2005,104990.778,,
ESTAT:NRG_BAL_C(1.0),06/03/26 23:00:00,Annual,Gross available energy,Oil and petroleum products (excluding biofuel portion),Gigawatt-hour,Denmark,2006,109680.347,,
ESTAT:NRG_BAL_C(1.0),06/03/26 23:00:00,Annual,Gross available energy,Oil and petroleum products (excluding biofuel portion),Gigawatt-hour,Denmark,2007,110180.167,,
ESTAT:NRG_BAL_C(1.0),06/03/26 23:00:00,Annual,Gross available energy,Oil and petroleum products (excluding biofuel portion),Gigawatt-hour,Denmark,2008,106687.389,,
ESTAT:NRG_BAL_C(1.0),06/03/26 23:00:00,Annual,Gross available energy,Oil and petroleum products (excluding biofuel portion),Gigawatt-hour,Denmark,2009,95560.972,,
ESTAT:NRG_BAL_C(1.0),06/03/26 23:00:00,Annual,Gross available energy,Oil and petroleum products (excluding biofuel portion),Gigawatt-hour,Denmark,2010,98548.861,,
ESTAT:NRG_BAL_C(1.0),06/03/26 23:00:00,Annual,Gross available energy,Oil and petroleum products (excluding biofuel portion),Gigawatt-hour,Denmark,2011,93559.944,,
ESTAT:NRG_BAL_C(1.0),06/03/26 23:00:00,Annual,Gross available energy,Oil and petroleum products (excluding biofuel portion),Gigawatt-hour,Denmark,2012,88176.056,,
ESTAT:NRG_BAL_C(1.0),06/03/26 23:00:00,Annual,Gross available energy,Oil and petroleum products (excluding biofuel portion),Gigawatt-hour,Denmark,2013,86693.361,,
ESTAT:NRG_BAL_C(1.0),06/03/26 23:00:00,Annual,Gross available energy,Oil and petroleum products (excluding biofuel portion),Gigawatt-hour,Denmark,2014,86130.204,,
ESTAT:NRG_BAL_C(1.0),06/03/26 23:00:00,Annual,Gross available energy,Oil and petroleum products (excluding biofuel portion),Gigawatt-hour,Denmark,2015,86705.466,,
ESTAT:NRG_BAL_C(1.0),06/03/26 23:00:00,Annual,Gross available energy,Oil and petroleum products (excluding biofuel portion),Gigawatt-hour,Denmark,2016,87141.425,,
ESTAT:NRG_BAL_C(1.0),06/03/26 23:00:00,Annual,Gross available energy,Oil and petroleum products (excluding biofuel portion),Gigawatt-hour,Denmark,2017,87720.783,,
ESTAT:NRG_BAL_C(1.0),06/03/26 23:00:00,Annual,Gross available energy,Oil and petroleum products (excluding biofuel portion),Gigawatt-hour,Denmark,2018,88825.862,,
ESTAT:NRG_BAL_C(1.0),06/03/26 23:00:00,Annual,Gross available energy,Oil and petroleum products (excluding biofuel portion),Gigawatt-hour,Denmark,2019,89217.557,,
ESTAT:NRG_BAL_C(1.0),06/03/26 23:00:00,Annual,Gross available energy,Oil and petroleum products (excluding biofuel portion),Gigawatt-hour,Denmark,2020,74530.234,,
ESTAT:NRG_BAL_C(1.0),06/03/26 23:00:00,Annual,Gross available energy,Oil and petroleum products (excluding biofuel portion),Gigawatt-hour,Denmark,2021,75444.696,,
ESTAT:NRG_BAL_C(1.0),06/03/26 23:00:00,Annual,Gross available energy,Oil and petroleum products (excluding biofuel portion),Gigawatt-hour,Denmark,2022,81849.187,,
ESTAT:NRG_BAL_C(1.0),06/03/26 23:00:00,Annual,Gross available energy,Oil and petroleum products (excluding biofuel portion),Gigawatt-hour,Denmark,2023,80765.039,,
ESTAT:NRG_BAL_C(1.0),06/03/26 23:00:00,Annual,Gross available energy,Oil and petroleum products (excluding biofuel portion),Gigawatt-hour,Denmark,2024,83366.378,,
ESTAT:NRG_BAL_C(1.0),06/03/26 23:00:00,Annual,Gross available energy,Oil and petroleum products (excluding biofuel portion),Gigawatt-hour,Estonia,2005,10890.145,,
ESTAT:NRG_BAL_C(1.0),06/03/26 23:00:00,Annual,Gross available energy,Oil and petroleum products (excluding biofuel portion),Gigawatt-hour,Estonia,2006,11939.830,,
ESTAT:NRG_BAL_C(1.0),06/03/26 23:00:00,Annual,Gross available energy,Oil and petroleum products (excluding biofuel portion),Gigawatt-hour,Estonia,2007,12408.943,,
ESTAT:NRG_BAL_C(1.0),06/03/26 23:00:00,Annual,Gross available energy,Oil and petroleum products (excluding biofuel portion),Gigawatt-hour,Estonia,2008,11858.670,,
ESTAT:NRG_BAL_C(1.0),06/03/26 23:00:00,Annual,Gross available energy,Oil and petroleum products (excluding biofuel portion),Gigawatt-hour,Estonia,2009,9513.101,,
ESTAT:NRG_BAL_C(1.0),06/03/26 23:00:00,Annual,Gross available energy,Oil and petroleum products (excluding biofuel portion),Gigawatt-hour,Estonia,2010,9477.824,,
ESTAT:NRG_BAL_C(1.0),06/03/26 23:00:00,Annual,Gross available energy,Oil and petroleum products (excluding biofuel portion),Gigawatt-hour,Estonia,2011,8802.274,,
ESTAT:NRG_BAL_C(1.0),06/03/26 23:00:00,Annual,Gross available energy,Oil and petroleum products (excluding biofuel portion),Gigawatt-hour,Estonia,2012,11165.234,,
ESTAT:NRG_BAL_C(1.0),06/03/26 23:00:00,Annual,Gross available energy,Oil and petroleum products (excluding biofuel portion),Gigawatt-hour,Estonia,2013,10727.172,,
ESTAT:NRG_BAL_C(1.0),06/03/26 23:00:00,Annual,Gross available energy,Oil and petroleum products (excluding biofuel portion),Gigawatt-hour,Estonia,2014,8966.824,,
ESTAT:NRG_BAL_C(1.0),06/03/26 23:00:00,Annual,Gross available energy,Oil and petroleum products (excluding biofuel portion),Gigawatt-hour,Estonia,2015,7183.223,,
ESTAT:NRG_BAL_C(1.0),06/03/26 23:00:00,Annual,Gross available energy,Oil and petroleum products (excluding biofuel portion),Gigawatt-hour,Estonia,2016,8460.200,,
ESTAT:NRG_BAL_C(1.0),06/03/26 23:00:00,Annual,Gross available energy,Oil and petroleum products (excluding biofuel portion),Gigawatt-hour,Estonia,2017,6142.288,,
ESTAT:NRG_BAL_C(1.0),06/03/26 23:00:00,Annual,Gross available energy,Oil and petroleum products (excluding biofuel portion),Gigawatt-hour,Estonia,2018,4982.425,,
ESTAT:NRG_BAL_C(1.0),06/03/26 23:00:00,Annual,Gross available energy,Oil and petroleum products (excluding biofuel portion),Gigawatt-hour,Estonia,2019,2484.485,,
ESTAT:NRG_BAL_C(1.0),06/03/26 23:00:00,Annual,Gross available energy,Oil and petroleum products (excluding biofuel portion),Gigawatt-hour,Estonia,2020,2942.605,,
ESTAT:NRG_BAL_C(1.0),06/03/26 23:00:00,Annual,Gross available energy,Oil and petroleum products (excluding biofuel portion),Gigawatt-hour,Estonia,2021,2186.096,,
ESTAT:NRG_BAL_C(1.0),06/03/26 23:00:00,Annual,Gross available energy,Oil and petroleum products (excluding biofuel portion),Gigawatt-hour,Estonia,2022,5017.745,,
ESTAT:NRG_BAL_C(1.0),06/03/26 23:00:00,Annual,Gross available energy,Oil and petroleum products (excluding biofuel portion),Gigawatt-hour,Estonia,2023,1632.004,,
ESTAT:NRG_BAL_C(1.0),06/03/26 23:00:00,Annual,Gross available energy,Oil and petroleum products (excluding biofuel portion),Gigawatt-hour,Estonia,2024,1331.729,,
ESTAT:NRG_BAL_C(1.0),06/03/26 23:00:00,Annual,Gross available energy,Oil and petroleum products (excluding biofuel portion),Gigawatt-hour,Greece,2005,239205.824,,
ESTAT:NRG_BAL_C(1.0),06/03/26 23:00:00,Annual,Gross available energy,Oil and petroleum products (excluding biofuel portion),Gigawatt-hour,Greece,2006,243013.571,,
ESTAT:NRG_BAL_C(1.0),06/03/26 23:00:00,Annual,Gross available energy,Oil and petroleum products (excluding biofuel portion),Gigawatt-hour,Greece,2007,233141.065,,
ESTAT:NRG_BAL_C(1.0),06/03/26 23:00:00,Annual,Gross available energy,Oil and petroleum products (excluding biofuel portion),Gigawatt-hour,Greece,2008,237702.643,,
ESTAT:NRG_BAL_C(1.0),06/03/26 23:00:00,Annual,Gross available energy,Oil and petroleum products (excluding biofuel portion),Gigawatt-hour,Greece,2009,223755.898,,
ESTAT:NRG_BAL_C(1.0),06/03/26 23:00:00,Annual,Gross available energy,Oil and petroleum products (excluding biofuel portion),Gigawatt-hour,Greece,2010,200567.811,,
ESTAT:NRG_BAL_C(1.0),06/03/26 23:00:00,Annual,Gross available energy,Oil and petroleum products (excluding biofuel portion),Gigawatt-hour,Greece,2011,185217.512,,
ESTAT:NRG_BAL_C(1.0),06/03/26 23:00:00,Annual,Gross available energy,Oil and petroleum products (excluding biofuel portion),Gigawatt-hour,Greece,2012,174898.510,,
ESTAT:NRG_BAL_C(1.0),06/03/26 23:00:00,Annual,Gross available energy,Oil and petroleum products (excluding biofuel portion),Gigawatt-hour,Greece,2013,152500.460,,
ESTAT:NRG_BAL_C(1.0),06/03/26 23:00:00,Annual,Gross available energy,Oil and petroleum products (excluding biofuel portion),Gigawatt-hour,Greece,2014,155874.269,,
ESTAT:NRG_BAL_C(1.0),06/03/26 23:00:00,Annual,Gross available energy,Oil and petroleum products (excluding biofuel portion),Gigawatt-hour,Greece,2015,160870.831,,
ESTAT:NRG_BAL_C(1.0),06/03/26 23:00:00,Annual,Gross available energy,Oil and petroleum products (excluding biofuel portion),Gigawatt-hour,Greece,2016,162754.253,,
ESTAT:NRG_BAL_C(1.0),06/03/26 23:00:00,Annual,Gross available energy,Oil and petroleum products (excluding biofuel portion),Gigawatt-hour,Greece,2017,163480.183,,
ESTAT:NRG_BAL_C(1.0),06/03/26 23:00:00,Annual,Gross available energy,Oil and petroleum products (excluding biofuel portion),Gigawatt-hour,Greece,2018,158539.542,,
ESTAT:NRG_BAL_C(1.0),06/03/26 23:00:00,Annual,Gross available energy,Oil and petroleum products (excluding biofuel portion),Gigawatt-hour,Greece,2019,166522.606,,
ESTAT:NRG_BAL_C(1.0),06/03/26 23:00:00,Annual,Gross available energy,Oil and petroleum products (excluding biofuel portion),Gigawatt-hour,Greece,2020,130187.427,,
ESTAT:NRG_BAL_C(1.0),06/03/26 23:00:00,Annual,Gross available energy,Oil and petroleum products (excluding biofuel portion),Gigawatt-hour,Greece,2021,139549.512,,
ESTAT:NRG_BAL_C(1.0),06/03/26 23:00:00,Annual,Gross available energy,Oil and petroleum products (excluding biofuel portion),Gigawatt-hour,Greece,2022,161117.151,,
ESTAT:NRG_BAL_C(1.0),06/03/26 23:00:00,Annual,Gross available energy,Oil and petroleum products (excluding biofuel portion),Gigawatt-hour,Greece,2023,156169.060,,
ESTAT:NRG_BAL_C(1.0),06/03/26 23:00:00,Annual,Gross available energy,Oil and petroleum products (excluding biofuel portion),Gigawatt-hour,Greece,2024,161637.782,,
ESTAT:NRG_BAL_C(1.0),06/03/26 23:00:00,Annual,Gross available energy,Oil and petroleum products (excluding biofuel portion),Gigawatt-hour,Spain,2005,915479.139,,
ESTAT:NRG_BAL_C(1.0),06/03/26 23:00:00,Annual,Gross available energy,Oil and petroleum products (excluding biofuel portion),Gigawatt-hour,Spain,2006,915928.861,,
ESTAT:NRG_BAL_C(1.0),06/03/26 23:00:00,Annual,Gross available energy,Oil and petroleum products (excluding biofuel portion),Gigawatt-hour,Spain,2007,924452.361,,
ESTAT:NRG_BAL_C(1.0),06/03/26 23:00:00,Annual,Gross available energy,Oil and petroleum products (excluding biofuel portion),Gigawatt-hour,Spain,2008,894295.694,,
ESTAT:NRG_BAL_C(1.0),06/03/26 23:00:00,Annual,Gross available energy,Oil and petroleum products (excluding biofuel portion),Gigawatt-hour,Spain,2009,837418.778,,
ESTAT:NRG_BAL_C(1.0),06/03/26 23:00:00,Annual,Gross available energy,Oil and petroleum products (excluding biofuel portion),Gigawatt-hour,Spain,2010,806440.639,,
ESTAT:NRG_BAL_C(1.0),06/03/26 23:00:00,Annual,Gross available energy,Oil and petroleum products (excluding biofuel portion),Gigawatt-hour,Spain,2011,776294.500,,
ESTAT:NRG_BAL_C(1.0),06/03/26 23:00:00,Annual,Gross available energy,Oil and petroleum products (excluding biofuel portion),Gigawatt-hour,Spain,2012,719666.667,,
ESTAT:NRG_BAL_C(1.0),06/03/26 23:00:00,Annual,Gross available energy,Oil and petroleum products (excluding biofuel portion),Gigawatt-hour,Spain,2013,675485.528,,
ESTAT:NRG_BAL_C(1.0),06/03/26 23:00:00,Annual,Gross available energy,Oil and petroleum products (excluding biofuel portion),Gigawatt-hour,Spain,2014,671841.944,,
ESTAT:NRG_BAL_C(1.0),06/03/26 23:00:00,Annual,Gross available energy,Oil and petroleum products (excluding biofuel portion),Gigawatt-hour,Spain,2015,697352.833,,
ESTAT:NRG_BAL_C(1.0),06/03/26 23:00:00,Annual,Gross available energy,Oil and petroleum products (excluding biofuel portion),Gigawatt-hour,Spain,2016,717609.917,,
ESTAT:NRG_BAL_C(1.0),06/03/26 23:00:00,Annual,Gross available energy,Oil and petroleum products (excluding biofuel portion),Gigawatt-hour,Spain,2017,744104.500,,
ESTAT:NRG_BAL_C(1.0),06/03/26 23:00:00,Annual,Gross available energy,Oil and petroleum products (excluding biofuel portion),Gigawatt-hour,Spain,2018,750290.417,,
ESTAT:NRG_BAL_C(1.0),06/03/26 23:00:00,Annual,Gross available energy,Oil and petroleum products (excluding biofuel portion),Gigawatt-hour,Spain,2019,736319.111,,
ESTAT:NRG_BAL_C(1.0),06/03/26 23:00:00,Annual,Gross available energy,Oil and petroleum products (excluding biofuel portion),Gigawatt-hour,Spain,2020,605296.389,,
ESTAT:NRG_BAL_C(1.0),06/03/26 23:00:00,Annual,Gross available energy,Oil and petroleum products (excluding biofuel portion),Gigawatt-hour,Spain,2021,668692.512,,
ESTAT:NRG_BAL_C(1.0),06/03/26 23:00:00,Annual,Gross available energy,Oil and petroleum products (excluding biofuel portion),Gigawatt-hour,Spain,2022,727481.658,,
ESTAT:NRG_BAL_C(1.0),06/03/26 23:00:00,Annual,Gross available energy,Oil and petroleum products (excluding biofuel portion),Gigawatt-hour,Spain,2023,698908.623,,
ESTAT:NRG_BAL_C(1.0),06/03/26 23:00:00,Annual,Gross available energy,Oil and petroleum products (excluding biofuel portion),Gigawatt-hour,Spain,2024,739199.570,,
ESTAT:NRG_BAL_C(1.0),06/03/26 23:00:00,Annual,Gross available energy,Oil and petroleum products (excluding biofuel portion),Gigawatt-hour,Finland,2005,128445.253,,
ESTAT:NRG_BAL_C(1.0),06/03/26 23:00:00,Annual,Gross available energy,Oil and petroleum products (excluding biofuel portion),Gigawatt-hour,Finland,2006,133610.759,,
ESTAT:NRG_BAL_C(1.0),06/03/26 23:00:00,Annual,Gross available energy,Oil and petroleum products (excluding biofuel portion),Gigawatt-hour,Finland,2007,127271.825,,
ESTAT:NRG_BAL_C(1.0),06/03/26 23:00:00,Annual,Gross available energy,Oil and petroleum products (excluding biofuel portion),Gigawatt-hour,Finland,2008,124571.116,,
ESTAT:NRG_BAL_C(1.0),06/03/26 23:00:00,Annual,Gross available energy,Oil and petroleum products (excluding biofuel portion),Gigawatt-hour,Finland,2009,116461.836,,
ESTAT:NRG_BAL_C(1.0),06/03/26 23:00:00,Annual,Gross available energy,Oil and petroleum products (excluding biofuel portion),Gigawatt-hour,Finland,2010,119292.443,,
ESTAT:NRG_BAL_C(1.0),06/03/26 23:00:00,Annual,Gross available energy,Oil and petroleum products (excluding biofuel portion),Gigawatt-hour,Finland,2011,117799.908,,
ESTAT:NRG_BAL_C(1.0),06/03/26 23:00:00,Annual,Gross available energy,Oil and petroleum products (excluding biofuel portion),Gigawatt-hour,Finland,2012,109620.664,,
ESTAT:NRG_BAL_C(1.0),06/03/26 23:00:00,Annual,Gross available energy,Oil and petroleum products (excluding biofuel portion),Gigawatt-hour,Finland,2013,98719.158,,
ESTAT:NRG_BAL_C(1.0),06/03/26 23:00:00,Annual,Gross available energy,Oil and petroleum products (excluding biofuel portion),Gigawatt-hour,Finland,2014,110865.466,,
ESTAT:NRG_BAL_C(1.0),06/03/26 23:00:00,Annual,Gross available energy,Oil and petroleum products (excluding biofuel portion),Gigawatt-hour,Finland,2015,101500.529,,
ESTAT:NRG_BAL_C(1.0),06/03/26 23:00:00,Annual,Gross available energy,Oil and petroleum products (excluding biofuel portion),Gigawatt-hour,Finland,2016,110561.836,,
ESTAT:NRG_BAL_C(1.0),06/03/26 23:00:00,Annual,Gross available energy,Oil and petroleum products (excluding biofuel portion),Gigawatt-hour,Finland,2017,106696.632,,
ESTAT:NRG_BAL_C(1.0),06/03/26 23:00:00,Annual,Gross available energy,Oil and petroleum products (excluding biofuel portion),Gigawatt-hour,Finland,2018,106830.423,,
ESTAT:NRG_BAL_C(1.0),06/03/26 23:00:00,Annual,Gross available energy,Oil and petroleum products (excluding biofuel portion),Gigawatt-hour,Finland,2019,103163.983,,
ESTAT:NRG_BAL_C(1.0),06/03/26 23:00:00,Annual,Gross available energy,Oil and petroleum products (excluding biofuel portion),Gigawatt-hour,Finland,2020,94818.658,,
ESTAT:NRG_BAL_C(1.0),06/03/26 23:00:00,Annual,Gross available energy,Oil and petroleum products (excluding biofuel portion),Gigawatt-hour,Finland,2021,87898.275,,
ESTAT:NRG_BAL_C(1.0),06/03/26 23:00:00,Annual,Gross available energy,Oil and petroleum products (excluding biofuel portion),Gigawatt-hour,Finland,2022,94646.252,,
ESTAT:NRG_BAL_C(1.0),06/03/26 23:00:00,Annual,Gross available energy,Oil and petroleum products (excluding biofuel portion),Gigawatt-hour,Finland,2023,91932.867,,
ESTAT:NRG_BAL_C(1.0),06/03/26 23:00:00,Annual,Gross available energy,Oil and petroleum products (excluding biofuel portion),Gigawatt-hour,Finland,2024,87426.923,,
ESTAT:NRG_BAL_C(1.0),06/03/26 23:00:00,Annual,Gross available energy,Oil and petroleum products (excluding biofuel portion),Gigawatt-hour,France,2005,1120748.905,,
ESTAT:NRG_BAL_C(1.0),06/03/26 23:00:00,Annual,Gross available energy,Oil and petroleum products (excluding biofuel portion),Gigawatt-hour,France,2006,1114261.789,,
ESTAT:NRG_BAL_C(1.0),06/03/26 23:00:00,Annual,Gross available energy,Oil and petroleum products (excluding biofuel portion),Gigawatt-hour,France,2007,1101467.503,,
ESTAT:NRG_BAL_C(1.0),06/03/26 23:00:00,Annual,Gross available energy,Oil and petroleum products (excluding biofuel portion),Gigawatt-hour,France,2008,1071619.309,,
ESTAT:NRG_BAL_C(1.0),06/03/26 23:00:00,Annual,Gross available energy,Oil and petroleum products (excluding biofuel portion),Gigawatt-hour,France,2009,1031689.751,,
ESTAT:NRG_BAL_C(1.0),06/03/26 23:00:00,Annual,Gross available energy,Oil and petroleum products (excluding biofuel portion),Gigawatt-hour,France,2010,988688.801,,
ESTAT:NRG_BAL_C(1.0),06/03/26 23:00:00,Annual,Gross available energy,Oil and petroleum products (excluding biofuel portion),Gigawatt-hour,France,2011,1020374.527,,
ESTAT:NRG_BAL_C(1.0),06/03/26 23:00:00,Annual,Gross available energy,Oil and petroleum products (excluding biofuel portion),Gigawatt-hour,France,2012,989347.567,,
ESTAT:NRG_BAL_C(1.0),06/03/26 23:00:00,Annual,Gross available energy,Oil and petroleum products (excluding biofuel portion),Gigawatt-hour,France,2013,964917.385,,
ESTAT:NRG_BAL_C(1.0),06/03/26 23:00:00,Annual,Gross available energy,Oil and petroleum products (excluding biofuel portion),Gigawatt-hour,France,2014,954944.305,,
ESTAT:NRG_BAL_C(1.0),06/03/26 23:00:00,Annual,Gross available energy,Oil and petroleum products (excluding biofuel portion),Gigawatt-hour,France,2015,964705.735,,
ESTAT:NRG_BAL_C(1.0),06/03/26 23:00:00,Annual,Gross available energy,Oil and petroleum products (excluding biofuel portion),Gigawatt-hour,France,2016,932985.581,,
ESTAT:NRG_BAL_C(1.0),06/03/26 23:00:00,Annual,Gross available energy,Oil and petroleum products (excluding biofuel portion),Gigawatt-hour,France,2017,940851.741,,
ESTAT:NRG_BAL_C(1.0),06/03/26 23:00:00,Annual,Gross available energy,Oil and petroleum products (excluding biofuel portion),Gigawatt-hour,France,2018,912790.169,,
ESTAT:NRG_BAL_C(1.0),06/03/26 23:00:00,Annual,Gross available energy,Oil and petroleum products (excluding biofuel portion),Gigawatt-hour,France,2019,919004.174,,
ESTAT:NRG_BAL_C(1.0),06/03/26 23:00:00,Annual,Gross available energy,Oil and petroleum products (excluding biofuel portion),Gigawatt-hour,France,2020,763684.397,,
ESTAT:NRG_BAL_C(1.0),06/03/26 23:00:00,Annual,Gross available energy,Oil and petroleum products (excluding biofuel portion),Gigawatt-hour,France,2021,812111.610,,
ESTAT:NRG_BAL_C(1.0),06/03/26 23:00:00,Annual,Gross available energy,Oil and petroleum products (excluding biofuel portion),Gigawatt-hour,France,2022,818127.525,,
ESTAT:NRG_BAL_C(1.0),06/03/26 23:00:00,Annual,Gross available energy,Oil and petroleum products (excluding biofuel portion),Gigawatt-hour,France,2023,824429.034,,
ESTAT:NRG_BAL_C(1.0),06/03/26 23:00:00,Annual,Gross available energy,Oil and petroleum products (excluding biofuel portion),Gigawatt-hour,France,2024,794553.772,,
ESTAT:NRG_BAL_C(1.0),06/03/26 23:00:00,Annual,Gross available energy,Oil and petroleum products (excluding biofuel portion),Gigawatt-hour,Croatia,2005,52874.616,,
ESTAT:NRG_BAL_C(1.0),06/03/26 23:00:00,Annual,Gross available energy,Oil and petroleum products (excluding biofuel portion),Gigawatt-hour,Croatia,2006,53925.356,,
ESTAT:NRG_BAL_C(1.0),06/03/26 23:00:00,Annual,Gross available energy,Oil and petroleum products (excluding biofuel portion),Gigawatt-hour,Croatia,2007,55038.692,,
ESTAT:NRG_BAL_C(1.0),06/03/26 23:00:00,Annual,Gross available energy,Oil and petroleum products (excluding biofuel portion),Gigawatt-hour,Croatia,2008,52178.571,,
ESTAT:NRG_BAL_C(1.0),06/03/26 23:00:00,Annual,Gross available energy,Oil and petroleum products (excluding biofuel portion),Gigawatt-hour,Croatia,2009,50933.890,,
ESTAT:NRG_BAL_C(1.0),06/03/26 23:00:00,Annual,Gross available energy,Oil and petroleum products (excluding biofuel portion),Gigawatt-hour,Croatia,2010,43435.546,,
ESTAT:NRG_BAL_C(1.0),06/03/26 23:00:00,Annual,Gross available energy,Oil and petroleum products (excluding biofuel portion),Gigawatt-hour,Croatia,2011,42718.542,,
ESTAT:NRG_BAL_C(1.0),06/03/26 23:00:00,Annual,Gross available energy,Oil and petroleum products (excluding biofuel portion),Gigawatt-hour,Croatia,2012,38083.266,,
ESTAT:NRG_BAL_C(1.0),06/03/26 23:00:00,Annual,Gross available energy,Oil and petroleum products (excluding biofuel portion),Gigawatt-hour,Croatia,2013,36799.296,,
ESTAT:NRG_BAL_C(1.0),06/03/26 23:00:00,Annual,Gross available energy,Oil and petroleum products (excluding biofuel portion),Gigawatt-hour,Croatia,2014,36319.876,,
ESTAT:NRG_BAL_C(1.0),06/03/26 23:00:00,Annual,Gross available energy,Oil and petroleum products (excluding biofuel portion),Gigawatt-hour,Croatia,2015,37835.449,,
ESTAT:NRG_BAL_C(1.0),06/03/26 23:00:00,Annual,Gross available energy,Oil and petroleum products (excluding biofuel portion),Gigawatt-hour,Croatia,2016,37885.932,,
ESTAT:NRG_BAL_C(1.0),06/03/26 23:00:00,Annual,Gross available energy,Oil and petroleum products (excluding biofuel portion),Gigawatt-hour,Croatia,2017,40507.181,,
ESTAT:NRG_BAL_C(1.0),06/03/26 23:00:00,Annual,Gross available energy,Oil and petroleum products (excluding biofuel portion),Gigawatt-hour,Croatia,2018,39216.080,,
ESTAT:NRG_BAL_C(1.0),06/03/26 23:00:00,Annual,Gross available energy,Oil and petroleum products (excluding biofuel portion),Gigawatt-hour,Croatia,2019,38367.426,,
ESTAT:NRG_BAL_C(1.0),06/03/26 23:00:00,Annual,Gross available energy,Oil and petroleum products (excluding biofuel portion),Gigawatt-hour,Croatia,2020,32636.788,,
ESTAT:NRG_BAL_C(1.0),06/03/26 23:00:00,Annual,Gross available energy,Oil and petroleum products (excluding biofuel portion),Gigawatt-hour,Croatia,2021,34605.444,,
ESTAT:NRG_BAL_C(1.0),06/03/26 23:00:00,Annual,Gross available energy,Oil and petroleum products (excluding biofuel portion),Gigawatt-hour,Croatia,2022,38517.607,,
ESTAT:NRG_BAL_C(1.0),06/03/26 23:00:00,Annual,Gross available energy,Oil and petroleum products (excluding biofuel portion),Gigawatt-hour,Croatia,2023,42158.533,,
ESTAT:NRG_BAL_C(1.0),06/03/26 23:00:00,Annual,Gross available energy,Oil and petroleum products (excluding biofuel portion),Gigawatt-hour,Croatia,2024,44939.359,,
ESTAT:NRG_BAL_C(1.0),06/03/26 23:00:00,Annual,Gross available energy,Oil and petroleum products (excluding biofuel portion),Gigawatt-hour,Hungary,2005,86552.528,,
ESTAT:NRG_BAL_C(1.0),06/03/26 23:00:00,Annual,Gross available energy,Oil and petroleum products (excluding biofuel portion),Gigawatt-hour,Hungary,2006,90185.694,,
ESTAT:NRG_BAL_C(1.0),06/03/26 23:00:00,Annual,Gross available energy,Oil and petroleum products (excluding biofuel portion),Gigawatt-hour,Hungary,2007,88837.110,,
ESTAT:NRG_BAL_C(1.0),06/03/26 23:00:00,Annual,Gross available energy,Oil and petroleum products (excluding biofuel portion),Gigawatt-hour,Hungary,2008,85053.511,,
ESTAT:NRG_BAL_C(1.0),06/03/26 23:00:00,Annual,Gross available energy,Oil and petroleum products (excluding biofuel portion),Gigawatt-hour,Hungary,2009,83278.086,,
ESTAT:NRG_BAL_C(1.0),06/03/26 23:00:00,Annual,Gross available energy,Oil and petroleum products (excluding biofuel portion),Gigawatt-hour,Hungary,2010,79067.092,,
ESTAT:NRG_BAL_C(1.0),06/03/26 23:00:00,Annual,Gross available energy,Oil and petroleum products (excluding biofuel portion),Gigawatt-hour,Hungary,2011,75331.992,,
ESTAT:NRG_BAL_C(1.0),06/03/26 23:00:00,Annual,Gross available energy,Oil and petroleum products (excluding biofuel portion),Gigawatt-hour,Hungary,2012,70671.753,,
ESTAT:NRG_BAL_C(1.0),06/03/26 23:00:00,Annual,Gross available energy,Oil and petroleum products (excluding biofuel portion),Gigawatt-hour,Hungary,2013,68203.228,,
ESTAT:NRG_BAL_C(1.0),06/03/26 23:00:00,Annual,Gross available energy,Oil and petroleum products (excluding biofuel portion),Gigawatt-hour,Hungary,2014,76543.325,,
ESTAT:NRG_BAL_C(1.0),06/03/26 23:00:00,Annual,Gross available energy,Oil and petroleum products (excluding biofuel portion),Gigawatt-hour,Hungary,2015,81771.153,,
ESTAT:NRG_BAL_C(1.0),06/03/26 23:00:00,Annual,Gross available energy,Oil and petroleum products (excluding biofuel portion),Gigawatt-hour,Hungary,2016,81129.633,,
ESTAT:NRG_BAL_C(1.0),06/03/26 23:00:00,Annual,Gross available energy,Oil and petroleum products (excluding biofuel portion),Gigawatt-hour,Hungary,2017,87815.994,,
ESTAT:NRG_BAL_C(1.0),06/03/26 23:00:00,Annual,Gross available energy,Oil and petroleum products (excluding biofuel portion),Gigawatt-hour,Hungary,2018,93782.519,,
ESTAT:NRG_BAL_C(1.0),06/03/26 23:00:00,Annual,Gross available energy,Oil and petroleum products (excluding biofuel portion),Gigawatt-hour,Hungary,2019,95116.218,,
ESTAT:NRG_BAL_C(1.0),06/03/26 23:00:00,Annual,Gross available energy,Oil and petroleum products (excluding biofuel portion),Gigawatt-hour,Hungary,2020,86740.700,,
ESTAT:NRG_BAL_C(1.0),06/03/26 23:00:00,Annual,Gross available energy,Oil and petroleum products (excluding biofuel portion),Gigawatt-hour,Hungary,2021,94139.066,,
ESTAT:NRG_BAL_C(1.0),06/03/26 23:00:00,Annual,Gross available energy,Oil and petroleum products (excluding biofuel portion),Gigawatt-hour,Hungary,2022,93813.345,,
ESTAT:NRG_BAL_C(1.0),06/03/26 23:00:00,Annual,Gross available energy,Oil and petroleum products (excluding biofuel portion),Gigawatt-hour,Hungary,2023,91197.005,,
ESTAT:NRG_BAL_C(1.0),06/03/26 23:00:00,Annual,Gross available energy,Oil and petroleum products (excluding biofuel portion),Gigawatt-hour,Hungary,2024,90494.128,,
ESTAT:NRG_BAL_C(1.0),06/03/26 23:00:00,Annual,Gross available energy,Oil and petroleum products (excluding biofuel portion),Gigawatt-hour,Ireland,2005,103365.486,,
ESTAT:NRG_BAL_C(1.0),06/03/26 23:00:00,Annual,Gross available energy,Oil and petroleum products (excluding biofuel portion),Gigawatt-hour,Ireland,2006,102038.446,,
ESTAT:NRG_BAL_C(1.0),06/03/26 23:00:00,Annual,Gross available energy,Oil and petroleum products (excluding biofuel portion),Gigawatt-hour,Ireland,2007,104272.426,,
ESTAT:NRG_BAL_C(1.0),06/03/26 23:00:00,Annual,Gross available energy,Oil and petroleum products (excluding biofuel portion),Gigawatt-hour,Ireland,2008,98483.323,,
ESTAT:NRG_BAL_C(1.0),06/03/26 23:00:00,Annual,Gross available energy,Oil and petroleum products (excluding biofuel portion),Gigawatt-hour,Ireland,2009,93602.479,,
ESTAT:NRG_BAL_C(1.0),06/03/26 23:00:00,Annual,Gross available energy,Oil and petroleum products (excluding biofuel portion),Gigawatt-hour,Ireland,2010,92145.418,,
ESTAT:NRG_BAL_C(1.0),06/03/26 23:00:00,Annual,Gross available energy,Oil and petroleum products (excluding biofuel portion),Gigawatt-hour,Ireland,2011,81930.539,,
ESTAT:NRG_BAL_C(1.0),06/03/26 23:00:00,Annual,Gross available energy,Oil and petroleum products (excluding biofuel portion),Gigawatt-hour,Ireland,2012,76918.358,,
ESTAT:NRG_BAL_C(1.0),06/03/26 23:00:00,Annual,Gross available energy,Oil and petroleum products (excluding biofuel portion),Gigawatt-hour,Ireland,2013,78592.153,,
ESTAT:NRG_BAL_C(1.0),06/03/26 23:00:00,Annual,Gross available energy,Oil and petroleum products (excluding biofuel portion),Gigawatt-hour,Ireland,2014,77027.733,,
ESTAT:NRG_BAL_C(1.0),06/03/26 23:00:00,Annual,Gross available energy,Oil and petroleum products (excluding biofuel portion),Gigawatt-hour,Ireland,2015,82193.677,,
ESTAT:NRG_BAL_C(1.0),06/03/26 23:00:00,Annual,Gross available energy,Oil and petroleum products (excluding biofuel portion),Gigawatt-hour,Ireland,2016,87171.659,,
ESTAT:NRG_BAL_C(1.0),06/03/26 23:00:00,Annual,Gross available energy,Oil and petroleum products (excluding biofuel portion),Gigawatt-hour,Ireland,2017,86719.634,,
ESTAT:NRG_BAL_C(1.0),06/03/26 23:00:00,Annual,Gross available energy,Oil and petroleum products (excluding biofuel portion),Gigawatt-hour,Ireland,2018,87927.509,,
ESTAT:NRG_BAL_C(1.0),06/03/26 23:00:00,Annual,Gross available energy,Oil and petroleum products (excluding biofuel portion),Gigawatt-hour,Ireland,2019,87933.648,,
ESTAT:NRG_BAL_C(1.0),06/03/26 23:00:00,Annual,Gross available energy,Oil and petroleum products (excluding biofuel portion),Gigawatt-hour,Ireland,2020,74278.541,,
ESTAT:NRG_BAL_C(1.0),06/03/26 23:00:00,Annual,Gross available energy,Oil and petroleum products (excluding biofuel portion),Gigawatt-hour,Ireland,2021,80136.667,,
ESTAT:NRG_BAL_C(1.0),06/03/26 23:00:00,Annual,Gross available energy,Oil and petroleum products (excluding biofuel portion),Gigawatt-hour,Ireland,2022,84560.583,,
ESTAT:NRG_BAL_C(1.0),06/03/26 23:00:00,Annual,Gross available energy,Oil and petroleum products (excluding biofuel portion),Gigawatt-hour,Ireland,2023,84374.602,,
ESTAT:NRG_BAL_C(1.0),06/03/26 23:00:00,Annual,Gross available energy,Oil and petroleum products (excluding biofuel portion),Gigawatt-hour,Ireland,2024,85831.009,,
ESTAT:NRG_BAL_C(1.0),06/03/26 23:00:00,Annual,Gross available energy,Oil and petroleum products (excluding biofuel portion),Gigawatt-hour,Italy,2005,995066.512,,
ESTAT:NRG_BAL_C(1.0),06/03/26 23:00:00,Annual,Gross available energy,Oil and petroleum products (excluding biofuel portion),Gigawatt-hour,Italy,2006,982272.237,,
ESTAT:NRG_BAL_C(1.0),06/03/26 23:00:00,Annual,Gross available energy,Oil and petroleum products (excluding biofuel portion),Gigawatt-hour,Italy,2007,958327.752,,
ESTAT:NRG_BAL_C(1.0),06/03/26 23:00:00,Annual,Gross available energy,Oil and petroleum products (excluding biofuel portion),Gigawatt-hour,Italy,2008,910976.379,,
ESTAT:NRG_BAL_C(1.0),06/03/26 23:00:00,Annual,Gross available energy,Oil and petroleum products (excluding biofuel portion),Gigawatt-hour,Italy,2009,848508.419,,
ESTAT:NRG_BAL_C(1.0),06/03/26 23:00:00,Annual,Gross available energy,Oil and petroleum products (excluding biofuel portion),Gigawatt-hour,Italy,2010,830220.452,,
ESTAT:NRG_BAL_C(1.0),06/03/26 23:00:00,Annual,Gross available energy,Oil and petroleum products (excluding biofuel portion),Gigawatt-hour,Italy,2011,796068.934,,
ESTAT:NRG_BAL_C(1.0),06/03/26 23:00:00,Annual,Gross available energy,Oil and petroleum products (excluding biofuel portion),Gigawatt-hour,Italy,2012,710763.604,,
ESTAT:NRG_BAL_C(1.0),06/03/26 23:00:00,Annual,Gross available energy,Oil and petroleum products (excluding biofuel portion),Gigawatt-hour,Italy,2013,680537.081,,
ESTAT:NRG_BAL_C(1.0),06/03/26 23:00:00,Annual,Gross available energy,Oil and petroleum products (excluding biofuel portion),Gigawatt-hour,Italy,2014,657848.360,,
ESTAT:NRG_BAL_C(1.0),06/03/26 23:00:00,Annual,Gross available energy,Oil and petroleum products (excluding biofuel portion),Gigawatt-hour,Italy,2015,681781.544,,
ESTAT:NRG_BAL_C(1.0),06/03/26 23:00:00,Annual,Gross available energy,Oil and petroleum products (excluding biofuel portion),Gigawatt-hour,Italy,2016,663409.597,,
ESTAT:NRG_BAL_C(1.0),06/03/26 23:00:00,Annual,Gross available energy,Oil and petroleum products (excluding biofuel portion),Gigawatt-hour,Italy,2017,671310.604,,
ESTAT:NRG_BAL_C(1.0),06/03/26 23:00:00,Annual,Gross available energy,Oil and petroleum products (excluding biofuel portion),Gigawatt-hour,Italy,2018,668376.201,,
ESTAT:NRG_BAL_C(1.0),06/03/26 23:00:00,Annual,Gross available energy,Oil and petroleum products (excluding biofuel portion),Gigawatt-hour,Italy,2019,659223.207,,
ESTAT:NRG_BAL_C(1.0),06/03/26 23:00:00,Annual,Gross available energy,Oil and petroleum products (excluding biofuel portion),Gigawatt-hour,Italy,2020,550691.986,,
ESTAT:NRG_BAL_C(1.0),06/03/26 23:00:00,Annual,Gross available energy,Oil and petroleum products (excluding biofuel portion),Gigawatt-hour,Italy,2021,622301.239,,
ESTAT:NRG_BAL_C(1.0),06/03/26 23:00:00,Annual,Gross available energy,Oil and petroleum products (excluding biofuel portion),Gigawatt-hour,Italy,2022,627978.476,,
ESTAT:NRG_BAL_C(1.0),06/03/26 23:00:00,Annual,Gross available energy,Oil and petroleum products (excluding biofuel portion),Gigawatt-hour,Italy,2023,633710.951,,
ESTAT:NRG_BAL_C(1.0),06/03/26 23:00:00,Annual,Gross available energy,Oil and petroleum products (excluding biofuel portion),Gigawatt-hour,Italy,2024,626974.155,,
ESTAT:NRG_BAL_C(1.0),06/03/26 23:00:00,Annual,Gross available energy,Oil and petroleum products (excluding biofuel portion),Gigawatt-hour,Lithuania,2005,32927.831,,
ESTAT:NRG_BAL_C(1.0),06/03/26 23:00:00,Annual,Gross available energy,Oil and petroleum products (excluding biofuel portion),Gigawatt-hour,Lithuania,2006,32892.132,,
ESTAT:NRG_BAL_C(1.0),06/03/26 23:00:00,Annual,Gross available energy,Oil and petroleum products (excluding biofuel portion),Gigawatt-hour,Lithuania,2007,32679.758,,
ESTAT:NRG_BAL_C(1.0),06/03/26 23:00:00,Annual,Gross available energy,Oil and petroleum products (excluding biofuel portion),Gigawatt-hour,Lithuania,2008,35424.404,,
ESTAT:NRG_BAL_C(1.0),06/03/26 23:00:00,Annual,Gross available energy,Oil and petroleum products (excluding biofuel portion),Gigawatt-hour,Lithuania,2009,30474.626,,
ESTAT:NRG_BAL_C(1.0),06/03/26 23:00:00,Annual,Gross available energy,Oil and petroleum products (excluding biofuel portion),Gigawatt-hour,Lithuania,2010,31292.064,,
ESTAT:NRG_BAL_C(1.0),06/03/26 23:00:00,Annual,Gross available energy,Oil and petroleum products (excluding biofuel portion),Gigawatt-hour,Lithuania,2011,30291.844,,
ESTAT:NRG_BAL_C(1.0),06/03/26 23:00:00,Annual,Gross available energy,Oil and petroleum products (excluding biofuel portion),Gigawatt-hour,Lithuania,2012,30770.925,,
ESTAT:NRG_BAL_C(1.0),06/03/26 23:00:00,Annual,Gross available energy,Oil and petroleum products (excluding biofuel portion),Gigawatt-hour,Lithuania,2013,30026.395,,
ESTAT:NRG_BAL_C(1.0),06/03/26 23:00:00,Annual,Gross available energy,Oil and petroleum products (excluding biofuel portion),Gigawatt-hour,Lithuania,2014,29410.368,,
ESTAT:NRG_BAL_C(1.0),06/03/26 23:00:00,Annual,Gross available energy,Oil and petroleum products (excluding biofuel portion),Gigawatt-hour,Lithuania,2015,31119.819,,
ESTAT:NRG_BAL_C(1.0),06/03/26 23:00:00,Annual,Gross available energy,Oil and petroleum products (excluding biofuel portion),Gigawatt-hour,Lithuania,2016,34834.250,,
ESTAT:NRG_BAL_C(1.0),06/03/26 23:00:00,Annual,Gross available energy,Oil and petroleum products (excluding biofuel portion),Gigawatt-hour,Lithuania,2017,35739.702,,
ESTAT:NRG_BAL_C(1.0),06/03/26 23:00:00,Annual,Gross available energy,Oil and petroleum products (excluding biofuel portion),Gigawatt-hour,Lithuania,2018,38229.369,,
ESTAT:NRG_BAL_C(1.0),06/03/26 23:00:00,Annual,Gross available energy,Oil and petroleum products (excluding biofuel portion),Gigawatt-hour,Lithuania,2019,37277.976,,
ESTAT:NRG_BAL_C(1.0),06/03/26 23:00:00,Annual,Gross available energy,Oil and petroleum products (excluding biofuel portion),Gigawatt-hour,Lithuania,2020,35650.513,,
ESTAT:NRG_BAL_C(1.0),06/03/26 23:00:00,Annual,Gross available energy,Oil and petroleum products (excluding biofuel portion),Gigawatt-hour,Lithuania,2021,36000.172,,
ESTAT:NRG_BAL_C(1.0),06/03/26 23:00:00,Annual,Gross available energy,Oil and petroleum products (excluding biofuel portion),Gigawatt-hour,Lithuania,2022,36162.616,,
ESTAT:NRG_BAL_C(1.0),06/03/26 23:00:00,Annual,Gross available energy,Oil and petroleum products (excluding biofuel portion),Gigawatt-hour,Lithuania,2023,37738.614,,
ESTAT:NRG_BAL_C(1.0),06/03/26 23:00:00,Annual,Gross available energy,Oil and petroleum products (excluding biofuel portion),Gigawatt-hour,Lithuania,2024,37348.876,,
ESTAT:NRG_BAL_C(1.0),06/03/26 23:00:00,Annual,Gross available energy,Oil and petroleum products (excluding biofuel portion),Gigawatt-hour,Luxembourg,2005,36767.064,,
ESTAT:NRG_BAL_C(1.0),06/03/26 23:00:00,Annual,Gross available energy,Oil and petroleum products (excluding biofuel portion),Gigawatt-hour,Luxembourg,2006,34690.913,,
ESTAT:NRG_BAL_C(1.0),06/03/26 23:00:00,Annual,Gross available energy,Oil and petroleum products (excluding biofuel portion),Gigawatt-hour,Luxembourg,2007,33791.131,,
ESTAT:NRG_BAL_C(1.0),06/03/26 23:00:00,Annual,Gross available energy,Oil and petroleum products (excluding biofuel portion),Gigawatt-hour,Luxembourg,2008,34054.074,,
ESTAT:NRG_BAL_C(1.0),06/03/26 23:00:00,Annual,Gross available energy,Oil and petroleum products (excluding biofuel portion),Gigawatt-hour,Luxembourg,2009,31890.618,,
ESTAT:NRG_BAL_C(1.0),06/03/26 23:00:00,Annual,Gross available energy,Oil and petroleum products (excluding biofuel portion),Gigawatt-hour,Luxembourg,2010,33406.259,,
ESTAT:NRG_BAL_C(1.0),06/03/26 23:00:00,Annual,Gross available energy,Oil and petroleum products (excluding biofuel portion),Gigawatt-hour,Luxembourg,2011,34124.112,,
ESTAT:NRG_BAL_C(1.0),06/03/26 23:00:00,Annual,Gross available energy,Oil and petroleum products (excluding biofuel portion),Gigawatt-hour,Luxembourg,2012,32921.312,,
ESTAT:NRG_BAL_C(1.0),06/03/26 23:00:00,Annual,Gross available energy,Oil and petroleum products (excluding biofuel portion),Gigawatt-hour,Luxembourg,2013,32379.431,,
ESTAT:NRG_BAL_C(1.0),06/03/26 23:00:00,Annual,Gross available energy,Oil and petroleum products (excluding biofuel portion),Gigawatt-hour,Luxembourg,2014,31219.275,,
ESTAT:NRG_BAL_C(1.0),06/03/26 23:00:00,Annual,Gross available energy,Oil and petroleum products (excluding biofuel portion),Gigawatt-hour,Luxembourg,2015,30662.773,,
ESTAT:NRG_BAL_C(1.0),06/03/26 23:00:00,Annual,Gross available energy,Oil and petroleum products (excluding biofuel portion),Gigawatt-hour,Luxembourg,2016,30622.150,,
ESTAT:NRG_BAL_C(1.0),06/03/26 23:00:00,Annual,Gross available energy,Oil and petroleum products (excluding biofuel portion),Gigawatt-hour,Luxembourg,2017,32056.189,,
ESTAT:NRG_BAL_C(1.0),06/03/26 23:00:00,Annual,Gross available energy,Oil and petroleum products (excluding biofuel portion),Gigawatt-hour,Luxembourg,2018,33913.225,,
ESTAT:NRG_BAL_C(1.0),06/03/26 23:00:00,Annual,Gross available energy,Oil and petroleum products (excluding biofuel portion),Gigawatt-hour,Luxembourg,2019,34303.780,,
ESTAT:NRG_BAL_C(1.0),06/03/26 23:00:00,Annual,Gross available energy,Oil and petroleum products (excluding biofuel portion),Gigawatt-hour,Luxembourg,2020,27846.454,,
ESTAT:NRG_BAL_C(1.0),06/03/26 23:00:00,Annual,Gross available energy,Oil and petroleum products (excluding biofuel portion),Gigawatt-hour,Luxembourg,2021,29903.255,,
ESTAT:NRG_BAL_C(1.0),06/03/26 23:00:00,Annual,Gross available energy,Oil and petroleum products (excluding biofuel portion),Gigawatt-hour,Luxembourg,2022,27225.140,,
ESTAT:NRG_BAL_C(1.0),06/03/26 23:00:00,Annual,Gross available energy,Oil and petroleum products (excluding biofuel portion),Gigawatt-hour,Luxembourg,2023,26218.141,,
ESTAT:NRG_BAL_C(1.0),06/03/26 23:00:00,Annual,Gross available energy,Oil and petroleum products (excluding biofuel portion),Gigawatt-hour,Luxembourg,2024,25332.683,,
ESTAT:NRG_BAL_C(1.0),06/03/26 23:00:00,Annual,Gross available energy,Oil and petroleum products (excluding biofuel portion),Gigawatt-hour,Latvia,2005,20286.702,,
ESTAT:NRG_BAL_C(1.0),06/03/26 23:00:00,Annual,Gross available energy,Oil and petroleum products (excluding biofuel portion),Gigawatt-hour,Latvia,2006,21151.572,,
ESTAT:NRG_BAL_C(1.0),06/03/26 23:00:00,Annual,Gross available energy,Oil and petroleum products (excluding biofuel portion),Gigawatt-hour,Latvia,2007,22426.595,,
ESTAT:NRG_BAL_C(1.0),06/03/26 23:00:00,Annual,Gross available energy,Oil and petroleum products (excluding biofuel portion),Gigawatt-hour,Latvia,2008,21636.633,,
ESTAT:NRG_BAL_C(1.0),06/03/26 23:00:00,Annual,Gross available energy,Oil and petroleum products (excluding biofuel portion),Gigawatt-hour,Latvia,2009,20461.409,,
ESTAT:NRG_BAL_C(1.0),06/03/26 23:00:00,Annual,Gross available energy,Oil and petroleum products (excluding biofuel portion),Gigawatt-hour,Latvia,2010,20612.405,,
ESTAT:NRG_BAL_C(1.0),06/03/26 23:00:00,Annual,Gross available energy,Oil and petroleum products (excluding biofuel portion),Gigawatt-hour,Latvia,2011,18779.176,,
ESTAT:NRG_BAL_C(1.0),06/03/26 23:00:00,Annual,Gross available energy,Oil and petroleum products (excluding biofuel portion),Gigawatt-hour,Latvia,2012,18874.572,,
ESTAT:NRG_BAL_C(1.0),06/03/26 23:00:00,Annual,Gross available energy,Oil and petroleum products (excluding biofuel portion),Gigawatt-hour,Latvia,2013,19164.619,,
ESTAT:NRG_BAL_C(1.0),06/03/26 23:00:00,Annual,Gross available energy,Oil and petroleum products (excluding biofuel portion),Gigawatt-hour,Latvia,2014,19364.989,,
ESTAT:NRG_BAL_C(1.0),06/03/26 23:00:00,Annual,Gross available energy,Oil and petroleum products (excluding biofuel portion),Gigawatt-hour,Latvia,2015,20242.964,,
ESTAT:NRG_BAL_C(1.0),06/03/26 23:00:00,Annual,Gross available energy,Oil and petroleum products (excluding biofuel portion),Gigawatt-hour,Latvia,2016,20969.967,,
ESTAT:NRG_BAL_C(1.0),06/03/26 23:00:00,Annual,Gross available energy,Oil and petroleum products (excluding biofuel portion),Gigawatt-hour,Latvia,2017,21184.652,,
ESTAT:NRG_BAL_C(1.0),06/03/26 23:00:00,Annual,Gross available energy,Oil and petroleum products (excluding biofuel portion),Gigawatt-hour,Latvia,2018,18940.909,,
ESTAT:NRG_BAL_C(1.0),06/03/26 23:00:00,Annual,Gross available energy,Oil and petroleum products (excluding biofuel portion),Gigawatt-hour,Latvia,2019,21369.141,,
ESTAT:NRG_BAL_C(1.0),06/03/26 23:00:00,Annual,Gross available energy,Oil and petroleum products (excluding biofuel portion),Gigawatt-hour,Latvia,2020,18989.952,,
ESTAT:NRG_BAL_C(1.0),06/03/26 23:00:00,Annual,Gross available energy,Oil and petroleum products (excluding biofuel portion),Gigawatt-hour,Latvia,2021,19799.486,,
ESTAT:NRG_BAL_C(1.0),06/03/26 23:00:00,Annual,Gross available energy,Oil and petroleum products (excluding biofuel portion),Gigawatt-hour,Latvia,2022,18795.566,,
ESTAT:NRG_BAL_C(1.0),06/03/26 23:00:00,Annual,Gross available energy,Oil and petroleum products (excluding biofuel portion),Gigawatt-hour,Latvia,2023,18906.518,,
ESTAT:NRG_BAL_C(1.0),06/03/26 23:00:00,Annual,Gross available energy,Oil and petroleum products (excluding biofuel portion),Gigawatt-hour,Latvia,2024,17616.964,,
ESTAT:NRG_BAL_C(1.0),06/03/26 23:00:00,Annual,Gross available energy,Oil and petroleum products (excluding biofuel portion),Gigawatt-hour,Malta,2005,18533.722,,
ESTAT:NRG_BAL_C(1.0),06/03/26 23:00:00,Annual,Gross available energy,Oil and petroleum products (excluding biofuel portion),Gigawatt-hour,Malta,2006,19642.667,,
ESTAT:NRG_BAL_C(1.0),06/03/26 23:00:00,Annual,Gross available energy,Oil and petroleum products (excluding biofuel portion),Gigawatt-hour,Malta,2007,20934.667,,
ESTAT:NRG_BAL_C(1.0),06/03/26 23:00:00,Annual,Gross available energy,Oil and petroleum products (excluding biofuel portion),Gigawatt-hour,Malta,2008,21953.833,,
ESTAT:NRG_BAL_C(1.0),06/03/26 23:00:00,Annual,Gross available energy,Oil and petroleum products (excluding biofuel portion),Gigawatt-hour,Malta,2009,23564.722,,
ESTAT:NRG_BAL_C(1.0),06/03/26 23:00:00,Annual,Gross available energy,Oil and petroleum products (excluding biofuel portion),Gigawatt-hour,Malta,2010,27711.111,,
ESTAT:NRG_BAL_C(1.0),06/03/26 23:00:00,Annual,Gross available energy,Oil and petroleum products (excluding biofuel portion),Gigawatt-hour,Malta,2011,26313.889,,
ESTAT:NRG_BAL_C(1.0),06/03/26 23:00:00,Annual,Gross available energy,Oil and petroleum products (excluding biofuel portion),Gigawatt-hour,Malta,2012,25056.944,,
ESTAT:NRG_BAL_C(1.0),06/03/26 23:00:00,Annual,Gross available energy,Oil and petroleum products (excluding biofuel portion),Gigawatt-hour,Malta,2013,23912.222,,
ESTAT:NRG_BAL_C(1.0),06/03/26 23:00:00,Annual,Gross available energy,Oil and petroleum products (excluding biofuel portion),Gigawatt-hour,Malta,2014,24389.000,,
ESTAT:NRG_BAL_C(1.0),06/03/26 23:00:00,Annual,Gross available energy,Oil and petroleum products (excluding biofuel portion),Gigawatt-hour,Malta,2015,25385.833,,
ESTAT:NRG_BAL_C(1.0),06/03/26 23:00:00,Annual,Gross available energy,Oil and petroleum products (excluding biofuel portion),Gigawatt-hour,Malta,2016,26918.611,,
ESTAT:NRG_BAL_C(1.0),06/03/26 23:00:00,Annual,Gross available energy,Oil and petroleum products (excluding biofuel portion),Gigawatt-hour,Malta,2017,30290.055,,
ESTAT:NRG_BAL_C(1.0),06/03/26 23:00:00,Annual,Gross available energy,Oil and petroleum products (excluding biofuel portion),Gigawatt-hour,Malta,2018,30961.447,,
ESTAT:NRG_BAL_C(1.0),06/03/26 23:00:00,Annual,Gross available energy,Oil and petroleum products (excluding biofuel portion),Gigawatt-hour,Malta,2019,32026.421,,
ESTAT:NRG_BAL_C(1.0),06/03/26 23:00:00,Annual,Gross available energy,Oil and petroleum products (excluding biofuel portion),Gigawatt-hour,Malta,2020,29487.747,,
ESTAT:NRG_BAL_C(1.0),06/03/26 23:00:00,Annual,Gross available energy,Oil and petroleum products (excluding biofuel portion),Gigawatt-hour,Malta,2021,26955.782,,
ESTAT:NRG_BAL_C(1.0),06/03/26 23:00:00,Annual,Gross available energy,Oil and petroleum products (excluding biofuel portion),Gigawatt-hour,Malta,2022,30241.067,,
ESTAT:NRG_BAL_C(1.0),06/03/26 23:00:00,Annual,Gross available energy,Oil and petroleum products (excluding biofuel portion),Gigawatt-hour,Malta,2023,31751.082,,
ESTAT:NRG_BAL_C(1.0),06/03/26 23:00:00,Annual,Gross available energy,Oil and petroleum products (excluding biofuel portion),Gigawatt-hour,Malta,2024,30183.469,,
ESTAT:NRG_BAL_C(1.0),06/03/26 23:00:00,Annual,Gross available energy,Oil and petroleum products (excluding biofuel portion),Gigawatt-hour,Netherlands,2005,585091.210,,
ESTAT:NRG_BAL_C(1.0),06/03/26 23:00:00,Annual,Gross available energy,Oil and petroleum products (excluding biofuel portion),Gigawatt-hour,Netherlands,2006,601598.423,,
ESTAT:NRG_BAL_C(1.0),06/03/26 23:00:00,Annual,Gross available energy,Oil and petroleum products (excluding biofuel portion),Gigawatt-hour,Netherlands,2007,607320.794,,
ESTAT:NRG_BAL_C(1.0),06/03/26 23:00:00,Annual,Gross available energy,Oil and petroleum products (excluding biofuel portion),Gigawatt-hour,Netherlands,2008,578963.592,,
ESTAT:NRG_BAL_C(1.0),06/03/26 23:00:00,Annual,Gross available energy,Oil and petroleum products (excluding biofuel portion),Gigawatt-hour,Netherlands,2009,543958.839,,
ESTAT:NRG_BAL_C(1.0),06/03/26 23:00:00,Annual,Gross available energy,Oil and petroleum products (excluding biofuel portion),Gigawatt-hour,Netherlands,2010,549063.005,,
ESTAT:NRG_BAL_C(1.0),06/03/26 23:00:00,Annual,Gross available energy,Oil and petroleum products (excluding biofuel portion),Gigawatt-hour,Netherlands,2011,546370.804,,
ESTAT:NRG_BAL_C(1.0),06/03/26 23:00:00,Annual,Gross available energy,Oil and petroleum products (excluding biofuel portion),Gigawatt-hour,Netherlands,2012,535440.131,,
ESTAT:NRG_BAL_C(1.0),06/03/26 23:00:00,Annual,Gross available energy,Oil and petroleum products (excluding biofuel portion),Gigawatt-hour,Netherlands,2013,514010.270,,
ESTAT:NRG_BAL_C(1.0),06/03/26 23:00:00,Annual,Gross available energy,Oil and petroleum products (excluding biofuel portion),Gigawatt-hour,Netherlands,2014,503305.446,,
ESTAT:NRG_BAL_C(1.0),06/03/26 23:00:00,Annual,Gross available energy,Oil and petroleum products (excluding biofuel portion),Gigawatt-hour,Netherlands,2015,491334.481,,
ESTAT:NRG_BAL_C(1.0),06/03/26 23:00:00,Annual,Gross available energy,Oil and petroleum products (excluding biofuel portion),Gigawatt-hour,Netherlands,2016,505236.823,,
ESTAT:NRG_BAL_C(1.0),06/03/26 23:00:00,Annual,Gross available energy,Oil and petroleum products (excluding biofuel portion),Gigawatt-hour,Netherlands,2017,515261.410,,
ESTAT:NRG_BAL_C(1.0),06/03/26 23:00:00,Annual,Gross available energy,Oil and petroleum products (excluding biofuel portion),Gigawatt-hour,Netherlands,2018,499018.642,,
ESTAT:NRG_BAL_C(1.0),06/03/26 23:00:00,Annual,Gross available energy,Oil and petroleum products (excluding biofuel portion),Gigawatt-hour,Netherlands,2019,482975.308,,
ESTAT:NRG_BAL_C(1.0),06/03/26 23:00:00,Annual,Gross available energy,Oil and petroleum products (excluding biofuel portion),Gigawatt-hour,Netherlands,2020,455617.253,,
ESTAT:NRG_BAL_C(1.0),06/03/26 23:00:00,Annual,Gross available energy,Oil and petroleum products (excluding biofuel portion),Gigawatt-hour,Netherlands,2021,460900.643,,
ESTAT:NRG_BAL_C(1.0),06/03/26 23:00:00,Annual,Gross available energy,Oil and petroleum products (excluding biofuel portion),Gigawatt-hour,Netherlands,2022,454724.559,,
ESTAT:NRG_BAL_C(1.0),06/03/26 23:00:00,Annual,Gross available energy,Oil and petroleum products (excluding biofuel portion),Gigawatt-hour,Netherlands,2023,451779.428,,
ESTAT:NRG_BAL_C(1.0),06/03/26 23:00:00,Annual,Gross available energy,Oil and petroleum products (excluding biofuel portion),Gigawatt-hour,Netherlands,2024,450625.844,,
ESTAT:NRG_BAL_C(1.0),06/03/26 23:00:00,Annual,Gross available energy,Oil and petroleum products (excluding biofuel portion),Gigawatt-hour,Poland,2005,259478.699,,
ESTAT:NRG_BAL_C(1.0),06/03/26 23:00:00,Annual,Gross available energy,Oil and petroleum products (excluding biofuel portion),Gigawatt-hour,Poland,2006,278740.876,,
ESTAT:NRG_BAL_C(1.0),06/03/26 23:00:00,Annual,Gross available energy,Oil and petroleum products (excluding biofuel portion),Gigawatt-hour,Poland,2007,284988.139,,
ESTAT:NRG_BAL_C(1.0),06/03/26 23:00:00,Annual,Gross available energy,Oil and petroleum products (excluding biofuel portion),Gigawatt-hour,Poland,2008,295880.366,,
ESTAT:NRG_BAL_C(1.0),06/03/26 23:00:00,Annual,Gross available energy,Oil and petroleum products (excluding biofuel portion),Gigawatt-hour,Poland,2009,288557.609,,
ESTAT:NRG_BAL_C(1.0),06/03/26 23:00:00,Annual,Gross available energy,Oil and petroleum products (excluding biofuel portion),Gigawatt-hour,Poland,2010,304352.264,,
ESTAT:NRG_BAL_C(1.0),06/03/26 23:00:00,Annual,Gross available energy,Oil and petroleum products (excluding biofuel portion),Gigawatt-hour,Poland,2011,306326.753,,
ESTAT:NRG_BAL_C(1.0),06/03/26 23:00:00,Annual,Gross available energy,Oil and petroleum products (excluding biofuel portion),Gigawatt-hour,Poland,2012,292064.984,,
ESTAT:NRG_BAL_C(1.0),06/03/26 23:00:00,Annual,Gross available energy,Oil and petroleum products (excluding biofuel portion),Gigawatt-hour,Poland,2013,266969.188,,
ESTAT:NRG_BAL_C(1.0),06/03/26 23:00:00,Annual,Gross available energy,Oil and petroleum products (excluding biofuel portion),Gigawatt-hour,Poland,2014,265424.086,,
ESTAT:NRG_BAL_C(1.0),06/03/26 23:00:00,Annual,Gross available energy,Oil and petroleum products (excluding biofuel portion),Gigawatt-hour,Poland,2015,282212.996,,
ESTAT:NRG_BAL_C(1.0),06/03/26 23:00:00,Annual,Gross available energy,Oil and petroleum products (excluding biofuel portion),Gigawatt-hour,Poland,2016,311106.485,,
ESTAT:NRG_BAL_C(1.0),06/03/26 23:00:00,Annual,Gross available energy,Oil and petroleum products (excluding biofuel portion),Gigawatt-hour,Poland,2017,351652.899,,
ESTAT:NRG_BAL_C(1.0),06/03/26 23:00:00,Annual,Gross available energy,Oil and petroleum products (excluding biofuel portion),Gigawatt-hour,Poland,2018,361284.050,,
ESTAT:NRG_BAL_C(1.0),06/03/26 23:00:00,Annual,Gross available energy,Oil and petroleum products (excluding biofuel portion),Gigawatt-hour,Poland,2019,367233.696,,
ESTAT:NRG_BAL_C(1.0),06/03/26 23:00:00,Annual,Gross available energy,Oil and petroleum products (excluding biofuel portion),Gigawatt-hour,Poland,2020,345852.708,,
ESTAT:NRG_BAL_C(1.0),06/03/26 23:00:00,Annual,Gross available energy,Oil and petroleum products (excluding biofuel portion),Gigawatt-hour,Poland,2021,367788.993,,
ESTAT:NRG_BAL_C(1.0),06/03/26 23:00:00,Annual,Gross available energy,Oil and petroleum products (excluding biofuel portion),Gigawatt-hour,Poland,2022,386042.061,,
ESTAT:NRG_BAL_C(1.0),06/03/26 23:00:00,Annual,Gross available energy,Oil and petroleum products (excluding biofuel portion),Gigawatt-hour,Poland,2023,387294.887,,
ESTAT:NRG_BAL_C(1.0),06/03/26 23:00:00,Annual,Gross available energy,Oil and petroleum products (excluding biofuel portion),Gigawatt-hour,Poland,2024,387529.885,,
ESTAT:NRG_BAL_C(1.0),06/03/26 23:00:00,Annual,Gross available energy,Oil and petroleum products (excluding biofuel portion),Gigawatt-hour,Portugal,2005,194387.654,,
ESTAT:NRG_BAL_C(1.0),06/03/26 23:00:00,Annual,Gross available energy,Oil and petroleum products (excluding biofuel portion),Gigawatt-hour,Portugal,2006,174183.887,,
ESTAT:NRG_BAL_C(1.0),06/03/26 23:00:00,Annual,Gross available energy,Oil and petroleum products (excluding biofuel portion),Gigawatt-hour,Portugal,2007,171407.286,,
ESTAT:NRG_BAL_C(1.0),06/03/26 23:00:00,Annual,Gross available energy,Oil and petroleum products (excluding biofuel portion),Gigawatt-hour,Portugal,2008,164905.834,,
ESTAT:NRG_BAL_C(1.0),06/03/26 23:00:00,Annual,Gross available energy,Oil and petroleum products (excluding biofuel portion),Gigawatt-hour,Portugal,2009,153972.202,,
ESTAT:NRG_BAL_C(1.0),06/03/26 23:00:00,Annual,Gross available energy,Oil and petroleum products (excluding biofuel portion),Gigawatt-hour,Portugal,2010,149456.678,,
ESTAT:NRG_BAL_C(1.0),06/03/26 23:00:00,Annual,Gross available energy,Oil and petroleum products (excluding biofuel portion),Gigawatt-hour,Portugal,2011,140666.080,,
ESTAT:NRG_BAL_C(1.0),06/03/26 23:00:00,Annual,Gross available energy,Oil and petroleum products (excluding biofuel portion),Gigawatt-hour,Portugal,2012,126905.033,,
ESTAT:NRG_BAL_C(1.0),06/03/26 23:00:00,Annual,Gross available energy,Oil and petroleum products (excluding biofuel portion),Gigawatt-hour,Portugal,2013,127037.504,,
ESTAT:NRG_BAL_C(1.0),06/03/26 23:00:00,Annual,Gross available energy,Oil and petroleum products (excluding biofuel portion),Gigawatt-hour,Portugal,2014,125708.977,,
ESTAT:NRG_BAL_C(1.0),06/03/26 23:00:00,Annual,Gross available energy,Oil and petroleum products (excluding biofuel portion),Gigawatt-hour,Portugal,2015,127943.022,,
ESTAT:NRG_BAL_C(1.0),06/03/26 23:00:00,Annual,Gross available energy,Oil and petroleum products (excluding biofuel portion),Gigawatt-hour,Portugal,2016,129379.769,,
ESTAT:NRG_BAL_C(1.0),06/03/26 23:00:00,Annual,Gross available energy,Oil and petroleum products (excluding biofuel portion),Gigawatt-hour,Portugal,2017,132155.503,,
ESTAT:NRG_BAL_C(1.0),06/03/26 23:00:00,Annual,Gross available energy,Oil and petroleum products (excluding biofuel portion),Gigawatt-hour,Portugal,2018,128501.817,,
ESTAT:NRG_BAL_C(1.0),06/03/26 23:00:00,Annual,Gross available energy,Oil and petroleum products (excluding biofuel portion),Gigawatt-hour,Portugal,2019,136946.325,,
ESTAT:NRG_BAL_C(1.0),06/03/26 23:00:00,Annual,Gross available energy,Oil and petroleum products (excluding biofuel portion),Gigawatt-hour,Portugal,2020,112055.834,,
ESTAT:NRG_BAL_C(1.0),06/03/26 23:00:00,Annual,Gross available energy,Oil and petroleum products (excluding biofuel portion),Gigawatt-hour,Portugal,2021,114006.427,,
ESTAT:NRG_BAL_C(1.0),06/03/26 23:00:00,Annual,Gross available energy,Oil and petroleum products (excluding biofuel portion),Gigawatt-hour,Portugal,2022,127687.098,,
ESTAT:NRG_BAL_C(1.0),06/03/26 23:00:00,Annual,Gross available energy,Oil and petroleum products (excluding biofuel portion),Gigawatt-hour,Portugal,2023,124411.616,,
ESTAT:NRG_BAL_C(1.0),06/03/26 23:00:00,Annual,Gross available energy,Oil and petroleum products (excluding biofuel portion),Gigawatt-hour,Portugal,2024,121676.998,,
ESTAT:NRG_BAL_C(1.0),06/03/26 23:00:00,Annual,Gross available energy,Oil and petroleum products (excluding biofuel portion),Gigawatt-hour,Romania,2005,113939.174,,
ESTAT:NRG_BAL_C(1.0),06/03/26 23:00:00,Annual,Gross available energy,Oil and petroleum products (excluding biofuel portion),Gigawatt-hour,Romania,2006,121727.849,,
ESTAT:NRG_BAL_C(1.0),06/03/26 23:00:00,Annual,Gross available energy,Oil and petroleum products (excluding biofuel portion),Gigawatt-hour,Romania,2007,120004.824,,
ESTAT:NRG_BAL_C(1.0),06/03/26 23:00:00,Annual,Gross available energy,Oil and petroleum products (excluding biofuel portion),Gigawatt-hour,Romania,2008,116481.120,,
ESTAT:NRG_BAL_C(1.0),06/03/26 23:00:00,Annual,Gross available energy,Oil and petroleum products (excluding biofuel portion),Gigawatt-hour,Romania,2009,100327.424,,
ESTAT:NRG_BAL_C(1.0),06/03/26 23:00:00,Annual,Gross available energy,Oil and petroleum products (excluding biofuel portion),Gigawatt-hour,Romania,2010,100687.792,,
ESTAT:NRG_BAL_C(1.0),06/03/26 23:00:00,Annual,Gross available energy,Oil and petroleum products (excluding biofuel portion),Gigawatt-hour,Romania,2011,100524.877,,
ESTAT:NRG_BAL_C(1.0),06/03/26 23:00:00,Annual,Gross available energy,Oil and petroleum products (excluding biofuel portion),Gigawatt-hour,Romania,2012,97787.292,,
ESTAT:NRG_BAL_C(1.0),06/03/26 23:00:00,Annual,Gross available energy,Oil and petroleum products (excluding biofuel portion),Gigawatt-hour,Romania,2013,93195.634,,
ESTAT:NRG_BAL_C(1.0),06/03/26 23:00:00,Annual,Gross available energy,Oil and petroleum products (excluding biofuel portion),Gigawatt-hour,Romania,2014,93735.016,,
ESTAT:NRG_BAL_C(1.0),06/03/26 23:00:00,Annual,Gross available energy,Oil and petroleum products (excluding biofuel portion),Gigawatt-hour,Romania,2015,101100.984,,
ESTAT:NRG_BAL_C(1.0),06/03/26 23:00:00,Annual,Gross available energy,Oil and petroleum products (excluding biofuel portion),Gigawatt-hour,Romania,2016,103083.297,,
ESTAT:NRG_BAL_C(1.0),06/03/26 23:00:00,Annual,Gross available energy,Oil and petroleum products (excluding biofuel portion),Gigawatt-hour,Romania,2017,112357.828,,
ESTAT:NRG_BAL_C(1.0),06/03/26 23:00:00,Annual,Gross available energy,Oil and petroleum products (excluding biofuel portion),Gigawatt-hour,Romania,2018,113265.855,,
ESTAT:NRG_BAL_C(1.0),06/03/26 23:00:00,Annual,Gross available energy,Oil and petroleum products (excluding biofuel portion),Gigawatt-hour,Romania,2019,115417.691,,
ESTAT:NRG_BAL_C(1.0),06/03/26 23:00:00,Annual,Gross available energy,Oil and petroleum products (excluding biofuel portion),Gigawatt-hour,Romania,2020,112632.970,,
ESTAT:NRG_BAL_C(1.0),06/03/26 23:00:00,Annual,Gross available energy,Oil and petroleum products (excluding biofuel portion),Gigawatt-hour,Romania,2021,122650.525,,
ESTAT:NRG_BAL_C(1.0),06/03/26 23:00:00,Annual,Gross available energy,Oil and petroleum products (excluding biofuel portion),Gigawatt-hour,Romania,2022,122457.606,,
ESTAT:NRG_BAL_C(1.0),06/03/26 23:00:00,Annual,Gross available energy,Oil and petroleum products (excluding biofuel portion),Gigawatt-hour,Romania,2023,129442.753,,
ESTAT:NRG_BAL_C(1.0),06/03/26 23:00:00,Annual,Gross available energy,Oil and petroleum products (excluding biofuel portion),Gigawatt-hour,Romania,2024,127443.340,,
ESTAT:NRG_BAL_C(1.0),06/03/26 23:00:00,Annual,Gross available energy,Oil and petroleum products (excluding biofuel portion),Gigawatt-hour,Sweden,2005,195111.946,,
ESTAT:NRG_BAL_C(1.0),06/03/26 23:00:00,Annual,Gross available energy,Oil and petroleum products (excluding biofuel portion),Gigawatt-hour,Sweden,2006,187776.674,,
ESTAT:NRG_BAL_C(1.0),06/03/26 23:00:00,Annual,Gross available energy,Oil and petroleum products (excluding biofuel portion),Gigawatt-hour,Sweden,2007,181372.666,,
ESTAT:NRG_BAL_C(1.0),06/03/26 23:00:00,Annual,Gross available energy,Oil and petroleum products (excluding biofuel portion),Gigawatt-hour,Sweden,2008,189243.671,,
ESTAT:NRG_BAL_C(1.0),06/03/26 23:00:00,Annual,Gross available energy,Oil and petroleum products (excluding biofuel portion),Gigawatt-hour,Sweden,2009,169940.745,,
ESTAT:NRG_BAL_C(1.0),06/03/26 23:00:00,Annual,Gross available energy,Oil and petroleum products (excluding biofuel portion),Gigawatt-hour,Sweden,2010,192099.420,,
ESTAT:NRG_BAL_C(1.0),06/03/26 23:00:00,Annual,Gross available energy,Oil and petroleum products (excluding biofuel portion),Gigawatt-hour,Sweden,2011,187939.415,,
ESTAT:NRG_BAL_C(1.0),06/03/26 23:00:00,Annual,Gross available energy,Oil and petroleum products (excluding biofuel portion),Gigawatt-hour,Sweden,2012,173666.144,,
ESTAT:NRG_BAL_C(1.0),06/03/26 23:00:00,Annual,Gross available energy,Oil and petroleum products (excluding biofuel portion),Gigawatt-hour,Sweden,2013,165760.469,,
ESTAT:NRG_BAL_C(1.0),06/03/26 23:00:00,Annual,Gross available energy,Oil and petroleum products (excluding biofuel portion),Gigawatt-hour,Sweden,2014,162946.984,,
ESTAT:NRG_BAL_C(1.0),06/03/26 23:00:00,Annual,Gross available energy,Oil and petroleum products (excluding biofuel portion),Gigawatt-hour,Sweden,2015,131854.824,,
ESTAT:NRG_BAL_C(1.0),06/03/26 23:00:00,Annual,Gross available energy,Oil and petroleum products (excluding biofuel portion),Gigawatt-hour,Sweden,2016,150663.069,,
ESTAT:NRG_BAL_C(1.0),06/03/26 23:00:00,Annual,Gross available energy,Oil and petroleum products (excluding biofuel portion),Gigawatt-hour,Sweden,2017,151619.564,,
ESTAT:NRG_BAL_C(1.0),06/03/26 23:00:00,Annual,Gross available energy,Oil and petroleum products (excluding biofuel portion),Gigawatt-hour,Sweden,2018,156042.459,,
ESTAT:NRG_BAL_C(1.0),06/03/26 23:00:00,Annual,Gross available energy,Oil and petroleum products (excluding biofuel portion),Gigawatt-hour,Sweden,2019,146650.108,,
ESTAT:NRG_BAL_C(1.0),06/03/26 23:00:00,Annual,Gross available energy,Oil and petroleum products (excluding biofuel portion),Gigawatt-hour,Sweden,2020,128631.297,,
ESTAT:NRG_BAL_C(1.0),06/03/26 23:00:00,Annual,Gross available energy,Oil and petroleum products (excluding biofuel portion),Gigawatt-hour,Sweden,2021,138245.181,,
ESTAT:NRG_BAL_C(1.0),06/03/26 23:00:00,Annual,Gross available energy,Oil and petroleum products (excluding biofuel portion),Gigawatt-hour,Sweden,2022,133378.700,,
ESTAT:NRG_BAL_C(1.0),06/03/26 23:00:00,Annual,Gross available energy,Oil and petroleum products (excluding biofuel portion),Gigawatt-hour,Sweden,2023,129427.087,,
ESTAT:NRG_BAL_C(1.0),06/03/26 23:00:00,Annual,Gross available energy,Oil and petroleum products (excluding biofuel portion),Gigawatt-hour,Sweden,2024,139184.012,,
ESTAT:NRG_BAL_C(1.0),06/03/26 23:00:00,Annual,Gross available energy,Oil and petroleum products (excluding biofuel portion),Gigawatt-hour,Slovenia,2005,30259.000,,
ESTAT:NRG_BAL_C(1.0),06/03/26 23:00:00,Annual,Gross available energy,Oil and petroleum products (excluding biofuel portion),Gigawatt-hour,Slovenia,2006,31197.361,,
ESTAT:NRG_BAL_C(1.0),06/03/26 23:00:00,Annual,Gross available energy,Oil and petroleum products (excluding biofuel portion),Gigawatt-hour,Slovenia,2007,30815.834,,
ESTAT:NRG_BAL_C(1.0),06/03/26 23:00:00,Annual,Gross available energy,Oil and petroleum products (excluding biofuel portion),Gigawatt-hour,Slovenia,2008,35848.808,,
ESTAT:NRG_BAL_C(1.0),06/03/26 23:00:00,Annual,Gross available energy,Oil and petroleum products (excluding biofuel portion),Gigawatt-hour,Slovenia,2009,30375.841,,
ESTAT:NRG_BAL_C(1.0),06/03/26 23:00:00,Annual,Gross available energy,Oil and petroleum products (excluding biofuel portion),Gigawatt-hour,Slovenia,2010,30489.463,,
ESTAT:NRG_BAL_C(1.0),06/03/26 23:00:00,Annual,Gross available energy,Oil and petroleum products (excluding biofuel portion),Gigawatt-hour,Slovenia,2011,30392.637,,
ESTAT:NRG_BAL_C(1.0),06/03/26 23:00:00,Annual,Gross available energy,Oil and petroleum products (excluding biofuel portion),Gigawatt-hour,Slovenia,2012,29722.547,,
ESTAT:NRG_BAL_C(1.0),06/03/26 23:00:00,Annual,Gross available energy,Oil and petroleum products (excluding biofuel portion),Gigawatt-hour,Slovenia,2013,28070.884,,
ESTAT:NRG_BAL_C(1.0),06/03/26 23:00:00,Annual,Gross available energy,Oil and petroleum products (excluding biofuel portion),Gigawatt-hour,Slovenia,2014,27727.249,,
ESTAT:NRG_BAL_C(1.0),06/03/26 23:00:00,Annual,Gross available energy,Oil and petroleum products (excluding biofuel portion),Gigawatt-hour,Slovenia,2015,27360.399,,
ESTAT:NRG_BAL_C(1.0),06/03/26 23:00:00,Annual,Gross available energy,Oil and petroleum products (excluding biofuel portion),Gigawatt-hour,Slovenia,2016,29358.709,,
ESTAT:NRG_BAL_C(1.0),06/03/26 23:00:00,Annual,Gross available energy,Oil and petroleum products (excluding biofuel portion),Gigawatt-hour,Slovenia,2017,30072.074,,
ESTAT:NRG_BAL_C(1.0),06/03/26 23:00:00,Annual,Gross available energy,Oil and petroleum products (excluding biofuel portion),Gigawatt-hour,Slovenia,2018,31161.092,,
ESTAT:NRG_BAL_C(1.0),06/03/26 23:00:00,Annual,Gross available energy,Oil and petroleum products (excluding biofuel portion),Gigawatt-hour,Slovenia,2019,29774.954,,
ESTAT:NRG_BAL_C(1.0),06/03/26 23:00:00,Annual,Gross available energy,Oil and petroleum products (excluding biofuel portion),Gigawatt-hour,Slovenia,2020,24710.354,,
ESTAT:NRG_BAL_C(1.0),06/03/26 23:00:00,Annual,Gross available energy,Oil and petroleum products (excluding biofuel portion),Gigawatt-hour,Slovenia,2021,26493.064,,
ESTAT:NRG_BAL_C(1.0),06/03/26 23:00:00,Annual,Gross available energy,Oil and petroleum products (excluding biofuel portion),Gigawatt-hour,Slovenia,2022,27663.908,,
ESTAT:NRG_BAL_C(1.0),06/03/26 23:00:00,Annual,Gross available energy,Oil and petroleum products (excluding biofuel portion),Gigawatt-hour,Slovenia,2023,25617.286,,
ESTAT:NRG_BAL_C(1.0),06/03/26 23:00:00,Annual,Gross available energy,Oil and petroleum products (excluding biofuel portion),Gigawatt-hour,Slovenia,2024,26927.190,,
ESTAT:NRG_BAL_C(1.0),06/03/26 23:00:00,Annual,Gross available energy,Oil and petroleum products (excluding biofuel portion),Gigawatt-hour,Slovakia,2005,37977.454,,
ESTAT:NRG_BAL_C(1.0),06/03/26 23:00:00,Annual,Gross available energy,Oil and petroleum products (excluding biofuel portion),Gigawatt-hour,Slovakia,2006,37418.706,,
ESTAT:NRG_BAL_C(1.0),06/03/26 23:00:00,Annual,Gross available energy,Oil and petroleum products (excluding biofuel portion),Gigawatt-hour,Slovakia,2007,39753.816,,
ESTAT:NRG_BAL_C(1.0),06/03/26 23:00:00,Annual,Gross available energy,Oil and petroleum products (excluding biofuel portion),Gigawatt-hour,Slovakia,2008,41889.844,,
ESTAT:NRG_BAL_C(1.0),06/03/26 23:00:00,Annual,Gross available energy,Oil and petroleum products (excluding biofuel portion),Gigawatt-hour,Slovakia,2009,38580.661,,
ESTAT:NRG_BAL_C(1.0),06/03/26 23:00:00,Annual,Gross available energy,Oil and petroleum products (excluding biofuel portion),Gigawatt-hour,Slovakia,2010,40765.366,,
ESTAT:NRG_BAL_C(1.0),06/03/26 23:00:00,Annual,Gross available energy,Oil and petroleum products (excluding biofuel portion),Gigawatt-hour,Slovakia,2011,39930.563,,
ESTAT:NRG_BAL_C(1.0),06/03/26 23:00:00,Annual,Gross available energy,Oil and petroleum products (excluding biofuel portion),Gigawatt-hour,Slovakia,2012,37472.712,,
ESTAT:NRG_BAL_C(1.0),06/03/26 23:00:00,Annual,Gross available energy,Oil and petroleum products (excluding biofuel portion),Gigawatt-hour,Slovakia,2013,35991.396,,
ESTAT:NRG_BAL_C(1.0),06/03/26 23:00:00,Annual,Gross available energy,Oil and petroleum products (excluding biofuel portion),Gigawatt-hour,Slovakia,2014,33033.076,,
ESTAT:NRG_BAL_C(1.0),06/03/26 23:00:00,Annual,Gross available energy,Oil and petroleum products (excluding biofuel portion),Gigawatt-hour,Slovakia,2015,36107.548,,
ESTAT:NRG_BAL_C(1.0),06/03/26 23:00:00,Annual,Gross available energy,Oil and petroleum products (excluding biofuel portion),Gigawatt-hour,Slovakia,2016,38683.855,,
ESTAT:NRG_BAL_C(1.0),06/03/26 23:00:00,Annual,Gross available energy,Oil and petroleum products (excluding biofuel portion),Gigawatt-hour,Slovakia,2017,42917.056,,
ESTAT:NRG_BAL_C(1.0),06/03/26 23:00:00,Annual,Gross available energy,Oil and petroleum products (excluding biofuel portion),Gigawatt-hour,Slovakia,2018,44030.709,,
ESTAT:NRG_BAL_C(1.0),06/03/26 23:00:00,Annual,Gross available energy,Oil and petroleum products (excluding biofuel portion),Gigawatt-hour,Slovakia,2019,41844.051,,
ESTAT:NRG_BAL_C(1.0),06/03/26 23:00:00,Annual,Gross available energy,Oil and petroleum products (excluding biofuel portion),Gigawatt-hour,Slovakia,2020,41849.929,,
ESTAT:NRG_BAL_C(1.0),06/03/26 23:00:00,Annual,Gross available energy,Oil and petroleum products (excluding biofuel portion),Gigawatt-hour,Slovakia,2021,43463.024,,
ESTAT:NRG_BAL_C(1.0),06/03/26 23:00:00,Annual,Gross available energy,Oil and petroleum products (excluding biofuel portion),Gigawatt-hour,Slovakia,2022,44539.514,,
ESTAT:NRG_BAL_C(1.0),06/03/26 23:00:00,Annual,Gross available energy,Oil and petroleum products (excluding biofuel portion),Gigawatt-hour,Slovakia,2023,43335.663,,
ESTAT:NRG_BAL_C(1.0),06/03/26 23:00:00,Annual,Gross available energy,Oil and petroleum products (excluding biofuel portion),Gigawatt-hour,Slovakia,2024,39211.959,,
ESTAT:NRG_BAL_C(1.0),06/03/26 23:00:00,Annual,Imports,Solid fossil fuels,Gigawatt-hour,Austria,2005,47059.946,,
ESTAT:NRG_BAL_C(1.0),06/03/26 23:00:00,Annual,Imports,Solid fossil fuels,Gigawatt-hour,Austria,2006,44145.091,,
ESTAT:NRG_BAL_C(1.0),06/03/26 23:00:00,Annual,Imports,Solid fossil fuels,Gigawatt-hour,Austria,2007,46146.634,,
ESTAT:NRG_BAL_C(1.0),06/03/26 23:00:00,Annual,Imports,Solid fossil fuels,Gigawatt-hour,Austria,2008,44520.439,,
ESTAT:NRG_BAL_C(1.0),06/03/26 23:00:00,Annual,Imports,Solid fossil fuels,Gigawatt-hour,Austria,2009,32108.652,,
ESTAT:NRG_BAL_C(1.0),06/03/26 23:00:00,Annual,Imports,Solid fossil fuels,Gigawatt-hour,Austria,2010,39238.969,,
ESTAT:NRG_BAL_C(1.0),06/03/26 23:00:00,Annual,Imports,Solid fossil fuels,Gigawatt-hour,Austria,2011,36311.262,,
ESTAT:NRG_BAL_C(1.0),06/03/26 23:00:00,Annual,Imports,Solid fossil fuels,Gigawatt-hour,Austria,2012,38806.180,,
ESTAT:NRG_BAL_C(1.0),06/03/26 23:00:00,Annual,Imports,Solid fossil fuels,Gigawatt-hour,Austria,2013,36308.369,,
ESTAT:NRG_BAL_C(1.0),06/03/26 23:00:00,Annual,Imports,Solid fossil fuels,Gigawatt-hour,Austria,2014,36096.874,,
ESTAT:NRG_BAL_C(1.0),06/03/26 23:00:00,Annual,Imports,Solid fossil fuels,Gigawatt-hour,Austria,2015,33178.837,,
ESTAT:NRG_BAL_C(1.0),06/03/26 23:00:00,Annual,Imports,Solid fossil fuels,Gigawatt-hour,Austria,2016,33704.178,,
ESTAT:NRG_BAL_C(1.0),06/03/26 23:00:00,Annual,Imports,Solid fossil fuels,Gigawatt-hour,Austria,2017,36535.721,,
ESTAT:NRG_BAL_C(1.0),06/03/26 23:00:00,Annual,Imports,Solid fossil fuels,Gigawatt-hour,Austria,2018,31543.604,,
ESTAT:NRG_BAL_C(1.0),06/03/26 23:00:00,Annual,Imports,Solid fossil fuels,Gigawatt-hour,Austria,2019,32820.378,,
ESTAT:NRG_BAL_C(1.0),06/03/26 23:00:00,Annual,Imports,Solid fossil fuels,Gigawatt-hour,Austria,2020,28417.762,,
ESTAT:NRG_BAL_C(1.0),06/03/26 23:00:00,Annual,Imports,Solid fossil fuels,Gigawatt-hour,Austria,2021,29998.895,,
ESTAT:NRG_BAL_C(1.0),06/03/26 23:00:00,Annual,Imports,Solid fossil fuels,Gigawatt-hour,Austria,2022,29248.445,,
ESTAT:NRG_BAL_C(1.0),06/03/26 23:00:00,Annual,Imports,Solid fossil fuels,Gigawatt-hour,Austria,2023,28892.277,,
ESTAT:NRG_BAL_C(1.0),06/03/26 23:00:00,Annual,Imports,Solid fossil fuels,Gigawatt-hour,Austria,2024,27576.209,,
ESTAT:NRG_BAL_C(1.0),06/03/26 23:00:00,Annual,Imports,Solid fossil fuels,Gigawatt-hour,Belgium,2005,69911.632,,
ESTAT:NRG_BAL_C(1.0),06/03/26 23:00:00,Annual,Imports,Solid fossil fuels,Gigawatt-hour,Belgium,2006,64465.547,,
ESTAT:NRG_BAL_C(1.0),06/03/26 23:00:00,Annual,Imports,Solid fossil fuels,Gigawatt-hour,Belgium,2007,60902.689,,
ESTAT:NRG_BAL_C(1.0),06/03/26 23:00:00,Annual,Imports,Solid fossil fuels,Gigawatt-hour,Belgium,2008,65977.288,,
ESTAT:NRG_BAL_C(1.0),06/03/26 23:00:00,Annual,Imports,Solid fossil fuels,Gigawatt-hour,Belgium,2009,39761.924,,
ESTAT:NRG_BAL_C(1.0),06/03/26 23:00:00,Annual,Imports,Solid fossil fuels,Gigawatt-hour,Belgium,2010,51014.094,,
ESTAT:NRG_BAL_C(1.0),06/03/26 23:00:00,Annual,Imports,Solid fossil fuels,Gigawatt-hour,Belgium,2011,49225.778,,
ESTAT:NRG_BAL_C(1.0),06/03/26 23:00:00,Annual,Imports,Solid fossil fuels,Gigawatt-hour,Belgium,2012,45047.068,,
ESTAT:NRG_BAL_C(1.0),06/03/26 23:00:00,Annual,Imports,Solid fossil fuels,Gigawatt-hour,Belgium,2013,46243.007,,
ESTAT:NRG_BAL_C(1.0),06/03/26 23:00:00,Annual,Imports,Solid fossil fuels,Gigawatt-hour,Belgium,2014,46517.429,,
ESTAT:NRG_BAL_C(1.0),06/03/26 23:00:00,Annual,Imports,Solid fossil fuels,Gigawatt-hour,Belgium,2015,39205.429,,
ESTAT:NRG_BAL_C(1.0),06/03/26 23:00:00,Annual,Imports,Solid fossil fuels,Gigawatt-hour,Belgium,2016,35131.139,,
ESTAT:NRG_BAL_C(1.0),06/03/26 23:00:00,Annual,Imports,Solid fossil fuels,Gigawatt-hour,Belgium,2017,34589.923,,
ESTAT:NRG_BAL_C(1.0),06/03/26 23:00:00,Annual,Imports,Solid fossil fuels,Gigawatt-hour,Belgium,2018,37771.567,,
ESTAT:NRG_BAL_C(1.0),06/03/26 23:00:00,Annual,Imports,Solid fossil fuels,Gigawatt-hour,Belgium,2019,37068.186,,
ESTAT:NRG_BAL_C(1.0),06/03/26 23:00:00,Annual,Imports,Solid fossil fuels,Gigawatt-hour,Belgium,2020,29871.047,,
ESTAT:NRG_BAL_C(1.0),06/03/26 23:00:00,Annual,Imports,Solid fossil fuels,Gigawatt-hour,Belgium,2021,28735.847,,
ESTAT:NRG_BAL_C(1.0),06/03/26 23:00:00,Annual,Imports,Solid fossil fuels,Gigawatt-hour,Belgium,2022,32611.772,,
ESTAT:NRG_BAL_C(1.0),06/03/26 23:00:00,Annual,Imports,Solid fossil fuels,Gigawatt-hour,Belgium,2023,29019.351,,
ESTAT:NRG_BAL_C(1.0),06/03/26 23:00:00,Annual,Imports,Solid fossil fuels,Gigawatt-hour,Belgium,2024,29492.463,,
ESTAT:NRG_BAL_C(1.0),06/03/26 23:00:00,Annual,Imports,Solid fossil fuels,Gigawatt-hour,Bulgaria,2005,29820.222,,
ESTAT:NRG_BAL_C(1.0),06/03/26 23:00:00,Annual,Imports,Solid fossil fuels,Gigawatt-hour,Bulgaria,2006,28611.762,,
ESTAT:NRG_BAL_C(1.0),06/03/26 23:00:00,Annual,Imports,Solid fossil fuels,Gigawatt-hour,Bulgaria,2007,35630.999,,
ESTAT:NRG_BAL_C(1.0),06/03/26 23:00:00,Annual,Imports,Solid fossil fuels,Gigawatt-hour,Bulgaria,2008,37583.468,,
ESTAT:NRG_BAL_C(1.0),06/03/26 23:00:00,Annual,Imports,Solid fossil fuels,Gigawatt-hour,Bulgaria,2009,20356.216,,
ESTAT:NRG_BAL_C(1.0),06/03/26 23:00:00,Annual,Imports,Solid fossil fuels,Gigawatt-hour,Bulgaria,2010,20319.639,,
ESTAT:NRG_BAL_C(1.0),06/03/26 23:00:00,Annual,Imports,Solid fossil fuels,Gigawatt-hour,Bulgaria,2011,23755.869,,
ESTAT:NRG_BAL_C(1.0),06/03/26 23:00:00,Annual,Imports,Solid fossil fuels,Gigawatt-hour,Bulgaria,2012,18075.693,,
ESTAT:NRG_BAL_C(1.0),06/03/26 23:00:00,Annual,Imports,Solid fossil fuels,Gigawatt-hour,Bulgaria,2013,11722.851,,
ESTAT:NRG_BAL_C(1.0),06/03/26 23:00:00,Annual,Imports,Solid fossil fuels,Gigawatt-hour,Bulgaria,2014,11077.330,,
ESTAT:NRG_BAL_C(1.0),06/03/26 23:00:00,Annual,Imports,Solid fossil fuels,Gigawatt-hour,Bulgaria,2015,8793.244,,
ESTAT:NRG_BAL_C(1.0),06/03/26 23:00:00,Annual,Imports,Solid fossil fuels,Gigawatt-hour,Bulgaria,2016,6528.186,,
ESTAT:NRG_BAL_C(1.0),06/03/26 23:00:00,Annual,Imports,Solid fossil fuels,Gigawatt-hour,Bulgaria,2017,6774.724,,
ESTAT:NRG_BAL_C(1.0),06/03/26 23:00:00,Annual,Imports,Solid fossil fuels,Gigawatt-hour,Bulgaria,2018,6852.049,,
ESTAT:NRG_BAL_C(1.0),06/03/26 23:00:00,Annual,Imports,Solid fossil fuels,Gigawatt-hour,Bulgaria,2019,4663.672,,
ESTAT:NRG_BAL_C(1.0),06/03/26 23:00:00,Annual,Imports,Solid fossil fuels,Gigawatt-hour,Bulgaria,2020,4784.480,,
ESTAT:NRG_BAL_C(1.0),06/03/26 23:00:00,Annual,Imports,Solid fossil fuels,Gigawatt-hour,Bulgaria,2021,6448.807,,
ESTAT:NRG_BAL_C(1.0),06/03/26 23:00:00,Annual,Imports,Solid fossil fuels,Gigawatt-hour,Bulgaria,2022,9360.684,,
ESTAT:NRG_BAL_C(1.0),06/03/26 23:00:00,Annual,Imports,Solid fossil fuels,Gigawatt-hour,Bulgaria,2023,4349.727,,
ESTAT:NRG_BAL_C(1.0),06/03/26 23:00:00,Annual,Imports,Solid fossil fuels,Gigawatt-hour,Bulgaria,2024,3305.613,,
ESTAT:NRG_BAL_C(1.0),06/03/26 23:00:00,Annual,Imports,Solid fossil fuels,Gigawatt-hour,Cyprus,2005,502.306,,
ESTAT:NRG_BAL_C(1.0),06/03/26 23:00:00,Annual,Imports,Solid fossil fuels,Gigawatt-hour,Cyprus,2006,526.351,,
ESTAT:NRG_BAL_C(1.0),06/03/26 23:00:00,Annual,Imports,Solid fossil fuels,Gigawatt-hour,Cyprus,2007,261.405,,
ESTAT:NRG_BAL_C(1.0),06/03/26 23:00:00,Annual,Imports,Solid fossil fuels,Gigawatt-hour,Cyprus,2008,334.564,,
ESTAT:NRG_BAL_C(1.0),06/03/26 23:00:00,Annual,Imports,Solid fossil fuels,Gigawatt-hour,Cyprus,2009,209.294,,
ESTAT:NRG_BAL_C(1.0),06/03/26 23:00:00,Annual,Imports,Solid fossil fuels,Gigawatt-hour,Cyprus,2010,128.089,,
ESTAT:NRG_BAL_C(1.0),06/03/26 23:00:00,Annual,Imports,Solid fossil fuels,Gigawatt-hour,Cyprus,2011,1.439,,
ESTAT:NRG_BAL_C(1.0),06/03/26 23:00:00,Annual,Imports,Solid fossil fuels,Gigawatt-hour,Cyprus,2012,1.439,,
ESTAT:NRG_BAL_C(1.0),06/03/26 23:00:00,Annual,Imports,Solid fossil fuels,Gigawatt-hour,Cyprus,2013,1.439,,
ESTAT:NRG_BAL_C(1.0),06/03/26 23:00:00,Annual,Imports,Solid fossil fuels,Gigawatt-hour,Cyprus,2014,32.238,,
ESTAT:NRG_BAL_C(1.0),06/03/26 23:00:00,Annual,Imports,Solid fossil fuels,Gigawatt-hour,Cyprus,2015,42.792,,
ESTAT:NRG_BAL_C(1.0),06/03/26 23:00:00,Annual,Imports,Solid fossil fuels,Gigawatt-hour,Cyprus,2016,0.000,,
ESTAT:NRG_BAL_C(1.0),06/03/26 23:00:00,Annual,Imports,Solid fossil fuels,Gigawatt-hour,Cyprus,2017,113.117,,
ESTAT:NRG_BAL_C(1.0),06/03/26 23:00:00,Annual,Imports,Solid fossil fuels,Gigawatt-hour,Cyprus,2018,154.440,,
ESTAT:NRG_BAL_C(1.0),06/03/26 23:00:00,Annual,Imports,Solid fossil fuels,Gigawatt-hour,Cyprus,2019,234.480,,
ESTAT:NRG_BAL_C(1.0),06/03/26 23:00:00,Annual,Imports,Solid fossil fuels,Gigawatt-hour,Cyprus,2020,171.642,,
ESTAT:NRG_BAL_C(1.0),06/03/26 23:00:00,Annual,Imports,Solid fossil fuels,Gigawatt-hour,Cyprus,2021,455.202,,
ESTAT:NRG_BAL_C(1.0),06/03/26 23:00:00,Annual,Imports,Solid fossil fuels,Gigawatt-hour,Cyprus,2022,524.181,,
ESTAT:NRG_BAL_C(1.0),06/03/26 23:00:00,Annual,Imports,Solid fossil fuels,Gigawatt-hour,Cyprus,2023,133.479,,
ESTAT:NRG_BAL_C(1.0),06/03/26 23:00:00,Annual,Imports,Solid fossil fuels,Gigawatt-hour,Cyprus,2024,108.827,,
ESTAT:NRG_BAL_C(1.0),06/03/26 23:00:00,Annual,Imports,Solid fossil fuels,Gigawatt-hour,Czechia,2005,15566.973,,
ESTAT:NRG_BAL_C(1.0),06/03/26 23:00:00,Annual,Imports,Solid fossil fuels,Gigawatt-hour,Czechia,2006,23480.021,,
ESTAT:NRG_BAL_C(1.0),06/03/26 23:00:00,Annual,Imports,Solid fossil fuels,Gigawatt-hour,Czechia,2007,26746.722,,
ESTAT:NRG_BAL_C(1.0),06/03/26 23:00:00,Annual,Imports,Solid fossil fuels,Gigawatt-hour,Czechia,2008,23957.468,,
ESTAT:NRG_BAL_C(1.0),06/03/26 23:00:00,Annual,Imports,Solid fossil fuels,Gigawatt-hour,Czechia,2009,22489.426,,
ESTAT:NRG_BAL_C(1.0),06/03/26 23:00:00,Annual,Imports,Solid fossil fuels,Gigawatt-hour,Czechia,2010,27441.254,,
ESTAT:NRG_BAL_C(1.0),06/03/26 23:00:00,Annual,Imports,Solid fossil fuels,Gigawatt-hour,Czechia,2011,27999.941,,
ESTAT:NRG_BAL_C(1.0),06/03/26 23:00:00,Annual,Imports,Solid fossil fuels,Gigawatt-hour,Czechia,2012,24902.406,,
ESTAT:NRG_BAL_C(1.0),06/03/26 23:00:00,Annual,Imports,Solid fossil fuels,Gigawatt-hour,Czechia,2013,25641.546,,
ESTAT:NRG_BAL_C(1.0),06/03/26 23:00:00,Annual,Imports,Solid fossil fuels,Gigawatt-hour,Czechia,2014,34270.459,,
ESTAT:NRG_BAL_C(1.0),06/03/26 23:00:00,Annual,Imports,Solid fossil fuels,Gigawatt-hour,Czechia,2015,32993.081,,
ESTAT:NRG_BAL_C(1.0),06/03/26 23:00:00,Annual,Imports,Solid fossil fuels,Gigawatt-hour,Czechia,2016,34598.166,,
ESTAT:NRG_BAL_C(1.0),06/03/26 23:00:00,Annual,Imports,Solid fossil fuels,Gigawatt-hour,Czechia,2017,35049.323,,
ESTAT:NRG_BAL_C(1.0),06/03/26 23:00:00,Annual,Imports,Solid fossil fuels,Gigawatt-hour,Czechia,2018,35525.486,,
ESTAT:NRG_BAL_C(1.0),06/03/26 23:00:00,Annual,Imports,Solid fossil fuels,Gigawatt-hour,Czechia,2019,33728.416,,
ESTAT:NRG_BAL_C(1.0),06/03/26 23:00:00,Annual,Imports,Solid fossil fuels,Gigawatt-hour,Czechia,2020,32337.466,,
ESTAT:NRG_BAL_C(1.0),06/03/26 23:00:00,Annual,Imports,Solid fossil fuels,Gigawatt-hour,Czechia,2021,40441.561,,
ESTAT:NRG_BAL_C(1.0),06/03/26 23:00:00,Annual,Imports,Solid fossil fuels,Gigawatt-hour,Czechia,2022,39926.639,,
ESTAT:NRG_BAL_C(1.0),06/03/26 23:00:00,Annual,Imports,Solid fossil fuels,Gigawatt-hour,Czechia,2023,32933.737,,
ESTAT:NRG_BAL_C(1.0),06/03/26 23:00:00,Annual,Imports,Solid fossil fuels,Gigawatt-hour,Czechia,2024,27030.380,,
ESTAT:NRG_BAL_C(1.0),06/03/26 23:00:00,Annual,Imports,Solid fossil fuels,Gigawatt-hour,Germany,2005,309104.802,,
ESTAT:NRG_BAL_C(1.0),06/03/26 23:00:00,Annual,Imports,Solid fossil fuels,Gigawatt-hour,Germany,2006,388352.153,,
ESTAT:NRG_BAL_C(1.0),06/03/26 23:00:00,Annual,Imports,Solid fossil fuels,Gigawatt-hour,Germany,2007,379927.572,,
ESTAT:NRG_BAL_C(1.0),06/03/26 23:00:00,Annual,Imports,Solid fossil fuels,Gigawatt-hour,Germany,2008,368776.610,,
ESTAT:NRG_BAL_C(1.0),06/03/26 23:00:00,Annual,Imports,Solid fossil fuels,Gigawatt-hour,Germany,2009,307117.223,,
ESTAT:NRG_BAL_C(1.0),06/03/26 23:00:00,Annual,Imports,Solid fossil fuels,Gigawatt-hour,Germany,2010,378985.500,,
ESTAT:NRG_BAL_C(1.0),06/03/26 23:00:00,Annual,Imports,Solid fossil fuels,Gigawatt-hour,Germany,2011,388063.706,,
ESTAT:NRG_BAL_C(1.0),06/03/26 23:00:00,Annual,Imports,Solid fossil fuels,Gigawatt-hour,Germany,2012,387100.529,,
ESTAT:NRG_BAL_C(1.0),06/03/26 23:00:00,Annual,Imports,Solid fossil fuels,Gigawatt-hour,Germany,2013,435491.747,,
ESTAT:NRG_BAL_C(1.0),06/03/26 23:00:00,Annual,Imports,Solid fossil fuels,Gigawatt-hour,Germany,2014,432586.361,,
ESTAT:NRG_BAL_C(1.0),06/03/26 23:00:00,Annual,Imports,Solid fossil fuels,Gigawatt-hour,Germany,2015,435842.489,,
ESTAT:NRG_BAL_C(1.0),06/03/26 23:00:00,Annual,Imports,Solid fossil fuels,Gigawatt-hour,Germany,2016,461305.888,,
ESTAT:NRG_BAL_C(1.0),06/03/26 23:00:00,Annual,Imports,Solid fossil fuels,Gigawatt-hour,Germany,2017,393117.491,,
ESTAT:NRG_BAL_C(1.0),06/03/26 23:00:00,Annual,Imports,Solid fossil fuels,Gigawatt-hour,Germany,2018,358958.808,,
ESTAT:NRG_BAL_C(1.0),06/03/26 23:00:00,Annual,Imports,Solid fossil fuels,Gigawatt-hour,Germany,2019,327710.173,,
ESTAT:NRG_BAL_C(1.0),06/03/26 23:00:00,Annual,Imports,Solid fossil fuels,Gigawatt-hour,Germany,2020,245275.274,,
ESTAT:NRG_BAL_C(1.0),06/03/26 23:00:00,Annual,Imports,Solid fossil fuels,Gigawatt-hour,Germany,2021,319226.038,,
ESTAT:NRG_BAL_C(1.0),06/03/26 23:00:00,Annual,Imports,Solid fossil fuels,Gigawatt-hour,Germany,2022,346994.874,,
ESTAT:NRG_BAL_C(1.0),06/03/26 23:00:00,Annual,Imports,Solid fossil fuels,Gigawatt-hour,Germany,2023,254334.100,,
ESTAT:NRG_BAL_C(1.0),06/03/26 23:00:00,Annual,Imports,Solid fossil fuels,Gigawatt-hour,Germany,2024,218439.223,,
ESTAT:NRG_BAL_C(1.0),06/03/26 23:00:00,Annual,Imports,Solid fossil fuels,Gigawatt-hour,Denmark,2005,41417.719,,
ESTAT:NRG_BAL_C(1.0),06/03/26 23:00:00,Annual,Imports,Solid fossil fuels,Gigawatt-hour,Denmark,2006,60385.283,,
ESTAT:NRG_BAL_C(1.0),06/03/26 23:00:00,Annual,Imports,Solid fossil fuels,Gigawatt-hour,Denmark,2007,55579.888,,
ESTAT:NRG_BAL_C(1.0),06/03/26 23:00:00,Annual,Imports,Solid fossil fuels,Gigawatt-hour,Denmark,2008,51587.758,,
ESTAT:NRG_BAL_C(1.0),06/03/26 23:00:00,Annual,Imports,Solid fossil fuels,Gigawatt-hour,Denmark,2009,46062.463,,
ESTAT:NRG_BAL_C(1.0),06/03/26 23:00:00,Annual,Imports,Solid fossil fuels,Gigawatt-hour,Denmark,2010,31214.444,,
ESTAT:NRG_BAL_C(1.0),06/03/26 23:00:00,Annual,Imports,Solid fossil fuels,Gigawatt-hour,Denmark,2011,41737.128,,
ESTAT:NRG_BAL_C(1.0),06/03/26 23:00:00,Annual,Imports,Solid fossil fuels,Gigawatt-hour,Denmark,2012,26950.150,,
ESTAT:NRG_BAL_C(1.0),06/03/26 23:00:00,Annual,Imports,Solid fossil fuels,Gigawatt-hour,Denmark,2013,33853.881,,
ESTAT:NRG_BAL_C(1.0),06/03/26 23:00:00,Annual,Imports,Solid fossil fuels,Gigawatt-hour,Denmark,2014,31272.333,,
ESTAT:NRG_BAL_C(1.0),06/03/26 23:00:00,Annual,Imports,Solid fossil fuels,Gigawatt-hour,Denmark,2015,18581.469,,
ESTAT:NRG_BAL_C(1.0),06/03/26 23:00:00,Annual,Imports,Solid fossil fuels,Gigawatt-hour,Denmark,2016,19664.802,,
ESTAT:NRG_BAL_C(1.0),06/03/26 23:00:00,Annual,Imports,Solid fossil fuels,Gigawatt-hour,Denmark,2017,21022.739,,
ESTAT:NRG_BAL_C(1.0),06/03/26 23:00:00,Annual,Imports,Solid fossil fuels,Gigawatt-hour,Denmark,2018,18710.956,,
ESTAT:NRG_BAL_C(1.0),06/03/26 23:00:00,Annual,Imports,Solid fossil fuels,Gigawatt-hour,Denmark,2019,16694.895,,
ESTAT:NRG_BAL_C(1.0),06/03/26 23:00:00,Annual,Imports,Solid fossil fuels,Gigawatt-hour,Denmark,2020,7762.957,,
ESTAT:NRG_BAL_C(1.0),06/03/26 23:00:00,Annual,Imports,Solid fossil fuels,Gigawatt-hour,Denmark,2021,5460.851,,
ESTAT:NRG_BAL_C(1.0),06/03/26 23:00:00,Annual,Imports,Solid fossil fuels,Gigawatt-hour,Denmark,2022,12555.769,,
ESTAT:NRG_BAL_C(1.0),06/03/26 23:00:00,Annual,Imports,Solid fossil fuels,Gigawatt-hour,Denmark,2023,8487.601,,
ESTAT:NRG_BAL_C(1.0),06/03/26 23:00:00,Annual,Imports,Solid fossil fuels,Gigawatt-hour,Denmark,2024,2963.053,,
ESTAT:NRG_BAL_C(1.0),06/03/26 23:00:00,Annual,Imports,Solid fossil fuels,Gigawatt-hour,Estonia,2005,407.340,,
ESTAT:NRG_BAL_C(1.0),06/03/26 23:00:00,Annual,Imports,Solid fossil fuels,Gigawatt-hour,Estonia,2006,716.617,,
ESTAT:NRG_BAL_C(1.0),06/03/26 23:00:00,Annual,Imports,Solid fossil fuels,Gigawatt-hour,Estonia,2007,1327.627,,
ESTAT:NRG_BAL_C(1.0),06/03/26 23:00:00,Annual,Imports,Solid fossil fuels,Gigawatt-hour,Estonia,2008,927.830,,
ESTAT:NRG_BAL_C(1.0),06/03/26 23:00:00,Annual,Imports,Solid fossil fuels,Gigawatt-hour,Estonia,2009,226.333,,
ESTAT:NRG_BAL_C(1.0),06/03/26 23:00:00,Annual,Imports,Solid fossil fuels,Gigawatt-hour,Estonia,2010,535.577,,
ESTAT:NRG_BAL_C(1.0),06/03/26 23:00:00,Annual,Imports,Solid fossil fuels,Gigawatt-hour,Estonia,2011,505.478,,
ESTAT:NRG_BAL_C(1.0),06/03/26 23:00:00,Annual,Imports,Solid fossil fuels,Gigawatt-hour,Estonia,2012,618.644,,
ESTAT:NRG_BAL_C(1.0),06/03/26 23:00:00,Annual,Imports,Solid fossil fuels,Gigawatt-hour,Estonia,2013,445.057,,
ESTAT:NRG_BAL_C(1.0),06/03/26 23:00:00,Annual,Imports,Solid fossil fuels,Gigawatt-hour,Estonia,2014,618.644,,
ESTAT:NRG_BAL_C(1.0),06/03/26 23:00:00,Annual,Imports,Solid fossil fuels,Gigawatt-hour,Estonia,2015,52.792,,
ESTAT:NRG_BAL_C(1.0),06/03/26 23:00:00,Annual,Imports,Solid fossil fuels,Gigawatt-hour,Estonia,2016,173.458,,
ESTAT:NRG_BAL_C(1.0),06/03/26 23:00:00,Annual,Imports,Solid fossil fuels,Gigawatt-hour,Estonia,2017,275.000,,
ESTAT:NRG_BAL_C(1.0),06/03/26 23:00:00,Annual,Imports,Solid fossil fuels,Gigawatt-hour,Estonia,2018,268.889,,
ESTAT:NRG_BAL_C(1.0),06/03/26 23:00:00,Annual,Imports,Solid fossil fuels,Gigawatt-hour,Estonia,2019,337.348,,
ESTAT:NRG_BAL_C(1.0),06/03/26 23:00:00,Annual,Imports,Solid fossil fuels,Gigawatt-hour,Estonia,2020,24.247,,
ESTAT:NRG_BAL_C(1.0),06/03/26 23:00:00,Annual,Imports,Solid fossil fuels,Gigawatt-hour,Estonia,2021,36.717,,
ESTAT:NRG_BAL_C(1.0),06/03/26 23:00:00,Annual,Imports,Solid fossil fuels,Gigawatt-hour,Estonia,2022,20.783,,
ESTAT:NRG_BAL_C(1.0),06/03/26 23:00:00,Annual,Imports,Solid fossil fuels,Gigawatt-hour,Estonia,2023,35.193,,
ESTAT:NRG_BAL_C(1.0),06/03/26 23:00:00,Annual,Imports,Solid fossil fuels,Gigawatt-hour,Estonia,2024,5.542,,
ESTAT:NRG_BAL_C(1.0),06/03/26 23:00:00,Annual,Imports,Solid fossil fuels,Gigawatt-hour,Greece,2005,4629.566,,
ESTAT:NRG_BAL_C(1.0),06/03/26 23:00:00,Annual,Imports,Solid fossil fuels,Gigawatt-hour,Greece,2006,2776.551,,
ESTAT:NRG_BAL_C(1.0),06/03/26 23:00:00,Annual,Imports,Solid fossil fuels,Gigawatt-hour,Greece,2007,4356.096,,
ESTAT:NRG_BAL_C(1.0),06/03/26 23:00:00,Annual,Imports,Solid fossil fuels,Gigawatt-hour,Greece,2008,4825.643,,
ESTAT:NRG_BAL_C(1.0),06/03/26 23:00:00,Annual,Imports,Solid fossil fuels,Gigawatt-hour,Greece,2009,1972.391,,
ESTAT:NRG_BAL_C(1.0),06/03/26 23:00:00,Annual,Imports,Solid fossil fuels,Gigawatt-hour,Greece,2010,4660.310,,
ESTAT:NRG_BAL_C(1.0),06/03/26 23:00:00,Annual,Imports,Solid fossil fuels,Gigawatt-hour,Greece,2011,2753.955,,
ESTAT:NRG_BAL_C(1.0),06/03/26 23:00:00,Annual,Imports,Solid fossil fuels,Gigawatt-hour,Greece,2012,2237.603,,
ESTAT:NRG_BAL_C(1.0),06/03/26 23:00:00,Annual,Imports,Solid fossil fuels,Gigawatt-hour,Greece,2013,2711.948,,
ESTAT:NRG_BAL_C(1.0),06/03/26 23:00:00,Annual,Imports,Solid fossil fuels,Gigawatt-hour,Greece,2014,2318.277,,
ESTAT:NRG_BAL_C(1.0),06/03/26 23:00:00,Annual,Imports,Solid fossil fuels,Gigawatt-hour,Greece,2015,1850.471,,
ESTAT:NRG_BAL_C(1.0),06/03/26 23:00:00,Annual,Imports,Solid fossil fuels,Gigawatt-hour,Greece,2016,2213.640,,
ESTAT:NRG_BAL_C(1.0),06/03/26 23:00:00,Annual,Imports,Solid fossil fuels,Gigawatt-hour,Greece,2017,2661.029,,
ESTAT:NRG_BAL_C(1.0),06/03/26 23:00:00,Annual,Imports,Solid fossil fuels,Gigawatt-hour,Greece,2018,2726.372,,
ESTAT:NRG_BAL_C(1.0),06/03/26 23:00:00,Annual,Imports,Solid fossil fuels,Gigawatt-hour,Greece,2019,2364.518,,
ESTAT:NRG_BAL_C(1.0),06/03/26 23:00:00,Annual,Imports,Solid fossil fuels,Gigawatt-hour,Greece,2020,2171.415,,
ESTAT:NRG_BAL_C(1.0),06/03/26 23:00:00,Annual,Imports,Solid fossil fuels,Gigawatt-hour,Greece,2021,1909.776,,
ESTAT:NRG_BAL_C(1.0),06/03/26 23:00:00,Annual,Imports,Solid fossil fuels,Gigawatt-hour,Greece,2022,622.048,,
ESTAT:NRG_BAL_C(1.0),06/03/26 23:00:00,Annual,Imports,Solid fossil fuels,Gigawatt-hour,Greece,2023,381.310,,
ESTAT:NRG_BAL_C(1.0),06/03/26 23:00:00,Annual,Imports,Solid fossil fuels,Gigawatt-hour,Greece,2024,321.323,,
ESTAT:NRG_BAL_C(1.0),06/03/26 23:00:00,Annual,Imports,Solid fossil fuels,Gigawatt-hour,Spain,2005,172510.473,,
ESTAT:NRG_BAL_C(1.0),06/03/26 23:00:00,Annual,Imports,Solid fossil fuels,Gigawatt-hour,Spain,2006,165796.446,,
ESTAT:NRG_BAL_C(1.0),06/03/26 23:00:00,Annual,Imports,Solid fossil fuels,Gigawatt-hour,Spain,2007,170311.245,,
ESTAT:NRG_BAL_C(1.0),06/03/26 23:00:00,Annual,Imports,Solid fossil fuels,Gigawatt-hour,Spain,2008,145809.087,,
ESTAT:NRG_BAL_C(1.0),06/03/26 23:00:00,Annual,Imports,Solid fossil fuels,Gigawatt-hour,Spain,2009,115157.263,,
ESTAT:NRG_BAL_C(1.0),06/03/26 23:00:00,Annual,Imports,Solid fossil fuels,Gigawatt-hour,Spain,2010,91265.531,,
ESTAT:NRG_BAL_C(1.0),06/03/26 23:00:00,Annual,Imports,Solid fossil fuels,Gigawatt-hour,Spain,2011,110624.313,,
ESTAT:NRG_BAL_C(1.0),06/03/26 23:00:00,Annual,Imports,Solid fossil fuels,Gigawatt-hour,Spain,2012,150626.533,,
ESTAT:NRG_BAL_C(1.0),06/03/26 23:00:00,Annual,Imports,Solid fossil fuels,Gigawatt-hour,Spain,2013,93928.392,,
ESTAT:NRG_BAL_C(1.0),06/03/26 23:00:00,Annual,Imports,Solid fossil fuels,Gigawatt-hour,Spain,2014,110717.386,,
ESTAT:NRG_BAL_C(1.0),06/03/26 23:00:00,Annual,Imports,Solid fossil fuels,Gigawatt-hour,Spain,2015,127337.904,,
ESTAT:NRG_BAL_C(1.0),06/03/26 23:00:00,Annual,Imports,Solid fossil fuels,Gigawatt-hour,Spain,2016,94096.292,,
ESTAT:NRG_BAL_C(1.0),06/03/26 23:00:00,Annual,Imports,Solid fossil fuels,Gigawatt-hour,Spain,2017,129696.562,,
ESTAT:NRG_BAL_C(1.0),06/03/26 23:00:00,Annual,Imports,Solid fossil fuels,Gigawatt-hour,Spain,2018,110853.897,,
ESTAT:NRG_BAL_C(1.0),06/03/26 23:00:00,Annual,Imports,Solid fossil fuels,Gigawatt-hour,Spain,2019,64368.978,,
ESTAT:NRG_BAL_C(1.0),06/03/26 23:00:00,Annual,Imports,Solid fossil fuels,Gigawatt-hour,Spain,2020,34322.274,,
ESTAT:NRG_BAL_C(1.0),06/03/26 23:00:00,Annual,Imports,Solid fossil fuels,Gigawatt-hour,Spain,2021,43062.744,,
ESTAT:NRG_BAL_C(1.0),06/03/26 23:00:00,Annual,Imports,Solid fossil fuels,Gigawatt-hour,Spain,2022,71098.994,,
ESTAT:NRG_BAL_C(1.0),06/03/26 23:00:00,Annual,Imports,Solid fossil fuels,Gigawatt-hour,Spain,2023,48895.871,,
ESTAT:NRG_BAL_C(1.0),06/03/26 23:00:00,Annual,Imports,Solid fossil fuels,Gigawatt-hour,Spain,2024,31514.436,,
ESTAT:NRG_BAL_C(1.0),06/03/26 23:00:00,Annual,Imports,Solid fossil fuels,Gigawatt-hour,Finland,2005,39075.853,,
ESTAT:NRG_BAL_C(1.0),06/03/26 23:00:00,Annual,Imports,Solid fossil fuels,Gigawatt-hour,Finland,2006,52721.611,,
ESTAT:NRG_BAL_C(1.0),06/03/26 23:00:00,Annual,Imports,Solid fossil fuels,Gigawatt-hour,Finland,2007,52938.506,,
ESTAT:NRG_BAL_C(1.0),06/03/26 23:00:00,Annual,Imports,Solid fossil fuels,Gigawatt-hour,Finland,2008,44458.585,,
ESTAT:NRG_BAL_C(1.0),06/03/26 23:00:00,Annual,Imports,Solid fossil fuels,Gigawatt-hour,Finland,2009,44731.817,,
ESTAT:NRG_BAL_C(1.0),06/03/26 23:00:00,Annual,Imports,Solid fossil fuels,Gigawatt-hour,Finland,2010,46416.800,,
ESTAT:NRG_BAL_C(1.0),06/03/26 23:00:00,Annual,Imports,Solid fossil fuels,Gigawatt-hour,Finland,2011,53396.004,,
ESTAT:NRG_BAL_C(1.0),06/03/26 23:00:00,Annual,Imports,Solid fossil fuels,Gigawatt-hour,Finland,2012,30833.674,,
ESTAT:NRG_BAL_C(1.0),06/03/26 23:00:00,Annual,Imports,Solid fossil fuels,Gigawatt-hour,Finland,2013,39543.004,,
ESTAT:NRG_BAL_C(1.0),06/03/26 23:00:00,Annual,Imports,Solid fossil fuels,Gigawatt-hour,Finland,2014,42579.511,,
ESTAT:NRG_BAL_C(1.0),06/03/26 23:00:00,Annual,Imports,Solid fossil fuels,Gigawatt-hour,Finland,2015,30115.229,,
ESTAT:NRG_BAL_C(1.0),06/03/26 23:00:00,Annual,Imports,Solid fossil fuels,Gigawatt-hour,Finland,2016,32372.497,,
ESTAT:NRG_BAL_C(1.0),06/03/26 23:00:00,Annual,Imports,Solid fossil fuels,Gigawatt-hour,Finland,2017,31365.086,,
ESTAT:NRG_BAL_C(1.0),06/03/26 23:00:00,Annual,Imports,Solid fossil fuels,Gigawatt-hour,Finland,2018,32973.451,,
ESTAT:NRG_BAL_C(1.0),06/03/26 23:00:00,Annual,Imports,Solid fossil fuels,Gigawatt-hour,Finland,2019,26199.091,,
ESTAT:NRG_BAL_C(1.0),06/03/26 23:00:00,Annual,Imports,Solid fossil fuels,Gigawatt-hour,Finland,2020,20880.327,,
ESTAT:NRG_BAL_C(1.0),06/03/26 23:00:00,Annual,Imports,Solid fossil fuels,Gigawatt-hour,Finland,2021,18079.026,,
ESTAT:NRG_BAL_C(1.0),06/03/26 23:00:00,Annual,Imports,Solid fossil fuels,Gigawatt-hour,Finland,2022,32266.691,,
ESTAT:NRG_BAL_C(1.0),06/03/26 23:00:00,Annual,Imports,Solid fossil fuels,Gigawatt-hour,Finland,2023,14858.413,,
ESTAT:NRG_BAL_C(1.0),06/03/26 23:00:00,Annual,Imports,Solid fossil fuels,Gigawatt-hour,Finland,2024,15219.132,,
ESTAT:NRG_BAL_C(1.0),06/03/26 23:00:00,Annual,Imports,Solid fossil fuels,Gigawatt-hour,France,2005,162529.583,,
ESTAT:NRG_BAL_C(1.0),06/03/26 23:00:00,Annual,Imports,Solid fossil fuels,Gigawatt-hour,France,2006,165710.417,,
ESTAT:NRG_BAL_C(1.0),06/03/26 23:00:00,Annual,Imports,Solid fossil fuels,Gigawatt-hour,France,2007,152530.972,,
ESTAT:NRG_BAL_C(1.0),06/03/26 23:00:00,Annual,Imports,Solid fossil fuels,Gigawatt-hour,France,2008,172294.306,,
ESTAT:NRG_BAL_C(1.0),06/03/26 23:00:00,Annual,Imports,Solid fossil fuels,Gigawatt-hour,France,2009,124131.250,,
ESTAT:NRG_BAL_C(1.0),06/03/26 23:00:00,Annual,Imports,Solid fossil fuels,Gigawatt-hour,France,2010,142494.028,,
ESTAT:NRG_BAL_C(1.0),06/03/26 23:00:00,Annual,Imports,Solid fossil fuels,Gigawatt-hour,France,2011,132770.775,,
ESTAT:NRG_BAL_C(1.0),06/03/26 23:00:00,Annual,Imports,Solid fossil fuels,Gigawatt-hour,France,2012,141447.330,,
ESTAT:NRG_BAL_C(1.0),06/03/26 23:00:00,Annual,Imports,Solid fossil fuels,Gigawatt-hour,France,2013,144822.525,,
ESTAT:NRG_BAL_C(1.0),06/03/26 23:00:00,Annual,Imports,Solid fossil fuels,Gigawatt-hour,France,2014,113792.948,,
ESTAT:NRG_BAL_C(1.0),06/03/26 23:00:00,Annual,Imports,Solid fossil fuels,Gigawatt-hour,France,2015,106931.587,,
ESTAT:NRG_BAL_C(1.0),06/03/26 23:00:00,Annual,Imports,Solid fossil fuels,Gigawatt-hour,France,2016,99895.531,,
ESTAT:NRG_BAL_C(1.0),06/03/26 23:00:00,Annual,Imports,Solid fossil fuels,Gigawatt-hour,France,2017,117673.857,,
ESTAT:NRG_BAL_C(1.0),06/03/26 23:00:00,Annual,Imports,Solid fossil fuels,Gigawatt-hour,France,2018,107662.378,,
ESTAT:NRG_BAL_C(1.0),06/03/26 23:00:00,Annual,Imports,Solid fossil fuels,Gigawatt-hour,France,2019,84899.372,,
ESTAT:NRG_BAL_C(1.0),06/03/26 23:00:00,Annual,Imports,Solid fossil fuels,Gigawatt-hour,France,2020,59442.535,,
ESTAT:NRG_BAL_C(1.0),06/03/26 23:00:00,Annual,Imports,Solid fossil fuels,Gigawatt-hour,France,2021,72421.073,,
ESTAT:NRG_BAL_C(1.0),06/03/26 23:00:00,Annual,Imports,Solid fossil fuels,Gigawatt-hour,France,2022,70880.316,,
ESTAT:NRG_BAL_C(1.0),06/03/26 23:00:00,Annual,Imports,Solid fossil fuels,Gigawatt-hour,France,2023,52216.594,,
ESTAT:NRG_BAL_C(1.0),06/03/26 23:00:00,Annual,Imports,Solid fossil fuels,Gigawatt-hour,France,2024,43050.108,,
ESTAT:NRG_BAL_C(1.0),06/03/26 23:00:00,Annual,Imports,Solid fossil fuels,Gigawatt-hour,Croatia,2005,7258.510,,
ESTAT:NRG_BAL_C(1.0),06/03/26 23:00:00,Annual,Imports,Solid fossil fuels,Gigawatt-hour,Croatia,2006,8042.715,,
ESTAT:NRG_BAL_C(1.0),06/03/26 23:00:00,Annual,Imports,Solid fossil fuels,Gigawatt-hour,Croatia,2007,8162.188,,
ESTAT:NRG_BAL_C(1.0),06/03/26 23:00:00,Annual,Imports,Solid fossil fuels,Gigawatt-hour,Croatia,2008,9254.375,,
ESTAT:NRG_BAL_C(1.0),06/03/26 23:00:00,Annual,Imports,Solid fossil fuels,Gigawatt-hour,Croatia,2009,5289.489,,
ESTAT:NRG_BAL_C(1.0),06/03/26 23:00:00,Annual,Imports,Solid fossil fuels,Gigawatt-hour,Croatia,2010,8139.933,,
ESTAT:NRG_BAL_C(1.0),06/03/26 23:00:00,Annual,Imports,Solid fossil fuels,Gigawatt-hour,Croatia,2011,8042.091,,
ESTAT:NRG_BAL_C(1.0),06/03/26 23:00:00,Annual,Imports,Solid fossil fuels,Gigawatt-hour,Croatia,2012,6451.447,,
ESTAT:NRG_BAL_C(1.0),06/03/26 23:00:00,Annual,Imports,Solid fossil fuels,Gigawatt-hour,Croatia,2013,8643.646,,
ESTAT:NRG_BAL_C(1.0),06/03/26 23:00:00,Annual,Imports,Solid fossil fuels,Gigawatt-hour,Croatia,2014,6946.752,,
ESTAT:NRG_BAL_C(1.0),06/03/26 23:00:00,Annual,Imports,Solid fossil fuels,Gigawatt-hour,Croatia,2015,7254.421,,
ESTAT:NRG_BAL_C(1.0),06/03/26 23:00:00,Annual,Imports,Solid fossil fuels,Gigawatt-hour,Croatia,2016,7724.143,,
ESTAT:NRG_BAL_C(1.0),06/03/26 23:00:00,Annual,Imports,Solid fossil fuels,Gigawatt-hour,Croatia,2017,4595.949,,
ESTAT:NRG_BAL_C(1.0),06/03/26 23:00:00,Annual,Imports,Solid fossil fuels,Gigawatt-hour,Croatia,2018,3891.368,,
ESTAT:NRG_BAL_C(1.0),06/03/26 23:00:00,Annual,Imports,Solid fossil fuels,Gigawatt-hour,Croatia,2019,5222.047,,
ESTAT:NRG_BAL_C(1.0),06/03/26 23:00:00,Annual,Imports,Solid fossil fuels,Gigawatt-hour,Croatia,2020,4451.728,,
ESTAT:NRG_BAL_C(1.0),06/03/26 23:00:00,Annual,Imports,Solid fossil fuels,Gigawatt-hour,Croatia,2021,4864.824,,
ESTAT:NRG_BAL_C(1.0),06/03/26 23:00:00,Annual,Imports,Solid fossil fuels,Gigawatt-hour,Croatia,2022,4770.787,,
ESTAT:NRG_BAL_C(1.0),06/03/26 23:00:00,Annual,Imports,Solid fossil fuels,Gigawatt-hour,Croatia,2023,4388.011,,
ESTAT:NRG_BAL_C(1.0),06/03/26 23:00:00,Annual,Imports,Solid fossil fuels,Gigawatt-hour,Croatia,2024,2145.939,,
ESTAT:NRG_BAL_C(1.0),06/03/26 23:00:00,Annual,Imports,Solid fossil fuels,Gigawatt-hour,Hungary,2005,16932.175,,
ESTAT:NRG_BAL_C(1.0),06/03/26 23:00:00,Annual,Imports,Solid fossil fuels,Gigawatt-hour,Hungary,2006,18072.789,,
ESTAT:NRG_BAL_C(1.0),06/03/26 23:00:00,Annual,Imports,Solid fossil fuels,Gigawatt-hour,Hungary,2007,19622.733,,
ESTAT:NRG_BAL_C(1.0),06/03/26 23:00:00,Annual,Imports,Solid fossil fuels,Gigawatt-hour,Hungary,2008,19510.681,,
ESTAT:NRG_BAL_C(1.0),06/03/26 23:00:00,Annual,Imports,Solid fossil fuels,Gigawatt-hour,Hungary,2009,12885.533,,
ESTAT:NRG_BAL_C(1.0),06/03/26 23:00:00,Annual,Imports,Solid fossil fuels,Gigawatt-hour,Hungary,2010,16414.908,,
ESTAT:NRG_BAL_C(1.0),06/03/26 23:00:00,Annual,Imports,Solid fossil fuels,Gigawatt-hour,Hungary,2011,14628.378,,
ESTAT:NRG_BAL_C(1.0),06/03/26 23:00:00,Annual,Imports,Solid fossil fuels,Gigawatt-hour,Hungary,2012,13691.800,,
ESTAT:NRG_BAL_C(1.0),06/03/26 23:00:00,Annual,Imports,Solid fossil fuels,Gigawatt-hour,Hungary,2013,12067.748,,
ESTAT:NRG_BAL_C(1.0),06/03/26 23:00:00,Annual,Imports,Solid fossil fuels,Gigawatt-hour,Hungary,2014,12370.369,,
ESTAT:NRG_BAL_C(1.0),06/03/26 23:00:00,Annual,Imports,Solid fossil fuels,Gigawatt-hour,Hungary,2015,12884.232,,
ESTAT:NRG_BAL_C(1.0),06/03/26 23:00:00,Annual,Imports,Solid fossil fuels,Gigawatt-hour,Hungary,2016,12608.979,,
ESTAT:NRG_BAL_C(1.0),06/03/26 23:00:00,Annual,Imports,Solid fossil fuels,Gigawatt-hour,Hungary,2017,14650.130,,
ESTAT:NRG_BAL_C(1.0),06/03/26 23:00:00,Annual,Imports,Solid fossil fuels,Gigawatt-hour,Hungary,2018,14609.263,,
ESTAT:NRG_BAL_C(1.0),06/03/26 23:00:00,Annual,Imports,Solid fossil fuels,Gigawatt-hour,Hungary,2019,12429.560,,
ESTAT:NRG_BAL_C(1.0),06/03/26 23:00:00,Annual,Imports,Solid fossil fuels,Gigawatt-hour,Hungary,2020,10747.137,,
ESTAT:NRG_BAL_C(1.0),06/03/26 23:00:00,Annual,Imports,Solid fossil fuels,Gigawatt-hour,Hungary,2021,10076.751,,
ESTAT:NRG_BAL_C(1.0),06/03/26 23:00:00,Annual,Imports,Solid fossil fuels,Gigawatt-hour,Hungary,2022,7315.830,,
ESTAT:NRG_BAL_C(1.0),06/03/26 23:00:00,Annual,Imports,Solid fossil fuels,Gigawatt-hour,Hungary,2023,3558.795,,
ESTAT:NRG_BAL_C(1.0),06/03/26 23:00:00,Annual,Imports,Solid fossil fuels,Gigawatt-hour,Hungary,2024,1760.104,,
ESTAT:NRG_BAL_C(1.0),06/03/26 23:00:00,Annual,Imports,Solid fossil fuels,Gigawatt-hour,Ireland,2005,22125.108,,
ESTAT:NRG_BAL_C(1.0),06/03/26 23:00:00,Annual,Imports,Solid fossil fuels,Gigawatt-hour,Ireland,2006,19035.691,,
ESTAT:NRG_BAL_C(1.0),06/03/26 23:00:00,Annual,Imports,Solid fossil fuels,Gigawatt-hour,Ireland,2007,16751.806,,
ESTAT:NRG_BAL_C(1.0),06/03/26 23:00:00,Annual,Imports,Solid fossil fuels,Gigawatt-hour,Ireland,2008,18567.218,,
ESTAT:NRG_BAL_C(1.0),06/03/26 23:00:00,Annual,Imports,Solid fossil fuels,Gigawatt-hour,Ireland,2009,15024.472,,
ESTAT:NRG_BAL_C(1.0),06/03/26 23:00:00,Annual,Imports,Solid fossil fuels,Gigawatt-hour,Ireland,2010,11153.040,,
ESTAT:NRG_BAL_C(1.0),06/03/26 23:00:00,Annual,Imports,Solid fossil fuels,Gigawatt-hour,Ireland,2011,16305.254,,
ESTAT:NRG_BAL_C(1.0),06/03/26 23:00:00,Annual,Imports,Solid fossil fuels,Gigawatt-hour,Ireland,2012,15478.104,,
ESTAT:NRG_BAL_C(1.0),06/03/26 23:00:00,Annual,Imports,Solid fossil fuels,Gigawatt-hour,Ireland,2013,17095.499,,
ESTAT:NRG_BAL_C(1.0),06/03/26 23:00:00,Annual,Imports,Solid fossil fuels,Gigawatt-hour,Ireland,2014,14211.017,,
ESTAT:NRG_BAL_C(1.0),06/03/26 23:00:00,Annual,Imports,Solid fossil fuels,Gigawatt-hour,Ireland,2015,17571.306,,
ESTAT:NRG_BAL_C(1.0),06/03/26 23:00:00,Annual,Imports,Solid fossil fuels,Gigawatt-hour,Ireland,2016,14231.689,,
ESTAT:NRG_BAL_C(1.0),06/03/26 23:00:00,Annual,Imports,Solid fossil fuels,Gigawatt-hour,Ireland,2017,14651.475,,
ESTAT:NRG_BAL_C(1.0),06/03/26 23:00:00,Annual,Imports,Solid fossil fuels,Gigawatt-hour,Ireland,2018,10341.976,,
ESTAT:NRG_BAL_C(1.0),06/03/26 23:00:00,Annual,Imports,Solid fossil fuels,Gigawatt-hour,Ireland,2019,3060.483,,
ESTAT:NRG_BAL_C(1.0),06/03/26 23:00:00,Annual,Imports,Solid fossil fuels,Gigawatt-hour,Ireland,2020,3082.748,,
ESTAT:NRG_BAL_C(1.0),06/03/26 23:00:00,Annual,Imports,Solid fossil fuels,Gigawatt-hour,Ireland,2021,11269.195,,
ESTAT:NRG_BAL_C(1.0),06/03/26 23:00:00,Annual,Imports,Solid fossil fuels,Gigawatt-hour,Ireland,2022,10754.145,,
ESTAT:NRG_BAL_C(1.0),06/03/26 23:00:00,Annual,Imports,Solid fossil fuels,Gigawatt-hour,Ireland,2023,4494.463,,
ESTAT:NRG_BAL_C(1.0),06/03/26 23:00:00,Annual,Imports,Solid fossil fuels,Gigawatt-hour,Ireland,2024,1819.786,,
ESTAT:NRG_BAL_C(1.0),06/03/26 23:00:00,Annual,Imports,Solid fossil fuels,Gigawatt-hour,Italy,2005,192273.345,,
ESTAT:NRG_BAL_C(1.0),06/03/26 23:00:00,Annual,Imports,Solid fossil fuels,Gigawatt-hour,Italy,2006,195010.823,,
ESTAT:NRG_BAL_C(1.0),06/03/26 23:00:00,Annual,Imports,Solid fossil fuels,Gigawatt-hour,Italy,2007,190183.529,,
ESTAT:NRG_BAL_C(1.0),06/03/26 23:00:00,Annual,Imports,Solid fossil fuels,Gigawatt-hour,Italy,2008,188992.034,,
ESTAT:NRG_BAL_C(1.0),06/03/26 23:00:00,Annual,Imports,Solid fossil fuels,Gigawatt-hour,Italy,2009,142213.063,,
ESTAT:NRG_BAL_C(1.0),06/03/26 23:00:00,Annual,Imports,Solid fossil fuels,Gigawatt-hour,Italy,2010,162823.138,,
ESTAT:NRG_BAL_C(1.0),06/03/26 23:00:00,Annual,Imports,Solid fossil fuels,Gigawatt-hour,Italy,2011,173480.973,,
ESTAT:NRG_BAL_C(1.0),06/03/26 23:00:00,Annual,Imports,Solid fossil fuels,Gigawatt-hour,Italy,2012,179078.758,,
ESTAT:NRG_BAL_C(1.0),06/03/26 23:00:00,Annual,Imports,Solid fossil fuels,Gigawatt-hour,Italy,2013,153433.588,,
ESTAT:NRG_BAL_C(1.0),06/03/26 23:00:00,Annual,Imports,Solid fossil fuels,Gigawatt-hour,Italy,2014,152656.245,,
ESTAT:NRG_BAL_C(1.0),06/03/26 23:00:00,Annual,Imports,Solid fossil fuels,Gigawatt-hour,Italy,2015,146310.341,,
ESTAT:NRG_BAL_C(1.0),06/03/26 23:00:00,Annual,Imports,Solid fossil fuels,Gigawatt-hour,Italy,2016,127511.059,,
ESTAT:NRG_BAL_C(1.0),06/03/26 23:00:00,Annual,Imports,Solid fossil fuels,Gigawatt-hour,Italy,2017,111578.271,,
ESTAT:NRG_BAL_C(1.0),06/03/26 23:00:00,Annual,Imports,Solid fossil fuels,Gigawatt-hour,Italy,2018,103174.429,,
ESTAT:NRG_BAL_C(1.0),06/03/26 23:00:00,Annual,Imports,Solid fossil fuels,Gigawatt-hour,Italy,2019,76611.770,,
ESTAT:NRG_BAL_C(1.0),06/03/26 23:00:00,Annual,Imports,Solid fossil fuels,Gigawatt-hour,Italy,2020,57556.606,,
ESTAT:NRG_BAL_C(1.0),06/03/26 23:00:00,Annual,Imports,Solid fossil fuels,Gigawatt-hour,Italy,2021,64605.220,,
ESTAT:NRG_BAL_C(1.0),06/03/26 23:00:00,Annual,Imports,Solid fossil fuels,Gigawatt-hour,Italy,2022,91039.365,,
ESTAT:NRG_BAL_C(1.0),06/03/26 23:00:00,Annual,Imports,Solid fossil fuels,Gigawatt-hour,Italy,2023,55985.156,,
ESTAT:NRG_BAL_C(1.0),06/03/26 23:00:00,Annual,Imports,Solid fossil fuels,Gigawatt-hour,Italy,2024,28850.259,,
ESTAT:NRG_BAL_C(1.0),06/03/26 23:00:00,Annual,Imports,Solid fossil fuels,Gigawatt-hour,Lithuania,2005,1983.568,,
ESTAT:NRG_BAL_C(1.0),06/03/26 23:00:00,Annual,Imports,Solid fossil fuels,Gigawatt-hour,Lithuania,2006,2721.590,,
ESTAT:NRG_BAL_C(1.0),06/03/26 23:00:00,Annual,Imports,Solid fossil fuels,Gigawatt-hour,Lithuania,2007,2479.118,,
ESTAT:NRG_BAL_C(1.0),06/03/26 23:00:00,Annual,Imports,Solid fossil fuels,Gigawatt-hour,Lithuania,2008,2567.249,,
ESTAT:NRG_BAL_C(1.0),06/03/26 23:00:00,Annual,Imports,Solid fossil fuels,Gigawatt-hour,Lithuania,2009,1505.807,,
ESTAT:NRG_BAL_C(1.0),06/03/26 23:00:00,Annual,Imports,Solid fossil fuels,Gigawatt-hour,Lithuania,2010,2264.274,,
ESTAT:NRG_BAL_C(1.0),06/03/26 23:00:00,Annual,Imports,Solid fossil fuels,Gigawatt-hour,Lithuania,2011,2878.392,,
ESTAT:NRG_BAL_C(1.0),06/03/26 23:00:00,Annual,Imports,Solid fossil fuels,Gigawatt-hour,Lithuania,2012,2393.835,,
ESTAT:NRG_BAL_C(1.0),06/03/26 23:00:00,Annual,Imports,Solid fossil fuels,Gigawatt-hour,Lithuania,2013,3087.363,,
ESTAT:NRG_BAL_C(1.0),06/03/26 23:00:00,Annual,Imports,Solid fossil fuels,Gigawatt-hour,Lithuania,2014,2235.764,,
ESTAT:NRG_BAL_C(1.0),06/03/26 23:00:00,Annual,Imports,Solid fossil fuels,Gigawatt-hour,Lithuania,2015,1689.761,,
ESTAT:NRG_BAL_C(1.0),06/03/26 23:00:00,Annual,Imports,Solid fossil fuels,Gigawatt-hour,Lithuania,2016,1700.222,,
ESTAT:NRG_BAL_C(1.0),06/03/26 23:00:00,Annual,Imports,Solid fossil fuels,Gigawatt-hour,Lithuania,2017,2046.204,,
ESTAT:NRG_BAL_C(1.0),06/03/26 23:00:00,Annual,Imports,Solid fossil fuels,Gigawatt-hour,Lithuania,2018,1991.048,,
ESTAT:NRG_BAL_C(1.0),06/03/26 23:00:00,Annual,Imports,Solid fossil fuels,Gigawatt-hour,Lithuania,2019,2129.353,,
ESTAT:NRG_BAL_C(1.0),06/03/26 23:00:00,Annual,Imports,Solid fossil fuels,Gigawatt-hour,Lithuania,2020,1375.519,,
ESTAT:NRG_BAL_C(1.0),06/03/26 23:00:00,Annual,Imports,Solid fossil fuels,Gigawatt-hour,Lithuania,2021,1710.687,,
ESTAT:NRG_BAL_C(1.0),06/03/26 23:00:00,Annual,Imports,Solid fossil fuels,Gigawatt-hour,Lithuania,2022,2345.848,,
ESTAT:NRG_BAL_C(1.0),06/03/26 23:00:00,Annual,Imports,Solid fossil fuels,Gigawatt-hour,Lithuania,2023,1038.499,,
ESTAT:NRG_BAL_C(1.0),06/03/26 23:00:00,Annual,Imports,Solid fossil fuels,Gigawatt-hour,Lithuania,2024,1033.671,,
ESTAT:NRG_BAL_C(1.0),06/03/26 23:00:00,Annual,Imports,Solid fossil fuels,Gigawatt-hour,Luxembourg,2005,902.469,,
ESTAT:NRG_BAL_C(1.0),06/03/26 23:00:00,Annual,Imports,Solid fossil fuels,Gigawatt-hour,Luxembourg,2006,1076.891,,
ESTAT:NRG_BAL_C(1.0),06/03/26 23:00:00,Annual,Imports,Solid fossil fuels,Gigawatt-hour,Luxembourg,2007,911.215,,
ESTAT:NRG_BAL_C(1.0),06/03/26 23:00:00,Annual,Imports,Solid fossil fuels,Gigawatt-hour,Luxembourg,2008,871.270,,
ESTAT:NRG_BAL_C(1.0),06/03/26 23:00:00,Annual,Imports,Solid fossil fuels,Gigawatt-hour,Luxembourg,2009,778.142,,
ESTAT:NRG_BAL_C(1.0),06/03/26 23:00:00,Annual,Imports,Solid fossil fuels,Gigawatt-hour,Luxembourg,2010,779.631,,
ESTAT:NRG_BAL_C(1.0),06/03/26 23:00:00,Annual,Imports,Solid fossil fuels,Gigawatt-hour,Luxembourg,2011,678.738,,
ESTAT:NRG_BAL_C(1.0),06/03/26 23:00:00,Annual,Imports,Solid fossil fuels,Gigawatt-hour,Luxembourg,2012,624.883,,
ESTAT:NRG_BAL_C(1.0),06/03/26 23:00:00,Annual,Imports,Solid fossil fuels,Gigawatt-hour,Luxembourg,2013,578.117,,
ESTAT:NRG_BAL_C(1.0),06/03/26 23:00:00,Annual,Imports,Solid fossil fuels,Gigawatt-hour,Luxembourg,2014,647.138,,
ESTAT:NRG_BAL_C(1.0),06/03/26 23:00:00,Annual,Imports,Solid fossil fuels,Gigawatt-hour,Luxembourg,2015,571.459,,
ESTAT:NRG_BAL_C(1.0),06/03/26 23:00:00,Annual,Imports,Solid fossil fuels,Gigawatt-hour,Luxembourg,2016,632.377,,
ESTAT:NRG_BAL_C(1.0),06/03/26 23:00:00,Annual,Imports,Solid fossil fuels,Gigawatt-hour,Luxembourg,2017,527.203,,
ESTAT:NRG_BAL_C(1.0),06/03/26 23:00:00,Annual,Imports,Solid fossil fuels,Gigawatt-hour,Luxembourg,2018,489.980,,
ESTAT:NRG_BAL_C(1.0),06/03/26 23:00:00,Annual,Imports,Solid fossil fuels,Gigawatt-hour,Luxembourg,2019,495.632,,
ESTAT:NRG_BAL_C(1.0),06/03/26 23:00:00,Annual,Imports,Solid fossil fuels,Gigawatt-hour,Luxembourg,2020,495.102,,
ESTAT:NRG_BAL_C(1.0),06/03/26 23:00:00,Annual,Imports,Solid fossil fuels,Gigawatt-hour,Luxembourg,2021,405.207,,
ESTAT:NRG_BAL_C(1.0),06/03/26 23:00:00,Annual,Imports,Solid fossil fuels,Gigawatt-hour,Luxembourg,2022,465.099,,
ESTAT:NRG_BAL_C(1.0),06/03/26 23:00:00,Annual,Imports,Solid fossil fuels,Gigawatt-hour,Luxembourg,2023,263.909,,
ESTAT:NRG_BAL_C(1.0),06/03/26 23:00:00,Annual,Imports,Solid fossil fuels,Gigawatt-hour,Luxembourg,2024,231.118,,
ESTAT:NRG_BAL_C(1.0),06/03/26 23:00:00,Annual,Imports,Solid fossil fuels,Gigawatt-hour,Latvia,2005,904.400,,
ESTAT:NRG_BAL_C(1.0),06/03/26 23:00:00,Annual,Imports,Solid fossil fuels,Gigawatt-hour,Latvia,2006,1209.983,,
ESTAT:NRG_BAL_C(1.0),06/03/26 23:00:00,Annual,Imports,Solid fossil fuels,Gigawatt-hour,Latvia,2007,1114.825,,
ESTAT:NRG_BAL_C(1.0),06/03/26 23:00:00,Annual,Imports,Solid fossil fuels,Gigawatt-hour,Latvia,2008,1238.642,,
ESTAT:NRG_BAL_C(1.0),06/03/26 23:00:00,Annual,Imports,Solid fossil fuels,Gigawatt-hour,Latvia,2009,962.192,,
ESTAT:NRG_BAL_C(1.0),06/03/26 23:00:00,Annual,Imports,Solid fossil fuels,Gigawatt-hour,Latvia,2010,1333.325,,
ESTAT:NRG_BAL_C(1.0),06/03/26 23:00:00,Annual,Imports,Solid fossil fuels,Gigawatt-hour,Latvia,2011,1355.175,,
ESTAT:NRG_BAL_C(1.0),06/03/26 23:00:00,Annual,Imports,Solid fossil fuels,Gigawatt-hour,Latvia,2012,1095.135,,
ESTAT:NRG_BAL_C(1.0),06/03/26 23:00:00,Annual,Imports,Solid fossil fuels,Gigawatt-hour,Latvia,2013,806.506,,
ESTAT:NRG_BAL_C(1.0),06/03/26 23:00:00,Annual,Imports,Solid fossil fuels,Gigawatt-hour,Latvia,2014,570.492,,
ESTAT:NRG_BAL_C(1.0),06/03/26 23:00:00,Annual,Imports,Solid fossil fuels,Gigawatt-hour,Latvia,2015,471.558,,
ESTAT:NRG_BAL_C(1.0),06/03/26 23:00:00,Annual,Imports,Solid fossil fuels,Gigawatt-hour,Latvia,2016,442.487,,
ESTAT:NRG_BAL_C(1.0),06/03/26 23:00:00,Annual,Imports,Solid fossil fuels,Gigawatt-hour,Latvia,2017,455.110,,
ESTAT:NRG_BAL_C(1.0),06/03/26 23:00:00,Annual,Imports,Solid fossil fuels,Gigawatt-hour,Latvia,2018,549.151,,
ESTAT:NRG_BAL_C(1.0),06/03/26 23:00:00,Annual,Imports,Solid fossil fuels,Gigawatt-hour,Latvia,2019,538.027,,
ESTAT:NRG_BAL_C(1.0),06/03/26 23:00:00,Annual,Imports,Solid fossil fuels,Gigawatt-hour,Latvia,2020,269.794,,
ESTAT:NRG_BAL_C(1.0),06/03/26 23:00:00,Annual,Imports,Solid fossil fuels,Gigawatt-hour,Latvia,2021,244.043,,
ESTAT:NRG_BAL_C(1.0),06/03/26 23:00:00,Annual,Imports,Solid fossil fuels,Gigawatt-hour,Latvia,2022,297.284,,
ESTAT:NRG_BAL_C(1.0),06/03/26 23:00:00,Annual,Imports,Solid fossil fuels,Gigawatt-hour,Latvia,2023,113.757,,
ESTAT:NRG_BAL_C(1.0),06/03/26 23:00:00,Annual,Imports,Solid fossil fuels,Gigawatt-hour,Latvia,2024,63.933,,
ESTAT:NRG_BAL_C(1.0),06/03/26 23:00:00,Annual,Imports,Solid fossil fuels,Gigawatt-hour,Malta,2005,0.000,,
ESTAT:NRG_BAL_C(1.0),06/03/26 23:00:00,Annual,Imports,Solid fossil fuels,Gigawatt-hour,Malta,2006,0.000,,
ESTAT:NRG_BAL_C(1.0),06/03/26 23:00:00,Annual,Imports,Solid fossil fuels,Gigawatt-hour,Malta,2007,0.000,,
ESTAT:NRG_BAL_C(1.0),06/03/26 23:00:00,Annual,Imports,Solid fossil fuels,Gigawatt-hour,Malta,2008,0.000,,
ESTAT:NRG_BAL_C(1.0),06/03/26 23:00:00,Annual,Imports,Solid fossil fuels,Gigawatt-hour,Malta,2009,0.000,,
ESTAT:NRG_BAL_C(1.0),06/03/26 23:00:00,Annual,Imports,Solid fossil fuels,Gigawatt-hour,Malta,2010,0.000,,
ESTAT:NRG_BAL_C(1.0),06/03/26 23:00:00,Annual,Imports,Solid fossil fuels,Gigawatt-hour,Malta,2011,0.000,,
ESTAT:NRG_BAL_C(1.0),06/03/26 23:00:00,Annual,Imports,Solid fossil fuels,Gigawatt-hour,Malta,2012,0.000,,
ESTAT:NRG_BAL_C(1.0),06/03/26 23:00:00,Annual,Imports,Solid fossil fuels,Gigawatt-hour,Malta,2013,0.000,,
ESTAT:NRG_BAL_C(1.0),06/03/26 23:00:00,Annual,Imports,Solid fossil fuels,Gigawatt-hour,Malta,2014,0.000,,
ESTAT:NRG_BAL_C(1.0),06/03/26 23:00:00,Annual,Imports,Solid fossil fuels,Gigawatt-hour,Malta,2015,0.000,,
ESTAT:NRG_BAL_C(1.0),06/03/26 23:00:00,Annual,Imports,Solid fossil fuels,Gigawatt-hour,Malta,2016,0.000,,
ESTAT:NRG_BAL_C(1.0),06/03/26 23:00:00,Annual,Imports,Solid fossil fuels,Gigawatt-hour,Malta,2017,0.000,,
ESTAT:NRG_BAL_C(1.0),06/03/26 23:00:00,Annual,Imports,Solid fossil fuels,Gigawatt-hour,Malta,2018,0.000,,
ESTAT:NRG_BAL_C(1.0),06/03/26 23:00:00,Annual,Imports,Solid fossil fuels,Gigawatt-hour,Malta,2019,0.000,,
ESTAT:NRG_BAL_C(1.0),06/03/26 23:00:00,Annual,Imports,Solid fossil fuels,Gigawatt-hour,Malta,2020,0.000,,
ESTAT:NRG_BAL_C(1.0),06/03/26 23:00:00,Annual,Imports,Solid fossil fuels,Gigawatt-hour,Malta,2021,0.000,,
ESTAT:NRG_BAL_C(1.0),06/03/26 23:00:00,Annual,Imports,Solid fossil fuels,Gigawatt-hour,Malta,2022,0.000,,
ESTAT:NRG_BAL_C(1.0),06/03/26 23:00:00,Annual,Imports,Solid fossil fuels,Gigawatt-hour,Malta,2023,0.000,,
ESTAT:NRG_BAL_C(1.0),06/03/26 23:00:00,Annual,Imports,Solid fossil fuels,Gigawatt-hour,Malta,2024,0.000,,
ESTAT:NRG_BAL_C(1.0),06/03/26 23:00:00,Annual,Imports,Solid fossil fuels,Gigawatt-hour,Netherlands,2005,98416.904,,
ESTAT:NRG_BAL_C(1.0),06/03/26 23:00:00,Annual,Imports,Solid fossil fuels,Gigawatt-hour,Netherlands,2006,96682.796,,
ESTAT:NRG_BAL_C(1.0),06/03/26 23:00:00,Annual,Imports,Solid fossil fuels,Gigawatt-hour,Netherlands,2007,103373.168,,
ESTAT:NRG_BAL_C(1.0),06/03/26 23:00:00,Annual,Imports,Solid fossil fuels,Gigawatt-hour,Netherlands,2008,94808.570,,
ESTAT:NRG_BAL_C(1.0),06/03/26 23:00:00,Annual,Imports,Solid fossil fuels,Gigawatt-hour,Netherlands,2009,86290.097,,
ESTAT:NRG_BAL_C(1.0),06/03/26 23:00:00,Annual,Imports,Solid fossil fuels,Gigawatt-hour,Netherlands,2010,90203.108,,
ESTAT:NRG_BAL_C(1.0),06/03/26 23:00:00,Annual,Imports,Solid fossil fuels,Gigawatt-hour,Netherlands,2011,87791.365,,
ESTAT:NRG_BAL_C(1.0),06/03/26 23:00:00,Annual,Imports,Solid fossil fuels,Gigawatt-hour,Netherlands,2012,94712.545,,
ESTAT:NRG_BAL_C(1.0),06/03/26 23:00:00,Annual,Imports,Solid fossil fuels,Gigawatt-hour,Netherlands,2013,94796.347,,
ESTAT:NRG_BAL_C(1.0),06/03/26 23:00:00,Annual,Imports,Solid fossil fuels,Gigawatt-hour,Netherlands,2014,112541.855,,
ESTAT:NRG_BAL_C(1.0),06/03/26 23:00:00,Annual,Imports,Solid fossil fuels,Gigawatt-hour,Netherlands,2015,125512.036,,
ESTAT:NRG_BAL_C(1.0),06/03/26 23:00:00,Annual,Imports,Solid fossil fuels,Gigawatt-hour,Netherlands,2016,119596.065,,
ESTAT:NRG_BAL_C(1.0),06/03/26 23:00:00,Annual,Imports,Solid fossil fuels,Gigawatt-hour,Netherlands,2017,109017.211,,
ESTAT:NRG_BAL_C(1.0),06/03/26 23:00:00,Annual,Imports,Solid fossil fuels,Gigawatt-hour,Netherlands,2018,96336.497,,
ESTAT:NRG_BAL_C(1.0),06/03/26 23:00:00,Annual,Imports,Solid fossil fuels,Gigawatt-hour,Netherlands,2019,76995.771,,
ESTAT:NRG_BAL_C(1.0),06/03/26 23:00:00,Annual,Imports,Solid fossil fuels,Gigawatt-hour,Netherlands,2020,46108.682,,
ESTAT:NRG_BAL_C(1.0),06/03/26 23:00:00,Annual,Imports,Solid fossil fuels,Gigawatt-hour,Netherlands,2021,65230.548,,
ESTAT:NRG_BAL_C(1.0),06/03/26 23:00:00,Annual,Imports,Solid fossil fuels,Gigawatt-hour,Netherlands,2022,66894.423,,
ESTAT:NRG_BAL_C(1.0),06/03/26 23:00:00,Annual,Imports,Solid fossil fuels,Gigawatt-hour,Netherlands,2023,48869.800,,
ESTAT:NRG_BAL_C(1.0),06/03/26 23:00:00,Annual,Imports,Solid fossil fuels,Gigawatt-hour,Netherlands,2024,47668.300,,
ESTAT:NRG_BAL_C(1.0),06/03/26 23:00:00,Annual,Imports,Solid fossil fuels,Gigawatt-hour,Poland,2005,25039.075,,
ESTAT:NRG_BAL_C(1.0),06/03/26 23:00:00,Annual,Imports,Solid fossil fuels,Gigawatt-hour,Poland,2006,39074.818,,
ESTAT:NRG_BAL_C(1.0),06/03/26 23:00:00,Annual,Imports,Solid fossil fuels,Gigawatt-hour,Poland,2007,44816.866,,
ESTAT:NRG_BAL_C(1.0),06/03/26 23:00:00,Annual,Imports,Solid fossil fuels,Gigawatt-hour,Poland,2008,75542.284,,
ESTAT:NRG_BAL_C(1.0),06/03/26 23:00:00,Annual,Imports,Solid fossil fuels,Gigawatt-hour,Poland,2009,76007.532,,
ESTAT:NRG_BAL_C(1.0),06/03/26 23:00:00,Annual,Imports,Solid fossil fuels,Gigawatt-hour,Poland,2010,96154.514,,
ESTAT:NRG_BAL_C(1.0),06/03/26 23:00:00,Annual,Imports,Solid fossil fuels,Gigawatt-hour,Poland,2011,102950.492,,
ESTAT:NRG_BAL_C(1.0),06/03/26 23:00:00,Annual,Imports,Solid fossil fuels,Gigawatt-hour,Poland,2012,71189.583,,
ESTAT:NRG_BAL_C(1.0),06/03/26 23:00:00,Annual,Imports,Solid fossil fuels,Gigawatt-hour,Poland,2013,75008.872,,
ESTAT:NRG_BAL_C(1.0),06/03/26 23:00:00,Annual,Imports,Solid fossil fuels,Gigawatt-hour,Poland,2014,74691.809,,
ESTAT:NRG_BAL_C(1.0),06/03/26 23:00:00,Annual,Imports,Solid fossil fuels,Gigawatt-hour,Poland,2015,58850.025,,
ESTAT:NRG_BAL_C(1.0),06/03/26 23:00:00,Annual,Imports,Solid fossil fuels,Gigawatt-hour,Poland,2016,58463.481,,
ESTAT:NRG_BAL_C(1.0),06/03/26 23:00:00,Annual,Imports,Solid fossil fuels,Gigawatt-hour,Poland,2017,91245.406,,
ESTAT:NRG_BAL_C(1.0),06/03/26 23:00:00,Annual,Imports,Solid fossil fuels,Gigawatt-hour,Poland,2018,140942.102,,
ESTAT:NRG_BAL_C(1.0),06/03/26 23:00:00,Annual,Imports,Solid fossil fuels,Gigawatt-hour,Poland,2019,117101.427,,
ESTAT:NRG_BAL_C(1.0),06/03/26 23:00:00,Annual,Imports,Solid fossil fuels,Gigawatt-hour,Poland,2020,89994.438,,
ESTAT:NRG_BAL_C(1.0),06/03/26 23:00:00,Annual,Imports,Solid fossil fuels,Gigawatt-hour,Poland,2021,87622.503,,
ESTAT:NRG_BAL_C(1.0),06/03/26 23:00:00,Annual,Imports,Solid fossil fuels,Gigawatt-hour,Poland,2022,132449.981,,
ESTAT:NRG_BAL_C(1.0),06/03/26 23:00:00,Annual,Imports,Solid fossil fuels,Gigawatt-hour,Poland,2023,113582.550,,
ESTAT:NRG_BAL_C(1.0),06/03/26 23:00:00,Annual,Imports,Solid fossil fuels,Gigawatt-hour,Poland,2024,57853.649,,
ESTAT:NRG_BAL_C(1.0),06/03/26 23:00:00,Annual,Imports,Solid fossil fuels,Gigawatt-hour,Portugal,2005,37508.938,,
ESTAT:NRG_BAL_C(1.0),06/03/26 23:00:00,Annual,Imports,Solid fossil fuels,Gigawatt-hour,Portugal,2006,40622.559,,
ESTAT:NRG_BAL_C(1.0),06/03/26 23:00:00,Annual,Imports,Solid fossil fuels,Gigawatt-hour,Portugal,2007,33745.327,,
ESTAT:NRG_BAL_C(1.0),06/03/26 23:00:00,Annual,Imports,Solid fossil fuels,Gigawatt-hour,Portugal,2008,26774.376,,
ESTAT:NRG_BAL_C(1.0),06/03/26 23:00:00,Annual,Imports,Solid fossil fuels,Gigawatt-hour,Portugal,2009,35522.985,,
ESTAT:NRG_BAL_C(1.0),06/03/26 23:00:00,Annual,Imports,Solid fossil fuels,Gigawatt-hour,Portugal,2010,18948.316,,
ESTAT:NRG_BAL_C(1.0),06/03/26 23:00:00,Annual,Imports,Solid fossil fuels,Gigawatt-hour,Portugal,2011,24975.741,,
ESTAT:NRG_BAL_C(1.0),06/03/26 23:00:00,Annual,Imports,Solid fossil fuels,Gigawatt-hour,Portugal,2012,35260.888,,
ESTAT:NRG_BAL_C(1.0),06/03/26 23:00:00,Annual,Imports,Solid fossil fuels,Gigawatt-hour,Portugal,2013,29408.647,,
ESTAT:NRG_BAL_C(1.0),06/03/26 23:00:00,Annual,Imports,Solid fossil fuels,Gigawatt-hour,Portugal,2014,30202.356,,
ESTAT:NRG_BAL_C(1.0),06/03/26 23:00:00,Annual,Imports,Solid fossil fuels,Gigawatt-hour,Portugal,2015,37316.656,,
ESTAT:NRG_BAL_C(1.0),06/03/26 23:00:00,Annual,Imports,Solid fossil fuels,Gigawatt-hour,Portugal,2016,33866.061,,
ESTAT:NRG_BAL_C(1.0),06/03/26 23:00:00,Annual,Imports,Solid fossil fuels,Gigawatt-hour,Portugal,2017,39634.907,,
ESTAT:NRG_BAL_C(1.0),06/03/26 23:00:00,Annual,Imports,Solid fossil fuels,Gigawatt-hour,Portugal,2018,31016.243,,
ESTAT:NRG_BAL_C(1.0),06/03/26 23:00:00,Annual,Imports,Solid fossil fuels,Gigawatt-hour,Portugal,2019,17728.482,,
ESTAT:NRG_BAL_C(1.0),06/03/26 23:00:00,Annual,Imports,Solid fossil fuels,Gigawatt-hour,Portugal,2020,131.316,,
ESTAT:NRG_BAL_C(1.0),06/03/26 23:00:00,Annual,Imports,Solid fossil fuels,Gigawatt-hour,Portugal,2021,103.237,,
ESTAT:NRG_BAL_C(1.0),06/03/26 23:00:00,Annual,Imports,Solid fossil fuels,Gigawatt-hour,Portugal,2022,84.928,,
ESTAT:NRG_BAL_C(1.0),06/03/26 23:00:00,Annual,Imports,Solid fossil fuels,Gigawatt-hour,Portugal,2023,49.093,,
ESTAT:NRG_BAL_C(1.0),06/03/26 23:00:00,Annual,Imports,Solid fossil fuels,Gigawatt-hour,Portugal,2024,73.564,,
ESTAT:NRG_BAL_C(1.0),06/03/26 23:00:00,Annual,Imports,Solid fossil fuels,Gigawatt-hour,Romania,2005,34028.277,,
ESTAT:NRG_BAL_C(1.0),06/03/26 23:00:00,Annual,Imports,Solid fossil fuels,Gigawatt-hour,Romania,2006,31416.330,,
ESTAT:NRG_BAL_C(1.0),06/03/26 23:00:00,Annual,Imports,Solid fossil fuels,Gigawatt-hour,Romania,2007,40716.091,,
ESTAT:NRG_BAL_C(1.0),06/03/26 23:00:00,Annual,Imports,Solid fossil fuels,Gigawatt-hour,Romania,2008,29654.677,,
ESTAT:NRG_BAL_C(1.0),06/03/26 23:00:00,Annual,Imports,Solid fossil fuels,Gigawatt-hour,Romania,2009,11769.362,,
ESTAT:NRG_BAL_C(1.0),06/03/26 23:00:00,Annual,Imports,Solid fossil fuels,Gigawatt-hour,Romania,2010,14201.364,,
ESTAT:NRG_BAL_C(1.0),06/03/26 23:00:00,Annual,Imports,Solid fossil fuels,Gigawatt-hour,Romania,2011,12806.350,,
ESTAT:NRG_BAL_C(1.0),06/03/26 23:00:00,Annual,Imports,Solid fossil fuels,Gigawatt-hour,Romania,2012,14365.229,,
ESTAT:NRG_BAL_C(1.0),06/03/26 23:00:00,Annual,Imports,Solid fossil fuels,Gigawatt-hour,Romania,2013,12157.809,,
ESTAT:NRG_BAL_C(1.0),06/03/26 23:00:00,Annual,Imports,Solid fossil fuels,Gigawatt-hour,Romania,2014,11197.579,,
ESTAT:NRG_BAL_C(1.0),06/03/26 23:00:00,Annual,Imports,Solid fossil fuels,Gigawatt-hour,Romania,2015,12185.794,,
ESTAT:NRG_BAL_C(1.0),06/03/26 23:00:00,Annual,Imports,Solid fossil fuels,Gigawatt-hour,Romania,2016,11962.163,,
ESTAT:NRG_BAL_C(1.0),06/03/26 23:00:00,Annual,Imports,Solid fossil fuels,Gigawatt-hour,Romania,2017,11514.206,,
ESTAT:NRG_BAL_C(1.0),06/03/26 23:00:00,Annual,Imports,Solid fossil fuels,Gigawatt-hour,Romania,2018,10321.538,,
ESTAT:NRG_BAL_C(1.0),06/03/26 23:00:00,Annual,Imports,Solid fossil fuels,Gigawatt-hour,Romania,2019,12542.777,,
ESTAT:NRG_BAL_C(1.0),06/03/26 23:00:00,Annual,Imports,Solid fossil fuels,Gigawatt-hour,Romania,2020,8915.771,,
ESTAT:NRG_BAL_C(1.0),06/03/26 23:00:00,Annual,Imports,Solid fossil fuels,Gigawatt-hour,Romania,2021,11169.180,,
ESTAT:NRG_BAL_C(1.0),06/03/26 23:00:00,Annual,Imports,Solid fossil fuels,Gigawatt-hour,Romania,2022,8566.406,,
ESTAT:NRG_BAL_C(1.0),06/03/26 23:00:00,Annual,Imports,Solid fossil fuels,Gigawatt-hour,Romania,2023,4361.462,,
ESTAT:NRG_BAL_C(1.0),06/03/26 23:00:00,Annual,Imports,Solid fossil fuels,Gigawatt-hour,Romania,2024,3677.036,,
ESTAT:NRG_BAL_C(1.0),06/03/26 23:00:00,Annual,Imports,Solid fossil fuels,Gigawatt-hour,Sweden,2005,28900.393,,
ESTAT:NRG_BAL_C(1.0),06/03/26 23:00:00,Annual,Imports,Solid fossil fuels,Gigawatt-hour,Sweden,2006,26453.954,,
ESTAT:NRG_BAL_C(1.0),06/03/26 23:00:00,Annual,Imports,Solid fossil fuels,Gigawatt-hour,Sweden,2007,27714.438,,
ESTAT:NRG_BAL_C(1.0),06/03/26 23:00:00,Annual,Imports,Solid fossil fuels,Gigawatt-hour,Sweden,2008,25432.756,,
ESTAT:NRG_BAL_C(1.0),06/03/26 23:00:00,Annual,Imports,Solid fossil fuels,Gigawatt-hour,Sweden,2009,16356.744,,
ESTAT:NRG_BAL_C(1.0),06/03/26 23:00:00,Annual,Imports,Solid fossil fuels,Gigawatt-hour,Sweden,2010,28559.878,,
ESTAT:NRG_BAL_C(1.0),06/03/26 23:00:00,Annual,Imports,Solid fossil fuels,Gigawatt-hour,Sweden,2011,26248.089,,
ESTAT:NRG_BAL_C(1.0),06/03/26 23:00:00,Annual,Imports,Solid fossil fuels,Gigawatt-hour,Sweden,2012,18812.322,,
ESTAT:NRG_BAL_C(1.0),06/03/26 23:00:00,Annual,Imports,Solid fossil fuels,Gigawatt-hour,Sweden,2013,20943.789,,
ESTAT:NRG_BAL_C(1.0),06/03/26 23:00:00,Annual,Imports,Solid fossil fuels,Gigawatt-hour,Sweden,2014,22991.289,,
ESTAT:NRG_BAL_C(1.0),06/03/26 23:00:00,Annual,Imports,Solid fossil fuels,Gigawatt-hour,Sweden,2015,23057.267,,
ESTAT:NRG_BAL_C(1.0),06/03/26 23:00:00,Annual,Imports,Solid fossil fuels,Gigawatt-hour,Sweden,2016,25876.233,,
ESTAT:NRG_BAL_C(1.0),06/03/26 23:00:00,Annual,Imports,Solid fossil fuels,Gigawatt-hour,Sweden,2017,22738.689,,
ESTAT:NRG_BAL_C(1.0),06/03/26 23:00:00,Annual,Imports,Solid fossil fuels,Gigawatt-hour,Sweden,2018,23522.589,,
ESTAT:NRG_BAL_C(1.0),06/03/26 23:00:00,Annual,Imports,Solid fossil fuels,Gigawatt-hour,Sweden,2019,22682.022,,
ESTAT:NRG_BAL_C(1.0),06/03/26 23:00:00,Annual,Imports,Solid fossil fuels,Gigawatt-hour,Sweden,2020,17461.700,,
ESTAT:NRG_BAL_C(1.0),06/03/26 23:00:00,Annual,Imports,Solid fossil fuels,Gigawatt-hour,Sweden,2021,18357.567,,
ESTAT:NRG_BAL_C(1.0),06/03/26 23:00:00,Annual,Imports,Solid fossil fuels,Gigawatt-hour,Sweden,2022,18317.311,,
ESTAT:NRG_BAL_C(1.0),06/03/26 23:00:00,Annual,Imports,Solid fossil fuels,Gigawatt-hour,Sweden,2023,16524.267,,
ESTAT:NRG_BAL_C(1.0),06/03/26 23:00:00,Annual,Imports,Solid fossil fuels,Gigawatt-hour,Sweden,2024,18731.798,,
ESTAT:NRG_BAL_C(1.0),06/03/26 23:00:00,Annual,Imports,Solid fossil fuels,Gigawatt-hour,Slovenia,2005,3870.647,,
ESTAT:NRG_BAL_C(1.0),06/03/26 23:00:00,Annual,Imports,Solid fossil fuels,Gigawatt-hour,Slovenia,2006,3843.221,,
ESTAT:NRG_BAL_C(1.0),06/03/26 23:00:00,Annual,Imports,Solid fossil fuels,Gigawatt-hour,Slovenia,2007,3854.043,,
ESTAT:NRG_BAL_C(1.0),06/03/26 23:00:00,Annual,Imports,Solid fossil fuels,Gigawatt-hour,Slovenia,2008,5141.424,,
ESTAT:NRG_BAL_C(1.0),06/03/26 23:00:00,Annual,Imports,Solid fossil fuels,Gigawatt-hour,Slovenia,2009,3000.894,,
ESTAT:NRG_BAL_C(1.0),06/03/26 23:00:00,Annual,Imports,Solid fossil fuels,Gigawatt-hour,Slovenia,2010,3255.282,,
ESTAT:NRG_BAL_C(1.0),06/03/26 23:00:00,Annual,Imports,Solid fossil fuels,Gigawatt-hour,Slovenia,2011,3000.472,,
ESTAT:NRG_BAL_C(1.0),06/03/26 23:00:00,Annual,Imports,Solid fossil fuels,Gigawatt-hour,Slovenia,2012,3497.454,,
ESTAT:NRG_BAL_C(1.0),06/03/26 23:00:00,Annual,Imports,Solid fossil fuels,Gigawatt-hour,Slovenia,2013,3116.947,,
ESTAT:NRG_BAL_C(1.0),06/03/26 23:00:00,Annual,Imports,Solid fossil fuels,Gigawatt-hour,Slovenia,2014,2636.917,,
ESTAT:NRG_BAL_C(1.0),06/03/26 23:00:00,Annual,Imports,Solid fossil fuels,Gigawatt-hour,Slovenia,2015,2373.109,,
ESTAT:NRG_BAL_C(1.0),06/03/26 23:00:00,Annual,Imports,Solid fossil fuels,Gigawatt-hour,Slovenia,2016,2303.123,,
ESTAT:NRG_BAL_C(1.0),06/03/26 23:00:00,Annual,Imports,Solid fossil fuels,Gigawatt-hour,Slovenia,2017,2302.087,,
ESTAT:NRG_BAL_C(1.0),06/03/26 23:00:00,Annual,Imports,Solid fossil fuels,Gigawatt-hour,Slovenia,2018,2483.752,,
ESTAT:NRG_BAL_C(1.0),06/03/26 23:00:00,Annual,Imports,Solid fossil fuels,Gigawatt-hour,Slovenia,2019,2490.203,,
ESTAT:NRG_BAL_C(1.0),06/03/26 23:00:00,Annual,Imports,Solid fossil fuels,Gigawatt-hour,Slovenia,2020,2105.341,,
ESTAT:NRG_BAL_C(1.0),06/03/26 23:00:00,Annual,Imports,Solid fossil fuels,Gigawatt-hour,Slovenia,2021,1193.662,,
ESTAT:NRG_BAL_C(1.0),06/03/26 23:00:00,Annual,Imports,Solid fossil fuels,Gigawatt-hour,Slovenia,2022,2447.378,,
ESTAT:NRG_BAL_C(1.0),06/03/26 23:00:00,Annual,Imports,Solid fossil fuels,Gigawatt-hour,Slovenia,2023,2274.436,,
ESTAT:NRG_BAL_C(1.0),06/03/26 23:00:00,Annual,Imports,Solid fossil fuels,Gigawatt-hour,Slovenia,2024,401.911,,
ESTAT:NRG_BAL_C(1.0),06/03/26 23:00:00,Annual,Imports,Solid fossil fuels,Gigawatt-hour,Slovakia,2005,45299.845,,
ESTAT:NRG_BAL_C(1.0),06/03/26 23:00:00,Annual,Imports,Solid fossil fuels,Gigawatt-hour,Slovakia,2006,43622.959,,
ESTAT:NRG_BAL_C(1.0),06/03/26 23:00:00,Annual,Imports,Solid fossil fuels,Gigawatt-hour,Slovakia,2007,46209.128,,
ESTAT:NRG_BAL_C(1.0),06/03/26 23:00:00,Annual,Imports,Solid fossil fuels,Gigawatt-hour,Slovakia,2008,42026.951,,
ESTAT:NRG_BAL_C(1.0),06/03/26 23:00:00,Annual,Imports,Solid fossil fuels,Gigawatt-hour,Slovakia,2009,39241.339,,
ESTAT:NRG_BAL_C(1.0),06/03/26 23:00:00,Annual,Imports,Solid fossil fuels,Gigawatt-hour,Slovakia,2010,37396.909,,
ESTAT:NRG_BAL_C(1.0),06/03/26 23:00:00,Annual,Imports,Solid fossil fuels,Gigawatt-hour,Slovakia,2011,37139.683,,
ESTAT:NRG_BAL_C(1.0),06/03/26 23:00:00,Annual,Imports,Solid fossil fuels,Gigawatt-hour,Slovakia,2012,37174.363,,
ESTAT:NRG_BAL_C(1.0),06/03/26 23:00:00,Annual,Imports,Solid fossil fuels,Gigawatt-hour,Slovakia,2013,33318.824,,
ESTAT:NRG_BAL_C(1.0),06/03/26 23:00:00,Annual,Imports,Solid fossil fuels,Gigawatt-hour,Slovakia,2014,33956.532,,
ESTAT:NRG_BAL_C(1.0),06/03/26 23:00:00,Annual,Imports,Solid fossil fuels,Gigawatt-hour,Slovakia,2015,32822.444,,
ESTAT:NRG_BAL_C(1.0),06/03/26 23:00:00,Annual,Imports,Solid fossil fuels,Gigawatt-hour,Slovakia,2016,31850.722,,
ESTAT:NRG_BAL_C(1.0),06/03/26 23:00:00,Annual,Imports,Solid fossil fuels,Gigawatt-hour,Slovakia,2017,35105.987,,
ESTAT:NRG_BAL_C(1.0),06/03/26 23:00:00,Annual,Imports,Solid fossil fuels,Gigawatt-hour,Slovakia,2018,36210.798,,
ESTAT:NRG_BAL_C(1.0),06/03/26 23:00:00,Annual,Imports,Solid fossil fuels,Gigawatt-hour,Slovakia,2019,30271.055,,
ESTAT:NRG_BAL_C(1.0),06/03/26 23:00:00,Annual,Imports,Solid fossil fuels,Gigawatt-hour,Slovakia,2020,23470.629,,
ESTAT:NRG_BAL_C(1.0),06/03/26 23:00:00,Annual,Imports,Solid fossil fuels,Gigawatt-hour,Slovakia,2021,29447.663,,
ESTAT:NRG_BAL_C(1.0),06/03/26 23:00:00,Annual,Imports,Solid fossil fuels,Gigawatt-hour,Slovakia,2022,27509.637,,
ESTAT:NRG_BAL_C(1.0),06/03/26 23:00:00,Annual,Imports,Solid fossil fuels,Gigawatt-hour,Slovakia,2023,25873.121,,
ESTAT:NRG_BAL_C(1.0),06/03/26 23:00:00,Annual,Imports,Solid fossil fuels,Gigawatt-hour,Slovakia,2024,23474.764,,
ESTAT:NRG_BAL_C(1.0),06/03/26 23:00:00,Annual,Imports,Natural gas,Gigawatt-hour,Austria,2005,83178.893,,
ESTAT:NRG_BAL_C(1.0),06/03/26 23:00:00,Annual,Imports,Natural gas,Gigawatt-hour,Austria,2006,77650.782,,
ESTAT:NRG_BAL_C(1.0),06/03/26 23:00:00,Annual,Imports,Natural gas,Gigawatt-hour,Austria,2007,68577.425,,
ESTAT:NRG_BAL_C(1.0),06/03/26 23:00:00,Annual,Imports,Natural gas,Gigawatt-hour,Austria,2008,77621.426,,
ESTAT:NRG_BAL_C(1.0),06/03/26 23:00:00,Annual,Imports,Natural gas,Gigawatt-hour,Austria,2009,74485.413,,
ESTAT:NRG_BAL_C(1.0),06/03/26 23:00:00,Annual,Imports,Natural gas,Gigawatt-hour,Austria,2010,71121.040,,
ESTAT:NRG_BAL_C(1.0),06/03/26 23:00:00,Annual,Imports,Natural gas,Gigawatt-hour,Austria,2011,93013.737,,
ESTAT:NRG_BAL_C(1.0),06/03/26 23:00:00,Annual,Imports,Natural gas,Gigawatt-hour,Austria,2012,74383.935,,
ESTAT:NRG_BAL_C(1.0),06/03/26 23:00:00,Annual,Imports,Natural gas,Gigawatt-hour,Austria,2013,61349.639,,
ESTAT:NRG_BAL_C(1.0),06/03/26 23:00:00,Annual,Imports,Natural gas,Gigawatt-hour,Austria,2014,73919.860,,
ESTAT:NRG_BAL_C(1.0),06/03/26 23:00:00,Annual,Imports,Natural gas,Gigawatt-hour,Austria,2015,58331.010,,
ESTAT:NRG_BAL_C(1.0),06/03/26 23:00:00,Annual,Imports,Natural gas,Gigawatt-hour,Austria,2016,72351.803,,
ESTAT:NRG_BAL_C(1.0),06/03/26 23:00:00,Annual,Imports,Natural gas,Gigawatt-hour,Austria,2017,81595.695,,
ESTAT:NRG_BAL_C(1.0),06/03/26 23:00:00,Annual,Imports,Natural gas,Gigawatt-hour,Austria,2018,75488.943,,
ESTAT:NRG_BAL_C(1.0),06/03/26 23:00:00,Annual,Imports,Natural gas,Gigawatt-hour,Austria,2019,109678.216,,
ESTAT:NRG_BAL_C(1.0),06/03/26 23:00:00,Annual,Imports,Natural gas,Gigawatt-hour,Austria,2020,62460.074,,
ESTAT:NRG_BAL_C(1.0),06/03/26 23:00:00,Annual,Imports,Natural gas,Gigawatt-hour,Austria,2021,45874.609,,
ESTAT:NRG_BAL_C(1.0),06/03/26 23:00:00,Annual,Imports,Natural gas,Gigawatt-hour,Austria,2022,119485.799,,
ESTAT:NRG_BAL_C(1.0),06/03/26 23:00:00,Annual,Imports,Natural gas,Gigawatt-hour,Austria,2023,69644.714,,
ESTAT:NRG_BAL_C(1.0),06/03/26 23:00:00,Annual,Imports,Natural gas,Gigawatt-hour,Austria,2024,52434.124,,
ESTAT:NRG_BAL_C(1.0),06/03/26 23:00:00,Annual,Imports,Natural gas,Gigawatt-hour,Belgium,2005,172901.086,,
ESTAT:NRG_BAL_C(1.0),06/03/26 23:00:00,Annual,Imports,Natural gas,Gigawatt-hour,Belgium,2006,175386.069,,
ESTAT:NRG_BAL_C(1.0),06/03/26 23:00:00,Annual,Imports,Natural gas,Gigawatt-hour,Belgium,2007,173858.798,,
ESTAT:NRG_BAL_C(1.0),06/03/26 23:00:00,Annual,Imports,Natural gas,Gigawatt-hour,Belgium,2008,180763.889,,
ESTAT:NRG_BAL_C(1.0),06/03/26 23:00:00,Annual,Imports,Natural gas,Gigawatt-hour,Belgium,2009,209925.000,,
ESTAT:NRG_BAL_C(1.0),06/03/26 23:00:00,Annual,Imports,Natural gas,Gigawatt-hour,Belgium,2010,228071.086,,
ESTAT:NRG_BAL_C(1.0),06/03/26 23:00:00,Annual,Imports,Natural gas,Gigawatt-hour,Belgium,2011,208285.954,,
ESTAT:NRG_BAL_C(1.0),06/03/26 23:00:00,Annual,Imports,Natural gas,Gigawatt-hour,Belgium,2012,178037.313,,
ESTAT:NRG_BAL_C(1.0),06/03/26 23:00:00,Annual,Imports,Natural gas,Gigawatt-hour,Belgium,2013,179113.365,,
ESTAT:NRG_BAL_C(1.0),06/03/26 23:00:00,Annual,Imports,Natural gas,Gigawatt-hour,Belgium,2014,157400.308,,
ESTAT:NRG_BAL_C(1.0),06/03/26 23:00:00,Annual,Imports,Natural gas,Gigawatt-hour,Belgium,2015,178248.994,,
ESTAT:NRG_BAL_C(1.0),06/03/26 23:00:00,Annual,Imports,Natural gas,Gigawatt-hour,Belgium,2016,173709.561,,
ESTAT:NRG_BAL_C(1.0),06/03/26 23:00:00,Annual,Imports,Natural gas,Gigawatt-hour,Belgium,2017,170185.347,,
ESTAT:NRG_BAL_C(1.0),06/03/26 23:00:00,Annual,Imports,Natural gas,Gigawatt-hour,Belgium,2018,189526.943,,
ESTAT:NRG_BAL_C(1.0),06/03/26 23:00:00,Annual,Imports,Natural gas,Gigawatt-hour,Belgium,2019,224624.892,,
ESTAT:NRG_BAL_C(1.0),06/03/26 23:00:00,Annual,Imports,Natural gas,Gigawatt-hour,Belgium,2020,208947.828,,
ESTAT:NRG_BAL_C(1.0),06/03/26 23:00:00,Annual,Imports,Natural gas,Gigawatt-hour,Belgium,2021,205231.365,,
ESTAT:NRG_BAL_C(1.0),06/03/26 23:00:00,Annual,Imports,Natural gas,Gigawatt-hour,Belgium,2022,235917.095,,
ESTAT:NRG_BAL_C(1.0),06/03/26 23:00:00,Annual,Imports,Natural gas,Gigawatt-hour,Belgium,2023,223033.714,,
ESTAT:NRG_BAL_C(1.0),06/03/26 23:00:00,Annual,Imports,Natural gas,Gigawatt-hour,Belgium,2024,185726.977,,
ESTAT:NRG_BAL_C(1.0),06/03/26 23:00:00,Annual,Imports,Natural gas,Gigawatt-hour,Bulgaria,2005,28584.665,,
ESTAT:NRG_BAL_C(1.0),06/03/26 23:00:00,Annual,Imports,Natural gas,Gigawatt-hour,Bulgaria,2006,30339.016,,
ESTAT:NRG_BAL_C(1.0),06/03/26 23:00:00,Annual,Imports,Natural gas,Gigawatt-hour,Bulgaria,2007,32021.813,,
ESTAT:NRG_BAL_C(1.0),06/03/26 23:00:00,Annual,Imports,Natural gas,Gigawatt-hour,Bulgaria,2008,32615.286,,
ESTAT:NRG_BAL_C(1.0),06/03/26 23:00:00,Annual,Imports,Natural gas,Gigawatt-hour,Bulgaria,2009,24782.355,,
ESTAT:NRG_BAL_C(1.0),06/03/26 23:00:00,Annual,Imports,Natural gas,Gigawatt-hour,Bulgaria,2010,24783.250,,
ESTAT:NRG_BAL_C(1.0),06/03/26 23:00:00,Annual,Imports,Natural gas,Gigawatt-hour,Bulgaria,2011,26334.250,,
ESTAT:NRG_BAL_C(1.0),06/03/26 23:00:00,Annual,Imports,Natural gas,Gigawatt-hour,Bulgaria,2012,23757.319,,
ESTAT:NRG_BAL_C(1.0),06/03/26 23:00:00,Annual,Imports,Natural gas,Gigawatt-hour,Bulgaria,2013,25884.775,,
ESTAT:NRG_BAL_C(1.0),06/03/26 23:00:00,Annual,Imports,Natural gas,Gigawatt-hour,Bulgaria,2014,25865.075,,
ESTAT:NRG_BAL_C(1.0),06/03/26 23:00:00,Annual,Imports,Natural gas,Gigawatt-hour,Bulgaria,2015,29296.667,,
ESTAT:NRG_BAL_C(1.0),06/03/26 23:00:00,Annual,Imports,Natural gas,Gigawatt-hour,Bulgaria,2016,30162.930,,
ESTAT:NRG_BAL_C(1.0),06/03/26 23:00:00,Annual,Imports,Natural gas,Gigawatt-hour,Bulgaria,2017,31668.312,,
ESTAT:NRG_BAL_C(1.0),06/03/26 23:00:00,Annual,Imports,Natural gas,Gigawatt-hour,Bulgaria,2018,30113.738,,
ESTAT:NRG_BAL_C(1.0),06/03/26 23:00:00,Annual,Imports,Natural gas,Gigawatt-hour,Bulgaria,2019,28585.232,,
ESTAT:NRG_BAL_C(1.0),06/03/26 23:00:00,Annual,Imports,Natural gas,Gigawatt-hour,Bulgaria,2020,28304.151,,
ESTAT:NRG_BAL_C(1.0),06/03/26 23:00:00,Annual,Imports,Natural gas,Gigawatt-hour,Bulgaria,2021,31797.428,,
ESTAT:NRG_BAL_C(1.0),06/03/26 23:00:00,Annual,Imports,Natural gas,Gigawatt-hour,Bulgaria,2022,28693.778,,
ESTAT:NRG_BAL_C(1.0),06/03/26 23:00:00,Annual,Imports,Natural gas,Gigawatt-hour,Bulgaria,2023,25186.079,,
ESTAT:NRG_BAL_C(1.0),06/03/26 23:00:00,Annual,Imports,Natural gas,Gigawatt-hour,Bulgaria,2024,26569.625,,
ESTAT:NRG_BAL_C(1.0),06/03/26 23:00:00,Annual,Imports,Natural gas,Gigawatt-hour,Cyprus,2005,0.000,,
ESTAT:NRG_BAL_C(1.0),06/03/26 23:00:00,Annual,Imports,Natural gas,Gigawatt-hour,Cyprus,2006,0.000,,
ESTAT:NRG_BAL_C(1.0),06/03/26 23:00:00,Annual,Imports,Natural gas,Gigawatt-hour,Cyprus,2007,0.000,,
ESTAT:NRG_BAL_C(1.0),06/03/26 23:00:00,Annual,Imports,Natural gas,Gigawatt-hour,Cyprus,2008,0.000,,
ESTAT:NRG_BAL_C(1.0),06/03/26 23:00:00,Annual,Imports,Natural gas,Gigawatt-hour,Cyprus,2009,0.000,,
ESTAT:NRG_BAL_C(1.0),06/03/26 23:00:00,Annual,Imports,Natural gas,Gigawatt-hour,Cyprus,2010,0.000,,
ESTAT:NRG_BAL_C(1.0),06/03/26 23:00:00,Annual,Imports,Natural gas,Gigawatt-hour,Cyprus,2011,0.000,,
ESTAT:NRG_BAL_C(1.0),06/03/26 23:00:00,Annual,Imports,Natural gas,Gigawatt-hour,Cyprus,2012,0.000,,
ESTAT:NRG_BAL_C(1.0),06/03/26 23:00:00,Annual,Imports,Natural gas,Gigawatt-hour,Cyprus,2013,0.000,,
ESTAT:NRG_BAL_C(1.0),06/03/26 23:00:00,Annual,Imports,Natural gas,Gigawatt-hour,Cyprus,2014,0.000,,
ESTAT:NRG_BAL_C(1.0),06/03/26 23:00:00,Annual,Imports,Natural gas,Gigawatt-hour,Cyprus,2015,0.000,,
ESTAT:NRG_BAL_C(1.0),06/03/26 23:00:00,Annual,Imports,Natural gas,Gigawatt-hour,Cyprus,2016,0.000,,
ESTAT:NRG_BAL_C(1.0),06/03/26 23:00:00,Annual,Imports,Natural gas,Gigawatt-hour,Cyprus,2017,0.000,,
ESTAT:NRG_BAL_C(1.0),06/03/26 23:00:00,Annual,Imports,Natural gas,Gigawatt-hour,Cyprus,2018,0.000,,
ESTAT:NRG_BAL_C(1.0),06/03/26 23:00:00,Annual,Imports,Natural gas,Gigawatt-hour,Cyprus,2019,0.000,,
ESTAT:NRG_BAL_C(1.0),06/03/26 23:00:00,Annual,Imports,Natural gas,Gigawatt-hour,Cyprus,2020,0.000,,
ESTAT:NRG_BAL_C(1.0),06/03/26 23:00:00,Annual,Imports,Natural gas,Gigawatt-hour,Cyprus,2021,0.000,,
ESTAT:NRG_BAL_C(1.0),06/03/26 23:00:00,Annual,Imports,Natural gas,Gigawatt-hour,Cyprus,2022,0.000,,
ESTAT:NRG_BAL_C(1.0),06/03/26 23:00:00,Annual,Imports,Natural gas,Gigawatt-hour,Cyprus,2023,0.000,,
ESTAT:NRG_BAL_C(1.0),06/03/26 23:00:00,Annual,Imports,Natural gas,Gigawatt-hour,Cyprus,2024,0.000,,
ESTAT:NRG_BAL_C(1.0),06/03/26 23:00:00,Annual,Imports,Natural gas,Gigawatt-hour,Czechia,2005,88431.500,,
ESTAT:NRG_BAL_C(1.0),06/03/26 23:00:00,Annual,Imports,Natural gas,Gigawatt-hour,Czechia,2006,93038.000,,
ESTAT:NRG_BAL_C(1.0),06/03/26 23:00:00,Annual,Imports,Natural gas,Gigawatt-hour,Czechia,2007,79474.750,,
ESTAT:NRG_BAL_C(1.0),06/03/26 23:00:00,Annual,Imports,Natural gas,Gigawatt-hour,Czechia,2008,82535.750,,
ESTAT:NRG_BAL_C(1.0),06/03/26 23:00:00,Annual,Imports,Natural gas,Gigawatt-hour,Czechia,2009,82573.000,,
ESTAT:NRG_BAL_C(1.0),06/03/26 23:00:00,Annual,Imports,Natural gas,Gigawatt-hour,Czechia,2010,81135.250,,
ESTAT:NRG_BAL_C(1.0),06/03/26 23:00:00,Annual,Imports,Natural gas,Gigawatt-hour,Czechia,2011,88882.000,,
ESTAT:NRG_BAL_C(1.0),06/03/26 23:00:00,Annual,Imports,Natural gas,Gigawatt-hour,Czechia,2012,71030.750,,
ESTAT:NRG_BAL_C(1.0),06/03/26 23:00:00,Annual,Imports,Natural gas,Gigawatt-hour,Czechia,2013,81038.500,,
ESTAT:NRG_BAL_C(1.0),06/03/26 23:00:00,Annual,Imports,Natural gas,Gigawatt-hour,Czechia,2014,69228.750,,
ESTAT:NRG_BAL_C(1.0),06/03/26 23:00:00,Annual,Imports,Natural gas,Gigawatt-hour,Czechia,2015,71691.750,,
ESTAT:NRG_BAL_C(1.0),06/03/26 23:00:00,Annual,Imports,Natural gas,Gigawatt-hour,Czechia,2016,78096.073,,
ESTAT:NRG_BAL_C(1.0),06/03/26 23:00:00,Annual,Imports,Natural gas,Gigawatt-hour,Czechia,2017,85302.750,,
ESTAT:NRG_BAL_C(1.0),06/03/26 23:00:00,Annual,Imports,Natural gas,Gigawatt-hour,Czechia,2018,76798.413,,
ESTAT:NRG_BAL_C(1.0),06/03/26 23:00:00,Annual,Imports,Natural gas,Gigawatt-hour,Czechia,2019,91369.098,,
ESTAT:NRG_BAL_C(1.0),06/03/26 23:00:00,Annual,Imports,Natural gas,Gigawatt-hour,Czechia,2020,72805.858,,
ESTAT:NRG_BAL_C(1.0),06/03/26 23:00:00,Annual,Imports,Natural gas,Gigawatt-hour,Czechia,2021,83538.310,,
ESTAT:NRG_BAL_C(1.0),06/03/26 23:00:00,Annual,Imports,Natural gas,Gigawatt-hour,Czechia,2022,83618.377,,
ESTAT:NRG_BAL_C(1.0),06/03/26 23:00:00,Annual,Imports,Natural gas,Gigawatt-hour,Czechia,2023,67009.844,,
ESTAT:NRG_BAL_C(1.0),06/03/26 23:00:00,Annual,Imports,Natural gas,Gigawatt-hour,Czechia,2024,56242.746,,
ESTAT:NRG_BAL_C(1.0),06/03/26 23:00:00,Annual,Imports,Natural gas,Gigawatt-hour,Germany,2005,917603.770,,
ESTAT:NRG_BAL_C(1.0),06/03/26 23:00:00,Annual,Imports,Natural gas,Gigawatt-hour,Germany,2006,906890.331,,
ESTAT:NRG_BAL_C(1.0),06/03/26 23:00:00,Annual,Imports,Natural gas,Gigawatt-hour,Germany,2007,844087.689,,
ESTAT:NRG_BAL_C(1.0),06/03/26 23:00:00,Annual,Imports,Natural gas,Gigawatt-hour,Germany,2008,884618.708,,
ESTAT:NRG_BAL_C(1.0),06/03/26 23:00:00,Annual,Imports,Natural gas,Gigawatt-hour,Germany,2009,854383.880,,
ESTAT:NRG_BAL_C(1.0),06/03/26 23:00:00,Annual,Imports,Natural gas,Gigawatt-hour,Germany,2010,916465.026,,
ESTAT:NRG_BAL_C(1.0),06/03/26 23:00:00,Annual,Imports,Natural gas,Gigawatt-hour,Germany,2011,873764.520,,
ESTAT:NRG_BAL_C(1.0),06/03/26 23:00:00,Annual,Imports,Natural gas,Gigawatt-hour,Germany,2012,861641.339,,
ESTAT:NRG_BAL_C(1.0),06/03/26 23:00:00,Annual,Imports,Natural gas,Gigawatt-hour,Germany,2013,953029.068,,
ESTAT:NRG_BAL_C(1.0),06/03/26 23:00:00,Annual,Imports,Natural gas,Gigawatt-hour,Germany,2014,876214.256,,
ESTAT:NRG_BAL_C(1.0),06/03/26 23:00:00,Annual,Imports,Natural gas,Gigawatt-hour,Germany,2015,999231.805,,
ESTAT:NRG_BAL_C(1.0),06/03/26 23:00:00,Annual,Imports,Natural gas,Gigawatt-hour,Germany,2016,949149.590,,
ESTAT:NRG_BAL_C(1.0),06/03/26 23:00:00,Annual,Imports,Natural gas,Gigawatt-hour,Germany,2017,1113483.689,,
ESTAT:NRG_BAL_C(1.0),06/03/26 23:00:00,Annual,Imports,Natural gas,Gigawatt-hour,Germany,2018,820282.408,,
ESTAT:NRG_BAL_C(1.0),06/03/26 23:00:00,Annual,Imports,Natural gas,Gigawatt-hour,Germany,2019,880066.234,,
ESTAT:NRG_BAL_C(1.0),06/03/26 23:00:00,Annual,Imports,Natural gas,Gigawatt-hour,Germany,2020,773068.202,,
ESTAT:NRG_BAL_C(1.0),06/03/26 23:00:00,Annual,Imports,Natural gas,Gigawatt-hour,Germany,2021,814019.718,,
ESTAT:NRG_BAL_C(1.0),06/03/26 23:00:00,Annual,Imports,Natural gas,Gigawatt-hour,Germany,2022,822237.621,,
ESTAT:NRG_BAL_C(1.0),06/03/26 23:00:00,Annual,Imports,Natural gas,Gigawatt-hour,Germany,2023,697801.351,,
ESTAT:NRG_BAL_C(1.0),06/03/26 23:00:00,Annual,Imports,Natural gas,Gigawatt-hour,Germany,2024,690669.552,,
ESTAT:NRG_BAL_C(1.0),06/03/26 23:00:00,Annual,Imports,Natural gas,Gigawatt-hour,Denmark,2005,0.000,,
ESTAT:NRG_BAL_C(1.0),06/03/26 23:00:00,Annual,Imports,Natural gas,Gigawatt-hour,Denmark,2006,0.000,,
ESTAT:NRG_BAL_C(1.0),06/03/26 23:00:00,Annual,Imports,Natural gas,Gigawatt-hour,Denmark,2007,0.000,,
ESTAT:NRG_BAL_C(1.0),06/03/26 23:00:00,Annual,Imports,Natural gas,Gigawatt-hour,Denmark,2008,0.000,,
ESTAT:NRG_BAL_C(1.0),06/03/26 23:00:00,Annual,Imports,Natural gas,Gigawatt-hour,Denmark,2009,0.000,,
ESTAT:NRG_BAL_C(1.0),06/03/26 23:00:00,Annual,Imports,Natural gas,Gigawatt-hour,Denmark,2010,1582.013,,
ESTAT:NRG_BAL_C(1.0),06/03/26 23:00:00,Annual,Imports,Natural gas,Gigawatt-hour,Denmark,2011,8741.867,,
ESTAT:NRG_BAL_C(1.0),06/03/26 23:00:00,Annual,Imports,Natural gas,Gigawatt-hour,Denmark,2012,9557.127,,
ESTAT:NRG_BAL_C(1.0),06/03/26 23:00:00,Annual,Imports,Natural gas,Gigawatt-hour,Denmark,2013,13995.849,,
ESTAT:NRG_BAL_C(1.0),06/03/26 23:00:00,Annual,Imports,Natural gas,Gigawatt-hour,Denmark,2014,6506.003,,
ESTAT:NRG_BAL_C(1.0),06/03/26 23:00:00,Annual,Imports,Natural gas,Gigawatt-hour,Denmark,2015,6891.820,,
ESTAT:NRG_BAL_C(1.0),06/03/26 23:00:00,Annual,Imports,Natural gas,Gigawatt-hour,Denmark,2016,7127.724,,
ESTAT:NRG_BAL_C(1.0),06/03/26 23:00:00,Annual,Imports,Natural gas,Gigawatt-hour,Denmark,2017,5419.510,,
ESTAT:NRG_BAL_C(1.0),06/03/26 23:00:00,Annual,Imports,Natural gas,Gigawatt-hour,Denmark,2018,4046.055,,
ESTAT:NRG_BAL_C(1.0),06/03/26 23:00:00,Annual,Imports,Natural gas,Gigawatt-hour,Denmark,2019,11626.528,,
ESTAT:NRG_BAL_C(1.0),06/03/26 23:00:00,Annual,Imports,Natural gas,Gigawatt-hour,Denmark,2020,25758.574,,
ESTAT:NRG_BAL_C(1.0),06/03/26 23:00:00,Annual,Imports,Natural gas,Gigawatt-hour,Denmark,2021,24122.197,,
ESTAT:NRG_BAL_C(1.0),06/03/26 23:00:00,Annual,Imports,Natural gas,Gigawatt-hour,Denmark,2022,26884.417,,
ESTAT:NRG_BAL_C(1.0),06/03/26 23:00:00,Annual,Imports,Natural gas,Gigawatt-hour,Denmark,2023,86253.474,,
ESTAT:NRG_BAL_C(1.0),06/03/26 23:00:00,Annual,Imports,Natural gas,Gigawatt-hour,Denmark,2024,83824.209,,
ESTAT:NRG_BAL_C(1.0),06/03/26 23:00:00,Annual,Imports,Natural gas,Gigawatt-hour,Estonia,2005,9300.250,,
ESTAT:NRG_BAL_C(1.0),06/03/26 23:00:00,Annual,Imports,Natural gas,Gigawatt-hour,Estonia,2006,9398.750,,
ESTAT:NRG_BAL_C(1.0),06/03/26 23:00:00,Annual,Imports,Natural gas,Gigawatt-hour,Estonia,2007,9343.000,,
ESTAT:NRG_BAL_C(1.0),06/03/26 23:00:00,Annual,Imports,Natural gas,Gigawatt-hour,Estonia,2008,8961.000,,
ESTAT:NRG_BAL_C(1.0),06/03/26 23:00:00,Annual,Imports,Natural gas,Gigawatt-hour,Estonia,2009,6107.250,,
ESTAT:NRG_BAL_C(1.0),06/03/26 23:00:00,Annual,Imports,Natural gas,Gigawatt-hour,Estonia,2010,6542.000,,
ESTAT:NRG_BAL_C(1.0),06/03/26 23:00:00,Annual,Imports,Natural gas,Gigawatt-hour,Estonia,2011,5853.250,,
ESTAT:NRG_BAL_C(1.0),06/03/26 23:00:00,Annual,Imports,Natural gas,Gigawatt-hour,Estonia,2012,6343.000,,
ESTAT:NRG_BAL_C(1.0),06/03/26 23:00:00,Annual,Imports,Natural gas,Gigawatt-hour,Estonia,2013,6453.500,,
ESTAT:NRG_BAL_C(1.0),06/03/26 23:00:00,Annual,Imports,Natural gas,Gigawatt-hour,Estonia,2014,5065.500,,
ESTAT:NRG_BAL_C(1.0),06/03/26 23:00:00,Annual,Imports,Natural gas,Gigawatt-hour,Estonia,2015,4541.000,,
ESTAT:NRG_BAL_C(1.0),06/03/26 23:00:00,Annual,Imports,Natural gas,Gigawatt-hour,Estonia,2016,4980.750,,
ESTAT:NRG_BAL_C(1.0),06/03/26 23:00:00,Annual,Imports,Natural gas,Gigawatt-hour,Estonia,2017,4888.793,,
ESTAT:NRG_BAL_C(1.0),06/03/26 23:00:00,Annual,Imports,Natural gas,Gigawatt-hour,Estonia,2018,5003.573,,
ESTAT:NRG_BAL_C(1.0),06/03/26 23:00:00,Annual,Imports,Natural gas,Gigawatt-hour,Estonia,2019,4660.554,,
ESTAT:NRG_BAL_C(1.0),06/03/26 23:00:00,Annual,Imports,Natural gas,Gigawatt-hour,Estonia,2020,4300.500,,
ESTAT:NRG_BAL_C(1.0),06/03/26 23:00:00,Annual,Imports,Natural gas,Gigawatt-hour,Estonia,2021,4863.190,,
ESTAT:NRG_BAL_C(1.0),06/03/26 23:00:00,Annual,Imports,Natural gas,Gigawatt-hour,Estonia,2022,4036.667,,
ESTAT:NRG_BAL_C(1.0),06/03/26 23:00:00,Annual,Imports,Natural gas,Gigawatt-hour,Estonia,2023,3129.675,,
ESTAT:NRG_BAL_C(1.0),06/03/26 23:00:00,Annual,Imports,Natural gas,Gigawatt-hour,Estonia,2024,3420.068,,
ESTAT:NRG_BAL_C(1.0),06/03/26 23:00:00,Annual,Imports,Natural gas,Gigawatt-hour,Greece,2005,27123.985,,
ESTAT:NRG_BAL_C(1.0),06/03/26 23:00:00,Annual,Imports,Natural gas,Gigawatt-hour,Greece,2006,31651.457,,
ESTAT:NRG_BAL_C(1.0),06/03/26 23:00:00,Annual,Imports,Natural gas,Gigawatt-hour,Greece,2007,38784.947,,
ESTAT:NRG_BAL_C(1.0),06/03/26 23:00:00,Annual,Imports,Natural gas,Gigawatt-hour,Greece,2008,40781.086,,
ESTAT:NRG_BAL_C(1.0),06/03/26 23:00:00,Annual,Imports,Natural gas,Gigawatt-hour,Greece,2009,34458.849,,
ESTAT:NRG_BAL_C(1.0),06/03/26 23:00:00,Annual,Imports,Natural gas,Gigawatt-hour,Greece,2010,37572.572,,
ESTAT:NRG_BAL_C(1.0),06/03/26 23:00:00,Annual,Imports,Natural gas,Gigawatt-hour,Greece,2011,46211.882,,
ESTAT:NRG_BAL_C(1.0),06/03/26 23:00:00,Annual,Imports,Natural gas,Gigawatt-hour,Greece,2012,42726.635,,
ESTAT:NRG_BAL_C(1.0),06/03/26 23:00:00,Annual,Imports,Natural gas,Gigawatt-hour,Greece,2013,37619.572,,
ESTAT:NRG_BAL_C(1.0),06/03/26 23:00:00,Annual,Imports,Natural gas,Gigawatt-hour,Greece,2014,28686.669,,
ESTAT:NRG_BAL_C(1.0),06/03/26 23:00:00,Annual,Imports,Natural gas,Gigawatt-hour,Greece,2015,31094.689,,
ESTAT:NRG_BAL_C(1.0),06/03/26 23:00:00,Annual,Imports,Natural gas,Gigawatt-hour,Greece,2016,40268.565,,
ESTAT:NRG_BAL_C(1.0),06/03/26 23:00:00,Annual,Imports,Natural gas,Gigawatt-hour,Greece,2017,49137.423,,
ESTAT:NRG_BAL_C(1.0),06/03/26 23:00:00,Annual,Imports,Natural gas,Gigawatt-hour,Greece,2018,48201.863,,
ESTAT:NRG_BAL_C(1.0),06/03/26 23:00:00,Annual,Imports,Natural gas,Gigawatt-hour,Greece,2019,51839.415,,
ESTAT:NRG_BAL_C(1.0),06/03/26 23:00:00,Annual,Imports,Natural gas,Gigawatt-hour,Greece,2020,58046.129,,
ESTAT:NRG_BAL_C(1.0),06/03/26 23:00:00,Annual,Imports,Natural gas,Gigawatt-hour,Greece,2021,63148.621,,
ESTAT:NRG_BAL_C(1.0),06/03/26 23:00:00,Annual,Imports,Natural gas,Gigawatt-hour,Greece,2022,56813.159,,
ESTAT:NRG_BAL_C(1.0),06/03/26 23:00:00,Annual,Imports,Natural gas,Gigawatt-hour,Greece,2023,47719.751,,
ESTAT:NRG_BAL_C(1.0),06/03/26 23:00:00,Annual,Imports,Natural gas,Gigawatt-hour,Greece,2024,61723.324,,
ESTAT:NRG_BAL_C(1.0),06/03/26 23:00:00,Annual,Imports,Natural gas,Gigawatt-hour,Spain,2005,351786.089,,
ESTAT:NRG_BAL_C(1.0),06/03/26 23:00:00,Annual,Imports,Natural gas,Gigawatt-hour,Spain,2006,368052.954,,
ESTAT:NRG_BAL_C(1.0),06/03/26 23:00:00,Annual,Imports,Natural gas,Gigawatt-hour,Spain,2007,366390.718,,
ESTAT:NRG_BAL_C(1.0),06/03/26 23:00:00,Annual,Imports,Natural gas,Gigawatt-hour,Spain,2008,410282.014,,
ESTAT:NRG_BAL_C(1.0),06/03/26 23:00:00,Annual,Imports,Natural gas,Gigawatt-hour,Spain,2009,369529.532,,
ESTAT:NRG_BAL_C(1.0),06/03/26 23:00:00,Annual,Imports,Natural gas,Gigawatt-hour,Spain,2010,371636.790,,
ESTAT:NRG_BAL_C(1.0),06/03/26 23:00:00,Annual,Imports,Natural gas,Gigawatt-hour,Spain,2011,359117.793,,
ESTAT:NRG_BAL_C(1.0),06/03/26 23:00:00,Annual,Imports,Natural gas,Gigawatt-hour,Spain,2012,354774.896,,
ESTAT:NRG_BAL_C(1.0),06/03/26 23:00:00,Annual,Imports,Natural gas,Gigawatt-hour,Spain,2013,359095.986,,
ESTAT:NRG_BAL_C(1.0),06/03/26 23:00:00,Annual,Imports,Natural gas,Gigawatt-hour,Spain,2014,368152.543,,
ESTAT:NRG_BAL_C(1.0),06/03/26 23:00:00,Annual,Imports,Natural gas,Gigawatt-hour,Spain,2015,327759.499,,
ESTAT:NRG_BAL_C(1.0),06/03/26 23:00:00,Annual,Imports,Natural gas,Gigawatt-hour,Spain,2016,327896.351,,
ESTAT:NRG_BAL_C(1.0),06/03/26 23:00:00,Annual,Imports,Natural gas,Gigawatt-hour,Spain,2017,350366.097,,
ESTAT:NRG_BAL_C(1.0),06/03/26 23:00:00,Annual,Imports,Natural gas,Gigawatt-hour,Spain,2018,352294.250,,
ESTAT:NRG_BAL_C(1.0),06/03/26 23:00:00,Annual,Imports,Natural gas,Gigawatt-hour,Spain,2019,376502.748,,
ESTAT:NRG_BAL_C(1.0),06/03/26 23:00:00,Annual,Imports,Natural gas,Gigawatt-hour,Spain,2020,328547.057,,
ESTAT:NRG_BAL_C(1.0),06/03/26 23:00:00,Annual,Imports,Natural gas,Gigawatt-hour,Spain,2021,374062.428,,
ESTAT:NRG_BAL_C(1.0),06/03/26 23:00:00,Annual,Imports,Natural gas,Gigawatt-hour,Spain,2022,401625.824,,
ESTAT:NRG_BAL_C(1.0),06/03/26 23:00:00,Annual,Imports,Natural gas,Gigawatt-hour,Spain,2023,356790.789,,
ESTAT:NRG_BAL_C(1.0),06/03/26 23:00:00,Annual,Imports,Natural gas,Gigawatt-hour,Spain,2024,305237.288,,
ESTAT:NRG_BAL_C(1.0),06/03/26 23:00:00,Annual,Imports,Natural gas,Gigawatt-hour,Finland,2005,41945.750,,
ESTAT:NRG_BAL_C(1.0),06/03/26 23:00:00,Annual,Imports,Natural gas,Gigawatt-hour,Finland,2006,45185.500,,
ESTAT:NRG_BAL_C(1.0),06/03/26 23:00:00,Annual,Imports,Natural gas,Gigawatt-hour,Finland,2007,43395.239,,
ESTAT:NRG_BAL_C(1.0),06/03/26 23:00:00,Annual,Imports,Natural gas,Gigawatt-hour,Finland,2008,44917.472,,
ESTAT:NRG_BAL_C(1.0),06/03/26 23:00:00,Annual,Imports,Natural gas,Gigawatt-hour,Finland,2009,40516.119,,
ESTAT:NRG_BAL_C(1.0),06/03/26 23:00:00,Annual,Imports,Natural gas,Gigawatt-hour,Finland,2010,44625.238,,
ESTAT:NRG_BAL_C(1.0),06/03/26 23:00:00,Annual,Imports,Natural gas,Gigawatt-hour,Finland,2011,39076.229,,
ESTAT:NRG_BAL_C(1.0),06/03/26 23:00:00,Annual,Imports,Natural gas,Gigawatt-hour,Finland,2012,34949.545,,
ESTAT:NRG_BAL_C(1.0),06/03/26 23:00:00,Annual,Imports,Natural gas,Gigawatt-hour,Finland,2013,33224.862,,
ESTAT:NRG_BAL_C(1.0),06/03/26 23:00:00,Annual,Imports,Natural gas,Gigawatt-hour,Finland,2014,29231.505,,
ESTAT:NRG_BAL_C(1.0),06/03/26 23:00:00,Annual,Imports,Natural gas,Gigawatt-hour,Finland,2015,26010.500,,
ESTAT:NRG_BAL_C(1.0),06/03/26 23:00:00,Annual,Imports,Natural gas,Gigawatt-hour,Finland,2016,23946.473,,
ESTAT:NRG_BAL_C(1.0),06/03/26 23:00:00,Annual,Imports,Natural gas,Gigawatt-hour,Finland,2017,22278.273,,
ESTAT:NRG_BAL_C(1.0),06/03/26 23:00:00,Annual,Imports,Natural gas,Gigawatt-hour,Finland,2018,25393.070,,
ESTAT:NRG_BAL_C(1.0),06/03/26 23:00:00,Annual,Imports,Natural gas,Gigawatt-hour,Finland,2019,24939.986,,
ESTAT:NRG_BAL_C(1.0),06/03/26 23:00:00,Annual,Imports,Natural gas,Gigawatt-hour,Finland,2020,24696.217,,
ESTAT:NRG_BAL_C(1.0),06/03/26 23:00:00,Annual,Imports,Natural gas,Gigawatt-hour,Finland,2021,24662.230,,
ESTAT:NRG_BAL_C(1.0),06/03/26 23:00:00,Annual,Imports,Natural gas,Gigawatt-hour,Finland,2022,13257.670,,
ESTAT:NRG_BAL_C(1.0),06/03/26 23:00:00,Annual,Imports,Natural gas,Gigawatt-hour,Finland,2023,17188.118,,
ESTAT:NRG_BAL_C(1.0),06/03/26 23:00:00,Annual,Imports,Natural gas,Gigawatt-hour,Finland,2024,21717.798,,
ESTAT:NRG_BAL_C(1.0),06/03/26 23:00:00,Annual,Imports,Natural gas,Gigawatt-hour,France,2005,484083.335,,
ESTAT:NRG_BAL_C(1.0),06/03/26 23:00:00,Annual,Imports,Natural gas,Gigawatt-hour,France,2006,466920.708,,
ESTAT:NRG_BAL_C(1.0),06/03/26 23:00:00,Annual,Imports,Natural gas,Gigawatt-hour,France,2007,440877.349,,
ESTAT:NRG_BAL_C(1.0),06/03/26 23:00:00,Annual,Imports,Natural gas,Gigawatt-hour,France,2008,466377.701,,
ESTAT:NRG_BAL_C(1.0),06/03/26 23:00:00,Annual,Imports,Natural gas,Gigawatt-hour,France,2009,473567.441,,
ESTAT:NRG_BAL_C(1.0),06/03/26 23:00:00,Annual,Imports,Natural gas,Gigawatt-hour,France,2010,489750.646,,
ESTAT:NRG_BAL_C(1.0),06/03/26 23:00:00,Annual,Imports,Natural gas,Gigawatt-hour,France,2011,512015.473,,
ESTAT:NRG_BAL_C(1.0),06/03/26 23:00:00,Annual,Imports,Natural gas,Gigawatt-hour,France,2012,492634.601,,
ESTAT:NRG_BAL_C(1.0),06/03/26 23:00:00,Annual,Imports,Natural gas,Gigawatt-hour,France,2013,494465.871,,
ESTAT:NRG_BAL_C(1.0),06/03/26 23:00:00,Annual,Imports,Natural gas,Gigawatt-hour,France,2014,439680.423,,
ESTAT:NRG_BAL_C(1.0),06/03/26 23:00:00,Annual,Imports,Natural gas,Gigawatt-hour,France,2015,436075.954,,
ESTAT:NRG_BAL_C(1.0),06/03/26 23:00:00,Annual,Imports,Natural gas,Gigawatt-hour,France,2016,457551.128,,
ESTAT:NRG_BAL_C(1.0),06/03/26 23:00:00,Annual,Imports,Natural gas,Gigawatt-hour,France,2017,479722.193,,
ESTAT:NRG_BAL_C(1.0),06/03/26 23:00:00,Annual,Imports,Natural gas,Gigawatt-hour,France,2018,485385.969,,
ESTAT:NRG_BAL_C(1.0),06/03/26 23:00:00,Annual,Imports,Natural gas,Gigawatt-hour,France,2019,550018.848,,
ESTAT:NRG_BAL_C(1.0),06/03/26 23:00:00,Annual,Imports,Natural gas,Gigawatt-hour,France,2020,468273.553,,
ESTAT:NRG_BAL_C(1.0),06/03/26 23:00:00,Annual,Imports,Natural gas,Gigawatt-hour,France,2021,469237.236,,
ESTAT:NRG_BAL_C(1.0),06/03/26 23:00:00,Annual,Imports,Natural gas,Gigawatt-hour,France,2022,574926.187,,
ESTAT:NRG_BAL_C(1.0),06/03/26 23:00:00,Annual,Imports,Natural gas,Gigawatt-hour,France,2023,478737.725,,
ESTAT:NRG_BAL_C(1.0),06/03/26 23:00:00,Annual,Imports,Natural gas,Gigawatt-hour,France,2024,432068.802,,
ESTAT:NRG_BAL_C(1.0),06/03/26 23:00:00,Annual,Imports,Natural gas,Gigawatt-hour,Croatia,2005,10833.629,,
ESTAT:NRG_BAL_C(1.0),06/03/26 23:00:00,Annual,Imports,Natural gas,Gigawatt-hour,Croatia,2006,10701.750,,
ESTAT:NRG_BAL_C(1.0),06/03/26 23:00:00,Annual,Imports,Natural gas,Gigawatt-hour,Croatia,2007,10023.500,,
ESTAT:NRG_BAL_C(1.0),06/03/26 23:00:00,Annual,Imports,Natural gas,Gigawatt-hour,Croatia,2008,11470.500,,
ESTAT:NRG_BAL_C(1.0),06/03/26 23:00:00,Annual,Imports,Natural gas,Gigawatt-hour,Croatia,2009,9862.000,,
ESTAT:NRG_BAL_C(1.0),06/03/26 23:00:00,Annual,Imports,Natural gas,Gigawatt-hour,Croatia,2010,10101.750,,
ESTAT:NRG_BAL_C(1.0),06/03/26 23:00:00,Annual,Imports,Natural gas,Gigawatt-hour,Croatia,2011,8274.250,,
ESTAT:NRG_BAL_C(1.0),06/03/26 23:00:00,Annual,Imports,Natural gas,Gigawatt-hour,Croatia,2012,12822.750,,
ESTAT:NRG_BAL_C(1.0),06/03/26 23:00:00,Annual,Imports,Natural gas,Gigawatt-hour,Croatia,2013,11998.250,,
ESTAT:NRG_BAL_C(1.0),06/03/26 23:00:00,Annual,Imports,Natural gas,Gigawatt-hour,Croatia,2014,10885.500,,
ESTAT:NRG_BAL_C(1.0),06/03/26 23:00:00,Annual,Imports,Natural gas,Gigawatt-hour,Croatia,2015,10092.750,,
ESTAT:NRG_BAL_C(1.0),06/03/26 23:00:00,Annual,Imports,Natural gas,Gigawatt-hour,Croatia,2016,12225.395,,
ESTAT:NRG_BAL_C(1.0),06/03/26 23:00:00,Annual,Imports,Natural gas,Gigawatt-hour,Croatia,2017,17526.392,,
ESTAT:NRG_BAL_C(1.0),06/03/26 23:00:00,Annual,Imports,Natural gas,Gigawatt-hour,Croatia,2018,15291.635,,
ESTAT:NRG_BAL_C(1.0),06/03/26 23:00:00,Annual,Imports,Natural gas,Gigawatt-hour,Croatia,2019,19277.160,,
ESTAT:NRG_BAL_C(1.0),06/03/26 23:00:00,Annual,Imports,Natural gas,Gigawatt-hour,Croatia,2020,20704.569,,
ESTAT:NRG_BAL_C(1.0),06/03/26 23:00:00,Annual,Imports,Natural gas,Gigawatt-hour,Croatia,2021,22269.722,,
ESTAT:NRG_BAL_C(1.0),06/03/26 23:00:00,Annual,Imports,Natural gas,Gigawatt-hour,Croatia,2022,29627.486,,
ESTAT:NRG_BAL_C(1.0),06/03/26 23:00:00,Annual,Imports,Natural gas,Gigawatt-hour,Croatia,2023,29483.875,,
ESTAT:NRG_BAL_C(1.0),06/03/26 23:00:00,Annual,Imports,Natural gas,Gigawatt-hour,Croatia,2024,26271.025,,
ESTAT:NRG_BAL_C(1.0),06/03/26 23:00:00,Annual,Imports,Natural gas,Gigawatt-hour,Hungary,2005,114061.000,,
ESTAT:NRG_BAL_C(1.0),06/03/26 23:00:00,Annual,Imports,Natural gas,Gigawatt-hour,Hungary,2006,109570.500,,
ESTAT:NRG_BAL_C(1.0),06/03/26 23:00:00,Annual,Imports,Natural gas,Gigawatt-hour,Hungary,2007,99720.750,,
ESTAT:NRG_BAL_C(1.0),06/03/26 23:00:00,Annual,Imports,Natural gas,Gigawatt-hour,Hungary,2008,108456.000,,
ESTAT:NRG_BAL_C(1.0),06/03/26 23:00:00,Annual,Imports,Natural gas,Gigawatt-hour,Hungary,2009,91960.750,,
ESTAT:NRG_BAL_C(1.0),06/03/26 23:00:00,Annual,Imports,Natural gas,Gigawatt-hour,Hungary,2010,92023.000,,
ESTAT:NRG_BAL_C(1.0),06/03/26 23:00:00,Annual,Imports,Natural gas,Gigawatt-hour,Hungary,2011,76744.750,,
ESTAT:NRG_BAL_C(1.0),06/03/26 23:00:00,Annual,Imports,Natural gas,Gigawatt-hour,Hungary,2012,78444.000,,
ESTAT:NRG_BAL_C(1.0),06/03/26 23:00:00,Annual,Imports,Natural gas,Gigawatt-hour,Hungary,2013,78707.750,,
ESTAT:NRG_BAL_C(1.0),06/03/26 23:00:00,Annual,Imports,Natural gas,Gigawatt-hour,Hungary,2014,86484.250,,
ESTAT:NRG_BAL_C(1.0),06/03/26 23:00:00,Annual,Imports,Natural gas,Gigawatt-hour,Hungary,2015,66019.250,,
ESTAT:NRG_BAL_C(1.0),06/03/26 23:00:00,Annual,Imports,Natural gas,Gigawatt-hour,Hungary,2016,73646.751,,
ESTAT:NRG_BAL_C(1.0),06/03/26 23:00:00,Annual,Imports,Natural gas,Gigawatt-hour,Hungary,2017,95615.750,,
ESTAT:NRG_BAL_C(1.0),06/03/26 23:00:00,Annual,Imports,Natural gas,Gigawatt-hour,Hungary,2018,75000.500,,
ESTAT:NRG_BAL_C(1.0),06/03/26 23:00:00,Annual,Imports,Natural gas,Gigawatt-hour,Hungary,2019,113409.249,,
ESTAT:NRG_BAL_C(1.0),06/03/26 23:00:00,Annual,Imports,Natural gas,Gigawatt-hour,Hungary,2020,77081.501,,
ESTAT:NRG_BAL_C(1.0),06/03/26 23:00:00,Annual,Imports,Natural gas,Gigawatt-hour,Hungary,2021,72654.500,,
ESTAT:NRG_BAL_C(1.0),06/03/26 23:00:00,Annual,Imports,Natural gas,Gigawatt-hour,Hungary,2022,91094.751,,
ESTAT:NRG_BAL_C(1.0),06/03/26 23:00:00,Annual,Imports,Natural gas,Gigawatt-hour,Hungary,2023,80999.750,,
ESTAT:NRG_BAL_C(1.0),06/03/26 23:00:00,Annual,Imports,Natural gas,Gigawatt-hour,Hungary,2024,54185.750,,
ESTAT:NRG_BAL_C(1.0),06/03/26 23:00:00,Annual,Imports,Natural gas,Gigawatt-hour,Ireland,2005,35001.750,,
ESTAT:NRG_BAL_C(1.0),06/03/26 23:00:00,Annual,Imports,Natural gas,Gigawatt-hour,Ireland,2006,41880.658,,
ESTAT:NRG_BAL_C(1.0),06/03/26 23:00:00,Annual,Imports,Natural gas,Gigawatt-hour,Ireland,2007,45538.285,,
ESTAT:NRG_BAL_C(1.0),06/03/26 23:00:00,Annual,Imports,Natural gas,Gigawatt-hour,Ireland,2008,48450.185,,
ESTAT:NRG_BAL_C(1.0),06/03/26 23:00:00,Annual,Imports,Natural gas,Gigawatt-hour,Ireland,2009,46665.578,,
ESTAT:NRG_BAL_C(1.0),06/03/26 23:00:00,Annual,Imports,Natural gas,Gigawatt-hour,Ireland,2010,52100.815,,
ESTAT:NRG_BAL_C(1.0),06/03/26 23:00:00,Annual,Imports,Natural gas,Gigawatt-hour,Ireland,2011,45982.006,,
ESTAT:NRG_BAL_C(1.0),06/03/26 23:00:00,Annual,Imports,Natural gas,Gigawatt-hour,Ireland,2012,44639.275,,
ESTAT:NRG_BAL_C(1.0),06/03/26 23:00:00,Annual,Imports,Natural gas,Gigawatt-hour,Ireland,2013,43148.500,,
ESTAT:NRG_BAL_C(1.0),06/03/26 23:00:00,Annual,Imports,Natural gas,Gigawatt-hour,Ireland,2014,41772.172,,
ESTAT:NRG_BAL_C(1.0),06/03/26 23:00:00,Annual,Imports,Natural gas,Gigawatt-hour,Ireland,2015,42110.500,,
ESTAT:NRG_BAL_C(1.0),06/03/26 23:00:00,Annual,Imports,Natural gas,Gigawatt-hour,Ireland,2016,19770.500,,
ESTAT:NRG_BAL_C(1.0),06/03/26 23:00:00,Annual,Imports,Natural gas,Gigawatt-hour,Ireland,2017,16391.274,,
ESTAT:NRG_BAL_C(1.0),06/03/26 23:00:00,Annual,Imports,Natural gas,Gigawatt-hour,Ireland,2018,20240.313,,
ESTAT:NRG_BAL_C(1.0),06/03/26 23:00:00,Annual,Imports,Natural gas,Gigawatt-hour,Ireland,2019,28104.557,,
ESTAT:NRG_BAL_C(1.0),06/03/26 23:00:00,Annual,Imports,Natural gas,Gigawatt-hour,Ireland,2020,33764.750,,
ESTAT:NRG_BAL_C(1.0),06/03/26 23:00:00,Annual,Imports,Natural gas,Gigawatt-hour,Ireland,2021,36213.918,,
ESTAT:NRG_BAL_C(1.0),06/03/26 23:00:00,Annual,Imports,Natural gas,Gigawatt-hour,Ireland,2022,38343.507,,
ESTAT:NRG_BAL_C(1.0),06/03/26 23:00:00,Annual,Imports,Natural gas,Gigawatt-hour,Ireland,2023,37290.750,,
ESTAT:NRG_BAL_C(1.0),06/03/26 23:00:00,Annual,Imports,Natural gas,Gigawatt-hour,Ireland,2024,39356.500,,
ESTAT:NRG_BAL_C(1.0),06/03/26 23:00:00,Annual,Imports,Natural gas,Gigawatt-hour,Italy,2005,699706.500,,
ESTAT:NRG_BAL_C(1.0),06/03/26 23:00:00,Annual,Imports,Natural gas,Gigawatt-hour,Italy,2006,737225.750,,
ESTAT:NRG_BAL_C(1.0),06/03/26 23:00:00,Annual,Imports,Natural gas,Gigawatt-hour,Italy,2007,704373.750,,
ESTAT:NRG_BAL_C(1.0),06/03/26 23:00:00,Annual,Imports,Natural gas,Gigawatt-hour,Italy,2008,732158.500,,
ESTAT:NRG_BAL_C(1.0),06/03/26 23:00:00,Annual,Imports,Natural gas,Gigawatt-hour,Italy,2009,659608.250,,
ESTAT:NRG_BAL_C(1.0),06/03/26 23:00:00,Annual,Imports,Natural gas,Gigawatt-hour,Italy,2010,717746.750,,
ESTAT:NRG_BAL_C(1.0),06/03/26 23:00:00,Annual,Imports,Natural gas,Gigawatt-hour,Italy,2011,670264.750,,
ESTAT:NRG_BAL_C(1.0),06/03/26 23:00:00,Annual,Imports,Natural gas,Gigawatt-hour,Italy,2012,645080.750,,
ESTAT:NRG_BAL_C(1.0),06/03/26 23:00:00,Annual,Imports,Natural gas,Gigawatt-hour,Italy,2013,590226.250,,
ESTAT:NRG_BAL_C(1.0),06/03/26 23:00:00,Annual,Imports,Natural gas,Gigawatt-hour,Italy,2014,531085.500,,
ESTAT:NRG_BAL_C(1.0),06/03/26 23:00:00,Annual,Imports,Natural gas,Gigawatt-hour,Italy,2015,583558.500,,
ESTAT:NRG_BAL_C(1.0),06/03/26 23:00:00,Annual,Imports,Natural gas,Gigawatt-hour,Italy,2016,621830.000,,
ESTAT:NRG_BAL_C(1.0),06/03/26 23:00:00,Annual,Imports,Natural gas,Gigawatt-hour,Italy,2017,663416.612,,
ESTAT:NRG_BAL_C(1.0),06/03/26 23:00:00,Annual,Imports,Natural gas,Gigawatt-hour,Italy,2018,646485.048,,
ESTAT:NRG_BAL_C(1.0),06/03/26 23:00:00,Annual,Imports,Natural gas,Gigawatt-hour,Italy,2019,676896.555,,
ESTAT:NRG_BAL_C(1.0),06/03/26 23:00:00,Annual,Imports,Natural gas,Gigawatt-hour,Italy,2020,632391.706,,
ESTAT:NRG_BAL_C(1.0),06/03/26 23:00:00,Annual,Imports,Natural gas,Gigawatt-hour,Italy,2021,695282.414,,
ESTAT:NRG_BAL_C(1.0),06/03/26 23:00:00,Annual,Imports,Natural gas,Gigawatt-hour,Italy,2022,691432.685,,
ESTAT:NRG_BAL_C(1.0),06/03/26 23:00:00,Annual,Imports,Natural gas,Gigawatt-hour,Italy,2023,588870.838,,
ESTAT:NRG_BAL_C(1.0),06/03/26 23:00:00,Annual,Imports,Natural gas,Gigawatt-hour,Italy,2024,566368.532,,
ESTAT:NRG_BAL_C(1.0),06/03/26 23:00:00,Annual,Imports,Natural gas,Gigawatt-hour,Lithuania,2005,28988.750,,
ESTAT:NRG_BAL_C(1.0),06/03/26 23:00:00,Annual,Imports,Natural gas,Gigawatt-hour,Lithuania,2006,28835.500,,
ESTAT:NRG_BAL_C(1.0),06/03/26 23:00:00,Annual,Imports,Natural gas,Gigawatt-hour,Lithuania,2007,34606.250,,
ESTAT:NRG_BAL_C(1.0),06/03/26 23:00:00,Annual,Imports,Natural gas,Gigawatt-hour,Lithuania,2008,29071.000,,
ESTAT:NRG_BAL_C(1.0),06/03/26 23:00:00,Annual,Imports,Natural gas,Gigawatt-hour,Lithuania,2009,25462.250,,
ESTAT:NRG_BAL_C(1.0),06/03/26 23:00:00,Annual,Imports,Natural gas,Gigawatt-hour,Lithuania,2010,28895.000,,
ESTAT:NRG_BAL_C(1.0),06/03/26 23:00:00,Annual,Imports,Natural gas,Gigawatt-hour,Lithuania,2011,31695.250,,
ESTAT:NRG_BAL_C(1.0),06/03/26 23:00:00,Annual,Imports,Natural gas,Gigawatt-hour,Lithuania,2012,30885.250,,
ESTAT:NRG_BAL_C(1.0),06/03/26 23:00:00,Annual,Imports,Natural gas,Gigawatt-hour,Lithuania,2013,25182.750,,
ESTAT:NRG_BAL_C(1.0),06/03/26 23:00:00,Annual,Imports,Natural gas,Gigawatt-hour,Lithuania,2014,25012.250,,
ESTAT:NRG_BAL_C(1.0),06/03/26 23:00:00,Annual,Imports,Natural gas,Gigawatt-hour,Lithuania,2015,24900.500,,
ESTAT:NRG_BAL_C(1.0),06/03/26 23:00:00,Annual,Imports,Natural gas,Gigawatt-hour,Lithuania,2016,21974.000,,
ESTAT:NRG_BAL_C(1.0),06/03/26 23:00:00,Annual,Imports,Natural gas,Gigawatt-hour,Lithuania,2017,24189.736,,
ESTAT:NRG_BAL_C(1.0),06/03/26 23:00:00,Annual,Imports,Natural gas,Gigawatt-hour,Lithuania,2018,22178.495,,
ESTAT:NRG_BAL_C(1.0),06/03/26 23:00:00,Annual,Imports,Natural gas,Gigawatt-hour,Lithuania,2019,26719.174,,
ESTAT:NRG_BAL_C(1.0),06/03/26 23:00:00,Annual,Imports,Natural gas,Gigawatt-hour,Lithuania,2020,27708.250,,
ESTAT:NRG_BAL_C(1.0),06/03/26 23:00:00,Annual,Imports,Natural gas,Gigawatt-hour,Lithuania,2021,23292.885,,
ESTAT:NRG_BAL_C(1.0),06/03/26 23:00:00,Annual,Imports,Natural gas,Gigawatt-hour,Lithuania,2022,34431.045,,
ESTAT:NRG_BAL_C(1.0),06/03/26 23:00:00,Annual,Imports,Natural gas,Gigawatt-hour,Lithuania,2023,32288.842,,
ESTAT:NRG_BAL_C(1.0),06/03/26 23:00:00,Annual,Imports,Natural gas,Gigawatt-hour,Lithuania,2024,26349.225,,
ESTAT:NRG_BAL_C(1.0),06/03/26 23:00:00,Annual,Imports,Natural gas,Gigawatt-hour,Luxembourg,2005,13680.046,,
ESTAT:NRG_BAL_C(1.0),06/03/26 23:00:00,Annual,Imports,Natural gas,Gigawatt-hour,Luxembourg,2006,14309.427,,
ESTAT:NRG_BAL_C(1.0),06/03/26 23:00:00,Annual,Imports,Natural gas,Gigawatt-hour,Luxembourg,2007,13356.534,,
ESTAT:NRG_BAL_C(1.0),06/03/26 23:00:00,Annual,Imports,Natural gas,Gigawatt-hour,Luxembourg,2008,12714.349,,
ESTAT:NRG_BAL_C(1.0),06/03/26 23:00:00,Annual,Imports,Natural gas,Gigawatt-hour,Luxembourg,2009,12937.973,,
ESTAT:NRG_BAL_C(1.0),06/03/26 23:00:00,Annual,Imports,Natural gas,Gigawatt-hour,Luxembourg,2010,13916.304,,
ESTAT:NRG_BAL_C(1.0),06/03/26 23:00:00,Annual,Imports,Natural gas,Gigawatt-hour,Luxembourg,2011,12005.374,,
ESTAT:NRG_BAL_C(1.0),06/03/26 23:00:00,Annual,Imports,Natural gas,Gigawatt-hour,Luxembourg,2012,12223.856,,
ESTAT:NRG_BAL_C(1.0),06/03/26 23:00:00,Annual,Imports,Natural gas,Gigawatt-hour,Luxembourg,2013,10349.571,,
ESTAT:NRG_BAL_C(1.0),06/03/26 23:00:00,Annual,Imports,Natural gas,Gigawatt-hour,Luxembourg,2014,9805.959,,
ESTAT:NRG_BAL_C(1.0),06/03/26 23:00:00,Annual,Imports,Natural gas,Gigawatt-hour,Luxembourg,2015,8942.812,,
ESTAT:NRG_BAL_C(1.0),06/03/26 23:00:00,Annual,Imports,Natural gas,Gigawatt-hour,Luxembourg,2016,8246.929,,
ESTAT:NRG_BAL_C(1.0),06/03/26 23:00:00,Annual,Imports,Natural gas,Gigawatt-hour,Luxembourg,2017,8061.143,,
ESTAT:NRG_BAL_C(1.0),06/03/26 23:00:00,Annual,Imports,Natural gas,Gigawatt-hour,Luxembourg,2018,7950.633,,
ESTAT:NRG_BAL_C(1.0),06/03/26 23:00:00,Annual,Imports,Natural gas,Gigawatt-hour,Luxembourg,2019,7955.588,,
ESTAT:NRG_BAL_C(1.0),06/03/26 23:00:00,Annual,Imports,Natural gas,Gigawatt-hour,Luxembourg,2020,7225.362,,
ESTAT:NRG_BAL_C(1.0),06/03/26 23:00:00,Annual,Imports,Natural gas,Gigawatt-hour,Luxembourg,2021,7789.807,,
ESTAT:NRG_BAL_C(1.0),06/03/26 23:00:00,Annual,Imports,Natural gas,Gigawatt-hour,Luxembourg,2022,6117.396,,
ESTAT:NRG_BAL_C(1.0),06/03/26 23:00:00,Annual,Imports,Natural gas,Gigawatt-hour,Luxembourg,2023,5732.400,,
ESTAT:NRG_BAL_C(1.0),06/03/26 23:00:00,Annual,Imports,Natural gas,Gigawatt-hour,Luxembourg,2024,6033.957,,
ESTAT:NRG_BAL_C(1.0),06/03/26 23:00:00,Annual,Imports,Natural gas,Gigawatt-hour,Latvia,2005,16677.500,,
ESTAT:NRG_BAL_C(1.0),06/03/26 23:00:00,Annual,Imports,Natural gas,Gigawatt-hour,Latvia,2006,17793.500,,
ESTAT:NRG_BAL_C(1.0),06/03/26 23:00:00,Annual,Imports,Natural gas,Gigawatt-hour,Latvia,2007,15300.250,,
ESTAT:NRG_BAL_C(1.0),06/03/26 23:00:00,Annual,Imports,Natural gas,Gigawatt-hour,Latvia,2008,12738.250,,
ESTAT:NRG_BAL_C(1.0),06/03/26 23:00:00,Annual,Imports,Natural gas,Gigawatt-hour,Latvia,2009,16279.250,,
ESTAT:NRG_BAL_C(1.0),06/03/26 23:00:00,Annual,Imports,Natural gas,Gigawatt-hour,Latvia,2010,10503.500,,
ESTAT:NRG_BAL_C(1.0),06/03/26 23:00:00,Annual,Imports,Natural gas,Gigawatt-hour,Latvia,2011,16394.750,,
ESTAT:NRG_BAL_C(1.0),06/03/26 23:00:00,Annual,Imports,Natural gas,Gigawatt-hour,Latvia,2012,16028.750,,
ESTAT:NRG_BAL_C(1.0),06/03/26 23:00:00,Annual,Imports,Natural gas,Gigawatt-hour,Latvia,2013,16194.500,,
ESTAT:NRG_BAL_C(1.0),06/03/26 23:00:00,Annual,Imports,Natural gas,Gigawatt-hour,Latvia,2014,9072.750,,
ESTAT:NRG_BAL_C(1.0),06/03/26 23:00:00,Annual,Imports,Natural gas,Gigawatt-hour,Latvia,2015,12591.000,,
ESTAT:NRG_BAL_C(1.0),06/03/26 23:00:00,Annual,Imports,Natural gas,Gigawatt-hour,Latvia,2016,10732.626,,
ESTAT:NRG_BAL_C(1.0),06/03/26 23:00:00,Annual,Imports,Natural gas,Gigawatt-hour,Latvia,2017,11777.804,,
ESTAT:NRG_BAL_C(1.0),06/03/26 23:00:00,Annual,Imports,Natural gas,Gigawatt-hour,Latvia,2018,13437.484,,
ESTAT:NRG_BAL_C(1.0),06/03/26 23:00:00,Annual,Imports,Natural gas,Gigawatt-hour,Latvia,2019,12835.804,,
ESTAT:NRG_BAL_C(1.0),06/03/26 23:00:00,Annual,Imports,Natural gas,Gigawatt-hour,Latvia,2020,10596.759,,
ESTAT:NRG_BAL_C(1.0),06/03/26 23:00:00,Annual,Imports,Natural gas,Gigawatt-hour,Latvia,2021,11208.841,,
ESTAT:NRG_BAL_C(1.0),06/03/26 23:00:00,Annual,Imports,Natural gas,Gigawatt-hour,Latvia,2022,8027.678,,
ESTAT:NRG_BAL_C(1.0),06/03/26 23:00:00,Annual,Imports,Natural gas,Gigawatt-hour,Latvia,2023,7991.281,,
ESTAT:NRG_BAL_C(1.0),06/03/26 23:00:00,Annual,Imports,Natural gas,Gigawatt-hour,Latvia,2024,8262.052,,
ESTAT:NRG_BAL_C(1.0),06/03/26 23:00:00,Annual,Imports,Natural gas,Gigawatt-hour,Malta,2005,0.000,,
ESTAT:NRG_BAL_C(1.0),06/03/26 23:00:00,Annual,Imports,Natural gas,Gigawatt-hour,Malta,2006,0.000,,
ESTAT:NRG_BAL_C(1.0),06/03/26 23:00:00,Annual,Imports,Natural gas,Gigawatt-hour,Malta,2007,0.000,,
ESTAT:NRG_BAL_C(1.0),06/03/26 23:00:00,Annual,Imports,Natural gas,Gigawatt-hour,Malta,2008,0.000,,
ESTAT:NRG_BAL_C(1.0),06/03/26 23:00:00,Annual,Imports,Natural gas,Gigawatt-hour,Malta,2009,0.000,,
ESTAT:NRG_BAL_C(1.0),06/03/26 23:00:00,Annual,Imports,Natural gas,Gigawatt-hour,Malta,2010,0.000,,
ESTAT:NRG_BAL_C(1.0),06/03/26 23:00:00,Annual,Imports,Natural gas,Gigawatt-hour,Malta,2011,0.000,,
ESTAT:NRG_BAL_C(1.0),06/03/26 23:00:00,Annual,Imports,Natural gas,Gigawatt-hour,Malta,2012,0.000,,
ESTAT:NRG_BAL_C(1.0),06/03/26 23:00:00,Annual,Imports,Natural gas,Gigawatt-hour,Malta,2013,0.000,,
ESTAT:NRG_BAL_C(1.0),06/03/26 23:00:00,Annual,Imports,Natural gas,Gigawatt-hour,Malta,2014,0.000,,
ESTAT:NRG_BAL_C(1.0),06/03/26 23:00:00,Annual,Imports,Natural gas,Gigawatt-hour,Malta,2015,0.000,,
ESTAT:NRG_BAL_C(1.0),06/03/26 23:00:00,Annual,Imports,Natural gas,Gigawatt-hour,Malta,2016,0.000,,
ESTAT:NRG_BAL_C(1.0),06/03/26 23:00:00,Annual,Imports,Natural gas,Gigawatt-hour,Malta,2017,2957.316,,
ESTAT:NRG_BAL_C(1.0),06/03/26 23:00:00,Annual,Imports,Natural gas,Gigawatt-hour,Malta,2018,3729.727,,
ESTAT:NRG_BAL_C(1.0),06/03/26 23:00:00,Annual,Imports,Natural gas,Gigawatt-hour,Malta,2019,3690.194,,
ESTAT:NRG_BAL_C(1.0),06/03/26 23:00:00,Annual,Imports,Natural gas,Gigawatt-hour,Malta,2020,3559.240,,
ESTAT:NRG_BAL_C(1.0),06/03/26 23:00:00,Annual,Imports,Natural gas,Gigawatt-hour,Malta,2021,3840.471,,
ESTAT:NRG_BAL_C(1.0),06/03/26 23:00:00,Annual,Imports,Natural gas,Gigawatt-hour,Malta,2022,3759.960,,
ESTAT:NRG_BAL_C(1.0),06/03/26 23:00:00,Annual,Imports,Natural gas,Gigawatt-hour,Malta,2023,3682.290,,
ESTAT:NRG_BAL_C(1.0),06/03/26 23:00:00,Annual,Imports,Natural gas,Gigawatt-hour,Malta,2024,3717.690,,
ESTAT:NRG_BAL_C(1.0),06/03/26 23:00:00,Annual,Imports,Natural gas,Gigawatt-hour,Netherlands,2005,191166.113,,
ESTAT:NRG_BAL_C(1.0),06/03/26 23:00:00,Annual,Imports,Natural gas,Gigawatt-hour,Netherlands,2006,209804.801,,
ESTAT:NRG_BAL_C(1.0),06/03/26 23:00:00,Annual,Imports,Natural gas,Gigawatt-hour,Netherlands,2007,217471.525,,
ESTAT:NRG_BAL_C(1.0),06/03/26 23:00:00,Annual,Imports,Natural gas,Gigawatt-hour,Netherlands,2008,220499.265,,
ESTAT:NRG_BAL_C(1.0),06/03/26 23:00:00,Annual,Imports,Natural gas,Gigawatt-hour,Netherlands,2009,213916.037,,
ESTAT:NRG_BAL_C(1.0),06/03/26 23:00:00,Annual,Imports,Natural gas,Gigawatt-hour,Netherlands,2010,214582.535,,
ESTAT:NRG_BAL_C(1.0),06/03/26 23:00:00,Annual,Imports,Natural gas,Gigawatt-hour,Netherlands,2011,199860.334,,
ESTAT:NRG_BAL_C(1.0),06/03/26 23:00:00,Annual,Imports,Natural gas,Gigawatt-hour,Netherlands,2012,233721.471,,
ESTAT:NRG_BAL_C(1.0),06/03/26 23:00:00,Annual,Imports,Natural gas,Gigawatt-hour,Netherlands,2013,253638.155,,
ESTAT:NRG_BAL_C(1.0),06/03/26 23:00:00,Annual,Imports,Natural gas,Gigawatt-hour,Netherlands,2014,259638.135,,
ESTAT:NRG_BAL_C(1.0),06/03/26 23:00:00,Annual,Imports,Natural gas,Gigawatt-hour,Netherlands,2015,303320.858,,
ESTAT:NRG_BAL_C(1.0),06/03/26 23:00:00,Annual,Imports,Natural gas,Gigawatt-hour,Netherlands,2016,348548.435,,
ESTAT:NRG_BAL_C(1.0),06/03/26 23:00:00,Annual,Imports,Natural gas,Gigawatt-hour,Netherlands,2017,200349.644,,
ESTAT:NRG_BAL_C(1.0),06/03/26 23:00:00,Annual,Imports,Natural gas,Gigawatt-hour,Netherlands,2018,259172.752,,
ESTAT:NRG_BAL_C(1.0),06/03/26 23:00:00,Annual,Imports,Natural gas,Gigawatt-hour,Netherlands,2019,296993.330,,
ESTAT:NRG_BAL_C(1.0),06/03/26 23:00:00,Annual,Imports,Natural gas,Gigawatt-hour,Netherlands,2020,301682.875,,
ESTAT:NRG_BAL_C(1.0),06/03/26 23:00:00,Annual,Imports,Natural gas,Gigawatt-hour,Netherlands,2021,257563.783,,
ESTAT:NRG_BAL_C(1.0),06/03/26 23:00:00,Annual,Imports,Natural gas,Gigawatt-hour,Netherlands,2022,323276.458,,
ESTAT:NRG_BAL_C(1.0),06/03/26 23:00:00,Annual,Imports,Natural gas,Gigawatt-hour,Netherlands,2023,336150.828,,
ESTAT:NRG_BAL_C(1.0),06/03/26 23:00:00,Annual,Imports,Natural gas,Gigawatt-hour,Netherlands,2024,287562.405,,
ESTAT:NRG_BAL_C(1.0),06/03/26 23:00:00,Annual,Imports,Natural gas,Gigawatt-hour,Poland,2005,99636.750,,
ESTAT:NRG_BAL_C(1.0),06/03/26 23:00:00,Annual,Imports,Natural gas,Gigawatt-hour,Poland,2006,103934.000,,
ESTAT:NRG_BAL_C(1.0),06/03/26 23:00:00,Annual,Imports,Natural gas,Gigawatt-hour,Poland,2007,96356.750,,
ESTAT:NRG_BAL_C(1.0),06/03/26 23:00:00,Annual,Imports,Natural gas,Gigawatt-hour,Poland,2008,106486.250,,
ESTAT:NRG_BAL_C(1.0),06/03/26 23:00:00,Annual,Imports,Natural gas,Gigawatt-hour,Poland,2009,94863.000,,
ESTAT:NRG_BAL_C(1.0),06/03/26 23:00:00,Annual,Imports,Natural gas,Gigawatt-hour,Poland,2010,103646.658,,
ESTAT:NRG_BAL_C(1.0),06/03/26 23:00:00,Annual,Imports,Natural gas,Gigawatt-hour,Poland,2011,112384.345,,
ESTAT:NRG_BAL_C(1.0),06/03/26 23:00:00,Annual,Imports,Natural gas,Gigawatt-hour,Poland,2012,116803.820,,
ESTAT:NRG_BAL_C(1.0),06/03/26 23:00:00,Annual,Imports,Natural gas,Gigawatt-hour,Poland,2013,119431.790,,
ESTAT:NRG_BAL_C(1.0),06/03/26 23:00:00,Annual,Imports,Natural gas,Gigawatt-hour,Poland,2014,112916.937,,
ESTAT:NRG_BAL_C(1.0),06/03/26 23:00:00,Annual,Imports,Natural gas,Gigawatt-hour,Poland,2015,116210.837,,
ESTAT:NRG_BAL_C(1.0),06/03/26 23:00:00,Annual,Imports,Natural gas,Gigawatt-hour,Poland,2016,141711.369,,
ESTAT:NRG_BAL_C(1.0),06/03/26 23:00:00,Annual,Imports,Natural gas,Gigawatt-hour,Poland,2017,151504.890,,
ESTAT:NRG_BAL_C(1.0),06/03/26 23:00:00,Annual,Imports,Natural gas,Gigawatt-hour,Poland,2018,152091.662,,
ESTAT:NRG_BAL_C(1.0),06/03/26 23:00:00,Annual,Imports,Natural gas,Gigawatt-hour,Poland,2019,168247.040,,
ESTAT:NRG_BAL_C(1.0),06/03/26 23:00:00,Annual,Imports,Natural gas,Gigawatt-hour,Poland,2020,168300.219,,
ESTAT:NRG_BAL_C(1.0),06/03/26 23:00:00,Annual,Imports,Natural gas,Gigawatt-hour,Poland,2021,178275.817,,
ESTAT:NRG_BAL_C(1.0),06/03/26 23:00:00,Annual,Imports,Natural gas,Gigawatt-hour,Poland,2022,147974.880,,
ESTAT:NRG_BAL_C(1.0),06/03/26 23:00:00,Annual,Imports,Natural gas,Gigawatt-hour,Poland,2023,155904.914,,
ESTAT:NRG_BAL_C(1.0),06/03/26 23:00:00,Annual,Imports,Natural gas,Gigawatt-hour,Poland,2024,156191.438,,
ESTAT:NRG_BAL_C(1.0),06/03/26 23:00:00,Annual,Imports,Natural gas,Gigawatt-hour,Portugal,2005,45275.500,,
ESTAT:NRG_BAL_C(1.0),06/03/26 23:00:00,Annual,Imports,Natural gas,Gigawatt-hour,Portugal,2006,42585.000,,
ESTAT:NRG_BAL_C(1.0),06/03/26 23:00:00,Annual,Imports,Natural gas,Gigawatt-hour,Portugal,2007,43736.750,,
ESTAT:NRG_BAL_C(1.0),06/03/26 23:00:00,Annual,Imports,Natural gas,Gigawatt-hour,Portugal,2008,48198.750,,
ESTAT:NRG_BAL_C(1.0),06/03/26 23:00:00,Annual,Imports,Natural gas,Gigawatt-hour,Portugal,2009,49618.000,,
ESTAT:NRG_BAL_C(1.0),06/03/26 23:00:00,Annual,Imports,Natural gas,Gigawatt-hour,Portugal,2010,52392.750,,
ESTAT:NRG_BAL_C(1.0),06/03/26 23:00:00,Annual,Imports,Natural gas,Gigawatt-hour,Portugal,2011,52721.750,,
ESTAT:NRG_BAL_C(1.0),06/03/26 23:00:00,Annual,Imports,Natural gas,Gigawatt-hour,Portugal,2012,45615.000,,
ESTAT:NRG_BAL_C(1.0),06/03/26 23:00:00,Annual,Imports,Natural gas,Gigawatt-hour,Portugal,2013,44344.250,,
ESTAT:NRG_BAL_C(1.0),06/03/26 23:00:00,Annual,Imports,Natural gas,Gigawatt-hour,Portugal,2014,40409.500,,
ESTAT:NRG_BAL_C(1.0),06/03/26 23:00:00,Annual,Imports,Natural gas,Gigawatt-hour,Portugal,2015,47279.988,,
ESTAT:NRG_BAL_C(1.0),06/03/26 23:00:00,Annual,Imports,Natural gas,Gigawatt-hour,Portugal,2016,49556.451,,
ESTAT:NRG_BAL_C(1.0),06/03/26 23:00:00,Annual,Imports,Natural gas,Gigawatt-hour,Portugal,2017,63244.203,,
ESTAT:NRG_BAL_C(1.0),06/03/26 23:00:00,Annual,Imports,Natural gas,Gigawatt-hour,Portugal,2018,59275.377,,
ESTAT:NRG_BAL_C(1.0),06/03/26 23:00:00,Annual,Imports,Natural gas,Gigawatt-hour,Portugal,2019,61626.999,,
ESTAT:NRG_BAL_C(1.0),06/03/26 23:00:00,Annual,Imports,Natural gas,Gigawatt-hour,Portugal,2020,60088.263,,
ESTAT:NRG_BAL_C(1.0),06/03/26 23:00:00,Annual,Imports,Natural gas,Gigawatt-hour,Portugal,2021,57858.859,,
ESTAT:NRG_BAL_C(1.0),06/03/26 23:00:00,Annual,Imports,Natural gas,Gigawatt-hour,Portugal,2022,58274.020,,
ESTAT:NRG_BAL_C(1.0),06/03/26 23:00:00,Annual,Imports,Natural gas,Gigawatt-hour,Portugal,2023,43318.240,,
ESTAT:NRG_BAL_C(1.0),06/03/26 23:00:00,Annual,Imports,Natural gas,Gigawatt-hour,Portugal,2024,36346.035,,
ESTAT:NRG_BAL_C(1.0),06/03/26 23:00:00,Annual,Imports,Natural gas,Gigawatt-hour,Romania,2005,48733.750,,
ESTAT:NRG_BAL_C(1.0),06/03/26 23:00:00,Annual,Imports,Natural gas,Gigawatt-hour,Romania,2006,55720.000,,
ESTAT:NRG_BAL_C(1.0),06/03/26 23:00:00,Annual,Imports,Natural gas,Gigawatt-hour,Romania,2007,44950.500,,
ESTAT:NRG_BAL_C(1.0),06/03/26 23:00:00,Annual,Imports,Natural gas,Gigawatt-hour,Romania,2008,41066.000,,
ESTAT:NRG_BAL_C(1.0),06/03/26 23:00:00,Annual,Imports,Natural gas,Gigawatt-hour,Romania,2009,18585.500,,
ESTAT:NRG_BAL_C(1.0),06/03/26 23:00:00,Annual,Imports,Natural gas,Gigawatt-hour,Romania,2010,21117.750,,
ESTAT:NRG_BAL_C(1.0),06/03/26 23:00:00,Annual,Imports,Natural gas,Gigawatt-hour,Romania,2011,28653.750,,
ESTAT:NRG_BAL_C(1.0),06/03/26 23:00:00,Annual,Imports,Natural gas,Gigawatt-hour,Romania,2012,26719.250,,
ESTAT:NRG_BAL_C(1.0),06/03/26 23:00:00,Annual,Imports,Natural gas,Gigawatt-hour,Romania,2013,13551.750,,
ESTAT:NRG_BAL_C(1.0),06/03/26 23:00:00,Annual,Imports,Natural gas,Gigawatt-hour,Romania,2014,5410.750,,
ESTAT:NRG_BAL_C(1.0),06/03/26 23:00:00,Annual,Imports,Natural gas,Gigawatt-hour,Romania,2015,1878.000,,
ESTAT:NRG_BAL_C(1.0),06/03/26 23:00:00,Annual,Imports,Natural gas,Gigawatt-hour,Romania,2016,13680.500,,
ESTAT:NRG_BAL_C(1.0),06/03/26 23:00:00,Annual,Imports,Natural gas,Gigawatt-hour,Romania,2017,11191.363,,
ESTAT:NRG_BAL_C(1.0),06/03/26 23:00:00,Annual,Imports,Natural gas,Gigawatt-hour,Romania,2018,14194.508,,
ESTAT:NRG_BAL_C(1.0),06/03/26 23:00:00,Annual,Imports,Natural gas,Gigawatt-hour,Romania,2019,25094.091,,
ESTAT:NRG_BAL_C(1.0),06/03/26 23:00:00,Annual,Imports,Natural gas,Gigawatt-hour,Romania,2020,20070.589,,
ESTAT:NRG_BAL_C(1.0),06/03/26 23:00:00,Annual,Imports,Natural gas,Gigawatt-hour,Romania,2021,33364.122,,
ESTAT:NRG_BAL_C(1.0),06/03/26 23:00:00,Annual,Imports,Natural gas,Gigawatt-hour,Romania,2022,26684.779,,
ESTAT:NRG_BAL_C(1.0),06/03/26 23:00:00,Annual,Imports,Natural gas,Gigawatt-hour,Romania,2023,25019.994,,
ESTAT:NRG_BAL_C(1.0),06/03/26 23:00:00,Annual,Imports,Natural gas,Gigawatt-hour,Romania,2024,21538.023,,
ESTAT:NRG_BAL_C(1.0),06/03/26 23:00:00,Annual,Imports,Natural gas,Gigawatt-hour,Sweden,2005,9799.750,,
ESTAT:NRG_BAL_C(1.0),06/03/26 23:00:00,Annual,Imports,Natural gas,Gigawatt-hour,Sweden,2006,10256.000,,
ESTAT:NRG_BAL_C(1.0),06/03/26 23:00:00,Annual,Imports,Natural gas,Gigawatt-hour,Sweden,2007,10589.500,,
ESTAT:NRG_BAL_C(1.0),06/03/26 23:00:00,Annual,Imports,Natural gas,Gigawatt-hour,Sweden,2008,9612.500,,
ESTAT:NRG_BAL_C(1.0),06/03/26 23:00:00,Annual,Imports,Natural gas,Gigawatt-hour,Sweden,2009,12671.000,,
ESTAT:NRG_BAL_C(1.0),06/03/26 23:00:00,Annual,Imports,Natural gas,Gigawatt-hour,Sweden,2010,17048.750,,
ESTAT:NRG_BAL_C(1.0),06/03/26 23:00:00,Annual,Imports,Natural gas,Gigawatt-hour,Sweden,2011,13475.000,,
ESTAT:NRG_BAL_C(1.0),06/03/26 23:00:00,Annual,Imports,Natural gas,Gigawatt-hour,Sweden,2012,11706.750,,
ESTAT:NRG_BAL_C(1.0),06/03/26 23:00:00,Annual,Imports,Natural gas,Gigawatt-hour,Sweden,2013,11110.000,,
ESTAT:NRG_BAL_C(1.0),06/03/26 23:00:00,Annual,Imports,Natural gas,Gigawatt-hour,Sweden,2014,9234.750,,
ESTAT:NRG_BAL_C(1.0),06/03/26 23:00:00,Annual,Imports,Natural gas,Gigawatt-hour,Sweden,2015,8415.500,,
ESTAT:NRG_BAL_C(1.0),06/03/26 23:00:00,Annual,Imports,Natural gas,Gigawatt-hour,Sweden,2016,9516.102,,
ESTAT:NRG_BAL_C(1.0),06/03/26 23:00:00,Annual,Imports,Natural gas,Gigawatt-hour,Sweden,2017,10967.648,,
ESTAT:NRG_BAL_C(1.0),06/03/26 23:00:00,Annual,Imports,Natural gas,Gigawatt-hour,Sweden,2018,12051.250,,
ESTAT:NRG_BAL_C(1.0),06/03/26 23:00:00,Annual,Imports,Natural gas,Gigawatt-hour,Sweden,2019,11423.150,,
ESTAT:NRG_BAL_C(1.0),06/03/26 23:00:00,Annual,Imports,Natural gas,Gigawatt-hour,Sweden,2020,15094.483,,
ESTAT:NRG_BAL_C(1.0),06/03/26 23:00:00,Annual,Imports,Natural gas,Gigawatt-hour,Sweden,2021,12474.385,,
ESTAT:NRG_BAL_C(1.0),06/03/26 23:00:00,Annual,Imports,Natural gas,Gigawatt-hour,Sweden,2022,7606.355,,
ESTAT:NRG_BAL_C(1.0),06/03/26 23:00:00,Annual,Imports,Natural gas,Gigawatt-hour,Sweden,2023,9066.831,,
ESTAT:NRG_BAL_C(1.0),06/03/26 23:00:00,Annual,Imports,Natural gas,Gigawatt-hour,Sweden,2024,9158.681,,
ESTAT:NRG_BAL_C(1.0),06/03/26 23:00:00,Annual,Imports,Natural gas,Gigawatt-hour,Slovenia,2005,10762.250,,
ESTAT:NRG_BAL_C(1.0),06/03/26 23:00:00,Annual,Imports,Natural gas,Gigawatt-hour,Slovenia,2006,10418.250,,
ESTAT:NRG_BAL_C(1.0),06/03/26 23:00:00,Annual,Imports,Natural gas,Gigawatt-hour,Slovenia,2007,10602.000,,
ESTAT:NRG_BAL_C(1.0),06/03/26 23:00:00,Annual,Imports,Natural gas,Gigawatt-hour,Slovenia,2008,10189.250,,
ESTAT:NRG_BAL_C(1.0),06/03/26 23:00:00,Annual,Imports,Natural gas,Gigawatt-hour,Slovenia,2009,9640.750,,
ESTAT:NRG_BAL_C(1.0),06/03/26 23:00:00,Annual,Imports,Natural gas,Gigawatt-hour,Slovenia,2010,9965.000,,
ESTAT:NRG_BAL_C(1.0),06/03/26 23:00:00,Annual,Imports,Natural gas,Gigawatt-hour,Slovenia,2011,8558.500,,
ESTAT:NRG_BAL_C(1.0),06/03/26 23:00:00,Annual,Imports,Natural gas,Gigawatt-hour,Slovenia,2012,8238.250,,
ESTAT:NRG_BAL_C(1.0),06/03/26 23:00:00,Annual,Imports,Natural gas,Gigawatt-hour,Slovenia,2013,8016.250,,
ESTAT:NRG_BAL_C(1.0),06/03/26 23:00:00,Annual,Imports,Natural gas,Gigawatt-hour,Slovenia,2014,7250.500,,
ESTAT:NRG_BAL_C(1.0),06/03/26 23:00:00,Annual,Imports,Natural gas,Gigawatt-hour,Slovenia,2015,7696.000,,
ESTAT:NRG_BAL_C(1.0),06/03/26 23:00:00,Annual,Imports,Natural gas,Gigawatt-hour,Slovenia,2016,8150.000,,
ESTAT:NRG_BAL_C(1.0),06/03/26 23:00:00,Annual,Imports,Natural gas,Gigawatt-hour,Slovenia,2017,8542.699,,
ESTAT:NRG_BAL_C(1.0),06/03/26 23:00:00,Annual,Imports,Natural gas,Gigawatt-hour,Slovenia,2018,8378.945,,
ESTAT:NRG_BAL_C(1.0),06/03/26 23:00:00,Annual,Imports,Natural gas,Gigawatt-hour,Slovenia,2019,8506.730,,
ESTAT:NRG_BAL_C(1.0),06/03/26 23:00:00,Annual,Imports,Natural gas,Gigawatt-hour,Slovenia,2020,8501.051,,
ESTAT:NRG_BAL_C(1.0),06/03/26 23:00:00,Annual,Imports,Natural gas,Gigawatt-hour,Slovenia,2021,8964.865,,
ESTAT:NRG_BAL_C(1.0),06/03/26 23:00:00,Annual,Imports,Natural gas,Gigawatt-hour,Slovenia,2022,7906.611,,
ESTAT:NRG_BAL_C(1.0),06/03/26 23:00:00,Annual,Imports,Natural gas,Gigawatt-hour,Slovenia,2023,7624.537,,
ESTAT:NRG_BAL_C(1.0),06/03/26 23:00:00,Annual,Imports,Natural gas,Gigawatt-hour,Slovenia,2024,8267.695,,
ESTAT:NRG_BAL_C(1.0),06/03/26 23:00:00,Annual,Imports,Natural gas,Gigawatt-hour,Slovakia,2005,70318.250,,
ESTAT:NRG_BAL_C(1.0),06/03/26 23:00:00,Annual,Imports,Natural gas,Gigawatt-hour,Slovakia,2006,66141.750,,
ESTAT:NRG_BAL_C(1.0),06/03/26 23:00:00,Annual,Imports,Natural gas,Gigawatt-hour,Slovakia,2007,59666.750,,
ESTAT:NRG_BAL_C(1.0),06/03/26 23:00:00,Annual,Imports,Natural gas,Gigawatt-hour,Slovakia,2008,59661.750,,
ESTAT:NRG_BAL_C(1.0),06/03/26 23:00:00,Annual,Imports,Natural gas,Gigawatt-hour,Slovakia,2009,56018.000,,
ESTAT:NRG_BAL_C(1.0),06/03/26 23:00:00,Annual,Imports,Natural gas,Gigawatt-hour,Slovakia,2010,58181.000,,
ESTAT:NRG_BAL_C(1.0),06/03/26 23:00:00,Annual,Imports,Natural gas,Gigawatt-hour,Slovakia,2011,56546.250,,
ESTAT:NRG_BAL_C(1.0),06/03/26 23:00:00,Annual,Imports,Natural gas,Gigawatt-hour,Slovakia,2012,46047.500,,
ESTAT:NRG_BAL_C(1.0),06/03/26 23:00:00,Annual,Imports,Natural gas,Gigawatt-hour,Slovakia,2013,50682.250,,
ESTAT:NRG_BAL_C(1.0),06/03/26 23:00:00,Annual,Imports,Natural gas,Gigawatt-hour,Slovakia,2014,46012.250,,
ESTAT:NRG_BAL_C(1.0),06/03/26 23:00:00,Annual,Imports,Natural gas,Gigawatt-hour,Slovakia,2015,42885.500,,
ESTAT:NRG_BAL_C(1.0),06/03/26 23:00:00,Annual,Imports,Natural gas,Gigawatt-hour,Slovakia,2016,42062.750,,
ESTAT:NRG_BAL_C(1.0),06/03/26 23:00:00,Annual,Imports,Natural gas,Gigawatt-hour,Slovakia,2017,50797.458,,
ESTAT:NRG_BAL_C(1.0),06/03/26 23:00:00,Annual,Imports,Natural gas,Gigawatt-hour,Slovakia,2018,42464.128,,
ESTAT:NRG_BAL_C(1.0),06/03/26 23:00:00,Annual,Imports,Natural gas,Gigawatt-hour,Slovakia,2019,64931.245,,
ESTAT:NRG_BAL_C(1.0),06/03/26 23:00:00,Annual,Imports,Natural gas,Gigawatt-hour,Slovakia,2020,41865.347,,
ESTAT:NRG_BAL_C(1.0),06/03/26 23:00:00,Annual,Imports,Natural gas,Gigawatt-hour,Slovakia,2021,49655.250,,
ESTAT:NRG_BAL_C(1.0),06/03/26 23:00:00,Annual,Imports,Natural gas,Gigawatt-hour,Slovakia,2022,60541.062,,
ESTAT:NRG_BAL_C(1.0),06/03/26 23:00:00,Annual,Imports,Natural gas,Gigawatt-hour,Slovakia,2023,44361.125,,
ESTAT:NRG_BAL_C(1.0),06/03/26 23:00:00,Annual,Imports,Natural gas,Gigawatt-hour,Slovakia,2024,39815.799,,
ESTAT:NRG_BAL_C(1.0),06/03/26 23:00:00,Annual,Imports,Oil and petroleum products (excluding biofuel portion),Gigawatt-hour,Austria,2005,179901.463,,
ESTAT:NRG_BAL_C(1.0),06/03/26 23:00:00,Annual,Imports,Oil and petroleum products (excluding biofuel portion),Gigawatt-hour,Austria,2006,180196.859,,
ESTAT:NRG_BAL_C(1.0),06/03/26 23:00:00,Annual,Imports,Oil and petroleum products (excluding biofuel portion),Gigawatt-hour,Austria,2007,172511.944,,
ESTAT:NRG_BAL_C(1.0),06/03/26 23:00:00,Annual,Imports,Oil and petroleum products (excluding biofuel portion),Gigawatt-hour,Austria,2008,173374.690,,
ESTAT:NRG_BAL_C(1.0),06/03/26 23:00:00,Annual,Imports,Oil and petroleum products (excluding biofuel portion),Gigawatt-hour,Austria,2009,160178.797,,
ESTAT:NRG_BAL_C(1.0),06/03/26 23:00:00,Annual,Imports,Oil and petroleum products (excluding biofuel portion),Gigawatt-hour,Austria,2010,162321.569,,
ESTAT:NRG_BAL_C(1.0),06/03/26 23:00:00,Annual,Imports,Oil and petroleum products (excluding biofuel portion),Gigawatt-hour,Austria,2011,157440.917,,
ESTAT:NRG_BAL_C(1.0),06/03/26 23:00:00,Annual,Imports,Oil and petroleum products (excluding biofuel portion),Gigawatt-hour,Austria,2012,156761.301,,
ESTAT:NRG_BAL_C(1.0),06/03/26 23:00:00,Annual,Imports,Oil and petroleum products (excluding biofuel portion),Gigawatt-hour,Austria,2013,160884.440,,
ESTAT:NRG_BAL_C(1.0),06/03/26 23:00:00,Annual,Imports,Oil and petroleum products (excluding biofuel portion),Gigawatt-hour,Austria,2014,157297.797,,
ESTAT:NRG_BAL_C(1.0),06/03/26 23:00:00,Annual,Imports,Oil and petroleum products (excluding biofuel portion),Gigawatt-hour,Austria,2015,163217.133,,
ESTAT:NRG_BAL_C(1.0),06/03/26 23:00:00,Annual,Imports,Oil and petroleum products (excluding biofuel portion),Gigawatt-hour,Austria,2016,162142.064,,
ESTAT:NRG_BAL_C(1.0),06/03/26 23:00:00,Annual,Imports,Oil and petroleum products (excluding biofuel portion),Gigawatt-hour,Austria,2017,162929.505,,
ESTAT:NRG_BAL_C(1.0),06/03/26 23:00:00,Annual,Imports,Oil and petroleum products (excluding biofuel portion),Gigawatt-hour,Austria,2018,172525.700,,
ESTAT:NRG_BAL_C(1.0),06/03/26 23:00:00,Annual,Imports,Oil and petroleum products (excluding biofuel portion),Gigawatt-hour,Austria,2019,176346.973,,
ESTAT:NRG_BAL_C(1.0),06/03/26 23:00:00,Annual,Imports,Oil and petroleum products (excluding biofuel portion),Gigawatt-hour,Austria,2020,158451.468,,
ESTAT:NRG_BAL_C(1.0),06/03/26 23:00:00,Annual,Imports,Oil and petroleum products (excluding biofuel portion),Gigawatt-hour,Austria,2021,157669.700,,
ESTAT:NRG_BAL_C(1.0),06/03/26 23:00:00,Annual,Imports,Oil and petroleum products (excluding biofuel portion),Gigawatt-hour,Austria,2022,145096.838,,
ESTAT:NRG_BAL_C(1.0),06/03/26 23:00:00,Annual,Imports,Oil and petroleum products (excluding biofuel portion),Gigawatt-hour,Austria,2023,154615.546,,
ESTAT:NRG_BAL_C(1.0),06/03/26 23:00:00,Annual,Imports,Oil and petroleum products (excluding biofuel portion),Gigawatt-hour,Austria,2024,152104.805,,
ESTAT:NRG_BAL_C(1.0),06/03/26 23:00:00,Annual,Imports,Oil and petroleum products (excluding biofuel portion),Gigawatt-hour,Belgium,2005,679654.359,,
ESTAT:NRG_BAL_C(1.0),06/03/26 23:00:00,Annual,Imports,Oil and petroleum products (excluding biofuel portion),Gigawatt-hour,Belgium,2006,656351.244,,
ESTAT:NRG_BAL_C(1.0),06/03/26 23:00:00,Annual,Imports,Oil and petroleum products (excluding biofuel portion),Gigawatt-hour,Belgium,2007,653928.390,,
ESTAT:NRG_BAL_C(1.0),06/03/26 23:00:00,Annual,Imports,Oil and petroleum products (excluding biofuel portion),Gigawatt-hour,Belgium,2008,686640.144,,
ESTAT:NRG_BAL_C(1.0),06/03/26 23:00:00,Annual,Imports,Oil and petroleum products (excluding biofuel portion),Gigawatt-hour,Belgium,2009,630741.341,,
ESTAT:NRG_BAL_C(1.0),06/03/26 23:00:00,Annual,Imports,Oil and petroleum products (excluding biofuel portion),Gigawatt-hour,Belgium,2010,660062.373,,
ESTAT:NRG_BAL_C(1.0),06/03/26 23:00:00,Annual,Imports,Oil and petroleum products (excluding biofuel portion),Gigawatt-hour,Belgium,2011,630375.520,,
ESTAT:NRG_BAL_C(1.0),06/03/26 23:00:00,Annual,Imports,Oil and petroleum products (excluding biofuel portion),Gigawatt-hour,Belgium,2012,634562.074,,
ESTAT:NRG_BAL_C(1.0),06/03/26 23:00:00,Annual,Imports,Oil and petroleum products (excluding biofuel portion),Gigawatt-hour,Belgium,2013,661608.139,,
ESTAT:NRG_BAL_C(1.0),06/03/26 23:00:00,Annual,Imports,Oil and petroleum products (excluding biofuel portion),Gigawatt-hour,Belgium,2014,684039.753,,
ESTAT:NRG_BAL_C(1.0),06/03/26 23:00:00,Annual,Imports,Oil and petroleum products (excluding biofuel portion),Gigawatt-hour,Belgium,2015,696444.121,,
ESTAT:NRG_BAL_C(1.0),06/03/26 23:00:00,Annual,Imports,Oil and petroleum products (excluding biofuel portion),Gigawatt-hour,Belgium,2016,684334.744,,
ESTAT:NRG_BAL_C(1.0),06/03/26 23:00:00,Annual,Imports,Oil and petroleum products (excluding biofuel portion),Gigawatt-hour,Belgium,2017,738280.864,,
ESTAT:NRG_BAL_C(1.0),06/03/26 23:00:00,Annual,Imports,Oil and petroleum products (excluding biofuel portion),Gigawatt-hour,Belgium,2018,757836.379,,
ESTAT:NRG_BAL_C(1.0),06/03/26 23:00:00,Annual,Imports,Oil and petroleum products (excluding biofuel portion),Gigawatt-hour,Belgium,2019,734260.013,,
ESTAT:NRG_BAL_C(1.0),06/03/26 23:00:00,Annual,Imports,Oil and petroleum products (excluding biofuel portion),Gigawatt-hour,Belgium,2020,625814.021,,
ESTAT:NRG_BAL_C(1.0),06/03/26 23:00:00,Annual,Imports,Oil and petroleum products (excluding biofuel portion),Gigawatt-hour,Belgium,2021,680342.092,,
ESTAT:NRG_BAL_C(1.0),06/03/26 23:00:00,Annual,Imports,Oil and petroleum products (excluding biofuel portion),Gigawatt-hour,Belgium,2022,653720.973,,
ESTAT:NRG_BAL_C(1.0),06/03/26 23:00:00,Annual,Imports,Oil and petroleum products (excluding biofuel portion),Gigawatt-hour,Belgium,2023,666316.508,,
ESTAT:NRG_BAL_C(1.0),06/03/26 23:00:00,Annual,Imports,Oil and petroleum products (excluding biofuel portion),Gigawatt-hour,Belgium,2024,672724.187,,
ESTAT:NRG_BAL_C(1.0),06/03/26 23:00:00,Annual,Imports,Oil and petroleum products (excluding biofuel portion),Gigawatt-hour,Bulgaria,2005,91245.162,,
ESTAT:NRG_BAL_C(1.0),06/03/26 23:00:00,Annual,Imports,Oil and petroleum products (excluding biofuel portion),Gigawatt-hour,Bulgaria,2006,104017.513,,
ESTAT:NRG_BAL_C(1.0),06/03/26 23:00:00,Annual,Imports,Oil and petroleum products (excluding biofuel portion),Gigawatt-hour,Bulgaria,2007,103323.486,,
ESTAT:NRG_BAL_C(1.0),06/03/26 23:00:00,Annual,Imports,Oil and petroleum products (excluding biofuel portion),Gigawatt-hour,Bulgaria,2008,102100.356,,
ESTAT:NRG_BAL_C(1.0),06/03/26 23:00:00,Annual,Imports,Oil and petroleum products (excluding biofuel portion),Gigawatt-hour,Bulgaria,2009,91059.318,,
ESTAT:NRG_BAL_C(1.0),06/03/26 23:00:00,Annual,Imports,Oil and petroleum products (excluding biofuel portion),Gigawatt-hour,Bulgaria,2010,90194.971,,
ESTAT:NRG_BAL_C(1.0),06/03/26 23:00:00,Annual,Imports,Oil and petroleum products (excluding biofuel portion),Gigawatt-hour,Bulgaria,2011,86094.203,,
ESTAT:NRG_BAL_C(1.0),06/03/26 23:00:00,Annual,Imports,Oil and petroleum products (excluding biofuel portion),Gigawatt-hour,Bulgaria,2012,94751.932,,
ESTAT:NRG_BAL_C(1.0),06/03/26 23:00:00,Annual,Imports,Oil and petroleum products (excluding biofuel portion),Gigawatt-hour,Bulgaria,2013,97512.643,,
ESTAT:NRG_BAL_C(1.0),06/03/26 23:00:00,Annual,Imports,Oil and petroleum products (excluding biofuel portion),Gigawatt-hour,Bulgaria,2014,93932.863,,
ESTAT:NRG_BAL_C(1.0),06/03/26 23:00:00,Annual,Imports,Oil and petroleum products (excluding biofuel portion),Gigawatt-hour,Bulgaria,2015,104520.366,,
ESTAT:NRG_BAL_C(1.0),06/03/26 23:00:00,Annual,Imports,Oil and petroleum products (excluding biofuel portion),Gigawatt-hour,Bulgaria,2016,105409.491,,
ESTAT:NRG_BAL_C(1.0),06/03/26 23:00:00,Annual,Imports,Oil and petroleum products (excluding biofuel portion),Gigawatt-hour,Bulgaria,2017,111345.492,,
ESTAT:NRG_BAL_C(1.0),06/03/26 23:00:00,Annual,Imports,Oil and petroleum products (excluding biofuel portion),Gigawatt-hour,Bulgaria,2018,94111.456,,
ESTAT:NRG_BAL_C(1.0),06/03/26 23:00:00,Annual,Imports,Oil and petroleum products (excluding biofuel portion),Gigawatt-hour,Bulgaria,2019,108346.203,,
ESTAT:NRG_BAL_C(1.0),06/03/26 23:00:00,Annual,Imports,Oil and petroleum products (excluding biofuel portion),Gigawatt-hour,Bulgaria,2020,83787.439,,
ESTAT:NRG_BAL_C(1.0),06/03/26 23:00:00,Annual,Imports,Oil and petroleum products (excluding biofuel portion),Gigawatt-hour,Bulgaria,2021,76021.342,,
ESTAT:NRG_BAL_C(1.0),06/03/26 23:00:00,Annual,Imports,Oil and petroleum products (excluding biofuel portion),Gigawatt-hour,Bulgaria,2022,108761.854,,
ESTAT:NRG_BAL_C(1.0),06/03/26 23:00:00,Annual,Imports,Oil and petroleum products (excluding biofuel portion),Gigawatt-hour,Bulgaria,2023,96385.523,,
ESTAT:NRG_BAL_C(1.0),06/03/26 23:00:00,Annual,Imports,Oil and petroleum products (excluding biofuel portion),Gigawatt-hour,Bulgaria,2024,101598.845,,
ESTAT:NRG_BAL_C(1.0),06/03/26 23:00:00,Annual,Imports,Oil and petroleum products (excluding biofuel portion),Gigawatt-hour,Cyprus,2005,32635.055,,
ESTAT:NRG_BAL_C(1.0),06/03/26 23:00:00,Annual,Imports,Oil and petroleum products (excluding biofuel portion),Gigawatt-hour,Cyprus,2006,34463.307,,
ESTAT:NRG_BAL_C(1.0),06/03/26 23:00:00,Annual,Imports,Oil and petroleum products (excluding biofuel portion),Gigawatt-hour,Cyprus,2007,33535.246,,
ESTAT:NRG_BAL_C(1.0),06/03/26 23:00:00,Annual,Imports,Oil and petroleum products (excluding biofuel portion),Gigawatt-hour,Cyprus,2008,35394.670,,
ESTAT:NRG_BAL_C(1.0),06/03/26 23:00:00,Annual,Imports,Oil and petroleum products (excluding biofuel portion),Gigawatt-hour,Cyprus,2009,33775.814,,
ESTAT:NRG_BAL_C(1.0),06/03/26 23:00:00,Annual,Imports,Oil and petroleum products (excluding biofuel portion),Gigawatt-hour,Cyprus,2010,34071.925,,
ESTAT:NRG_BAL_C(1.0),06/03/26 23:00:00,Annual,Imports,Oil and petroleum products (excluding biofuel portion),Gigawatt-hour,Cyprus,2011,30935.113,,
ESTAT:NRG_BAL_C(1.0),06/03/26 23:00:00,Annual,Imports,Oil and petroleum products (excluding biofuel portion),Gigawatt-hour,Cyprus,2012,30527.338,,
ESTAT:NRG_BAL_C(1.0),06/03/26 23:00:00,Annual,Imports,Oil and petroleum products (excluding biofuel portion),Gigawatt-hour,Cyprus,2013,26961.060,,
ESTAT:NRG_BAL_C(1.0),06/03/26 23:00:00,Annual,Imports,Oil and petroleum products (excluding biofuel portion),Gigawatt-hour,Cyprus,2014,26530.363,,
ESTAT:NRG_BAL_C(1.0),06/03/26 23:00:00,Annual,Imports,Oil and petroleum products (excluding biofuel portion),Gigawatt-hour,Cyprus,2015,28621.922,,
ESTAT:NRG_BAL_C(1.0),06/03/26 23:00:00,Annual,Imports,Oil and petroleum products (excluding biofuel portion),Gigawatt-hour,Cyprus,2016,30312.825,,
ESTAT:NRG_BAL_C(1.0),06/03/26 23:00:00,Annual,Imports,Oil and petroleum products (excluding biofuel portion),Gigawatt-hour,Cyprus,2017,30787.005,,
ESTAT:NRG_BAL_C(1.0),06/03/26 23:00:00,Annual,Imports,Oil and petroleum products (excluding biofuel portion),Gigawatt-hour,Cyprus,2018,30322.941,,
ESTAT:NRG_BAL_C(1.0),06/03/26 23:00:00,Annual,Imports,Oil and petroleum products (excluding biofuel portion),Gigawatt-hour,Cyprus,2019,30258.550,,
ESTAT:NRG_BAL_C(1.0),06/03/26 23:00:00,Annual,Imports,Oil and petroleum products (excluding biofuel portion),Gigawatt-hour,Cyprus,2020,26389.787,,
ESTAT:NRG_BAL_C(1.0),06/03/26 23:00:00,Annual,Imports,Oil and petroleum products (excluding biofuel portion),Gigawatt-hour,Cyprus,2021,26543.981,,
ESTAT:NRG_BAL_C(1.0),06/03/26 23:00:00,Annual,Imports,Oil and petroleum products (excluding biofuel portion),Gigawatt-hour,Cyprus,2022,29064.458,,
ESTAT:NRG_BAL_C(1.0),06/03/26 23:00:00,Annual,Imports,Oil and petroleum products (excluding biofuel portion),Gigawatt-hour,Cyprus,2023,29271.894,,
ESTAT:NRG_BAL_C(1.0),06/03/26 23:00:00,Annual,Imports,Oil and petroleum products (excluding biofuel portion),Gigawatt-hour,Cyprus,2024,29002.841,,
ESTAT:NRG_BAL_C(1.0),06/03/26 23:00:00,Annual,Imports,Oil and petroleum products (excluding biofuel portion),Gigawatt-hour,Czechia,2005,127423.499,,
ESTAT:NRG_BAL_C(1.0),06/03/26 23:00:00,Annual,Imports,Oil and petroleum products (excluding biofuel portion),Gigawatt-hour,Czechia,2006,125659.535,,
ESTAT:NRG_BAL_C(1.0),06/03/26 23:00:00,Annual,Imports,Oil and petroleum products (excluding biofuel portion),Gigawatt-hour,Czechia,2007,123917.909,,
ESTAT:NRG_BAL_C(1.0),06/03/26 23:00:00,Annual,Imports,Oil and petroleum products (excluding biofuel portion),Gigawatt-hour,Czechia,2008,130088.238,,
ESTAT:NRG_BAL_C(1.0),06/03/26 23:00:00,Annual,Imports,Oil and petroleum products (excluding biofuel portion),Gigawatt-hour,Czechia,2009,120664.655,,
ESTAT:NRG_BAL_C(1.0),06/03/26 23:00:00,Annual,Imports,Oil and petroleum products (excluding biofuel portion),Gigawatt-hour,Czechia,2010,123382.374,,
ESTAT:NRG_BAL_C(1.0),06/03/26 23:00:00,Annual,Imports,Oil and petroleum products (excluding biofuel portion),Gigawatt-hour,Czechia,2011,118980.417,,
ESTAT:NRG_BAL_C(1.0),06/03/26 23:00:00,Annual,Imports,Oil and petroleum products (excluding biofuel portion),Gigawatt-hour,Czechia,2012,118625.843,,
ESTAT:NRG_BAL_C(1.0),06/03/26 23:00:00,Annual,Imports,Oil and petroleum products (excluding biofuel portion),Gigawatt-hour,Czechia,2013,116586.090,,
ESTAT:NRG_BAL_C(1.0),06/03/26 23:00:00,Annual,Imports,Oil and petroleum products (excluding biofuel portion),Gigawatt-hour,Czechia,2014,126675.976,,
ESTAT:NRG_BAL_C(1.0),06/03/26 23:00:00,Annual,Imports,Oil and petroleum products (excluding biofuel portion),Gigawatt-hour,Czechia,2015,129867.820,,
ESTAT:NRG_BAL_C(1.0),06/03/26 23:00:00,Annual,Imports,Oil and petroleum products (excluding biofuel portion),Gigawatt-hour,Czechia,2016,119764.272,,
ESTAT:NRG_BAL_C(1.0),06/03/26 23:00:00,Annual,Imports,Oil and petroleum products (excluding biofuel portion),Gigawatt-hour,Czechia,2017,137157.421,,
ESTAT:NRG_BAL_C(1.0),06/03/26 23:00:00,Annual,Imports,Oil and petroleum products (excluding biofuel portion),Gigawatt-hour,Czechia,2018,139528.912,,
ESTAT:NRG_BAL_C(1.0),06/03/26 23:00:00,Annual,Imports,Oil and petroleum products (excluding biofuel portion),Gigawatt-hour,Czechia,2019,137956.721,,
ESTAT:NRG_BAL_C(1.0),06/03/26 23:00:00,Annual,Imports,Oil and petroleum products (excluding biofuel portion),Gigawatt-hour,Czechia,2020,122304.304,,
ESTAT:NRG_BAL_C(1.0),06/03/26 23:00:00,Annual,Imports,Oil and petroleum products (excluding biofuel portion),Gigawatt-hour,Czechia,2021,132324.907,,
ESTAT:NRG_BAL_C(1.0),06/03/26 23:00:00,Annual,Imports,Oil and petroleum products (excluding biofuel portion),Gigawatt-hour,Czechia,2022,134299.702,,
ESTAT:NRG_BAL_C(1.0),06/03/26 23:00:00,Annual,Imports,Oil and petroleum products (excluding biofuel portion),Gigawatt-hour,Czechia,2023,135264.656,,
ESTAT:NRG_BAL_C(1.0),06/03/26 23:00:00,Annual,Imports,Oil and petroleum products (excluding biofuel portion),Gigawatt-hour,Czechia,2024,134038.800,,
ESTAT:NRG_BAL_C(1.0),06/03/26 23:00:00,Annual,Imports,Oil and petroleum products (excluding biofuel portion),Gigawatt-hour,Germany,2005,1754745.826,,
ESTAT:NRG_BAL_C(1.0),06/03/26 23:00:00,Annual,Imports,Oil and petroleum products (excluding biofuel portion),Gigawatt-hour,Germany,2006,1746079.598,,
ESTAT:NRG_BAL_C(1.0),06/03/26 23:00:00,Annual,Imports,Oil and petroleum products (excluding biofuel portion),Gigawatt-hour,Germany,2007,1611968.803,,
ESTAT:NRG_BAL_C(1.0),06/03/26 23:00:00,Annual,Imports,Oil and petroleum products (excluding biofuel portion),Gigawatt-hour,Germany,2008,1666678.585,,
ESTAT:NRG_BAL_C(1.0),06/03/26 23:00:00,Annual,Imports,Oil and petroleum products (excluding biofuel portion),Gigawatt-hour,Germany,2009,1547993.215,,
ESTAT:NRG_BAL_C(1.0),06/03/26 23:00:00,Annual,Imports,Oil and petroleum products (excluding biofuel portion),Gigawatt-hour,Germany,2010,1521125.257,,
ESTAT:NRG_BAL_C(1.0),06/03/26 23:00:00,Annual,Imports,Oil and petroleum products (excluding biofuel portion),Gigawatt-hour,Germany,2011,1458745.189,,
ESTAT:NRG_BAL_C(1.0),06/03/26 23:00:00,Annual,Imports,Oil and petroleum products (excluding biofuel portion),Gigawatt-hour,Germany,2012,1485323.729,,
ESTAT:NRG_BAL_C(1.0),06/03/26 23:00:00,Annual,Imports,Oil and petroleum products (excluding biofuel portion),Gigawatt-hour,Germany,2013,1517132.314,,
ESTAT:NRG_BAL_C(1.0),06/03/26 23:00:00,Annual,Imports,Oil and petroleum products (excluding biofuel portion),Gigawatt-hour,Germany,2014,1497038.805,,
ESTAT:NRG_BAL_C(1.0),06/03/26 23:00:00,Annual,Imports,Oil and petroleum products (excluding biofuel portion),Gigawatt-hour,Germany,2015,1520820.751,,
ESTAT:NRG_BAL_C(1.0),06/03/26 23:00:00,Annual,Imports,Oil and petroleum products (excluding biofuel portion),Gigawatt-hour,Germany,2016,1537482.930,,
ESTAT:NRG_BAL_C(1.0),06/03/26 23:00:00,Annual,Imports,Oil and petroleum products (excluding biofuel portion),Gigawatt-hour,Germany,2017,1557388.279,,
ESTAT:NRG_BAL_C(1.0),06/03/26 23:00:00,Annual,Imports,Oil and petroleum products (excluding biofuel portion),Gigawatt-hour,Germany,2018,1483223.763,,
ESTAT:NRG_BAL_C(1.0),06/03/26 23:00:00,Annual,Imports,Oil and petroleum products (excluding biofuel portion),Gigawatt-hour,Germany,2019,1513816.184,,
ESTAT:NRG_BAL_C(1.0),06/03/26 23:00:00,Annual,Imports,Oil and petroleum products (excluding biofuel portion),Gigawatt-hour,Germany,2020,1387993.516,,
ESTAT:NRG_BAL_C(1.0),06/03/26 23:00:00,Annual,Imports,Oil and petroleum products (excluding biofuel portion),Gigawatt-hour,Germany,2021,1395936.786,,
ESTAT:NRG_BAL_C(1.0),06/03/26 23:00:00,Annual,Imports,Oil and petroleum products (excluding biofuel portion),Gigawatt-hour,Germany,2022,1463042.533,,
ESTAT:NRG_BAL_C(1.0),06/03/26 23:00:00,Annual,Imports,Oil and petroleum products (excluding biofuel portion),Gigawatt-hour,Germany,2023,1335161.483,,
ESTAT:NRG_BAL_C(1.0),06/03/26 23:00:00,Annual,Imports,Oil and petroleum products (excluding biofuel portion),Gigawatt-hour,Germany,2024,1389026.253,,
ESTAT:NRG_BAL_C(1.0),06/03/26 23:00:00,Annual,Imports,Oil and petroleum products (excluding biofuel portion),Gigawatt-hour,Denmark,2005,102254.917,,
ESTAT:NRG_BAL_C(1.0),06/03/26 23:00:00,Annual,Imports,Oil and petroleum products (excluding biofuel portion),Gigawatt-hour,Denmark,2006,97486.222,,
ESTAT:NRG_BAL_C(1.0),06/03/26 23:00:00,Annual,Imports,Oil and petroleum products (excluding biofuel portion),Gigawatt-hour,Denmark,2007,94362.069,,
ESTAT:NRG_BAL_C(1.0),06/03/26 23:00:00,Annual,Imports,Oil and petroleum products (excluding biofuel portion),Gigawatt-hour,Denmark,2008,112010.667,,
ESTAT:NRG_BAL_C(1.0),06/03/26 23:00:00,Annual,Imports,Oil and petroleum products (excluding biofuel portion),Gigawatt-hour,Denmark,2009,105473.000,,
ESTAT:NRG_BAL_C(1.0),06/03/26 23:00:00,Annual,Imports,Oil and petroleum products (excluding biofuel portion),Gigawatt-hour,Denmark,2010,110083.722,,
ESTAT:NRG_BAL_C(1.0),06/03/26 23:00:00,Annual,Imports,Oil and petroleum products (excluding biofuel portion),Gigawatt-hour,Denmark,2011,109691.333,,
ESTAT:NRG_BAL_C(1.0),06/03/26 23:00:00,Annual,Imports,Oil and petroleum products (excluding biofuel portion),Gigawatt-hour,Denmark,2012,116322.167,,
ESTAT:NRG_BAL_C(1.0),06/03/26 23:00:00,Annual,Imports,Oil and petroleum products (excluding biofuel portion),Gigawatt-hour,Denmark,2013,143863.639,,
ESTAT:NRG_BAL_C(1.0),06/03/26 23:00:00,Annual,Imports,Oil and petroleum products (excluding biofuel portion),Gigawatt-hour,Denmark,2014,138537.167,,
ESTAT:NRG_BAL_C(1.0),06/03/26 23:00:00,Annual,Imports,Oil and petroleum products (excluding biofuel portion),Gigawatt-hour,Denmark,2015,162467.106,,
ESTAT:NRG_BAL_C(1.0),06/03/26 23:00:00,Annual,Imports,Oil and petroleum products (excluding biofuel portion),Gigawatt-hour,Denmark,2016,152930.024,,
ESTAT:NRG_BAL_C(1.0),06/03/26 23:00:00,Annual,Imports,Oil and petroleum products (excluding biofuel portion),Gigawatt-hour,Denmark,2017,123401.583,,
ESTAT:NRG_BAL_C(1.0),06/03/26 23:00:00,Annual,Imports,Oil and petroleum products (excluding biofuel portion),Gigawatt-hour,Denmark,2018,127113.635,,
ESTAT:NRG_BAL_C(1.0),06/03/26 23:00:00,Annual,Imports,Oil and petroleum products (excluding biofuel portion),Gigawatt-hour,Denmark,2019,143696.774,,
ESTAT:NRG_BAL_C(1.0),06/03/26 23:00:00,Annual,Imports,Oil and petroleum products (excluding biofuel portion),Gigawatt-hour,Denmark,2020,136168.335,,
ESTAT:NRG_BAL_C(1.0),06/03/26 23:00:00,Annual,Imports,Oil and petroleum products (excluding biofuel portion),Gigawatt-hour,Denmark,2021,116345.833,,
ESTAT:NRG_BAL_C(1.0),06/03/26 23:00:00,Annual,Imports,Oil and petroleum products (excluding biofuel portion),Gigawatt-hour,Denmark,2022,121141.888,,
ESTAT:NRG_BAL_C(1.0),06/03/26 23:00:00,Annual,Imports,Oil and petroleum products (excluding biofuel portion),Gigawatt-hour,Denmark,2023,117287.516,,
ESTAT:NRG_BAL_C(1.0),06/03/26 23:00:00,Annual,Imports,Oil and petroleum products (excluding biofuel portion),Gigawatt-hour,Denmark,2024,116801.196,,
ESTAT:NRG_BAL_C(1.0),06/03/26 23:00:00,Annual,Imports,Oil and petroleum products (excluding biofuel portion),Gigawatt-hour,Estonia,2005,13351.260,,
ESTAT:NRG_BAL_C(1.0),06/03/26 23:00:00,Annual,Imports,Oil and petroleum products (excluding biofuel portion),Gigawatt-hour,Estonia,2006,15525.015,,
ESTAT:NRG_BAL_C(1.0),06/03/26 23:00:00,Annual,Imports,Oil and petroleum products (excluding biofuel portion),Gigawatt-hour,Estonia,2007,17092.285,,
ESTAT:NRG_BAL_C(1.0),06/03/26 23:00:00,Annual,Imports,Oil and petroleum products (excluding biofuel portion),Gigawatt-hour,Estonia,2008,14640.051,,
ESTAT:NRG_BAL_C(1.0),06/03/26 23:00:00,Annual,Imports,Oil and petroleum products (excluding biofuel portion),Gigawatt-hour,Estonia,2009,14466.464,,
ESTAT:NRG_BAL_C(1.0),06/03/26 23:00:00,Annual,Imports,Oil and petroleum products (excluding biofuel portion),Gigawatt-hour,Estonia,2010,13331.890,,
ESTAT:NRG_BAL_C(1.0),06/03/26 23:00:00,Annual,Imports,Oil and petroleum products (excluding biofuel portion),Gigawatt-hour,Estonia,2011,13524.310,,
ESTAT:NRG_BAL_C(1.0),06/03/26 23:00:00,Annual,Imports,Oil and petroleum products (excluding biofuel portion),Gigawatt-hour,Estonia,2012,26102.435,,
ESTAT:NRG_BAL_C(1.0),06/03/26 23:00:00,Annual,Imports,Oil and petroleum products (excluding biofuel portion),Gigawatt-hour,Estonia,2013,19397.407,,
ESTAT:NRG_BAL_C(1.0),06/03/26 23:00:00,Annual,Imports,Oil and petroleum products (excluding biofuel portion),Gigawatt-hour,Estonia,2014,21896.844,,
ESTAT:NRG_BAL_C(1.0),06/03/26 23:00:00,Annual,Imports,Oil and petroleum products (excluding biofuel portion),Gigawatt-hour,Estonia,2015,19568.450,,
ESTAT:NRG_BAL_C(1.0),06/03/26 23:00:00,Annual,Imports,Oil and petroleum products (excluding biofuel portion),Gigawatt-hour,Estonia,2016,21160.644,,
ESTAT:NRG_BAL_C(1.0),06/03/26 23:00:00,Annual,Imports,Oil and petroleum products (excluding biofuel portion),Gigawatt-hour,Estonia,2017,21975.589,,
ESTAT:NRG_BAL_C(1.0),06/03/26 23:00:00,Annual,Imports,Oil and petroleum products (excluding biofuel portion),Gigawatt-hour,Estonia,2018,23745.392,,
ESTAT:NRG_BAL_C(1.0),06/03/26 23:00:00,Annual,Imports,Oil and petroleum products (excluding biofuel portion),Gigawatt-hour,Estonia,2019,21309.971,,
ESTAT:NRG_BAL_C(1.0),06/03/26 23:00:00,Annual,Imports,Oil and petroleum products (excluding biofuel portion),Gigawatt-hour,Estonia,2020,25511.151,,
ESTAT:NRG_BAL_C(1.0),06/03/26 23:00:00,Annual,Imports,Oil and petroleum products (excluding biofuel portion),Gigawatt-hour,Estonia,2021,23333.313,,
ESTAT:NRG_BAL_C(1.0),06/03/26 23:00:00,Annual,Imports,Oil and petroleum products (excluding biofuel portion),Gigawatt-hour,Estonia,2022,19545.039,,
ESTAT:NRG_BAL_C(1.0),06/03/26 23:00:00,Annual,Imports,Oil and petroleum products (excluding biofuel portion),Gigawatt-hour,Estonia,2023,16189.851,,
ESTAT:NRG_BAL_C(1.0),06/03/26 23:00:00,Annual,Imports,Oil and petroleum products (excluding biofuel portion),Gigawatt-hour,Estonia,2024,16502.248,,
ESTAT:NRG_BAL_C(1.0),06/03/26 23:00:00,Annual,Imports,Oil and petroleum products (excluding biofuel portion),Gigawatt-hour,Greece,2005,303359.617,,
ESTAT:NRG_BAL_C(1.0),06/03/26 23:00:00,Annual,Imports,Oil and petroleum products (excluding biofuel portion),Gigawatt-hour,Greece,2006,329233.797,,
ESTAT:NRG_BAL_C(1.0),06/03/26 23:00:00,Annual,Imports,Oil and petroleum products (excluding biofuel portion),Gigawatt-hour,Greece,2007,323177.502,,
ESTAT:NRG_BAL_C(1.0),06/03/26 23:00:00,Annual,Imports,Oil and petroleum products (excluding biofuel portion),Gigawatt-hour,Greece,2008,328235.260,,
ESTAT:NRG_BAL_C(1.0),06/03/26 23:00:00,Annual,Imports,Oil and petroleum products (excluding biofuel portion),Gigawatt-hour,Greece,2009,319336.153,,
ESTAT:NRG_BAL_C(1.0),06/03/26 23:00:00,Annual,Imports,Oil and petroleum products (excluding biofuel portion),Gigawatt-hour,Greece,2010,309508.599,,
ESTAT:NRG_BAL_C(1.0),06/03/26 23:00:00,Annual,Imports,Oil and petroleum products (excluding biofuel portion),Gigawatt-hour,Greece,2011,286278.021,,
ESTAT:NRG_BAL_C(1.0),06/03/26 23:00:00,Annual,Imports,Oil and petroleum products (excluding biofuel portion),Gigawatt-hour,Greece,2012,322856.231,,
ESTAT:NRG_BAL_C(1.0),06/03/26 23:00:00,Annual,Imports,Oil and petroleum products (excluding biofuel portion),Gigawatt-hour,Greece,2013,310301.667,,
ESTAT:NRG_BAL_C(1.0),06/03/26 23:00:00,Annual,Imports,Oil and petroleum products (excluding biofuel portion),Gigawatt-hour,Greece,2014,337759.268,,
ESTAT:NRG_BAL_C(1.0),06/03/26 23:00:00,Annual,Imports,Oil and petroleum products (excluding biofuel portion),Gigawatt-hour,Greece,2015,359711.330,,
ESTAT:NRG_BAL_C(1.0),06/03/26 23:00:00,Annual,Imports,Oil and petroleum products (excluding biofuel portion),Gigawatt-hour,Greece,2016,375763.671,,
ESTAT:NRG_BAL_C(1.0),06/03/26 23:00:00,Annual,Imports,Oil and petroleum products (excluding biofuel portion),Gigawatt-hour,Greece,2017,384045.327,,
ESTAT:NRG_BAL_C(1.0),06/03/26 23:00:00,Annual,Imports,Oil and petroleum products (excluding biofuel portion),Gigawatt-hour,Greece,2018,391876.353,,
ESTAT:NRG_BAL_C(1.0),06/03/26 23:00:00,Annual,Imports,Oil and petroleum products (excluding biofuel portion),Gigawatt-hour,Greece,2019,375018.859,,
ESTAT:NRG_BAL_C(1.0),06/03/26 23:00:00,Annual,Imports,Oil and petroleum products (excluding biofuel portion),Gigawatt-hour,Greece,2020,360048.326,,
ESTAT:NRG_BAL_C(1.0),06/03/26 23:00:00,Annual,Imports,Oil and petroleum products (excluding biofuel portion),Gigawatt-hour,Greece,2021,375831.798,,
ESTAT:NRG_BAL_C(1.0),06/03/26 23:00:00,Annual,Imports,Oil and petroleum products (excluding biofuel portion),Gigawatt-hour,Greece,2022,371324.169,,
ESTAT:NRG_BAL_C(1.0),06/03/26 23:00:00,Annual,Imports,Oil and petroleum products (excluding biofuel portion),Gigawatt-hour,Greece,2023,362716.512,,
ESTAT:NRG_BAL_C(1.0),06/03/26 23:00:00,Annual,Imports,Oil and petroleum products (excluding biofuel portion),Gigawatt-hour,Greece,2024,361861.928,,
ESTAT:NRG_BAL_C(1.0),06/03/26 23:00:00,Annual,Imports,Oil and petroleum products (excluding biofuel portion),Gigawatt-hour,Spain,2005,1025017.167,,
ESTAT:NRG_BAL_C(1.0),06/03/26 23:00:00,Annual,Imports,Oil and petroleum products (excluding biofuel portion),Gigawatt-hour,Spain,2006,1039764.861,,
ESTAT:NRG_BAL_C(1.0),06/03/26 23:00:00,Annual,Imports,Oil and petroleum products (excluding biofuel portion),Gigawatt-hour,Spain,2007,1046419.333,,
ESTAT:NRG_BAL_C(1.0),06/03/26 23:00:00,Annual,Imports,Oil and petroleum products (excluding biofuel portion),Gigawatt-hour,Spain,2008,1017780.000,,
ESTAT:NRG_BAL_C(1.0),06/03/26 23:00:00,Annual,Imports,Oil and petroleum products (excluding biofuel portion),Gigawatt-hour,Spain,2009,957812.472,,
ESTAT:NRG_BAL_C(1.0),06/03/26 23:00:00,Annual,Imports,Oil and petroleum products (excluding biofuel portion),Gigawatt-hour,Spain,2010,940612.806,,
ESTAT:NRG_BAL_C(1.0),06/03/26 23:00:00,Annual,Imports,Oil and petroleum products (excluding biofuel portion),Gigawatt-hour,Spain,2011,927038.972,,
ESTAT:NRG_BAL_C(1.0),06/03/26 23:00:00,Annual,Imports,Oil and petroleum products (excluding biofuel portion),Gigawatt-hour,Spain,2012,923726.056,,
ESTAT:NRG_BAL_C(1.0),06/03/26 23:00:00,Annual,Imports,Oil and petroleum products (excluding biofuel portion),Gigawatt-hour,Spain,2013,913848.722,,
ESTAT:NRG_BAL_C(1.0),06/03/26 23:00:00,Annual,Imports,Oil and petroleum products (excluding biofuel portion),Gigawatt-hour,Spain,2014,931191.944,,
ESTAT:NRG_BAL_C(1.0),06/03/26 23:00:00,Annual,Imports,Oil and petroleum products (excluding biofuel portion),Gigawatt-hour,Spain,2015,979402.111,,
ESTAT:NRG_BAL_C(1.0),06/03/26 23:00:00,Annual,Imports,Oil and petroleum products (excluding biofuel portion),Gigawatt-hour,Spain,2016,1000312.611,,
ESTAT:NRG_BAL_C(1.0),06/03/26 23:00:00,Annual,Imports,Oil and petroleum products (excluding biofuel portion),Gigawatt-hour,Spain,2017,1046307.722,,
ESTAT:NRG_BAL_C(1.0),06/03/26 23:00:00,Annual,Imports,Oil and petroleum products (excluding biofuel portion),Gigawatt-hour,Spain,2018,1037211.694,,
ESTAT:NRG_BAL_C(1.0),06/03/26 23:00:00,Annual,Imports,Oil and petroleum products (excluding biofuel portion),Gigawatt-hour,Spain,2019,1032452.972,,
ESTAT:NRG_BAL_C(1.0),06/03/26 23:00:00,Annual,Imports,Oil and petroleum products (excluding biofuel portion),Gigawatt-hour,Spain,2020,873972.896,,
ESTAT:NRG_BAL_C(1.0),06/03/26 23:00:00,Annual,Imports,Oil and petroleum products (excluding biofuel portion),Gigawatt-hour,Spain,2021,905517.366,,
ESTAT:NRG_BAL_C(1.0),06/03/26 23:00:00,Annual,Imports,Oil and petroleum products (excluding biofuel portion),Gigawatt-hour,Spain,2022,977084.802,,
ESTAT:NRG_BAL_C(1.0),06/03/26 23:00:00,Annual,Imports,Oil and petroleum products (excluding biofuel portion),Gigawatt-hour,Spain,2023,954446.262,,
ESTAT:NRG_BAL_C(1.0),06/03/26 23:00:00,Annual,Imports,Oil and petroleum products (excluding biofuel portion),Gigawatt-hour,Spain,2024,1007338.884,,
ESTAT:NRG_BAL_C(1.0),06/03/26 23:00:00,Annual,Imports,Oil and petroleum products (excluding biofuel portion),Gigawatt-hour,Finland,2005,186509.703,,
ESTAT:NRG_BAL_C(1.0),06/03/26 23:00:00,Annual,Imports,Oil and petroleum products (excluding biofuel portion),Gigawatt-hour,Finland,2006,199458.847,,
ESTAT:NRG_BAL_C(1.0),06/03/26 23:00:00,Annual,Imports,Oil and petroleum products (excluding biofuel portion),Gigawatt-hour,Finland,2007,201507.573,,
ESTAT:NRG_BAL_C(1.0),06/03/26 23:00:00,Annual,Imports,Oil and petroleum products (excluding biofuel portion),Gigawatt-hour,Finland,2008,207329.146,,
ESTAT:NRG_BAL_C(1.0),06/03/26 23:00:00,Annual,Imports,Oil and petroleum products (excluding biofuel portion),Gigawatt-hour,Finland,2009,195947.791,,
ESTAT:NRG_BAL_C(1.0),06/03/26 23:00:00,Annual,Imports,Oil and petroleum products (excluding biofuel portion),Gigawatt-hour,Finland,2010,189638.663,,
ESTAT:NRG_BAL_C(1.0),06/03/26 23:00:00,Annual,Imports,Oil and petroleum products (excluding biofuel portion),Gigawatt-hour,Finland,2011,202613.700,,
ESTAT:NRG_BAL_C(1.0),06/03/26 23:00:00,Annual,Imports,Oil and petroleum products (excluding biofuel portion),Gigawatt-hour,Finland,2012,194630.416,,
ESTAT:NRG_BAL_C(1.0),06/03/26 23:00:00,Annual,Imports,Oil and petroleum products (excluding biofuel portion),Gigawatt-hour,Finland,2013,215233.838,,
ESTAT:NRG_BAL_C(1.0),06/03/26 23:00:00,Annual,Imports,Oil and petroleum products (excluding biofuel portion),Gigawatt-hour,Finland,2014,209877.373,,
ESTAT:NRG_BAL_C(1.0),06/03/26 23:00:00,Annual,Imports,Oil and petroleum products (excluding biofuel portion),Gigawatt-hour,Finland,2015,192241.440,,
ESTAT:NRG_BAL_C(1.0),06/03/26 23:00:00,Annual,Imports,Oil and petroleum products (excluding biofuel portion),Gigawatt-hour,Finland,2016,214812.016,,
ESTAT:NRG_BAL_C(1.0),06/03/26 23:00:00,Annual,Imports,Oil and petroleum products (excluding biofuel portion),Gigawatt-hour,Finland,2017,208892.784,,
ESTAT:NRG_BAL_C(1.0),06/03/26 23:00:00,Annual,Imports,Oil and petroleum products (excluding biofuel portion),Gigawatt-hour,Finland,2018,209012.411,,
ESTAT:NRG_BAL_C(1.0),06/03/26 23:00:00,Annual,Imports,Oil and petroleum products (excluding biofuel portion),Gigawatt-hour,Finland,2019,210488.189,,
ESTAT:NRG_BAL_C(1.0),06/03/26 23:00:00,Annual,Imports,Oil and petroleum products (excluding biofuel portion),Gigawatt-hour,Finland,2020,200397.601,,
ESTAT:NRG_BAL_C(1.0),06/03/26 23:00:00,Annual,Imports,Oil and petroleum products (excluding biofuel portion),Gigawatt-hour,Finland,2021,160370.809,,
ESTAT:NRG_BAL_C(1.0),06/03/26 23:00:00,Annual,Imports,Oil and petroleum products (excluding biofuel portion),Gigawatt-hour,Finland,2022,188776.359,,
ESTAT:NRG_BAL_C(1.0),06/03/26 23:00:00,Annual,Imports,Oil and petroleum products (excluding biofuel portion),Gigawatt-hour,Finland,2023,174985.371,,
ESTAT:NRG_BAL_C(1.0),06/03/26 23:00:00,Annual,Imports,Oil and petroleum products (excluding biofuel portion),Gigawatt-hour,Finland,2024,167494.815,,
ESTAT:NRG_BAL_C(1.0),06/03/26 23:00:00,Annual,Imports,Oil and petroleum products (excluding biofuel portion),Gigawatt-hour,France,2005,1434636.448,,
ESTAT:NRG_BAL_C(1.0),06/03/26 23:00:00,Annual,Imports,Oil and petroleum products (excluding biofuel portion),Gigawatt-hour,France,2006,1422037.311,,
ESTAT:NRG_BAL_C(1.0),06/03/26 23:00:00,Annual,Imports,Oil and petroleum products (excluding biofuel portion),Gigawatt-hour,France,2007,1385786.477,,
ESTAT:NRG_BAL_C(1.0),06/03/26 23:00:00,Annual,Imports,Oil and petroleum products (excluding biofuel portion),Gigawatt-hour,France,2008,1410510.890,,
ESTAT:NRG_BAL_C(1.0),06/03/26 23:00:00,Annual,Imports,Oil and petroleum products (excluding biofuel portion),Gigawatt-hour,France,2009,1307358.646,,
ESTAT:NRG_BAL_C(1.0),06/03/26 23:00:00,Annual,Imports,Oil and petroleum products (excluding biofuel portion),Gigawatt-hour,France,2010,1237155.952,,
ESTAT:NRG_BAL_C(1.0),06/03/26 23:00:00,Annual,Imports,Oil and petroleum products (excluding biofuel portion),Gigawatt-hour,France,2011,1254416.442,,
ESTAT:NRG_BAL_C(1.0),06/03/26 23:00:00,Annual,Imports,Oil and petroleum products (excluding biofuel portion),Gigawatt-hour,France,2012,1204409.951,,
ESTAT:NRG_BAL_C(1.0),06/03/26 23:00:00,Annual,Imports,Oil and petroleum products (excluding biofuel portion),Gigawatt-hour,France,2013,1181782.209,,
ESTAT:NRG_BAL_C(1.0),06/03/26 23:00:00,Annual,Imports,Oil and petroleum products (excluding biofuel portion),Gigawatt-hour,France,2014,1166312.632,,
ESTAT:NRG_BAL_C(1.0),06/03/26 23:00:00,Annual,Imports,Oil and petroleum products (excluding biofuel portion),Gigawatt-hour,France,2015,1200169.101,,
ESTAT:NRG_BAL_C(1.0),06/03/26 23:00:00,Annual,Imports,Oil and petroleum products (excluding biofuel portion),Gigawatt-hour,France,2016,1153907.002,,
ESTAT:NRG_BAL_C(1.0),06/03/26 23:00:00,Annual,Imports,Oil and petroleum products (excluding biofuel portion),Gigawatt-hour,France,2017,1172638.932,,
ESTAT:NRG_BAL_C(1.0),06/03/26 23:00:00,Annual,Imports,Oil and petroleum products (excluding biofuel portion),Gigawatt-hour,France,2018,1130753.405,,
ESTAT:NRG_BAL_C(1.0),06/03/26 23:00:00,Annual,Imports,Oil and petroleum products (excluding biofuel portion),Gigawatt-hour,France,2019,1108288.578,,
ESTAT:NRG_BAL_C(1.0),06/03/26 23:00:00,Annual,Imports,Oil and petroleum products (excluding biofuel portion),Gigawatt-hour,France,2020,902448.773,,
ESTAT:NRG_BAL_C(1.0),06/03/26 23:00:00,Annual,Imports,Oil and petroleum products (excluding biofuel portion),Gigawatt-hour,France,2021,936809.813,,
ESTAT:NRG_BAL_C(1.0),06/03/26 23:00:00,Annual,Imports,Oil and petroleum products (excluding biofuel portion),Gigawatt-hour,France,2022,969185.750,,
ESTAT:NRG_BAL_C(1.0),06/03/26 23:00:00,Annual,Imports,Oil and petroleum products (excluding biofuel portion),Gigawatt-hour,France,2023,982981.498,,
ESTAT:NRG_BAL_C(1.0),06/03/26 23:00:00,Annual,Imports,Oil and petroleum products (excluding biofuel portion),Gigawatt-hour,France,2024,980401.292,,
ESTAT:NRG_BAL_C(1.0),06/03/26 23:00:00,Annual,Imports,Oil and petroleum products (excluding biofuel portion),Gigawatt-hour,Croatia,2005,64272.358,,
ESTAT:NRG_BAL_C(1.0),06/03/26 23:00:00,Annual,Imports,Oil and petroleum products (excluding biofuel portion),Gigawatt-hour,Croatia,2006,63287.266,,
ESTAT:NRG_BAL_C(1.0),06/03/26 23:00:00,Annual,Imports,Oil and petroleum products (excluding biofuel portion),Gigawatt-hour,Croatia,2007,69017.274,,
ESTAT:NRG_BAL_C(1.0),06/03/26 23:00:00,Annual,Imports,Oil and petroleum products (excluding biofuel portion),Gigawatt-hour,Croatia,2008,64548.947,,
ESTAT:NRG_BAL_C(1.0),06/03/26 23:00:00,Annual,Imports,Oil and petroleum products (excluding biofuel portion),Gigawatt-hour,Croatia,2009,62003.621,,
ESTAT:NRG_BAL_C(1.0),06/03/26 23:00:00,Annual,Imports,Oil and petroleum products (excluding biofuel portion),Gigawatt-hour,Croatia,2010,57840.554,,
ESTAT:NRG_BAL_C(1.0),06/03/26 23:00:00,Annual,Imports,Oil and petroleum products (excluding biofuel portion),Gigawatt-hour,Croatia,2011,53403.512,,
ESTAT:NRG_BAL_C(1.0),06/03/26 23:00:00,Annual,Imports,Oil and petroleum products (excluding biofuel portion),Gigawatt-hour,Croatia,2012,47182.988,,
ESTAT:NRG_BAL_C(1.0),06/03/26 23:00:00,Annual,Imports,Oil and petroleum products (excluding biofuel portion),Gigawatt-hour,Croatia,2013,47287.040,,
ESTAT:NRG_BAL_C(1.0),06/03/26 23:00:00,Annual,Imports,Oil and petroleum products (excluding biofuel portion),Gigawatt-hour,Croatia,2014,45855.910,,
ESTAT:NRG_BAL_C(1.0),06/03/26 23:00:00,Annual,Imports,Oil and petroleum products (excluding biofuel portion),Gigawatt-hour,Croatia,2015,52857.652,,
ESTAT:NRG_BAL_C(1.0),06/03/26 23:00:00,Annual,Imports,Oil and petroleum products (excluding biofuel portion),Gigawatt-hour,Croatia,2016,54583.410,,
ESTAT:NRG_BAL_C(1.0),06/03/26 23:00:00,Annual,Imports,Oil and petroleum products (excluding biofuel portion),Gigawatt-hour,Croatia,2017,60818.217,,
ESTAT:NRG_BAL_C(1.0),06/03/26 23:00:00,Annual,Imports,Oil and petroleum products (excluding biofuel portion),Gigawatt-hour,Croatia,2018,60849.356,,
ESTAT:NRG_BAL_C(1.0),06/03/26 23:00:00,Annual,Imports,Oil and petroleum products (excluding biofuel portion),Gigawatt-hour,Croatia,2019,56436.070,,
ESTAT:NRG_BAL_C(1.0),06/03/26 23:00:00,Annual,Imports,Oil and petroleum products (excluding biofuel portion),Gigawatt-hour,Croatia,2020,51773.854,,
ESTAT:NRG_BAL_C(1.0),06/03/26 23:00:00,Annual,Imports,Oil and petroleum products (excluding biofuel portion),Gigawatt-hour,Croatia,2021,53521.741,,
ESTAT:NRG_BAL_C(1.0),06/03/26 23:00:00,Annual,Imports,Oil and petroleum products (excluding biofuel portion),Gigawatt-hour,Croatia,2022,55747.369,,
ESTAT:NRG_BAL_C(1.0),06/03/26 23:00:00,Annual,Imports,Oil and petroleum products (excluding biofuel portion),Gigawatt-hour,Croatia,2023,56907.482,,
ESTAT:NRG_BAL_C(1.0),06/03/26 23:00:00,Annual,Imports,Oil and petroleum products (excluding biofuel portion),Gigawatt-hour,Croatia,2024,66499.562,,
ESTAT:NRG_BAL_C(1.0),06/03/26 23:00:00,Annual,Imports,Oil and petroleum products (excluding biofuel portion),Gigawatt-hour,Hungary,2005,106170.306,,
ESTAT:NRG_BAL_C(1.0),06/03/26 23:00:00,Annual,Imports,Oil and petroleum products (excluding biofuel portion),Gigawatt-hour,Hungary,2006,109701.611,,
ESTAT:NRG_BAL_C(1.0),06/03/26 23:00:00,Annual,Imports,Oil and petroleum products (excluding biofuel portion),Gigawatt-hour,Hungary,2007,110357.064,,
ESTAT:NRG_BAL_C(1.0),06/03/26 23:00:00,Annual,Imports,Oil and petroleum products (excluding biofuel portion),Gigawatt-hour,Hungary,2008,107414.718,,
ESTAT:NRG_BAL_C(1.0),06/03/26 23:00:00,Annual,Imports,Oil and petroleum products (excluding biofuel portion),Gigawatt-hour,Hungary,2009,91631.603,,
ESTAT:NRG_BAL_C(1.0),06/03/26 23:00:00,Annual,Imports,Oil and petroleum products (excluding biofuel portion),Gigawatt-hour,Hungary,2010,99152.619,,
ESTAT:NRG_BAL_C(1.0),06/03/26 23:00:00,Annual,Imports,Oil and petroleum products (excluding biofuel portion),Gigawatt-hour,Hungary,2011,95468.586,,
ESTAT:NRG_BAL_C(1.0),06/03/26 23:00:00,Annual,Imports,Oil and petroleum products (excluding biofuel portion),Gigawatt-hour,Hungary,2012,89885.111,,
ESTAT:NRG_BAL_C(1.0),06/03/26 23:00:00,Annual,Imports,Oil and petroleum products (excluding biofuel portion),Gigawatt-hour,Hungary,2013,91195.003,,
ESTAT:NRG_BAL_C(1.0),06/03/26 23:00:00,Annual,Imports,Oil and petroleum products (excluding biofuel portion),Gigawatt-hour,Hungary,2014,103592.203,,
ESTAT:NRG_BAL_C(1.0),06/03/26 23:00:00,Annual,Imports,Oil and petroleum products (excluding biofuel portion),Gigawatt-hour,Hungary,2015,108486.442,,
ESTAT:NRG_BAL_C(1.0),06/03/26 23:00:00,Annual,Imports,Oil and petroleum products (excluding biofuel portion),Gigawatt-hour,Hungary,2016,106817.069,,
ESTAT:NRG_BAL_C(1.0),06/03/26 23:00:00,Annual,Imports,Oil and petroleum products (excluding biofuel portion),Gigawatt-hour,Hungary,2017,113108.047,,
ESTAT:NRG_BAL_C(1.0),06/03/26 23:00:00,Annual,Imports,Oil and petroleum products (excluding biofuel portion),Gigawatt-hour,Hungary,2018,125548.303,,
ESTAT:NRG_BAL_C(1.0),06/03/26 23:00:00,Annual,Imports,Oil and petroleum products (excluding biofuel portion),Gigawatt-hour,Hungary,2019,121342.909,,
ESTAT:NRG_BAL_C(1.0),06/03/26 23:00:00,Annual,Imports,Oil and petroleum products (excluding biofuel portion),Gigawatt-hour,Hungary,2020,110818.738,,
ESTAT:NRG_BAL_C(1.0),06/03/26 23:00:00,Annual,Imports,Oil and petroleum products (excluding biofuel portion),Gigawatt-hour,Hungary,2021,114328.838,,
ESTAT:NRG_BAL_C(1.0),06/03/26 23:00:00,Annual,Imports,Oil and petroleum products (excluding biofuel portion),Gigawatt-hour,Hungary,2022,111923.125,,
ESTAT:NRG_BAL_C(1.0),06/03/26 23:00:00,Annual,Imports,Oil and petroleum products (excluding biofuel portion),Gigawatt-hour,Hungary,2023,113317.839,,
ESTAT:NRG_BAL_C(1.0),06/03/26 23:00:00,Annual,Imports,Oil and petroleum products (excluding biofuel portion),Gigawatt-hour,Hungary,2024,118915.579,,
ESTAT:NRG_BAL_C(1.0),06/03/26 23:00:00,Annual,Imports,Oil and petroleum products (excluding biofuel portion),Gigawatt-hour,Ireland,2005,120406.388,,
ESTAT:NRG_BAL_C(1.0),06/03/26 23:00:00,Annual,Imports,Oil and petroleum products (excluding biofuel portion),Gigawatt-hour,Ireland,2006,118158.196,,
ESTAT:NRG_BAL_C(1.0),06/03/26 23:00:00,Annual,Imports,Oil and petroleum products (excluding biofuel portion),Gigawatt-hour,Ireland,2007,115607.112,,
ESTAT:NRG_BAL_C(1.0),06/03/26 23:00:00,Annual,Imports,Oil and petroleum products (excluding biofuel portion),Gigawatt-hour,Ireland,2008,114121.053,,
ESTAT:NRG_BAL_C(1.0),06/03/26 23:00:00,Annual,Imports,Oil and petroleum products (excluding biofuel portion),Gigawatt-hour,Ireland,2009,103964.336,,
ESTAT:NRG_BAL_C(1.0),06/03/26 23:00:00,Annual,Imports,Oil and petroleum products (excluding biofuel portion),Gigawatt-hour,Ireland,2010,107134.722,,
ESTAT:NRG_BAL_C(1.0),06/03/26 23:00:00,Annual,Imports,Oil and petroleum products (excluding biofuel portion),Gigawatt-hour,Ireland,2011,102453.798,,
ESTAT:NRG_BAL_C(1.0),06/03/26 23:00:00,Annual,Imports,Oil and petroleum products (excluding biofuel portion),Gigawatt-hour,Ireland,2012,97341.861,,
ESTAT:NRG_BAL_C(1.0),06/03/26 23:00:00,Annual,Imports,Oil and petroleum products (excluding biofuel portion),Gigawatt-hour,Ireland,2013,93960.624,,
ESTAT:NRG_BAL_C(1.0),06/03/26 23:00:00,Annual,Imports,Oil and petroleum products (excluding biofuel portion),Gigawatt-hour,Ireland,2014,90863.565,,
ESTAT:NRG_BAL_C(1.0),06/03/26 23:00:00,Annual,Imports,Oil and petroleum products (excluding biofuel portion),Gigawatt-hour,Ireland,2015,106809.076,,
ESTAT:NRG_BAL_C(1.0),06/03/26 23:00:00,Annual,Imports,Oil and petroleum products (excluding biofuel portion),Gigawatt-hour,Ireland,2016,105559.689,,
ESTAT:NRG_BAL_C(1.0),06/03/26 23:00:00,Annual,Imports,Oil and petroleum products (excluding biofuel portion),Gigawatt-hour,Ireland,2017,104902.219,,
ESTAT:NRG_BAL_C(1.0),06/03/26 23:00:00,Annual,Imports,Oil and petroleum products (excluding biofuel portion),Gigawatt-hour,Ireland,2018,106310.766,,
ESTAT:NRG_BAL_C(1.0),06/03/26 23:00:00,Annual,Imports,Oil and petroleum products (excluding biofuel portion),Gigawatt-hour,Ireland,2019,104760.930,,
ESTAT:NRG_BAL_C(1.0),06/03/26 23:00:00,Annual,Imports,Oil and petroleum products (excluding biofuel portion),Gigawatt-hour,Ireland,2020,94600.216,,
ESTAT:NRG_BAL_C(1.0),06/03/26 23:00:00,Annual,Imports,Oil and petroleum products (excluding biofuel portion),Gigawatt-hour,Ireland,2021,97651.793,,
ESTAT:NRG_BAL_C(1.0),06/03/26 23:00:00,Annual,Imports,Oil and petroleum products (excluding biofuel portion),Gigawatt-hour,Ireland,2022,102139.113,,
ESTAT:NRG_BAL_C(1.0),06/03/26 23:00:00,Annual,Imports,Oil and petroleum products (excluding biofuel portion),Gigawatt-hour,Ireland,2023,97610.089,,
ESTAT:NRG_BAL_C(1.0),06/03/26 23:00:00,Annual,Imports,Oil and petroleum products (excluding biofuel portion),Gigawatt-hour,Ireland,2024,99495.076,,
ESTAT:NRG_BAL_C(1.0),06/03/26 23:00:00,Annual,Imports,Oil and petroleum products (excluding biofuel portion),Gigawatt-hour,Italy,2005,1258897.037,,
ESTAT:NRG_BAL_C(1.0),06/03/26 23:00:00,Annual,Imports,Oil and petroleum products (excluding biofuel portion),Gigawatt-hour,Italy,2006,1242753.430,,
ESTAT:NRG_BAL_C(1.0),06/03/26 23:00:00,Annual,Imports,Oil and petroleum products (excluding biofuel portion),Gigawatt-hour,Italy,2007,1253121.607,,
ESTAT:NRG_BAL_C(1.0),06/03/26 23:00:00,Annual,Imports,Oil and petroleum products (excluding biofuel portion),Gigawatt-hour,Italy,2008,1182429.444,,
ESTAT:NRG_BAL_C(1.0),06/03/26 23:00:00,Annual,Imports,Oil and petroleum products (excluding biofuel portion),Gigawatt-hour,Italy,2009,1094935.612,,
ESTAT:NRG_BAL_C(1.0),06/03/26 23:00:00,Annual,Imports,Oil and petroleum products (excluding biofuel portion),Gigawatt-hour,Italy,2010,1126841.835,,
ESTAT:NRG_BAL_C(1.0),06/03/26 23:00:00,Annual,Imports,Oil and petroleum products (excluding biofuel portion),Gigawatt-hour,Italy,2011,1044464.521,,
ESTAT:NRG_BAL_C(1.0),06/03/26 23:00:00,Annual,Imports,Oil and petroleum products (excluding biofuel portion),Gigawatt-hour,Italy,2012,993444.850,,
ESTAT:NRG_BAL_C(1.0),06/03/26 23:00:00,Annual,Imports,Oil and petroleum products (excluding biofuel portion),Gigawatt-hour,Italy,2013,906725.047,,
ESTAT:NRG_BAL_C(1.0),06/03/26 23:00:00,Annual,Imports,Oil and petroleum products (excluding biofuel portion),Gigawatt-hour,Italy,2014,828780.089,,
ESTAT:NRG_BAL_C(1.0),06/03/26 23:00:00,Annual,Imports,Oil and petroleum products (excluding biofuel portion),Gigawatt-hour,Italy,2015,938838.799,,
ESTAT:NRG_BAL_C(1.0),06/03/26 23:00:00,Annual,Imports,Oil and petroleum products (excluding biofuel portion),Gigawatt-hour,Italy,2016,951005.640,,
ESTAT:NRG_BAL_C(1.0),06/03/26 23:00:00,Annual,Imports,Oil and petroleum products (excluding biofuel portion),Gigawatt-hour,Italy,2017,988096.408,,
ESTAT:NRG_BAL_C(1.0),06/03/26 23:00:00,Annual,Imports,Oil and petroleum products (excluding biofuel portion),Gigawatt-hour,Italy,2018,947987.673,,
ESTAT:NRG_BAL_C(1.0),06/03/26 23:00:00,Annual,Imports,Oil and petroleum products (excluding biofuel portion),Gigawatt-hour,Italy,2019,937295.836,,
ESTAT:NRG_BAL_C(1.0),06/03/26 23:00:00,Annual,Imports,Oil and petroleum products (excluding biofuel portion),Gigawatt-hour,Italy,2020,764386.574,,
ESTAT:NRG_BAL_C(1.0),06/03/26 23:00:00,Annual,Imports,Oil and petroleum products (excluding biofuel portion),Gigawatt-hour,Italy,2021,837093.783,,
ESTAT:NRG_BAL_C(1.0),06/03/26 23:00:00,Annual,Imports,Oil and petroleum products (excluding biofuel portion),Gigawatt-hour,Italy,2022,910142.814,,
ESTAT:NRG_BAL_C(1.0),06/03/26 23:00:00,Annual,Imports,Oil and petroleum products (excluding biofuel portion),Gigawatt-hour,Italy,2023,891466.865,,
ESTAT:NRG_BAL_C(1.0),06/03/26 23:00:00,Annual,Imports,Oil and petroleum products (excluding biofuel portion),Gigawatt-hour,Italy,2024,856829.910,,
ESTAT:NRG_BAL_C(1.0),06/03/26 23:00:00,Annual,Imports,Oil and petroleum products (excluding biofuel portion),Gigawatt-hour,Lithuania,2005,112008.756,,
ESTAT:NRG_BAL_C(1.0),06/03/26 23:00:00,Annual,Imports,Oil and petroleum products (excluding biofuel portion),Gigawatt-hour,Lithuania,2006,107424.579,,
ESTAT:NRG_BAL_C(1.0),06/03/26 23:00:00,Annual,Imports,Oil and petroleum products (excluding biofuel portion),Gigawatt-hour,Lithuania,2007,77199.258,,
ESTAT:NRG_BAL_C(1.0),06/03/26 23:00:00,Annual,Imports,Oil and petroleum products (excluding biofuel portion),Gigawatt-hour,Lithuania,2008,118442.565,,
ESTAT:NRG_BAL_C(1.0),06/03/26 23:00:00,Annual,Imports,Oil and petroleum products (excluding biofuel portion),Gigawatt-hour,Lithuania,2009,108583.854,,
ESTAT:NRG_BAL_C(1.0),06/03/26 23:00:00,Annual,Imports,Oil and petroleum products (excluding biofuel portion),Gigawatt-hour,Lithuania,2010,119264.594,,
ESTAT:NRG_BAL_C(1.0),06/03/26 23:00:00,Annual,Imports,Oil and petroleum products (excluding biofuel portion),Gigawatt-hour,Lithuania,2011,120976.694,,
ESTAT:NRG_BAL_C(1.0),06/03/26 23:00:00,Annual,Imports,Oil and petroleum products (excluding biofuel portion),Gigawatt-hour,Lithuania,2012,120097.150,,
ESTAT:NRG_BAL_C(1.0),06/03/26 23:00:00,Annual,Imports,Oil and petroleum products (excluding biofuel portion),Gigawatt-hour,Lithuania,2013,126905.846,,
ESTAT:NRG_BAL_C(1.0),06/03/26 23:00:00,Annual,Imports,Oil and petroleum products (excluding biofuel portion),Gigawatt-hour,Lithuania,2014,110280.732,,
ESTAT:NRG_BAL_C(1.0),06/03/26 23:00:00,Annual,Imports,Oil and petroleum products (excluding biofuel portion),Gigawatt-hour,Lithuania,2015,129853.091,,
ESTAT:NRG_BAL_C(1.0),06/03/26 23:00:00,Annual,Imports,Oil and petroleum products (excluding biofuel portion),Gigawatt-hour,Lithuania,2016,134957.544,,
ESTAT:NRG_BAL_C(1.0),06/03/26 23:00:00,Annual,Imports,Oil and petroleum products (excluding biofuel portion),Gigawatt-hour,Lithuania,2017,131619.456,,
ESTAT:NRG_BAL_C(1.0),06/03/26 23:00:00,Annual,Imports,Oil and petroleum products (excluding biofuel portion),Gigawatt-hour,Lithuania,2018,126820.446,,
ESTAT:NRG_BAL_C(1.0),06/03/26 23:00:00,Annual,Imports,Oil and petroleum products (excluding biofuel portion),Gigawatt-hour,Lithuania,2019,125776.252,,
ESTAT:NRG_BAL_C(1.0),06/03/26 23:00:00,Annual,Imports,Oil and petroleum products (excluding biofuel portion),Gigawatt-hour,Lithuania,2020,104940.300,,
ESTAT:NRG_BAL_C(1.0),06/03/26 23:00:00,Annual,Imports,Oil and petroleum products (excluding biofuel portion),Gigawatt-hour,Lithuania,2021,108504.309,,
ESTAT:NRG_BAL_C(1.0),06/03/26 23:00:00,Annual,Imports,Oil and petroleum products (excluding biofuel portion),Gigawatt-hour,Lithuania,2022,112618.039,,
ESTAT:NRG_BAL_C(1.0),06/03/26 23:00:00,Annual,Imports,Oil and petroleum products (excluding biofuel portion),Gigawatt-hour,Lithuania,2023,119553.088,,
ESTAT:NRG_BAL_C(1.0),06/03/26 23:00:00,Annual,Imports,Oil and petroleum products (excluding biofuel portion),Gigawatt-hour,Lithuania,2024,113351.429,,
ESTAT:NRG_BAL_C(1.0),06/03/26 23:00:00,Annual,Imports,Oil and petroleum products (excluding biofuel portion),Gigawatt-hour,Luxembourg,2005,36720.564,,
ESTAT:NRG_BAL_C(1.0),06/03/26 23:00:00,Annual,Imports,Oil and petroleum products (excluding biofuel portion),Gigawatt-hour,Luxembourg,2006,35198.026,,
ESTAT:NRG_BAL_C(1.0),06/03/26 23:00:00,Annual,Imports,Oil and petroleum products (excluding biofuel portion),Gigawatt-hour,Luxembourg,2007,33488.856,,
ESTAT:NRG_BAL_C(1.0),06/03/26 23:00:00,Annual,Imports,Oil and petroleum products (excluding biofuel portion),Gigawatt-hour,Luxembourg,2008,34296.823,,
ESTAT:NRG_BAL_C(1.0),06/03/26 23:00:00,Annual,Imports,Oil and petroleum products (excluding biofuel portion),Gigawatt-hour,Luxembourg,2009,32091.981,,
ESTAT:NRG_BAL_C(1.0),06/03/26 23:00:00,Annual,Imports,Oil and petroleum products (excluding biofuel portion),Gigawatt-hour,Luxembourg,2010,33273.948,,
ESTAT:NRG_BAL_C(1.0),06/03/26 23:00:00,Annual,Imports,Oil and petroleum products (excluding biofuel portion),Gigawatt-hour,Luxembourg,2011,34090.093,,
ESTAT:NRG_BAL_C(1.0),06/03/26 23:00:00,Annual,Imports,Oil and petroleum products (excluding biofuel portion),Gigawatt-hour,Luxembourg,2012,33177.041,,
ESTAT:NRG_BAL_C(1.0),06/03/26 23:00:00,Annual,Imports,Oil and petroleum products (excluding biofuel portion),Gigawatt-hour,Luxembourg,2013,32581.874,,
ESTAT:NRG_BAL_C(1.0),06/03/26 23:00:00,Annual,Imports,Oil and petroleum products (excluding biofuel portion),Gigawatt-hour,Luxembourg,2014,31357.963,,
ESTAT:NRG_BAL_C(1.0),06/03/26 23:00:00,Annual,Imports,Oil and petroleum products (excluding biofuel portion),Gigawatt-hour,Luxembourg,2015,30524.853,,
ESTAT:NRG_BAL_C(1.0),06/03/26 23:00:00,Annual,Imports,Oil and petroleum products (excluding biofuel portion),Gigawatt-hour,Luxembourg,2016,30767.851,,
ESTAT:NRG_BAL_C(1.0),06/03/26 23:00:00,Annual,Imports,Oil and petroleum products (excluding biofuel portion),Gigawatt-hour,Luxembourg,2017,32264.113,,
ESTAT:NRG_BAL_C(1.0),06/03/26 23:00:00,Annual,Imports,Oil and petroleum products (excluding biofuel portion),Gigawatt-hour,Luxembourg,2018,33860.047,,
ESTAT:NRG_BAL_C(1.0),06/03/26 23:00:00,Annual,Imports,Oil and petroleum products (excluding biofuel portion),Gigawatt-hour,Luxembourg,2019,34483.426,,
ESTAT:NRG_BAL_C(1.0),06/03/26 23:00:00,Annual,Imports,Oil and petroleum products (excluding biofuel portion),Gigawatt-hour,Luxembourg,2020,27858.767,,
ESTAT:NRG_BAL_C(1.0),06/03/26 23:00:00,Annual,Imports,Oil and petroleum products (excluding biofuel portion),Gigawatt-hour,Luxembourg,2021,29867.707,,
ESTAT:NRG_BAL_C(1.0),06/03/26 23:00:00,Annual,Imports,Oil and petroleum products (excluding biofuel portion),Gigawatt-hour,Luxembourg,2022,27156.300,,
ESTAT:NRG_BAL_C(1.0),06/03/26 23:00:00,Annual,Imports,Oil and petroleum products (excluding biofuel portion),Gigawatt-hour,Luxembourg,2023,26106.505,,
ESTAT:NRG_BAL_C(1.0),06/03/26 23:00:00,Annual,Imports,Oil and petroleum products (excluding biofuel portion),Gigawatt-hour,Luxembourg,2024,25576.568,,
ESTAT:NRG_BAL_C(1.0),06/03/26 23:00:00,Annual,Imports,Oil and petroleum products (excluding biofuel portion),Gigawatt-hour,Latvia,2005,26595.318,,
ESTAT:NRG_BAL_C(1.0),06/03/26 23:00:00,Annual,Imports,Oil and petroleum products (excluding biofuel portion),Gigawatt-hour,Latvia,2006,24759.953,,
ESTAT:NRG_BAL_C(1.0),06/03/26 23:00:00,Annual,Imports,Oil and petroleum products (excluding biofuel portion),Gigawatt-hour,Latvia,2007,23759.627,,
ESTAT:NRG_BAL_C(1.0),06/03/26 23:00:00,Annual,Imports,Oil and petroleum products (excluding biofuel portion),Gigawatt-hour,Latvia,2008,22948.172,,
ESTAT:NRG_BAL_C(1.0),06/03/26 23:00:00,Annual,Imports,Oil and petroleum products (excluding biofuel portion),Gigawatt-hour,Latvia,2009,23500.383,,
ESTAT:NRG_BAL_C(1.0),06/03/26 23:00:00,Annual,Imports,Oil and petroleum products (excluding biofuel portion),Gigawatt-hour,Latvia,2010,22566.706,,
ESTAT:NRG_BAL_C(1.0),06/03/26 23:00:00,Annual,Imports,Oil and petroleum products (excluding biofuel portion),Gigawatt-hour,Latvia,2011,24607.622,,
ESTAT:NRG_BAL_C(1.0),06/03/26 23:00:00,Annual,Imports,Oil and petroleum products (excluding biofuel portion),Gigawatt-hour,Latvia,2012,25385.774,,
ESTAT:NRG_BAL_C(1.0),06/03/26 23:00:00,Annual,Imports,Oil and petroleum products (excluding biofuel portion),Gigawatt-hour,Latvia,2013,27303.658,,
ESTAT:NRG_BAL_C(1.0),06/03/26 23:00:00,Annual,Imports,Oil and petroleum products (excluding biofuel portion),Gigawatt-hour,Latvia,2014,27511.785,,
ESTAT:NRG_BAL_C(1.0),06/03/26 23:00:00,Annual,Imports,Oil and petroleum products (excluding biofuel portion),Gigawatt-hour,Latvia,2015,32125.061,,
ESTAT:NRG_BAL_C(1.0),06/03/26 23:00:00,Annual,Imports,Oil and petroleum products (excluding biofuel portion),Gigawatt-hour,Latvia,2016,32524.678,,
ESTAT:NRG_BAL_C(1.0),06/03/26 23:00:00,Annual,Imports,Oil and petroleum products (excluding biofuel portion),Gigawatt-hour,Latvia,2017,30164.680,,
ESTAT:NRG_BAL_C(1.0),06/03/26 23:00:00,Annual,Imports,Oil and petroleum products (excluding biofuel portion),Gigawatt-hour,Latvia,2018,28939.860,,
ESTAT:NRG_BAL_C(1.0),06/03/26 23:00:00,Annual,Imports,Oil and petroleum products (excluding biofuel portion),Gigawatt-hour,Latvia,2019,27124.140,,
ESTAT:NRG_BAL_C(1.0),06/03/26 23:00:00,Annual,Imports,Oil and petroleum products (excluding biofuel portion),Gigawatt-hour,Latvia,2020,23471.289,,
ESTAT:NRG_BAL_C(1.0),06/03/26 23:00:00,Annual,Imports,Oil and petroleum products (excluding biofuel portion),Gigawatt-hour,Latvia,2021,22547.874,,
ESTAT:NRG_BAL_C(1.0),06/03/26 23:00:00,Annual,Imports,Oil and petroleum products (excluding biofuel portion),Gigawatt-hour,Latvia,2022,26163.699,,
ESTAT:NRG_BAL_C(1.0),06/03/26 23:00:00,Annual,Imports,Oil and petroleum products (excluding biofuel portion),Gigawatt-hour,Latvia,2023,25719.810,,
ESTAT:NRG_BAL_C(1.0),06/03/26 23:00:00,Annual,Imports,Oil and petroleum products (excluding biofuel portion),Gigawatt-hour,Latvia,2024,27055.898,,
ESTAT:NRG_BAL_C(1.0),06/03/26 23:00:00,Annual,Imports,Oil and petroleum products (excluding biofuel portion),Gigawatt-hour,Malta,2005,18533.722,,
ESTAT:NRG_BAL_C(1.0),06/03/26 23:00:00,Annual,Imports,Oil and petroleum products (excluding biofuel portion),Gigawatt-hour,Malta,2006,19642.667,,
ESTAT:NRG_BAL_C(1.0),06/03/26 23:00:00,Annual,Imports,Oil and petroleum products (excluding biofuel portion),Gigawatt-hour,Malta,2007,20934.667,,
ESTAT:NRG_BAL_C(1.0),06/03/26 23:00:00,Annual,Imports,Oil and petroleum products (excluding biofuel portion),Gigawatt-hour,Malta,2008,21953.833,,
ESTAT:NRG_BAL_C(1.0),06/03/26 23:00:00,Annual,Imports,Oil and petroleum products (excluding biofuel portion),Gigawatt-hour,Malta,2009,23665.556,,
ESTAT:NRG_BAL_C(1.0),06/03/26 23:00:00,Annual,Imports,Oil and petroleum products (excluding biofuel portion),Gigawatt-hour,Malta,2010,27684.722,,
ESTAT:NRG_BAL_C(1.0),06/03/26 23:00:00,Annual,Imports,Oil and petroleum products (excluding biofuel portion),Gigawatt-hour,Malta,2011,26767.222,,
ESTAT:NRG_BAL_C(1.0),06/03/26 23:00:00,Annual,Imports,Oil and petroleum products (excluding biofuel portion),Gigawatt-hour,Malta,2012,25500.083,,
ESTAT:NRG_BAL_C(1.0),06/03/26 23:00:00,Annual,Imports,Oil and petroleum products (excluding biofuel portion),Gigawatt-hour,Malta,2013,26765.500,,
ESTAT:NRG_BAL_C(1.0),06/03/26 23:00:00,Annual,Imports,Oil and petroleum products (excluding biofuel portion),Gigawatt-hour,Malta,2014,26297.556,,
ESTAT:NRG_BAL_C(1.0),06/03/26 23:00:00,Annual,Imports,Oil and petroleum products (excluding biofuel portion),Gigawatt-hour,Malta,2015,31022.000,,
ESTAT:NRG_BAL_C(1.0),06/03/26 23:00:00,Annual,Imports,Oil and petroleum products (excluding biofuel portion),Gigawatt-hour,Malta,2016,30648.056,,
ESTAT:NRG_BAL_C(1.0),06/03/26 23:00:00,Annual,Imports,Oil and petroleum products (excluding biofuel portion),Gigawatt-hour,Malta,2017,33303.260,,
ESTAT:NRG_BAL_C(1.0),06/03/26 23:00:00,Annual,Imports,Oil and petroleum products (excluding biofuel portion),Gigawatt-hour,Malta,2018,34258.230,,
ESTAT:NRG_BAL_C(1.0),06/03/26 23:00:00,Annual,Imports,Oil and petroleum products (excluding biofuel portion),Gigawatt-hour,Malta,2019,35689.917,,
ESTAT:NRG_BAL_C(1.0),06/03/26 23:00:00,Annual,Imports,Oil and petroleum products (excluding biofuel portion),Gigawatt-hour,Malta,2020,31527.411,,
ESTAT:NRG_BAL_C(1.0),06/03/26 23:00:00,Annual,Imports,Oil and petroleum products (excluding biofuel portion),Gigawatt-hour,Malta,2021,27603.166,,
ESTAT:NRG_BAL_C(1.0),06/03/26 23:00:00,Annual,Imports,Oil and petroleum products (excluding biofuel portion),Gigawatt-hour,Malta,2022,30877.423,,
ESTAT:NRG_BAL_C(1.0),06/03/26 23:00:00,Annual,Imports,Oil and petroleum products (excluding biofuel portion),Gigawatt-hour,Malta,2023,32817.946,,
ESTAT:NRG_BAL_C(1.0),06/03/26 23:00:00,Annual,Imports,Oil and petroleum products (excluding biofuel portion),Gigawatt-hour,Malta,2024,30537.331,,
ESTAT:NRG_BAL_C(1.0),06/03/26 23:00:00,Annual,Imports,Oil and petroleum products (excluding biofuel portion),Gigawatt-hour,Netherlands,2005,1457826.665,,
ESTAT:NRG_BAL_C(1.0),06/03/26 23:00:00,Annual,Imports,Oil and petroleum products (excluding biofuel portion),Gigawatt-hour,Netherlands,2006,1524420.995,,
ESTAT:NRG_BAL_C(1.0),06/03/26 23:00:00,Annual,Imports,Oil and petroleum products (excluding biofuel portion),Gigawatt-hour,Netherlands,2007,1466285.840,,
ESTAT:NRG_BAL_C(1.0),06/03/26 23:00:00,Annual,Imports,Oil and petroleum products (excluding biofuel portion),Gigawatt-hour,Netherlands,2008,1519315.021,,
ESTAT:NRG_BAL_C(1.0),06/03/26 23:00:00,Annual,Imports,Oil and petroleum products (excluding biofuel portion),Gigawatt-hour,Netherlands,2009,1600068.051,,
ESTAT:NRG_BAL_C(1.0),06/03/26 23:00:00,Annual,Imports,Oil and petroleum products (excluding biofuel portion),Gigawatt-hour,Netherlands,2010,1706160.130,,
ESTAT:NRG_BAL_C(1.0),06/03/26 23:00:00,Annual,Imports,Oil and petroleum products (excluding biofuel portion),Gigawatt-hour,Netherlands,2011,1675604.464,,
ESTAT:NRG_BAL_C(1.0),06/03/26 23:00:00,Annual,Imports,Oil and petroleum products (excluding biofuel portion),Gigawatt-hour,Netherlands,2012,1735855.497,,
ESTAT:NRG_BAL_C(1.0),06/03/26 23:00:00,Annual,Imports,Oil and petroleum products (excluding biofuel portion),Gigawatt-hour,Netherlands,2013,1691284.282,,
ESTAT:NRG_BAL_C(1.0),06/03/26 23:00:00,Annual,Imports,Oil and petroleum products (excluding biofuel portion),Gigawatt-hour,Netherlands,2014,1654514.939,,
ESTAT:NRG_BAL_C(1.0),06/03/26 23:00:00,Annual,Imports,Oil and petroleum products (excluding biofuel portion),Gigawatt-hour,Netherlands,2015,1818016.815,,
ESTAT:NRG_BAL_C(1.0),06/03/26 23:00:00,Annual,Imports,Oil and petroleum products (excluding biofuel portion),Gigawatt-hour,Netherlands,2016,1818455.735,,
ESTAT:NRG_BAL_C(1.0),06/03/26 23:00:00,Annual,Imports,Oil and petroleum products (excluding biofuel portion),Gigawatt-hour,Netherlands,2017,1756547.400,,
ESTAT:NRG_BAL_C(1.0),06/03/26 23:00:00,Annual,Imports,Oil and petroleum products (excluding biofuel portion),Gigawatt-hour,Netherlands,2018,1736491.894,,
ESTAT:NRG_BAL_C(1.0),06/03/26 23:00:00,Annual,Imports,Oil and petroleum products (excluding biofuel portion),Gigawatt-hour,Netherlands,2019,1718419.562,,
ESTAT:NRG_BAL_C(1.0),06/03/26 23:00:00,Annual,Imports,Oil and petroleum products (excluding biofuel portion),Gigawatt-hour,Netherlands,2020,1538223.305,,
ESTAT:NRG_BAL_C(1.0),06/03/26 23:00:00,Annual,Imports,Oil and petroleum products (excluding biofuel portion),Gigawatt-hour,Netherlands,2021,1672197.530,,
ESTAT:NRG_BAL_C(1.0),06/03/26 23:00:00,Annual,Imports,Oil and petroleum products (excluding biofuel portion),Gigawatt-hour,Netherlands,2022,1747233.708,,
ESTAT:NRG_BAL_C(1.0),06/03/26 23:00:00,Annual,Imports,Oil and petroleum products (excluding biofuel portion),Gigawatt-hour,Netherlands,2023,1657598.447,,
ESTAT:NRG_BAL_C(1.0),06/03/26 23:00:00,Annual,Imports,Oil and petroleum products (excluding biofuel portion),Gigawatt-hour,Netherlands,2024,1635755.950,,
ESTAT:NRG_BAL_C(1.0),06/03/26 23:00:00,Annual,Imports,Oil and petroleum products (excluding biofuel portion),Gigawatt-hour,Poland,2005,290290.151,,
ESTAT:NRG_BAL_C(1.0),06/03/26 23:00:00,Annual,Imports,Oil and petroleum products (excluding biofuel portion),Gigawatt-hour,Poland,2006,316880.077,,
ESTAT:NRG_BAL_C(1.0),06/03/26 23:00:00,Annual,Imports,Oil and petroleum products (excluding biofuel portion),Gigawatt-hour,Poland,2007,340169.659,,
ESTAT:NRG_BAL_C(1.0),06/03/26 23:00:00,Annual,Imports,Oil and petroleum products (excluding biofuel portion),Gigawatt-hour,Poland,2008,326256.409,,
ESTAT:NRG_BAL_C(1.0),06/03/26 23:00:00,Annual,Imports,Oil and petroleum products (excluding biofuel portion),Gigawatt-hour,Poland,2009,319601.566,,
ESTAT:NRG_BAL_C(1.0),06/03/26 23:00:00,Annual,Imports,Oil and petroleum products (excluding biofuel portion),Gigawatt-hour,Poland,2010,339829.579,,
ESTAT:NRG_BAL_C(1.0),06/03/26 23:00:00,Annual,Imports,Oil and petroleum products (excluding biofuel portion),Gigawatt-hour,Poland,2011,352257.481,,
ESTAT:NRG_BAL_C(1.0),06/03/26 23:00:00,Annual,Imports,Oil and petroleum products (excluding biofuel portion),Gigawatt-hour,Poland,2012,350721.529,,
ESTAT:NRG_BAL_C(1.0),06/03/26 23:00:00,Annual,Imports,Oil and petroleum products (excluding biofuel portion),Gigawatt-hour,Poland,2013,329976.524,,
ESTAT:NRG_BAL_C(1.0),06/03/26 23:00:00,Annual,Imports,Oil and petroleum products (excluding biofuel portion),Gigawatt-hour,Poland,2014,339929.065,,
ESTAT:NRG_BAL_C(1.0),06/03/26 23:00:00,Annual,Imports,Oil and petroleum products (excluding biofuel portion),Gigawatt-hour,Poland,2015,378325.000,,
ESTAT:NRG_BAL_C(1.0),06/03/26 23:00:00,Annual,Imports,Oil and petroleum products (excluding biofuel portion),Gigawatt-hour,Poland,2016,379414.336,,
ESTAT:NRG_BAL_C(1.0),06/03/26 23:00:00,Annual,Imports,Oil and petroleum products (excluding biofuel portion),Gigawatt-hour,Poland,2017,408305.341,,
ESTAT:NRG_BAL_C(1.0),06/03/26 23:00:00,Annual,Imports,Oil and petroleum products (excluding biofuel portion),Gigawatt-hour,Poland,2018,428825.917,,
ESTAT:NRG_BAL_C(1.0),06/03/26 23:00:00,Annual,Imports,Oil and petroleum products (excluding biofuel portion),Gigawatt-hour,Poland,2019,420537.580,,
ESTAT:NRG_BAL_C(1.0),06/03/26 23:00:00,Annual,Imports,Oil and petroleum products (excluding biofuel portion),Gigawatt-hour,Poland,2020,389496.781,,
ESTAT:NRG_BAL_C(1.0),06/03/26 23:00:00,Annual,Imports,Oil and petroleum products (excluding biofuel portion),Gigawatt-hour,Poland,2021,401625.506,,
ESTAT:NRG_BAL_C(1.0),06/03/26 23:00:00,Annual,Imports,Oil and petroleum products (excluding biofuel portion),Gigawatt-hour,Poland,2022,441912.540,,
ESTAT:NRG_BAL_C(1.0),06/03/26 23:00:00,Annual,Imports,Oil and petroleum products (excluding biofuel portion),Gigawatt-hour,Poland,2023,443102.682,,
ESTAT:NRG_BAL_C(1.0),06/03/26 23:00:00,Annual,Imports,Oil and petroleum products (excluding biofuel portion),Gigawatt-hour,Poland,2024,457749.435,,
ESTAT:NRG_BAL_C(1.0),06/03/26 23:00:00,Annual,Imports,Oil and petroleum products (excluding biofuel portion),Gigawatt-hour,Portugal,2005,227030.182,,
ESTAT:NRG_BAL_C(1.0),06/03/26 23:00:00,Annual,Imports,Oil and petroleum products (excluding biofuel portion),Gigawatt-hour,Portugal,2006,212737.919,,
ESTAT:NRG_BAL_C(1.0),06/03/26 23:00:00,Annual,Imports,Oil and petroleum products (excluding biofuel portion),Gigawatt-hour,Portugal,2007,197689.117,,
ESTAT:NRG_BAL_C(1.0),06/03/26 23:00:00,Annual,Imports,Oil and petroleum products (excluding biofuel portion),Gigawatt-hour,Portugal,2008,199529.363,,
ESTAT:NRG_BAL_C(1.0),06/03/26 23:00:00,Annual,Imports,Oil and petroleum products (excluding biofuel portion),Gigawatt-hour,Portugal,2009,180019.228,,
ESTAT:NRG_BAL_C(1.0),06/03/26 23:00:00,Annual,Imports,Oil and petroleum products (excluding biofuel portion),Gigawatt-hour,Portugal,2010,179079.227,,
ESTAT:NRG_BAL_C(1.0),06/03/26 23:00:00,Annual,Imports,Oil and petroleum products (excluding biofuel portion),Gigawatt-hour,Portugal,2011,175108.895,,
ESTAT:NRG_BAL_C(1.0),06/03/26 23:00:00,Annual,Imports,Oil and petroleum products (excluding biofuel portion),Gigawatt-hour,Portugal,2012,169253.065,,
ESTAT:NRG_BAL_C(1.0),06/03/26 23:00:00,Annual,Imports,Oil and petroleum products (excluding biofuel portion),Gigawatt-hour,Portugal,2013,188560.402,,
ESTAT:NRG_BAL_C(1.0),06/03/26 23:00:00,Annual,Imports,Oil and petroleum products (excluding biofuel portion),Gigawatt-hour,Portugal,2014,178040.554,,
ESTAT:NRG_BAL_C(1.0),06/03/26 23:00:00,Annual,Imports,Oil and petroleum products (excluding biofuel portion),Gigawatt-hour,Portugal,2015,210531.531,,
ESTAT:NRG_BAL_C(1.0),06/03/26 23:00:00,Annual,Imports,Oil and petroleum products (excluding biofuel portion),Gigawatt-hour,Portugal,2016,206674.386,,
ESTAT:NRG_BAL_C(1.0),06/03/26 23:00:00,Annual,Imports,Oil and petroleum products (excluding biofuel portion),Gigawatt-hour,Portugal,2017,214307.057,,
ESTAT:NRG_BAL_C(1.0),06/03/26 23:00:00,Annual,Imports,Oil and petroleum products (excluding biofuel portion),Gigawatt-hour,Portugal,2018,196262.808,,
ESTAT:NRG_BAL_C(1.0),06/03/26 23:00:00,Annual,Imports,Oil and petroleum products (excluding biofuel portion),Gigawatt-hour,Portugal,2019,191382.721,,
ESTAT:NRG_BAL_C(1.0),06/03/26 23:00:00,Annual,Imports,Oil and petroleum products (excluding biofuel portion),Gigawatt-hour,Portugal,2020,171046.632,,
ESTAT:NRG_BAL_C(1.0),06/03/26 23:00:00,Annual,Imports,Oil and petroleum products (excluding biofuel portion),Gigawatt-hour,Portugal,2021,170512.971,,
ESTAT:NRG_BAL_C(1.0),06/03/26 23:00:00,Annual,Imports,Oil and petroleum products (excluding biofuel portion),Gigawatt-hour,Portugal,2022,179059.616,,
ESTAT:NRG_BAL_C(1.0),06/03/26 23:00:00,Annual,Imports,Oil and petroleum products (excluding biofuel portion),Gigawatt-hour,Portugal,2023,171162.988,,
ESTAT:NRG_BAL_C(1.0),06/03/26 23:00:00,Annual,Imports,Oil and petroleum products (excluding biofuel portion),Gigawatt-hour,Portugal,2024,180179.240,,
ESTAT:NRG_BAL_C(1.0),06/03/26 23:00:00,Annual,Imports,Oil and petroleum products (excluding biofuel portion),Gigawatt-hour,Romania,2005,112932.433,,
ESTAT:NRG_BAL_C(1.0),06/03/26 23:00:00,Annual,Imports,Oil and petroleum products (excluding biofuel portion),Gigawatt-hour,Romania,2006,116097.057,,
ESTAT:NRG_BAL_C(1.0),06/03/26 23:00:00,Annual,Imports,Oil and petroleum products (excluding biofuel portion),Gigawatt-hour,Romania,2007,114212.221,,
ESTAT:NRG_BAL_C(1.0),06/03/26 23:00:00,Annual,Imports,Oil and petroleum products (excluding biofuel portion),Gigawatt-hour,Romania,2008,119605.998,,
ESTAT:NRG_BAL_C(1.0),06/03/26 23:00:00,Annual,Imports,Oil and petroleum products (excluding biofuel portion),Gigawatt-hour,Romania,2009,101465.682,,
ESTAT:NRG_BAL_C(1.0),06/03/26 23:00:00,Annual,Imports,Oil and petroleum products (excluding biofuel portion),Gigawatt-hour,Romania,2010,95044.975,,
ESTAT:NRG_BAL_C(1.0),06/03/26 23:00:00,Annual,Imports,Oil and petroleum products (excluding biofuel portion),Gigawatt-hour,Romania,2011,91929.446,,
ESTAT:NRG_BAL_C(1.0),06/03/26 23:00:00,Annual,Imports,Oil and petroleum products (excluding biofuel portion),Gigawatt-hour,Romania,2012,91402.925,,
ESTAT:NRG_BAL_C(1.0),06/03/26 23:00:00,Annual,Imports,Oil and petroleum products (excluding biofuel portion),Gigawatt-hour,Romania,2013,90085.852,,
ESTAT:NRG_BAL_C(1.0),06/03/26 23:00:00,Annual,Imports,Oil and petroleum products (excluding biofuel portion),Gigawatt-hour,Romania,2014,107046.926,,
ESTAT:NRG_BAL_C(1.0),06/03/26 23:00:00,Annual,Imports,Oil and petroleum products (excluding biofuel portion),Gigawatt-hour,Romania,2015,111894.353,,
ESTAT:NRG_BAL_C(1.0),06/03/26 23:00:00,Annual,Imports,Oil and petroleum products (excluding biofuel portion),Gigawatt-hour,Romania,2016,121111.785,,
ESTAT:NRG_BAL_C(1.0),06/03/26 23:00:00,Annual,Imports,Oil and petroleum products (excluding biofuel portion),Gigawatt-hour,Romania,2017,129307.738,,
ESTAT:NRG_BAL_C(1.0),06/03/26 23:00:00,Annual,Imports,Oil and petroleum products (excluding biofuel portion),Gigawatt-hour,Romania,2018,135464.875,,
ESTAT:NRG_BAL_C(1.0),06/03/26 23:00:00,Annual,Imports,Oil and petroleum products (excluding biofuel portion),Gigawatt-hour,Romania,2019,140353.848,,
ESTAT:NRG_BAL_C(1.0),06/03/26 23:00:00,Annual,Imports,Oil and petroleum products (excluding biofuel portion),Gigawatt-hour,Romania,2020,124661.238,,
ESTAT:NRG_BAL_C(1.0),06/03/26 23:00:00,Annual,Imports,Oil and petroleum products (excluding biofuel portion),Gigawatt-hour,Romania,2021,130765.797,,
ESTAT:NRG_BAL_C(1.0),06/03/26 23:00:00,Annual,Imports,Oil and petroleum products (excluding biofuel portion),Gigawatt-hour,Romania,2022,145817.249,,
ESTAT:NRG_BAL_C(1.0),06/03/26 23:00:00,Annual,Imports,Oil and petroleum products (excluding biofuel portion),Gigawatt-hour,Romania,2023,140853.684,,
ESTAT:NRG_BAL_C(1.0),06/03/26 23:00:00,Annual,Imports,Oil and petroleum products (excluding biofuel portion),Gigawatt-hour,Romania,2024,151010.753,,
ESTAT:NRG_BAL_C(1.0),06/03/26 23:00:00,Annual,Imports,Oil and petroleum products (excluding biofuel portion),Gigawatt-hour,Sweden,2005,326396.433,,
ESTAT:NRG_BAL_C(1.0),06/03/26 23:00:00,Annual,Imports,Oil and petroleum products (excluding biofuel portion),Gigawatt-hour,Sweden,2006,318565.888,,
ESTAT:NRG_BAL_C(1.0),06/03/26 23:00:00,Annual,Imports,Oil and petroleum products (excluding biofuel portion),Gigawatt-hour,Sweden,2007,304485.685,,
ESTAT:NRG_BAL_C(1.0),06/03/26 23:00:00,Annual,Imports,Oil and petroleum products (excluding biofuel portion),Gigawatt-hour,Sweden,2008,339878.980,,
ESTAT:NRG_BAL_C(1.0),06/03/26 23:00:00,Annual,Imports,Oil and petroleum products (excluding biofuel portion),Gigawatt-hour,Sweden,2009,314363.936,,
ESTAT:NRG_BAL_C(1.0),06/03/26 23:00:00,Annual,Imports,Oil and petroleum products (excluding biofuel portion),Gigawatt-hour,Sweden,2010,329586.583,,
ESTAT:NRG_BAL_C(1.0),06/03/26 23:00:00,Annual,Imports,Oil and petroleum products (excluding biofuel portion),Gigawatt-hour,Sweden,2011,321206.594,,
ESTAT:NRG_BAL_C(1.0),06/03/26 23:00:00,Annual,Imports,Oil and petroleum products (excluding biofuel portion),Gigawatt-hour,Sweden,2012,325106.325,,
ESTAT:NRG_BAL_C(1.0),06/03/26 23:00:00,Annual,Imports,Oil and petroleum products (excluding biofuel portion),Gigawatt-hour,Sweden,2013,283953.417,,
ESTAT:NRG_BAL_C(1.0),06/03/26 23:00:00,Annual,Imports,Oil and petroleum products (excluding biofuel portion),Gigawatt-hour,Sweden,2014,315555.650,,
ESTAT:NRG_BAL_C(1.0),06/03/26 23:00:00,Annual,Imports,Oil and petroleum products (excluding biofuel portion),Gigawatt-hour,Sweden,2015,330637.968,,
ESTAT:NRG_BAL_C(1.0),06/03/26 23:00:00,Annual,Imports,Oil and petroleum products (excluding biofuel portion),Gigawatt-hour,Sweden,2016,360593.205,,
ESTAT:NRG_BAL_C(1.0),06/03/26 23:00:00,Annual,Imports,Oil and petroleum products (excluding biofuel portion),Gigawatt-hour,Sweden,2017,344126.126,,
ESTAT:NRG_BAL_C(1.0),06/03/26 23:00:00,Annual,Imports,Oil and petroleum products (excluding biofuel portion),Gigawatt-hour,Sweden,2018,343717.174,,
ESTAT:NRG_BAL_C(1.0),06/03/26 23:00:00,Annual,Imports,Oil and petroleum products (excluding biofuel portion),Gigawatt-hour,Sweden,2019,293717.919,,
ESTAT:NRG_BAL_C(1.0),06/03/26 23:00:00,Annual,Imports,Oil and petroleum products (excluding biofuel portion),Gigawatt-hour,Sweden,2020,308384.157,,
ESTAT:NRG_BAL_C(1.0),06/03/26 23:00:00,Annual,Imports,Oil and petroleum products (excluding biofuel portion),Gigawatt-hour,Sweden,2021,298375.167,,
ESTAT:NRG_BAL_C(1.0),06/03/26 23:00:00,Annual,Imports,Oil and petroleum products (excluding biofuel portion),Gigawatt-hour,Sweden,2022,315810.973,,
ESTAT:NRG_BAL_C(1.0),06/03/26 23:00:00,Annual,Imports,Oil and petroleum products (excluding biofuel portion),Gigawatt-hour,Sweden,2023,304588.948,,
ESTAT:NRG_BAL_C(1.0),06/03/26 23:00:00,Annual,Imports,Oil and petroleum products (excluding biofuel portion),Gigawatt-hour,Sweden,2024,316019.918,,
ESTAT:NRG_BAL_C(1.0),06/03/26 23:00:00,Annual,Imports,Oil and petroleum products (excluding biofuel portion),Gigawatt-hour,Slovenia,2005,33184.361,,
ESTAT:NRG_BAL_C(1.0),06/03/26 23:00:00,Annual,Imports,Oil and petroleum products (excluding biofuel portion),Gigawatt-hour,Slovenia,2006,35342.694,,
ESTAT:NRG_BAL_C(1.0),06/03/26 23:00:00,Annual,Imports,Oil and petroleum products (excluding biofuel portion),Gigawatt-hour,Slovenia,2007,35522.468,,
ESTAT:NRG_BAL_C(1.0),06/03/26 23:00:00,Annual,Imports,Oil and petroleum products (excluding biofuel portion),Gigawatt-hour,Slovenia,2008,42927.983,,
ESTAT:NRG_BAL_C(1.0),06/03/26 23:00:00,Annual,Imports,Oil and petroleum products (excluding biofuel portion),Gigawatt-hour,Slovenia,2009,36151.118,,
ESTAT:NRG_BAL_C(1.0),06/03/26 23:00:00,Annual,Imports,Oil and petroleum products (excluding biofuel portion),Gigawatt-hour,Slovenia,2010,38231.216,,
ESTAT:NRG_BAL_C(1.0),06/03/26 23:00:00,Annual,Imports,Oil and petroleum products (excluding biofuel portion),Gigawatt-hour,Slovenia,2011,38747.343,,
ESTAT:NRG_BAL_C(1.0),06/03/26 23:00:00,Annual,Imports,Oil and petroleum products (excluding biofuel portion),Gigawatt-hour,Slovenia,2012,40635.722,,
ESTAT:NRG_BAL_C(1.0),06/03/26 23:00:00,Annual,Imports,Oil and petroleum products (excluding biofuel portion),Gigawatt-hour,Slovenia,2013,38394.551,,
ESTAT:NRG_BAL_C(1.0),06/03/26 23:00:00,Annual,Imports,Oil and petroleum products (excluding biofuel portion),Gigawatt-hour,Slovenia,2014,43637.184,,
ESTAT:NRG_BAL_C(1.0),06/03/26 23:00:00,Annual,Imports,Oil and petroleum products (excluding biofuel portion),Gigawatt-hour,Slovenia,2015,47573.159,,
ESTAT:NRG_BAL_C(1.0),06/03/26 23:00:00,Annual,Imports,Oil and petroleum products (excluding biofuel portion),Gigawatt-hour,Slovenia,2016,53569.568,,
ESTAT:NRG_BAL_C(1.0),06/03/26 23:00:00,Annual,Imports,Oil and petroleum products (excluding biofuel portion),Gigawatt-hour,Slovenia,2017,55652.562,,
ESTAT:NRG_BAL_C(1.0),06/03/26 23:00:00,Annual,Imports,Oil and petroleum products (excluding biofuel portion),Gigawatt-hour,Slovenia,2018,55930.110,,
ESTAT:NRG_BAL_C(1.0),06/03/26 23:00:00,Annual,Imports,Oil and petroleum products (excluding biofuel portion),Gigawatt-hour,Slovenia,2019,57588.844,,
ESTAT:NRG_BAL_C(1.0),06/03/26 23:00:00,Annual,Imports,Oil and petroleum products (excluding biofuel portion),Gigawatt-hour,Slovenia,2020,47192.214,,
ESTAT:NRG_BAL_C(1.0),06/03/26 23:00:00,Annual,Imports,Oil and petroleum products (excluding biofuel portion),Gigawatt-hour,Slovenia,2021,45280.094,,
ESTAT:NRG_BAL_C(1.0),06/03/26 23:00:00,Annual,Imports,Oil and petroleum products (excluding biofuel portion),Gigawatt-hour,Slovenia,2022,54558.542,,
ESTAT:NRG_BAL_C(1.0),06/03/26 23:00:00,Annual,Imports,Oil and petroleum products (excluding biofuel portion),Gigawatt-hour,Slovenia,2023,53196.200,,
ESTAT:NRG_BAL_C(1.0),06/03/26 23:00:00,Annual,Imports,Oil and petroleum products (excluding biofuel portion),Gigawatt-hour,Slovenia,2024,56403.624,,
ESTAT:NRG_BAL_C(1.0),06/03/26 23:00:00,Annual,Imports,Oil and petroleum products (excluding biofuel portion),Gigawatt-hour,Slovakia,2005,79387.717,,
ESTAT:NRG_BAL_C(1.0),06/03/26 23:00:00,Annual,Imports,Oil and petroleum products (excluding biofuel portion),Gigawatt-hour,Slovakia,2006,82878.286,,
ESTAT:NRG_BAL_C(1.0),06/03/26 23:00:00,Annual,Imports,Oil and petroleum products (excluding biofuel portion),Gigawatt-hour,Slovakia,2007,85808.185,,
ESTAT:NRG_BAL_C(1.0),06/03/26 23:00:00,Annual,Imports,Oil and petroleum products (excluding biofuel portion),Gigawatt-hour,Slovakia,2008,85223.509,,
ESTAT:NRG_BAL_C(1.0),06/03/26 23:00:00,Annual,Imports,Oil and petroleum products (excluding biofuel portion),Gigawatt-hour,Slovakia,2009,81678.956,,
ESTAT:NRG_BAL_C(1.0),06/03/26 23:00:00,Annual,Imports,Oil and petroleum products (excluding biofuel portion),Gigawatt-hour,Slovakia,2010,79714.603,,
ESTAT:NRG_BAL_C(1.0),06/03/26 23:00:00,Annual,Imports,Oil and petroleum products (excluding biofuel portion),Gigawatt-hour,Slovakia,2011,85348.278,,
ESTAT:NRG_BAL_C(1.0),06/03/26 23:00:00,Annual,Imports,Oil and petroleum products (excluding biofuel portion),Gigawatt-hour,Slovakia,2012,77345.989,,
ESTAT:NRG_BAL_C(1.0),06/03/26 23:00:00,Annual,Imports,Oil and petroleum products (excluding biofuel portion),Gigawatt-hour,Slovakia,2013,84342.608,,
ESTAT:NRG_BAL_C(1.0),06/03/26 23:00:00,Annual,Imports,Oil and petroleum products (excluding biofuel portion),Gigawatt-hour,Slovakia,2014,76788.648,,
ESTAT:NRG_BAL_C(1.0),06/03/26 23:00:00,Annual,Imports,Oil and petroleum products (excluding biofuel portion),Gigawatt-hour,Slovakia,2015,88068.263,,
ESTAT:NRG_BAL_C(1.0),06/03/26 23:00:00,Annual,Imports,Oil and petroleum products (excluding biofuel portion),Gigawatt-hour,Slovakia,2016,87888.681,,
ESTAT:NRG_BAL_C(1.0),06/03/26 23:00:00,Annual,Imports,Oil and petroleum products (excluding biofuel portion),Gigawatt-hour,Slovakia,2017,88130.555,,
ESTAT:NRG_BAL_C(1.0),06/03/26 23:00:00,Annual,Imports,Oil and petroleum products (excluding biofuel portion),Gigawatt-hour,Slovakia,2018,86052.894,,
ESTAT:NRG_BAL_C(1.0),06/03/26 23:00:00,Annual,Imports,Oil and petroleum products (excluding biofuel portion),Gigawatt-hour,Slovakia,2019,81617.229,,
ESTAT:NRG_BAL_C(1.0),06/03/26 23:00:00,Annual,Imports,Oil and petroleum products (excluding biofuel portion),Gigawatt-hour,Slovakia,2020,84954.738,,
ESTAT:NRG_BAL_C(1.0),06/03/26 23:00:00,Annual,Imports,Oil and petroleum products (excluding biofuel portion),Gigawatt-hour,Slovakia,2021,83386.342,,
ESTAT:NRG_BAL_C(1.0),06/03/26 23:00:00,Annual,Imports,Oil and petroleum products (excluding biofuel portion),Gigawatt-hour,Slovakia,2022,83607.565,,
ESTAT:NRG_BAL_C(1.0),06/03/26 23:00:00,Annual,Imports,Oil and petroleum products (excluding biofuel portion),Gigawatt-hour,Slovakia,2023,89004.630,,
ESTAT:NRG_BAL_C(1.0),06/03/26 23:00:00,Annual,Imports,Oil and petroleum products (excluding biofuel portion),Gigawatt-hour,Slovakia,2024,75874.675,,
ESTAT:NRG_BAL_C(1.0),06/03/26 23:00:00,Annual,Primary production,Solid fossil fuels,Gigawatt-hour,Austria,2005,0.000,,
ESTAT:NRG_BAL_C(1.0),06/03/26 23:00:00,Annual,Primary production,Solid fossil fuels,Gigawatt-hour,Austria,2006,0.000,,
ESTAT:NRG_BAL_C(1.0),06/03/26 23:00:00,Annual,Primary production,Solid fossil fuels,Gigawatt-hour,Austria,2007,0.000,,
ESTAT:NRG_BAL_C(1.0),06/03/26 23:00:00,Annual,Primary production,Solid fossil fuels,Gigawatt-hour,Austria,2008,0.000,,
ESTAT:NRG_BAL_C(1.0),06/03/26 23:00:00,Annual,Primary production,Solid fossil fuels,Gigawatt-hour,Austria,2009,0.000,,
ESTAT:NRG_BAL_C(1.0),06/03/26 23:00:00,Annual,Primary production,Solid fossil fuels,Gigawatt-hour,Austria,2010,0.000,,
ESTAT:NRG_BAL_C(1.0),06/03/26 23:00:00,Annual,Primary production,Solid fossil fuels,Gigawatt-hour,Austria,2011,0.000,,
ESTAT:NRG_BAL_C(1.0),06/03/26 23:00:00,Annual,Primary production,Solid fossil fuels,Gigawatt-hour,Austria,2012,0.000,,
ESTAT:NRG_BAL_C(1.0),06/03/26 23:00:00,Annual,Primary production,Solid fossil fuels,Gigawatt-hour,Austria,2013,0.000,,
ESTAT:NRG_BAL_C(1.0),06/03/26 23:00:00,Annual,Primary production,Solid fossil fuels,Gigawatt-hour,Austria,2014,0.000,,
ESTAT:NRG_BAL_C(1.0),06/03/26 23:00:00,Annual,Primary production,Solid fossil fuels,Gigawatt-hour,Austria,2015,0.000,,
ESTAT:NRG_BAL_C(1.0),06/03/26 23:00:00,Annual,Primary production,Solid fossil fuels,Gigawatt-hour,Austria,2016,0.000,,
ESTAT:NRG_BAL_C(1.0),06/03/26 23:00:00,Annual,Primary production,Solid fossil fuels,Gigawatt-hour,Austria,2017,0.000,,
ESTAT:NRG_BAL_C(1.0),06/03/26 23:00:00,Annual,Primary production,Solid fossil fuels,Gigawatt-hour,Austria,2018,0.000,,
ESTAT:NRG_BAL_C(1.0),06/03/26 23:00:00,Annual,Primary production,Solid fossil fuels,Gigawatt-hour,Austria,2019,0.000,,
ESTAT:NRG_BAL_C(1.0),06/03/26 23:00:00,Annual,Primary production,Solid fossil fuels,Gigawatt-hour,Austria,2020,0.000,,
ESTAT:NRG_BAL_C(1.0),06/03/26 23:00:00,Annual,Primary production,Solid fossil fuels,Gigawatt-hour,Austria,2021,0.000,,
ESTAT:NRG_BAL_C(1.0),06/03/26 23:00:00,Annual,Primary production,Solid fossil fuels,Gigawatt-hour,Austria,2022,0.000,,
ESTAT:NRG_BAL_C(1.0),06/03/26 23:00:00,Annual,Primary production,Solid fossil fuels,Gigawatt-hour,Austria,2023,0.000,,
ESTAT:NRG_BAL_C(1.0),06/03/26 23:00:00,Annual,Primary production,Solid fossil fuels,Gigawatt-hour,Austria,2024,0.000,,
ESTAT:NRG_BAL_C(1.0),06/03/26 23:00:00,Annual,Primary production,Solid fossil fuels,Gigawatt-hour,Belgium,2005,0.000,,
ESTAT:NRG_BAL_C(1.0),06/03/26 23:00:00,Annual,Primary production,Solid fossil fuels,Gigawatt-hour,Belgium,2006,0.000,,
ESTAT:NRG_BAL_C(1.0),06/03/26 23:00:00,Annual,Primary production,Solid fossil fuels,Gigawatt-hour,Belgium,2007,0.000,,
ESTAT:NRG_BAL_C(1.0),06/03/26 23:00:00,Annual,Primary production,Solid fossil fuels,Gigawatt-hour,Belgium,2008,0.000,,
ESTAT:NRG_BAL_C(1.0),06/03/26 23:00:00,Annual,Primary production,Solid fossil fuels,Gigawatt-hour,Belgium,2009,0.000,,
ESTAT:NRG_BAL_C(1.0),06/03/26 23:00:00,Annual,Primary production,Solid fossil fuels,Gigawatt-hour,Belgium,2010,0.000,,
ESTAT:NRG_BAL_C(1.0),06/03/26 23:00:00,Annual,Primary production,Solid fossil fuels,Gigawatt-hour,Belgium,2011,0.000,,
ESTAT:NRG_BAL_C(1.0),06/03/26 23:00:00,Annual,Primary production,Solid fossil fuels,Gigawatt-hour,Belgium,2012,0.000,,
ESTAT:NRG_BAL_C(1.0),06/03/26 23:00:00,Annual,Primary production,Solid fossil fuels,Gigawatt-hour,Belgium,2013,0.000,,
ESTAT:NRG_BAL_C(1.0),06/03/26 23:00:00,Annual,Primary production,Solid fossil fuels,Gigawatt-hour,Belgium,2014,0.000,,
ESTAT:NRG_BAL_C(1.0),06/03/26 23:00:00,Annual,Primary production,Solid fossil fuels,Gigawatt-hour,Belgium,2015,0.000,,
ESTAT:NRG_BAL_C(1.0),06/03/26 23:00:00,Annual,Primary production,Solid fossil fuels,Gigawatt-hour,Belgium,2016,0.000,,
ESTAT:NRG_BAL_C(1.0),06/03/26 23:00:00,Annual,Primary production,Solid fossil fuels,Gigawatt-hour,Belgium,2017,0.000,,
ESTAT:NRG_BAL_C(1.0),06/03/26 23:00:00,Annual,Primary production,Solid fossil fuels,Gigawatt-hour,Belgium,2018,0.000,,
ESTAT:NRG_BAL_C(1.0),06/03/26 23:00:00,Annual,Primary production,Solid fossil fuels,Gigawatt-hour,Belgium,2019,0.000,,
ESTAT:NRG_BAL_C(1.0),06/03/26 23:00:00,Annual,Primary production,Solid fossil fuels,Gigawatt-hour,Belgium,2020,0.000,,
ESTAT:NRG_BAL_C(1.0),06/03/26 23:00:00,Annual,Primary production,Solid fossil fuels,Gigawatt-hour,Belgium,2021,0.000,,
ESTAT:NRG_BAL_C(1.0),06/03/26 23:00:00,Annual,Primary production,Solid fossil fuels,Gigawatt-hour,Belgium,2022,0.000,,
ESTAT:NRG_BAL_C(1.0),06/03/26 23:00:00,Annual,Primary production,Solid fossil fuels,Gigawatt-hour,Belgium,2023,0.000,,
ESTAT:NRG_BAL_C(1.0),06/03/26 23:00:00,Annual,Primary production,Solid fossil fuels,Gigawatt-hour,Belgium,2024,0.000,,
ESTAT:NRG_BAL_C(1.0),06/03/26 23:00:00,Annual,Primary production,Solid fossil fuels,Gigawatt-hour,Bulgaria,2005,48589.421,,
ESTAT:NRG_BAL_C(1.0),06/03/26 23:00:00,Annual,Primary production,Solid fossil fuels,Gigawatt-hour,Bulgaria,2006,50094.912,,
ESTAT:NRG_BAL_C(1.0),06/03/26 23:00:00,Annual,Primary production,Solid fossil fuels,Gigawatt-hour,Bulgaria,2007,55192.303,,
ESTAT:NRG_BAL_C(1.0),06/03/26 23:00:00,Annual,Primary production,Solid fossil fuels,Gigawatt-hour,Bulgaria,2008,56004.727,,
ESTAT:NRG_BAL_C(1.0),06/03/26 23:00:00,Annual,Primary production,Solid fossil fuels,Gigawatt-hour,Bulgaria,2009,53031.488,,
ESTAT:NRG_BAL_C(1.0),06/03/26 23:00:00,Annual,Primary production,Solid fossil fuels,Gigawatt-hour,Bulgaria,2010,57305.267,,
ESTAT:NRG_BAL_C(1.0),06/03/26 23:00:00,Annual,Primary production,Solid fossil fuels,Gigawatt-hour,Bulgaria,2011,72185.938,,
ESTAT:NRG_BAL_C(1.0),06/03/26 23:00:00,Annual,Primary production,Solid fossil fuels,Gigawatt-hour,Bulgaria,2012,65219.548,,
ESTAT:NRG_BAL_C(1.0),06/03/26 23:00:00,Annual,Primary production,Solid fossil fuels,Gigawatt-hour,Bulgaria,2013,55617.946,,
ESTAT:NRG_BAL_C(1.0),06/03/26 23:00:00,Annual,Primary production,Solid fossil fuels,Gigawatt-hour,Bulgaria,2014,59383.143,,
ESTAT:NRG_BAL_C(1.0),06/03/26 23:00:00,Annual,Primary production,Solid fossil fuels,Gigawatt-hour,Bulgaria,2015,67823.314,,
ESTAT:NRG_BAL_C(1.0),06/03/26 23:00:00,Annual,Primary production,Solid fossil fuels,Gigawatt-hour,Bulgaria,2016,59095.992,,
ESTAT:NRG_BAL_C(1.0),06/03/26 23:00:00,Annual,Primary production,Solid fossil fuels,Gigawatt-hour,Bulgaria,2017,65936.276,,
ESTAT:NRG_BAL_C(1.0),06/03/26 23:00:00,Annual,Primary production,Solid fossil fuels,Gigawatt-hour,Bulgaria,2018,58802.651,,
ESTAT:NRG_BAL_C(1.0),06/03/26 23:00:00,Annual,Primary production,Solid fossil fuels,Gigawatt-hour,Bulgaria,2019,54383.473,,
ESTAT:NRG_BAL_C(1.0),06/03/26 23:00:00,Annual,Primary production,Solid fossil fuels,Gigawatt-hour,Bulgaria,2020,43407.708,,
ESTAT:NRG_BAL_C(1.0),06/03/26 23:00:00,Annual,Primary production,Solid fossil fuels,Gigawatt-hour,Bulgaria,2021,54645.324,,
ESTAT:NRG_BAL_C(1.0),06/03/26 23:00:00,Annual,Primary production,Solid fossil fuels,Gigawatt-hour,Bulgaria,2022,68605.112,,
ESTAT:NRG_BAL_C(1.0),06/03/26 23:00:00,Annual,Primary production,Solid fossil fuels,Gigawatt-hour,Bulgaria,2023,40600.873,,
ESTAT:NRG_BAL_C(1.0),06/03/26 23:00:00,Annual,Primary production,Solid fossil fuels,Gigawatt-hour,Bulgaria,2024,29819.939,,
ESTAT:NRG_BAL_C(1.0),06/03/26 23:00:00,Annual,Primary production,Solid fossil fuels,Gigawatt-hour,Cyprus,2005,0.000,,
ESTAT:NRG_BAL_C(1.0),06/03/26 23:00:00,Annual,Primary production,Solid fossil fuels,Gigawatt-hour,Cyprus,2006,0.000,,
ESTAT:NRG_BAL_C(1.0),06/03/26 23:00:00,Annual,Primary production,Solid fossil fuels,Gigawatt-hour,Cyprus,2007,0.000,,
ESTAT:NRG_BAL_C(1.0),06/03/26 23:00:00,Annual,Primary production,Solid fossil fuels,Gigawatt-hour,Cyprus,2008,0.000,,
ESTAT:NRG_BAL_C(1.0),06/03/26 23:00:00,Annual,Primary production,Solid fossil fuels,Gigawatt-hour,Cyprus,2009,0.000,,
ESTAT:NRG_BAL_C(1.0),06/03/26 23:00:00,Annual,Primary production,Solid fossil fuels,Gigawatt-hour,Cyprus,2010,0.000,,
ESTAT:NRG_BAL_C(1.0),06/03/26 23:00:00,Annual,Primary production,Solid fossil fuels,Gigawatt-hour,Cyprus,2011,0.000,,
ESTAT:NRG_BAL_C(1.0),06/03/26 23:00:00,Annual,Primary production,Solid fossil fuels,Gigawatt-hour,Cyprus,2012,0.000,,
ESTAT:NRG_BAL_C(1.0),06/03/26 23:00:00,Annual,Primary production,Solid fossil fuels,Gigawatt-hour,Cyprus,2013,0.000,,
ESTAT:NRG_BAL_C(1.0),06/03/26 23:00:00,Annual,Primary production,Solid fossil fuels,Gigawatt-hour,Cyprus,2014,0.000,,
ESTAT:NRG_BAL_C(1.0),06/03/26 23:00:00,Annual,Primary production,Solid fossil fuels,Gigawatt-hour,Cyprus,2015,0.000,,
ESTAT:NRG_BAL_C(1.0),06/03/26 23:00:00,Annual,Primary production,Solid fossil fuels,Gigawatt-hour,Cyprus,2016,0.000,,
ESTAT:NRG_BAL_C(1.0),06/03/26 23:00:00,Annual,Primary production,Solid fossil fuels,Gigawatt-hour,Cyprus,2017,0.000,,
ESTAT:NRG_BAL_C(1.0),06/03/26 23:00:00,Annual,Primary production,Solid fossil fuels,Gigawatt-hour,Cyprus,2018,0.000,,
ESTAT:NRG_BAL_C(1.0),06/03/26 23:00:00,Annual,Primary production,Solid fossil fuels,Gigawatt-hour,Cyprus,2019,0.000,,
ESTAT:NRG_BAL_C(1.0),06/03/26 23:00:00,Annual,Primary production,Solid fossil fuels,Gigawatt-hour,Cyprus,2020,0.000,,
ESTAT:NRG_BAL_C(1.0),06/03/26 23:00:00,Annual,Primary production,Solid fossil fuels,Gigawatt-hour,Cyprus,2021,0.000,,
ESTAT:NRG_BAL_C(1.0),06/03/26 23:00:00,Annual,Primary production,Solid fossil fuels,Gigawatt-hour,Cyprus,2022,0.000,,
ESTAT:NRG_BAL_C(1.0),06/03/26 23:00:00,Annual,Primary production,Solid fossil fuels,Gigawatt-hour,Cyprus,2023,0.000,,
ESTAT:NRG_BAL_C(1.0),06/03/26 23:00:00,Annual,Primary production,Solid fossil fuels,Gigawatt-hour,Cyprus,2024,0.000,,
ESTAT:NRG_BAL_C(1.0),06/03/26 23:00:00,Annual,Primary production,Solid fossil fuels,Gigawatt-hour,Czechia,2005,274118.778,,
ESTAT:NRG_BAL_C(1.0),06/03/26 23:00:00,Annual,Primary production,Solid fossil fuels,Gigawatt-hour,Czechia,2006,277510.338,,
ESTAT:NRG_BAL_C(1.0),06/03/26 23:00:00,Annual,Primary production,Solid fossil fuels,Gigawatt-hour,Czechia,2007,276840.501,,
ESTAT:NRG_BAL_C(1.0),06/03/26 23:00:00,Annual,Primary production,Solid fossil fuels,Gigawatt-hour,Czechia,2008,264991.176,,
ESTAT:NRG_BAL_C(1.0),06/03/26 23:00:00,Annual,Primary production,Solid fossil fuels,Gigawatt-hour,Czechia,2009,242523.613,,
ESTAT:NRG_BAL_C(1.0),06/03/26 23:00:00,Annual,Primary production,Solid fossil fuels,Gigawatt-hour,Czechia,2010,241088.412,,
ESTAT:NRG_BAL_C(1.0),06/03/26 23:00:00,Annual,Primary production,Solid fossil fuels,Gigawatt-hour,Czechia,2011,243015.606,,
ESTAT:NRG_BAL_C(1.0),06/03/26 23:00:00,Annual,Primary production,Solid fossil fuels,Gigawatt-hour,Czechia,2012,234245.867,,
ESTAT:NRG_BAL_C(1.0),06/03/26 23:00:00,Annual,Primary production,Solid fossil fuels,Gigawatt-hour,Czechia,2013,205543.804,,
ESTAT:NRG_BAL_C(1.0),06/03/26 23:00:00,Annual,Primary production,Solid fossil fuels,Gigawatt-hour,Czechia,2014,195946.458,,
ESTAT:NRG_BAL_C(1.0),06/03/26 23:00:00,Annual,Primary production,Solid fossil fuels,Gigawatt-hour,Czechia,2015,195330.238,,
ESTAT:NRG_BAL_C(1.0),06/03/26 23:00:00,Annual,Primary production,Solid fossil fuels,Gigawatt-hour,Czechia,2016,185762.216,,
ESTAT:NRG_BAL_C(1.0),06/03/26 23:00:00,Annual,Primary production,Solid fossil fuels,Gigawatt-hour,Czechia,2017,176365.709,,
ESTAT:NRG_BAL_C(1.0),06/03/26 23:00:00,Annual,Primary production,Solid fossil fuels,Gigawatt-hour,Czechia,2018,169571.882,,
ESTAT:NRG_BAL_C(1.0),06/03/26 23:00:00,Annual,Primary production,Solid fossil fuels,Gigawatt-hour,Czechia,2019,155390.906,,
ESTAT:NRG_BAL_C(1.0),06/03/26 23:00:00,Annual,Primary production,Solid fossil fuels,Gigawatt-hour,Czechia,2020,118319.174,,
ESTAT:NRG_BAL_C(1.0),06/03/26 23:00:00,Annual,Primary production,Solid fossil fuels,Gigawatt-hour,Czechia,2021,121825.982,,
ESTAT:NRG_BAL_C(1.0),06/03/26 23:00:00,Annual,Primary production,Solid fossil fuels,Gigawatt-hour,Czechia,2022,132302.328,,
ESTAT:NRG_BAL_C(1.0),06/03/26 23:00:00,Annual,Primary production,Solid fossil fuels,Gigawatt-hour,Czechia,2023,112947.568,,
ESTAT:NRG_BAL_C(1.0),06/03/26 23:00:00,Annual,Primary production,Solid fossil fuels,Gigawatt-hour,Czechia,2024,94008.591,,
ESTAT:NRG_BAL_C(1.0),06/03/26 23:00:00,Annual,Primary production,Solid fossil fuels,Gigawatt-hour,Germany,2005,656609.001,,
ESTAT:NRG_BAL_C(1.0),06/03/26 23:00:00,Annual,Primary production,Solid fossil fuels,Gigawatt-hour,Germany,2006,618954.085,,
ESTAT:NRG_BAL_C(1.0),06/03/26 23:00:00,Annual,Primary production,Solid fossil fuels,Gigawatt-hour,Germany,2007,632269.121,,
ESTAT:NRG_BAL_C(1.0),06/03/26 23:00:00,Annual,Primary production,Solid fossil fuels,Gigawatt-hour,Germany,2008,582165.185,,
ESTAT:NRG_BAL_C(1.0),06/03/26 23:00:00,Annual,Primary production,Solid fossil fuels,Gigawatt-hour,Germany,2009,539453.033,,
ESTAT:NRG_BAL_C(1.0),06/03/26 23:00:00,Annual,Primary production,Solid fossil fuels,Gigawatt-hour,Germany,2010,533884.772,,
ESTAT:NRG_BAL_C(1.0),06/03/26 23:00:00,Annual,Primary production,Solid fossil fuels,Gigawatt-hour,Germany,2011,543089.935,,
ESTAT:NRG_BAL_C(1.0),06/03/26 23:00:00,Annual,Primary production,Solid fossil fuels,Gigawatt-hour,Germany,2012,553544.513,,
ESTAT:NRG_BAL_C(1.0),06/03/26 23:00:00,Annual,Primary production,Solid fossil fuels,Gigawatt-hour,Germany,2013,523986.673,,
ESTAT:NRG_BAL_C(1.0),06/03/26 23:00:00,Annual,Primary production,Solid fossil fuels,Gigawatt-hour,Germany,2014,513262.628,,
ESTAT:NRG_BAL_C(1.0),06/03/26 23:00:00,Annual,Primary production,Solid fossil fuels,Gigawatt-hour,Germany,2015,500135.203,,
ESTAT:NRG_BAL_C(1.0),06/03/26 23:00:00,Annual,Primary production,Solid fossil fuels,Gigawatt-hour,Germany,2016,462001.298,,
ESTAT:NRG_BAL_C(1.0),06/03/26 23:00:00,Annual,Primary production,Solid fossil fuels,Gigawatt-hour,Germany,2017,458714.851,,
ESTAT:NRG_BAL_C(1.0),06/03/26 23:00:00,Annual,Primary production,Solid fossil fuels,Gigawatt-hour,Germany,2018,440302.371,,
ESTAT:NRG_BAL_C(1.0),06/03/26 23:00:00,Annual,Primary production,Solid fossil fuels,Gigawatt-hour,Germany,2019,330527.770,,
ESTAT:NRG_BAL_C(1.0),06/03/26 23:00:00,Annual,Primary production,Solid fossil fuels,Gigawatt-hour,Germany,2020,271999.989,,
ESTAT:NRG_BAL_C(1.0),06/03/26 23:00:00,Annual,Primary production,Solid fossil fuels,Gigawatt-hour,Germany,2021,320333.333,,
ESTAT:NRG_BAL_C(1.0),06/03/26 23:00:00,Annual,Primary production,Solid fossil fuels,Gigawatt-hour,Germany,2022,331343.996,,
ESTAT:NRG_BAL_C(1.0),06/03/26 23:00:00,Annual,Primary production,Solid fossil fuels,Gigawatt-hour,Germany,2023,254480.179,,
ESTAT:NRG_BAL_C(1.0),06/03/26 23:00:00,Annual,Primary production,Solid fossil fuels,Gigawatt-hour,Germany,2024,229324.377,,
ESTAT:NRG_BAL_C(1.0),06/03/26 23:00:00,Annual,Primary production,Solid fossil fuels,Gigawatt-hour,Denmark,2005,0.000,,
ESTAT:NRG_BAL_C(1.0),06/03/26 23:00:00,Annual,Primary production,Solid fossil fuels,Gigawatt-hour,Denmark,2006,0.000,,
ESTAT:NRG_BAL_C(1.0),06/03/26 23:00:00,Annual,Primary production,Solid fossil fuels,Gigawatt-hour,Denmark,2007,0.000,,
ESTAT:NRG_BAL_C(1.0),06/03/26 23:00:00,Annual,Primary production,Solid fossil fuels,Gigawatt-hour,Denmark,2008,0.000,,
ESTAT:NRG_BAL_C(1.0),06/03/26 23:00:00,Annual,Primary production,Solid fossil fuels,Gigawatt-hour,Denmark,2009,0.000,,
ESTAT:NRG_BAL_C(1.0),06/03/26 23:00:00,Annual,Primary production,Solid fossil fuels,Gigawatt-hour,Denmark,2010,0.000,,
ESTAT:NRG_BAL_C(1.0),06/03/26 23:00:00,Annual,Primary production,Solid fossil fuels,Gigawatt-hour,Denmark,2011,0.000,,
ESTAT:NRG_BAL_C(1.0),06/03/26 23:00:00,Annual,Primary production,Solid fossil fuels,Gigawatt-hour,Denmark,2012,0.000,,
ESTAT:NRG_BAL_C(1.0),06/03/26 23:00:00,Annual,Primary production,Solid fossil fuels,Gigawatt-hour,Denmark,2013,0.000,,
ESTAT:NRG_BAL_C(1.0),06/03/26 23:00:00,Annual,Primary production,Solid fossil fuels,Gigawatt-hour,Denmark,2014,0.000,,
ESTAT:NRG_BAL_C(1.0),06/03/26 23:00:00,Annual,Primary production,Solid fossil fuels,Gigawatt-hour,Denmark,2015,0.000,,
ESTAT:NRG_BAL_C(1.0),06/03/26 23:00:00,Annual,Primary production,Solid fossil fuels,Gigawatt-hour,Denmark,2016,0.000,,
ESTAT:NRG_BAL_C(1.0),06/03/26 23:00:00,Annual,Primary production,Solid fossil fuels,Gigawatt-hour,Denmark,2017,0.000,,
ESTAT:NRG_BAL_C(1.0),06/03/26 23:00:00,Annual,Primary production,Solid fossil fuels,Gigawatt-hour,Denmark,2018,0.000,,
ESTAT:NRG_BAL_C(1.0),06/03/26 23:00:00,Annual,Primary production,Solid fossil fuels,Gigawatt-hour,Denmark,2019,0.000,,
ESTAT:NRG_BAL_C(1.0),06/03/26 23:00:00,Annual,Primary production,Solid fossil fuels,Gigawatt-hour,Denmark,2020,0.000,,
ESTAT:NRG_BAL_C(1.0),06/03/26 23:00:00,Annual,Primary production,Solid fossil fuels,Gigawatt-hour,Denmark,2021,0.000,,
ESTAT:NRG_BAL_C(1.0),06/03/26 23:00:00,Annual,Primary production,Solid fossil fuels,Gigawatt-hour,Denmark,2022,0.000,,
ESTAT:NRG_BAL_C(1.0),06/03/26 23:00:00,Annual,Primary production,Solid fossil fuels,Gigawatt-hour,Denmark,2023,0.000,,
ESTAT:NRG_BAL_C(1.0),06/03/26 23:00:00,Annual,Primary production,Solid fossil fuels,Gigawatt-hour,Denmark,2024,0.000,,
ESTAT:NRG_BAL_C(1.0),06/03/26 23:00:00,Annual,Primary production,Solid fossil fuels,Gigawatt-hour,Estonia,2005,0.000,,
ESTAT:NRG_BAL_C(1.0),06/03/26 23:00:00,Annual,Primary production,Solid fossil fuels,Gigawatt-hour,Estonia,2006,0.000,,
ESTAT:NRG_BAL_C(1.0),06/03/26 23:00:00,Annual,Primary production,Solid fossil fuels,Gigawatt-hour,Estonia,2007,0.000,,
ESTAT:NRG_BAL_C(1.0),06/03/26 23:00:00,Annual,Primary production,Solid fossil fuels,Gigawatt-hour,Estonia,2008,0.000,,
ESTAT:NRG_BAL_C(1.0),06/03/26 23:00:00,Annual,Primary production,Solid fossil fuels,Gigawatt-hour,Estonia,2009,0.000,,
ESTAT:NRG_BAL_C(1.0),06/03/26 23:00:00,Annual,Primary production,Solid fossil fuels,Gigawatt-hour,Estonia,2010,0.000,,
ESTAT:NRG_BAL_C(1.0),06/03/26 23:00:00,Annual,Primary production,Solid fossil fuels,Gigawatt-hour,Estonia,2011,0.000,,
ESTAT:NRG_BAL_C(1.0),06/03/26 23:00:00,Annual,Primary production,Solid fossil fuels,Gigawatt-hour,Estonia,2012,0.000,,
ESTAT:NRG_BAL_C(1.0),06/03/26 23:00:00,Annual,Primary production,Solid fossil fuels,Gigawatt-hour,Estonia,2013,0.000,,
ESTAT:NRG_BAL_C(1.0),06/03/26 23:00:00,Annual,Primary production,Solid fossil fuels,Gigawatt-hour,Estonia,2014,0.000,,
ESTAT:NRG_BAL_C(1.0),06/03/26 23:00:00,Annual,Primary production,Solid fossil fuels,Gigawatt-hour,Estonia,2015,0.000,,
ESTAT:NRG_BAL_C(1.0),06/03/26 23:00:00,Annual,Primary production,Solid fossil fuels,Gigawatt-hour,Estonia,2016,0.000,,
ESTAT:NRG_BAL_C(1.0),06/03/26 23:00:00,Annual,Primary production,Solid fossil fuels,Gigawatt-hour,Estonia,2017,0.000,,
ESTAT:NRG_BAL_C(1.0),06/03/26 23:00:00,Annual,Primary production,Solid fossil fuels,Gigawatt-hour,Estonia,2018,0.000,,
ESTAT:NRG_BAL_C(1.0),06/03/26 23:00:00,Annual,Primary production,Solid fossil fuels,Gigawatt-hour,Estonia,2019,0.000,,
ESTAT:NRG_BAL_C(1.0),06/03/26 23:00:00,Annual,Primary production,Solid fossil fuels,Gigawatt-hour,Estonia,2020,0.000,,
ESTAT:NRG_BAL_C(1.0),06/03/26 23:00:00,Annual,Primary production,Solid fossil fuels,Gigawatt-hour,Estonia,2021,0.000,,
ESTAT:NRG_BAL_C(1.0),06/03/26 23:00:00,Annual,Primary production,Solid fossil fuels,Gigawatt-hour,Estonia,2022,0.000,,
ESTAT:NRG_BAL_C(1.0),06/03/26 23:00:00,Annual,Primary production,Solid fossil fuels,Gigawatt-hour,Estonia,2023,0.000,,
ESTAT:NRG_BAL_C(1.0),06/03/26 23:00:00,Annual,Primary production,Solid fossil fuels,Gigawatt-hour,Estonia,2024,0.000,,
ESTAT:NRG_BAL_C(1.0),06/03/26 23:00:00,Annual,Primary production,Solid fossil fuels,Gigawatt-hour,Greece,2005,99296.972,,
ESTAT:NRG_BAL_C(1.0),06/03/26 23:00:00,Annual,Primary production,Solid fossil fuels,Gigawatt-hour,Greece,2006,95020.933,,
ESTAT:NRG_BAL_C(1.0),06/03/26 23:00:00,Annual,Primary production,Solid fossil fuels,Gigawatt-hour,Greece,2007,97564.854,,
ESTAT:NRG_BAL_C(1.0),06/03/26 23:00:00,Annual,Primary production,Solid fossil fuels,Gigawatt-hour,Greece,2008,94545.522,,
ESTAT:NRG_BAL_C(1.0),06/03/26 23:00:00,Annual,Primary production,Solid fossil fuels,Gigawatt-hour,Greece,2009,95086.271,,
ESTAT:NRG_BAL_C(1.0),06/03/26 23:00:00,Annual,Primary production,Solid fossil fuels,Gigawatt-hour,Greece,2010,85078.300,,
ESTAT:NRG_BAL_C(1.0),06/03/26 23:00:00,Annual,Primary production,Solid fossil fuels,Gigawatt-hour,Greece,2011,87281.971,,
ESTAT:NRG_BAL_C(1.0),06/03/26 23:00:00,Annual,Primary production,Solid fossil fuels,Gigawatt-hour,Greece,2012,93559.611,,
ESTAT:NRG_BAL_C(1.0),06/03/26 23:00:00,Annual,Primary production,Solid fossil fuels,Gigawatt-hour,Greece,2013,78249.716,,
ESTAT:NRG_BAL_C(1.0),06/03/26 23:00:00,Annual,Primary production,Solid fossil fuels,Gigawatt-hour,Greece,2014,74247.824,,
ESTAT:NRG_BAL_C(1.0),06/03/26 23:00:00,Annual,Primary production,Solid fossil fuels,Gigawatt-hour,Greece,2015,66003.319,,
ESTAT:NRG_BAL_C(1.0),06/03/26 23:00:00,Annual,Primary production,Solid fossil fuels,Gigawatt-hour,Greece,2016,46200.902,,
ESTAT:NRG_BAL_C(1.0),06/03/26 23:00:00,Annual,Primary production,Solid fossil fuels,Gigawatt-hour,Greece,2017,53117.353,,
ESTAT:NRG_BAL_C(1.0),06/03/26 23:00:00,Annual,Primary production,Solid fossil fuels,Gigawatt-hour,Greece,2018,49715.990,,
ESTAT:NRG_BAL_C(1.0),06/03/26 23:00:00,Annual,Primary production,Solid fossil fuels,Gigawatt-hour,Greece,2019,35907.465,,
ESTAT:NRG_BAL_C(1.0),06/03/26 23:00:00,Annual,Primary production,Solid fossil fuels,Gigawatt-hour,Greece,2020,18960.649,,
ESTAT:NRG_BAL_C(1.0),06/03/26 23:00:00,Annual,Primary production,Solid fossil fuels,Gigawatt-hour,Greece,2021,16737.255,,
ESTAT:NRG_BAL_C(1.0),06/03/26 23:00:00,Annual,Primary production,Solid fossil fuels,Gigawatt-hour,Greece,2022,19290.095,,
ESTAT:NRG_BAL_C(1.0),06/03/26 23:00:00,Annual,Primary production,Solid fossil fuels,Gigawatt-hour,Greece,2023,15250.571,,
ESTAT:NRG_BAL_C(1.0),06/03/26 23:00:00,Annual,Primary production,Solid fossil fuels,Gigawatt-hour,Greece,2024,9481.823,,
ESTAT:NRG_BAL_C(1.0),06/03/26 23:00:00,Annual,Primary production,Solid fossil fuels,Gigawatt-hour,Spain,2005,72859.106,,
ESTAT:NRG_BAL_C(1.0),06/03/26 23:00:00,Annual,Primary production,Solid fossil fuels,Gigawatt-hour,Spain,2006,70348.937,,
ESTAT:NRG_BAL_C(1.0),06/03/26 23:00:00,Annual,Primary production,Solid fossil fuels,Gigawatt-hour,Spain,2007,63458.501,,
ESTAT:NRG_BAL_C(1.0),06/03/26 23:00:00,Annual,Primary production,Solid fossil fuels,Gigawatt-hour,Spain,2008,48778.535,,
ESTAT:NRG_BAL_C(1.0),06/03/26 23:00:00,Annual,Primary production,Solid fossil fuels,Gigawatt-hour,Spain,2009,44320.839,,
ESTAT:NRG_BAL_C(1.0),06/03/26 23:00:00,Annual,Primary production,Solid fossil fuels,Gigawatt-hour,Spain,2010,38336.841,,
ESTAT:NRG_BAL_C(1.0),06/03/26 23:00:00,Annual,Primary production,Solid fossil fuels,Gigawatt-hour,Spain,2011,30804.471,,
ESTAT:NRG_BAL_C(1.0),06/03/26 23:00:00,Annual,Primary production,Solid fossil fuels,Gigawatt-hour,Spain,2012,28618.281,,
ESTAT:NRG_BAL_C(1.0),06/03/26 23:00:00,Annual,Primary production,Solid fossil fuels,Gigawatt-hour,Spain,2013,20501.781,,
ESTAT:NRG_BAL_C(1.0),06/03/26 23:00:00,Annual,Primary production,Solid fossil fuels,Gigawatt-hour,Spain,2014,18936.054,,
ESTAT:NRG_BAL_C(1.0),06/03/26 23:00:00,Annual,Primary production,Solid fossil fuels,Gigawatt-hour,Spain,2015,14492.354,,
ESTAT:NRG_BAL_C(1.0),06/03/26 23:00:00,Annual,Primary production,Solid fossil fuels,Gigawatt-hour,Spain,2016,8561.806,,
ESTAT:NRG_BAL_C(1.0),06/03/26 23:00:00,Annual,Primary production,Solid fossil fuels,Gigawatt-hour,Spain,2017,13116.522,,
ESTAT:NRG_BAL_C(1.0),06/03/26 23:00:00,Annual,Primary production,Solid fossil fuels,Gigawatt-hour,Spain,2018,10267.917,,
ESTAT:NRG_BAL_C(1.0),06/03/26 23:00:00,Annual,Primary production,Solid fossil fuels,Gigawatt-hour,Spain,2019,0.000,,
ESTAT:NRG_BAL_C(1.0),06/03/26 23:00:00,Annual,Primary production,Solid fossil fuels,Gigawatt-hour,Spain,2020,0.000,,
ESTAT:NRG_BAL_C(1.0),06/03/26 23:00:00,Annual,Primary production,Solid fossil fuels,Gigawatt-hour,Spain,2021,0.000,,
ESTAT:NRG_BAL_C(1.0),06/03/26 23:00:00,Annual,Primary production,Solid fossil fuels,Gigawatt-hour,Spain,2022,0.000,,
ESTAT:NRG_BAL_C(1.0),06/03/26 23:00:00,Annual,Primary production,Solid fossil fuels,Gigawatt-hour,Spain,2023,0.000,,
ESTAT:NRG_BAL_C(1.0),06/03/26 23:00:00,Annual,Primary production,Solid fossil fuels,Gigawatt-hour,Spain,2024,0.000,,
ESTAT:NRG_BAL_C(1.0),06/03/26 23:00:00,Annual,Primary production,Solid fossil fuels,Gigawatt-hour,Finland,2005,0.000,,
ESTAT:NRG_BAL_C(1.0),06/03/26 23:00:00,Annual,Primary production,Solid fossil fuels,Gigawatt-hour,Finland,2006,0.000,,
ESTAT:NRG_BAL_C(1.0),06/03/26 23:00:00,Annual,Primary production,Solid fossil fuels,Gigawatt-hour,Finland,2007,0.000,,
ESTAT:NRG_BAL_C(1.0),06/03/26 23:00:00,Annual,Primary production,Solid fossil fuels,Gigawatt-hour,Finland,2008,0.000,,
ESTAT:NRG_BAL_C(1.0),06/03/26 23:00:00,Annual,Primary production,Solid fossil fuels,Gigawatt-hour,Finland,2009,0.000,,
ESTAT:NRG_BAL_C(1.0),06/03/26 23:00:00,Annual,Primary production,Solid fossil fuels,Gigawatt-hour,Finland,2010,0.000,,
ESTAT:NRG_BAL_C(1.0),06/03/26 23:00:00,Annual,Primary production,Solid fossil fuels,Gigawatt-hour,Finland,2011,0.000,,
ESTAT:NRG_BAL_C(1.0),06/03/26 23:00:00,Annual,Primary production,Solid fossil fuels,Gigawatt-hour,Finland,2012,0.000,,
ESTAT:NRG_BAL_C(1.0),06/03/26 23:00:00,Annual,Primary production,Solid fossil fuels,Gigawatt-hour,Finland,2013,0.000,,
ESTAT:NRG_BAL_C(1.0),06/03/26 23:00:00,Annual,Primary production,Solid fossil fuels,Gigawatt-hour,Finland,2014,0.000,,
ESTAT:NRG_BAL_C(1.0),06/03/26 23:00:00,Annual,Primary production,Solid fossil fuels,Gigawatt-hour,Finland,2015,0.000,,
ESTAT:NRG_BAL_C(1.0),06/03/26 23:00:00,Annual,Primary production,Solid fossil fuels,Gigawatt-hour,Finland,2016,0.000,,
ESTAT:NRG_BAL_C(1.0),06/03/26 23:00:00,Annual,Primary production,Solid fossil fuels,Gigawatt-hour,Finland,2017,0.000,,
ESTAT:NRG_BAL_C(1.0),06/03/26 23:00:00,Annual,Primary production,Solid fossil fuels,Gigawatt-hour,Finland,2018,0.000,,
ESTAT:NRG_BAL_C(1.0),06/03/26 23:00:00,Annual,Primary production,Solid fossil fuels,Gigawatt-hour,Finland,2019,0.000,,
ESTAT:NRG_BAL_C(1.0),06/03/26 23:00:00,Annual,Primary production,Solid fossil fuels,Gigawatt-hour,Finland,2020,0.000,,
ESTAT:NRG_BAL_C(1.0),06/03/26 23:00:00,Annual,Primary production,Solid fossil fuels,Gigawatt-hour,Finland,2021,0.000,,
ESTAT:NRG_BAL_C(1.0),06/03/26 23:00:00,Annual,Primary production,Solid fossil fuels,Gigawatt-hour,Finland,2022,0.000,,
ESTAT:NRG_BAL_C(1.0),06/03/26 23:00:00,Annual,Primary production,Solid fossil fuels,Gigawatt-hour,Finland,2023,0.000,,
ESTAT:NRG_BAL_C(1.0),06/03/26 23:00:00,Annual,Primary production,Solid fossil fuels,Gigawatt-hour,Finland,2024,0.000,,
ESTAT:NRG_BAL_C(1.0),06/03/26 23:00:00,Annual,Primary production,Solid fossil fuels,Gigawatt-hour,France,2005,0.000,,
ESTAT:NRG_BAL_C(1.0),06/03/26 23:00:00,Annual,Primary production,Solid fossil fuels,Gigawatt-hour,France,2006,0.000,,
ESTAT:NRG_BAL_C(1.0),06/03/26 23:00:00,Annual,Primary production,Solid fossil fuels,Gigawatt-hour,France,2007,0.000,,
ESTAT:NRG_BAL_C(1.0),06/03/26 23:00:00,Annual,Primary production,Solid fossil fuels,Gigawatt-hour,France,2008,0.000,,
ESTAT:NRG_BAL_C(1.0),06/03/26 23:00:00,Annual,Primary production,Solid fossil fuels,Gigawatt-hour,France,2009,0.000,,
ESTAT:NRG_BAL_C(1.0),06/03/26 23:00:00,Annual,Primary production,Solid fossil fuels,Gigawatt-hour,France,2010,0.000,,
ESTAT:NRG_BAL_C(1.0),06/03/26 23:00:00,Annual,Primary production,Solid fossil fuels,Gigawatt-hour,France,2011,0.000,,
ESTAT:NRG_BAL_C(1.0),06/03/26 23:00:00,Annual,Primary production,Solid fossil fuels,Gigawatt-hour,France,2012,0.000,,
ESTAT:NRG_BAL_C(1.0),06/03/26 23:00:00,Annual,Primary production,Solid fossil fuels,Gigawatt-hour,France,2013,0.000,,
ESTAT:NRG_BAL_C(1.0),06/03/26 23:00:00,Annual,Primary production,Solid fossil fuels,Gigawatt-hour,France,2014,0.000,,
ESTAT:NRG_BAL_C(1.0),06/03/26 23:00:00,Annual,Primary production,Solid fossil fuels,Gigawatt-hour,France,2015,0.000,,
ESTAT:NRG_BAL_C(1.0),06/03/26 23:00:00,Annual,Primary production,Solid fossil fuels,Gigawatt-hour,France,2016,0.000,,
ESTAT:NRG_BAL_C(1.0),06/03/26 23:00:00,Annual,Primary production,Solid fossil fuels,Gigawatt-hour,France,2017,0.000,,
ESTAT:NRG_BAL_C(1.0),06/03/26 23:00:00,Annual,Primary production,Solid fossil fuels,Gigawatt-hour,France,2018,0.000,,
ESTAT:NRG_BAL_C(1.0),06/03/26 23:00:00,Annual,Primary production,Solid fossil fuels,Gigawatt-hour,France,2019,0.000,,
ESTAT:NRG_BAL_C(1.0),06/03/26 23:00:00,Annual,Primary production,Solid fossil fuels,Gigawatt-hour,France,2020,0.000,,
ESTAT:NRG_BAL_C(1.0),06/03/26 23:00:00,Annual,Primary production,Solid fossil fuels,Gigawatt-hour,France,2021,0.000,,
ESTAT:NRG_BAL_C(1.0),06/03/26 23:00:00,Annual,Primary production,Solid fossil fuels,Gigawatt-hour,France,2022,0.000,,
ESTAT:NRG_BAL_C(1.0),06/03/26 23:00:00,Annual,Primary production,Solid fossil fuels,Gigawatt-hour,France,2023,0.000,,
ESTAT:NRG_BAL_C(1.0),06/03/26 23:00:00,Annual,Primary production,Solid fossil fuels,Gigawatt-hour,France,2024,0.000,,
ESTAT:NRG_BAL_C(1.0),06/03/26 23:00:00,Annual,Primary production,Solid fossil fuels,Gigawatt-hour,Croatia,2005,0.000,,
ESTAT:NRG_BAL_C(1.0),06/03/26 23:00:00,Annual,Primary production,Solid fossil fuels,Gigawatt-hour,Croatia,2006,0.000,,
ESTAT:NRG_BAL_C(1.0),06/03/26 23:00:00,Annual,Primary production,Solid fossil fuels,Gigawatt-hour,Croatia,2007,0.000,,
ESTAT:NRG_BAL_C(1.0),06/03/26 23:00:00,Annual,Primary production,Solid fossil fuels,Gigawatt-hour,Croatia,2008,0.000,,
ESTAT:NRG_BAL_C(1.0),06/03/26 23:00:00,Annual,Primary production,Solid fossil fuels,Gigawatt-hour,Croatia,2009,0.000,,
ESTAT:NRG_BAL_C(1.0),06/03/26 23:00:00,Annual,Primary production,Solid fossil fuels,Gigawatt-hour,Croatia,2010,0.000,,
ESTAT:NRG_BAL_C(1.0),06/03/26 23:00:00,Annual,Primary production,Solid fossil fuels,Gigawatt-hour,Croatia,2011,0.000,,
ESTAT:NRG_BAL_C(1.0),06/03/26 23:00:00,Annual,Primary production,Solid fossil fuels,Gigawatt-hour,Croatia,2012,0.000,,
ESTAT:NRG_BAL_C(1.0),06/03/26 23:00:00,Annual,Primary production,Solid fossil fuels,Gigawatt-hour,Croatia,2013,0.000,,
ESTAT:NRG_BAL_C(1.0),06/03/26 23:00:00,Annual,Primary production,Solid fossil fuels,Gigawatt-hour,Croatia,2014,0.000,,
ESTAT:NRG_BAL_C(1.0),06/03/26 23:00:00,Annual,Primary production,Solid fossil fuels,Gigawatt-hour,Croatia,2015,0.000,,
ESTAT:NRG_BAL_C(1.0),06/03/26 23:00:00,Annual,Primary production,Solid fossil fuels,Gigawatt-hour,Croatia,2016,0.000,,
ESTAT:NRG_BAL_C(1.0),06/03/26 23:00:00,Annual,Primary production,Solid fossil fuels,Gigawatt-hour,Croatia,2017,0.000,,
ESTAT:NRG_BAL_C(1.0),06/03/26 23:00:00,Annual,Primary production,Solid fossil fuels,Gigawatt-hour,Croatia,2018,0.000,,
ESTAT:NRG_BAL_C(1.0),06/03/26 23:00:00,Annual,Primary production,Solid fossil fuels,Gigawatt-hour,Croatia,2019,0.000,,
ESTAT:NRG_BAL_C(1.0),06/03/26 23:00:00,Annual,Primary production,Solid fossil fuels,Gigawatt-hour,Croatia,2020,0.000,,
ESTAT:NRG_BAL_C(1.0),06/03/26 23:00:00,Annual,Primary production,Solid fossil fuels,Gigawatt-hour,Croatia,2021,0.000,,
ESTAT:NRG_BAL_C(1.0),06/03/26 23:00:00,Annual,Primary production,Solid fossil fuels,Gigawatt-hour,Croatia,2022,0.000,,
ESTAT:NRG_BAL_C(1.0),06/03/26 23:00:00,Annual,Primary production,Solid fossil fuels,Gigawatt-hour,Croatia,2023,0.000,,
ESTAT:NRG_BAL_C(1.0),06/03/26 23:00:00,Annual,Primary production,Solid fossil fuels,Gigawatt-hour,Croatia,2024,0.000,,
ESTAT:NRG_BAL_C(1.0),06/03/26 23:00:00,Annual,Primary production,Solid fossil fuels,Gigawatt-hour,Hungary,2005,20330.933,,
ESTAT:NRG_BAL_C(1.0),06/03/26 23:00:00,Annual,Primary production,Solid fossil fuels,Gigawatt-hour,Hungary,2006,20429.244,,
ESTAT:NRG_BAL_C(1.0),06/03/26 23:00:00,Annual,Primary production,Solid fossil fuels,Gigawatt-hour,Hungary,2007,20617.800,,
ESTAT:NRG_BAL_C(1.0),06/03/26 23:00:00,Annual,Primary production,Solid fossil fuels,Gigawatt-hour,Hungary,2008,19696.156,,
ESTAT:NRG_BAL_C(1.0),06/03/26 23:00:00,Annual,Primary production,Solid fossil fuels,Gigawatt-hour,Hungary,2009,18096.806,,
ESTAT:NRG_BAL_C(1.0),06/03/26 23:00:00,Annual,Primary production,Solid fossil fuels,Gigawatt-hour,Hungary,2010,18529.767,,
ESTAT:NRG_BAL_C(1.0),06/03/26 23:00:00,Annual,Primary production,Solid fossil fuels,Gigawatt-hour,Hungary,2011,19136.542,,
ESTAT:NRG_BAL_C(1.0),06/03/26 23:00:00,Annual,Primary production,Solid fossil fuels,Gigawatt-hour,Hungary,2012,18683.222,,
ESTAT:NRG_BAL_C(1.0),06/03/26 23:00:00,Annual,Primary production,Solid fossil fuels,Gigawatt-hour,Hungary,2013,18744.300,,
ESTAT:NRG_BAL_C(1.0),06/03/26 23:00:00,Annual,Primary production,Solid fossil fuels,Gigawatt-hour,Hungary,2014,18467.920,,
ESTAT:NRG_BAL_C(1.0),06/03/26 23:00:00,Annual,Primary production,Solid fossil fuels,Gigawatt-hour,Hungary,2015,17657.640,,
ESTAT:NRG_BAL_C(1.0),06/03/26 23:00:00,Annual,Primary production,Solid fossil fuels,Gigawatt-hour,Hungary,2016,17008.640,,
ESTAT:NRG_BAL_C(1.0),06/03/26 23:00:00,Annual,Primary production,Solid fossil fuels,Gigawatt-hour,Hungary,2017,14923.141,,
ESTAT:NRG_BAL_C(1.0),06/03/26 23:00:00,Annual,Primary production,Solid fossil fuels,Gigawatt-hour,Hungary,2018,13270.834,,
ESTAT:NRG_BAL_C(1.0),06/03/26 23:00:00,Annual,Primary production,Solid fossil fuels,Gigawatt-hour,Hungary,2019,11554.313,,
ESTAT:NRG_BAL_C(1.0),06/03/26 23:00:00,Annual,Primary production,Solid fossil fuels,Gigawatt-hour,Hungary,2020,10846.354,,
ESTAT:NRG_BAL_C(1.0),06/03/26 23:00:00,Annual,Primary production,Solid fossil fuels,Gigawatt-hour,Hungary,2021,8990.870,,
ESTAT:NRG_BAL_C(1.0),06/03/26 23:00:00,Annual,Primary production,Solid fossil fuels,Gigawatt-hour,Hungary,2022,9058.837,,
ESTAT:NRG_BAL_C(1.0),06/03/26 23:00:00,Annual,Primary production,Solid fossil fuels,Gigawatt-hour,Hungary,2023,7720.964,,
ESTAT:NRG_BAL_C(1.0),06/03/26 23:00:00,Annual,Primary production,Solid fossil fuels,Gigawatt-hour,Hungary,2024,7403.967,,
ESTAT:NRG_BAL_C(1.0),06/03/26 23:00:00,Annual,Primary production,Solid fossil fuels,Gigawatt-hour,Ireland,2005,0.000,,
ESTAT:NRG_BAL_C(1.0),06/03/26 23:00:00,Annual,Primary production,Solid fossil fuels,Gigawatt-hour,Ireland,2006,0.000,,
ESTAT:NRG_BAL_C(1.0),06/03/26 23:00:00,Annual,Primary production,Solid fossil fuels,Gigawatt-hour,Ireland,2007,0.000,,
ESTAT:NRG_BAL_C(1.0),06/03/26 23:00:00,Annual,Primary production,Solid fossil fuels,Gigawatt-hour,Ireland,2008,0.000,,
ESTAT:NRG_BAL_C(1.0),06/03/26 23:00:00,Annual,Primary production,Solid fossil fuels,Gigawatt-hour,Ireland,2009,0.000,,
ESTAT:NRG_BAL_C(1.0),06/03/26 23:00:00,Annual,Primary production,Solid fossil fuels,Gigawatt-hour,Ireland,2010,0.000,,
ESTAT:NRG_BAL_C(1.0),06/03/26 23:00:00,Annual,Primary production,Solid fossil fuels,Gigawatt-hour,Ireland,2011,0.000,,
ESTAT:NRG_BAL_C(1.0),06/03/26 23:00:00,Annual,Primary production,Solid fossil fuels,Gigawatt-hour,Ireland,2012,0.000,,
ESTAT:NRG_BAL_C(1.0),06/03/26 23:00:00,Annual,Primary production,Solid fossil fuels,Gigawatt-hour,Ireland,2013,0.000,,
ESTAT:NRG_BAL_C(1.0),06/03/26 23:00:00,Annual,Primary production,Solid fossil fuels,Gigawatt-hour,Ireland,2014,0.000,,
ESTAT:NRG_BAL_C(1.0),06/03/26 23:00:00,Annual,Primary production,Solid fossil fuels,Gigawatt-hour,Ireland,2015,0.000,,
ESTAT:NRG_BAL_C(1.0),06/03/26 23:00:00,Annual,Primary production,Solid fossil fuels,Gigawatt-hour,Ireland,2016,0.000,,
ESTAT:NRG_BAL_C(1.0),06/03/26 23:00:00,Annual,Primary production,Solid fossil fuels,Gigawatt-hour,Ireland,2017,0.000,,
ESTAT:NRG_BAL_C(1.0),06/03/26 23:00:00,Annual,Primary production,Solid fossil fuels,Gigawatt-hour,Ireland,2018,0.000,,
ESTAT:NRG_BAL_C(1.0),06/03/26 23:00:00,Annual,Primary production,Solid fossil fuels,Gigawatt-hour,Ireland,2019,0.000,,
ESTAT:NRG_BAL_C(1.0),06/03/26 23:00:00,Annual,Primary production,Solid fossil fuels,Gigawatt-hour,Ireland,2020,0.000,,
ESTAT:NRG_BAL_C(1.0),06/03/26 23:00:00,Annual,Primary production,Solid fossil fuels,Gigawatt-hour,Ireland,2021,0.000,,
ESTAT:NRG_BAL_C(1.0),06/03/26 23:00:00,Annual,Primary production,Solid fossil fuels,Gigawatt-hour,Ireland,2022,0.000,,
ESTAT:NRG_BAL_C(1.0),06/03/26 23:00:00,Annual,Primary production,Solid fossil fuels,Gigawatt-hour,Ireland,2023,0.000,,
ESTAT:NRG_BAL_C(1.0),06/03/26 23:00:00,Annual,Primary production,Solid fossil fuels,Gigawatt-hour,Ireland,2024,0.000,,
ESTAT:NRG_BAL_C(1.0),06/03/26 23:00:00,Annual,Primary production,Solid fossil fuels,Gigawatt-hour,Italy,2005,701.601,,
ESTAT:NRG_BAL_C(1.0),06/03/26 23:00:00,Annual,Primary production,Solid fossil fuels,Gigawatt-hour,Italy,2006,155.091,,
ESTAT:NRG_BAL_C(1.0),06/03/26 23:00:00,Annual,Primary production,Solid fossil fuels,Gigawatt-hour,Italy,2007,1166.874,,
ESTAT:NRG_BAL_C(1.0),06/03/26 23:00:00,Annual,Primary production,Solid fossil fuels,Gigawatt-hour,Italy,2008,864.078,,
ESTAT:NRG_BAL_C(1.0),06/03/26 23:00:00,Annual,Primary production,Solid fossil fuels,Gigawatt-hour,Italy,2009,531.740,,
ESTAT:NRG_BAL_C(1.0),06/03/26 23:00:00,Annual,Primary production,Solid fossil fuels,Gigawatt-hour,Italy,2010,745.913,,
ESTAT:NRG_BAL_C(1.0),06/03/26 23:00:00,Annual,Primary production,Solid fossil fuels,Gigawatt-hour,Italy,2011,679.446,,
ESTAT:NRG_BAL_C(1.0),06/03/26 23:00:00,Annual,Primary production,Solid fossil fuels,Gigawatt-hour,Italy,2012,590.822,,
ESTAT:NRG_BAL_C(1.0),06/03/26 23:00:00,Annual,Primary production,Solid fossil fuels,Gigawatt-hour,Italy,2013,539.125,,
ESTAT:NRG_BAL_C(1.0),06/03/26 23:00:00,Annual,Primary production,Solid fossil fuels,Gigawatt-hour,Italy,2014,635.134,,
ESTAT:NRG_BAL_C(1.0),06/03/26 23:00:00,Annual,Primary production,Solid fossil fuels,Gigawatt-hour,Italy,2015,598.208,,
ESTAT:NRG_BAL_C(1.0),06/03/26 23:00:00,Annual,Primary production,Solid fossil fuels,Gigawatt-hour,Italy,2016,0.000,,
ESTAT:NRG_BAL_C(1.0),06/03/26 23:00:00,Annual,Primary production,Solid fossil fuels,Gigawatt-hour,Italy,2017,0.000,,
ESTAT:NRG_BAL_C(1.0),06/03/26 23:00:00,Annual,Primary production,Solid fossil fuels,Gigawatt-hour,Italy,2018,0.000,,
ESTAT:NRG_BAL_C(1.0),06/03/26 23:00:00,Annual,Primary production,Solid fossil fuels,Gigawatt-hour,Italy,2019,0.000,,
ESTAT:NRG_BAL_C(1.0),06/03/26 23:00:00,Annual,Primary production,Solid fossil fuels,Gigawatt-hour,Italy,2020,0.000,,
ESTAT:NRG_BAL_C(1.0),06/03/26 23:00:00,Annual,Primary production,Solid fossil fuels,Gigawatt-hour,Italy,2021,0.000,,
ESTAT:NRG_BAL_C(1.0),06/03/26 23:00:00,Annual,Primary production,Solid fossil fuels,Gigawatt-hour,Italy,2022,0.000,,
ESTAT:NRG_BAL_C(1.0),06/03/26 23:00:00,Annual,Primary production,Solid fossil fuels,Gigawatt-hour,Italy,2023,0.000,,
ESTAT:NRG_BAL_C(1.0),06/03/26 23:00:00,Annual,Primary production,Solid fossil fuels,Gigawatt-hour,Italy,2024,0.000,,
ESTAT:NRG_BAL_C(1.0),06/03/26 23:00:00,Annual,Primary production,Solid fossil fuels,Gigawatt-hour,Lithuania,2005,0.000,,
ESTAT:NRG_BAL_C(1.0),06/03/26 23:00:00,Annual,Primary production,Solid fossil fuels,Gigawatt-hour,Lithuania,2006,0.000,,
ESTAT:NRG_BAL_C(1.0),06/03/26 23:00:00,Annual,Primary production,Solid fossil fuels,Gigawatt-hour,Lithuania,2007,0.000,,
ESTAT:NRG_BAL_C(1.0),06/03/26 23:00:00,Annual,Primary production,Solid fossil fuels,Gigawatt-hour,Lithuania,2008,0.000,,
ESTAT:NRG_BAL_C(1.0),06/03/26 23:00:00,Annual,Primary production,Solid fossil fuels,Gigawatt-hour,Lithuania,2009,0.000,,
ESTAT:NRG_BAL_C(1.0),06/03/26 23:00:00,Annual,Primary production,Solid fossil fuels,Gigawatt-hour,Lithuania,2010,0.000,,
ESTAT:NRG_BAL_C(1.0),06/03/26 23:00:00,Annual,Primary production,Solid fossil fuels,Gigawatt-hour,Lithuania,2011,0.000,,
ESTAT:NRG_BAL_C(1.0),06/03/26 23:00:00,Annual,Primary production,Solid fossil fuels,Gigawatt-hour,Lithuania,2012,0.000,,
ESTAT:NRG_BAL_C(1.0),06/03/26 23:00:00,Annual,Primary production,Solid fossil fuels,Gigawatt-hour,Lithuania,2013,0.000,,
ESTAT:NRG_BAL_C(1.0),06/03/26 23:00:00,Annual,Primary production,Solid fossil fuels,Gigawatt-hour,Lithuania,2014,0.000,,
ESTAT:NRG_BAL_C(1.0),06/03/26 23:00:00,Annual,Primary production,Solid fossil fuels,Gigawatt-hour,Lithuania,2015,0.000,,
ESTAT:NRG_BAL_C(1.0),06/03/26 23:00:00,Annual,Primary production,Solid fossil fuels,Gigawatt-hour,Lithuania,2016,0.000,,
ESTAT:NRG_BAL_C(1.0),06/03/26 23:00:00,Annual,Primary production,Solid fossil fuels,Gigawatt-hour,Lithuania,2017,0.000,,
ESTAT:NRG_BAL_C(1.0),06/03/26 23:00:00,Annual,Primary production,Solid fossil fuels,Gigawatt-hour,Lithuania,2018,0.000,,
ESTAT:NRG_BAL_C(1.0),06/03/26 23:00:00,Annual,Primary production,Solid fossil fuels,Gigawatt-hour,Lithuania,2019,0.000,,
ESTAT:NRG_BAL_C(1.0),06/03/26 23:00:00,Annual,Primary production,Solid fossil fuels,Gigawatt-hour,Lithuania,2020,0.000,,
ESTAT:NRG_BAL_C(1.0),06/03/26 23:00:00,Annual,Primary production,Solid fossil fuels,Gigawatt-hour,Lithuania,2021,0.000,,
ESTAT:NRG_BAL_C(1.0),06/03/26 23:00:00,Annual,Primary production,Solid fossil fuels,Gigawatt-hour,Lithuania,2022,0.000,,
ESTAT:NRG_BAL_C(1.0),06/03/26 23:00:00,Annual,Primary production,Solid fossil fuels,Gigawatt-hour,Lithuania,2023,0.000,,
ESTAT:NRG_BAL_C(1.0),06/03/26 23:00:00,Annual,Primary production,Solid fossil fuels,Gigawatt-hour,Lithuania,2024,0.000,,
ESTAT:NRG_BAL_C(1.0),06/03/26 23:00:00,Annual,Primary production,Solid fossil fuels,Gigawatt-hour,Luxembourg,2005,0.000,,
ESTAT:NRG_BAL_C(1.0),06/03/26 23:00:00,Annual,Primary production,Solid fossil fuels,Gigawatt-hour,Luxembourg,2006,0.000,,
ESTAT:NRG_BAL_C(1.0),06/03/26 23:00:00,Annual,Primary production,Solid fossil fuels,Gigawatt-hour,Luxembourg,2007,0.000,,
ESTAT:NRG_BAL_C(1.0),06/03/26 23:00:00,Annual,Primary production,Solid fossil fuels,Gigawatt-hour,Luxembourg,2008,0.000,,
ESTAT:NRG_BAL_C(1.0),06/03/26 23:00:00,Annual,Primary production,Solid fossil fuels,Gigawatt-hour,Luxembourg,2009,0.000,,
ESTAT:NRG_BAL_C(1.0),06/03/26 23:00:00,Annual,Primary production,Solid fossil fuels,Gigawatt-hour,Luxembourg,2010,0.000,,
ESTAT:NRG_BAL_C(1.0),06/03/26 23:00:00,Annual,Primary production,Solid fossil fuels,Gigawatt-hour,Luxembourg,2011,0.000,,
ESTAT:NRG_BAL_C(1.0),06/03/26 23:00:00,Annual,Primary production,Solid fossil fuels,Gigawatt-hour,Luxembourg,2012,0.000,,
ESTAT:NRG_BAL_C(1.0),06/03/26 23:00:00,Annual,Primary production,Solid fossil fuels,Gigawatt-hour,Luxembourg,2013,0.000,,
ESTAT:NRG_BAL_C(1.0),06/03/26 23:00:00,Annual,Primary production,Solid fossil fuels,Gigawatt-hour,Luxembourg,2014,0.000,,
ESTAT:NRG_BAL_C(1.0),06/03/26 23:00:00,Annual,Primary production,Solid fossil fuels,Gigawatt-hour,Luxembourg,2015,0.000,,
ESTAT:NRG_BAL_C(1.0),06/03/26 23:00:00,Annual,Primary production,Solid fossil fuels,Gigawatt-hour,Luxembourg,2016,0.000,,
ESTAT:NRG_BAL_C(1.0),06/03/26 23:00:00,Annual,Primary production,Solid fossil fuels,Gigawatt-hour,Luxembourg,2017,0.000,,
ESTAT:NRG_BAL_C(1.0),06/03/26 23:00:00,Annual,Primary production,Solid fossil fuels,Gigawatt-hour,Luxembourg,2018,0.000,,
ESTAT:NRG_BAL_C(1.0),06/03/26 23:00:00,Annual,Primary production,Solid fossil fuels,Gigawatt-hour,Luxembourg,2019,0.000,,
ESTAT:NRG_BAL_C(1.0),06/03/26 23:00:00,Annual,Primary production,Solid fossil fuels,Gigawatt-hour,Luxembourg,2020,0.000,,
ESTAT:NRG_BAL_C(1.0),06/03/26 23:00:00,Annual,Primary production,Solid fossil fuels,Gigawatt-hour,Luxembourg,2021,0.000,,
ESTAT:NRG_BAL_C(1.0),06/03/26 23:00:00,Annual,Primary production,Solid fossil fuels,Gigawatt-hour,Luxembourg,2022,0.000,,
ESTAT:NRG_BAL_C(1.0),06/03/26 23:00:00,Annual,Primary production,Solid fossil fuels,Gigawatt-hour,Luxembourg,2023,0.000,,
ESTAT:NRG_BAL_C(1.0),06/03/26 23:00:00,Annual,Primary production,Solid fossil fuels,Gigawatt-hour,Luxembourg,2024,0.000,,
ESTAT:NRG_BAL_C(1.0),06/03/26 23:00:00,Annual,Primary production,Solid fossil fuels,Gigawatt-hour,Latvia,2005,0.000,,
ESTAT:NRG_BAL_C(1.0),06/03/26 23:00:00,Annual,Primary production,Solid fossil fuels,Gigawatt-hour,Latvia,2006,0.000,,
ESTAT:NRG_BAL_C(1.0),06/03/26 23:00:00,Annual,Primary production,Solid fossil fuels,Gigawatt-hour,Latvia,2007,0.000,,
ESTAT:NRG_BAL_C(1.0),06/03/26 23:00:00,Annual,Primary production,Solid fossil fuels,Gigawatt-hour,Latvia,2008,0.000,,
ESTAT:NRG_BAL_C(1.0),06/03/26 23:00:00,Annual,Primary production,Solid fossil fuels,Gigawatt-hour,Latvia,2009,0.000,,
ESTAT:NRG_BAL_C(1.0),06/03/26 23:00:00,Annual,Primary production,Solid fossil fuels,Gigawatt-hour,Latvia,2010,0.000,,
ESTAT:NRG_BAL_C(1.0),06/03/26 23:00:00,Annual,Primary production,Solid fossil fuels,Gigawatt-hour,Latvia,2011,0.000,,
ESTAT:NRG_BAL_C(1.0),06/03/26 23:00:00,Annual,Primary production,Solid fossil fuels,Gigawatt-hour,Latvia,2012,0.000,,
ESTAT:NRG_BAL_C(1.0),06/03/26 23:00:00,Annual,Primary production,Solid fossil fuels,Gigawatt-hour,Latvia,2013,0.000,,
ESTAT:NRG_BAL_C(1.0),06/03/26 23:00:00,Annual,Primary production,Solid fossil fuels,Gigawatt-hour,Latvia,2014,0.000,,
ESTAT:NRG_BAL_C(1.0),06/03/26 23:00:00,Annual,Primary production,Solid fossil fuels,Gigawatt-hour,Latvia,2015,0.000,,
ESTAT:NRG_BAL_C(1.0),06/03/26 23:00:00,Annual,Primary production,Solid fossil fuels,Gigawatt-hour,Latvia,2016,0.000,,
ESTAT:NRG_BAL_C(1.0),06/03/26 23:00:00,Annual,Primary production,Solid fossil fuels,Gigawatt-hour,Latvia,2017,0.000,,
ESTAT:NRG_BAL_C(1.0),06/03/26 23:00:00,Annual,Primary production,Solid fossil fuels,Gigawatt-hour,Latvia,2018,0.000,,
ESTAT:NRG_BAL_C(1.0),06/03/26 23:00:00,Annual,Primary production,Solid fossil fuels,Gigawatt-hour,Latvia,2019,0.000,,
ESTAT:NRG_BAL_C(1.0),06/03/26 23:00:00,Annual,Primary production,Solid fossil fuels,Gigawatt-hour,Latvia,2020,0.000,,
ESTAT:NRG_BAL_C(1.0),06/03/26 23:00:00,Annual,Primary production,Solid fossil fuels,Gigawatt-hour,Latvia,2021,0.000,,
ESTAT:NRG_BAL_C(1.0),06/03/26 23:00:00,Annual,Primary production,Solid fossil fuels,Gigawatt-hour,Latvia,2022,0.000,,
ESTAT:NRG_BAL_C(1.0),06/03/26 23:00:00,Annual,Primary production,Solid fossil fuels,Gigawatt-hour,Latvia,2023,0.000,,
ESTAT:NRG_BAL_C(1.0),06/03/26 23:00:00,Annual,Primary production,Solid fossil fuels,Gigawatt-hour,Latvia,2024,0.000,,
ESTAT:NRG_BAL_C(1.0),06/03/26 23:00:00,Annual,Primary production,Solid fossil fuels,Gigawatt-hour,Malta,2005,0.000,,
ESTAT:NRG_BAL_C(1.0),06/03/26 23:00:00,Annual,Primary production,Solid fossil fuels,Gigawatt-hour,Malta,2006,0.000,,
ESTAT:NRG_BAL_C(1.0),06/03/26 23:00:00,Annual,Primary production,Solid fossil fuels,Gigawatt-hour,Malta,2007,0.000,,
ESTAT:NRG_BAL_C(1.0),06/03/26 23:00:00,Annual,Primary production,Solid fossil fuels,Gigawatt-hour,Malta,2008,0.000,,
ESTAT:NRG_BAL_C(1.0),06/03/26 23:00:00,Annual,Primary production,Solid fossil fuels,Gigawatt-hour,Malta,2009,0.000,,
ESTAT:NRG_BAL_C(1.0),06/03/26 23:00:00,Annual,Primary production,Solid fossil fuels,Gigawatt-hour,Malta,2010,0.000,,
ESTAT:NRG_BAL_C(1.0),06/03/26 23:00:00,Annual,Primary production,Solid fossil fuels,Gigawatt-hour,Malta,2011,0.000,,
ESTAT:NRG_BAL_C(1.0),06/03/26 23:00:00,Annual,Primary production,Solid fossil fuels,Gigawatt-hour,Malta,2012,0.000,,
ESTAT:NRG_BAL_C(1.0),06/03/26 23:00:00,Annual,Primary production,Solid fossil fuels,Gigawatt-hour,Malta,2013,0.000,,
ESTAT:NRG_BAL_C(1.0),06/03/26 23:00:00,Annual,Primary production,Solid fossil fuels,Gigawatt-hour,Malta,2014,0.000,,
ESTAT:NRG_BAL_C(1.0),06/03/26 23:00:00,Annual,Primary production,Solid fossil fuels,Gigawatt-hour,Malta,2015,0.000,,
ESTAT:NRG_BAL_C(1.0),06/03/26 23:00:00,Annual,Primary production,Solid fossil fuels,Gigawatt-hour,Malta,2016,0.000,,
ESTAT:NRG_BAL_C(1.0),06/03/26 23:00:00,Annual,Primary production,Solid fossil fuels,Gigawatt-hour,Malta,2017,0.000,,
ESTAT:NRG_BAL_C(1.0),06/03/26 23:00:00,Annual,Primary production,Solid fossil fuels,Gigawatt-hour,Malta,2018,0.000,,
ESTAT:NRG_BAL_C(1.0),06/03/26 23:00:00,Annual,Primary production,Solid fossil fuels,Gigawatt-hour,Malta,2019,0.000,,
ESTAT:NRG_BAL_C(1.0),06/03/26 23:00:00,Annual,Primary production,Solid fossil fuels,Gigawatt-hour,Malta,2020,0.000,,
ESTAT:NRG_BAL_C(1.0),06/03/26 23:00:00,Annual,Primary production,Solid fossil fuels,Gigawatt-hour,Malta,2021,0.000,,
ESTAT:NRG_BAL_C(1.0),06/03/26 23:00:00,Annual,Primary production,Solid fossil fuels,Gigawatt-hour,Malta,2022,0.000,,
ESTAT:NRG_BAL_C(1.0),06/03/26 23:00:00,Annual,Primary production,Solid fossil fuels,Gigawatt-hour,Malta,2023,0.000,,
ESTAT:NRG_BAL_C(1.0),06/03/26 23:00:00,Annual,Primary production,Solid fossil fuels,Gigawatt-hour,Malta,2024,0.000,,
ESTAT:NRG_BAL_C(1.0),06/03/26 23:00:00,Annual,Primary production,Solid fossil fuels,Gigawatt-hour,Netherlands,2005,0.000,,
ESTAT:NRG_BAL_C(1.0),06/03/26 23:00:00,Annual,Primary production,Solid fossil fuels,Gigawatt-hour,Netherlands,2006,0.000,,
ESTAT:NRG_BAL_C(1.0),06/03/26 23:00:00,Annual,Primary production,Solid fossil fuels,Gigawatt-hour,Netherlands,2007,0.000,,
ESTAT:NRG_BAL_C(1.0),06/03/26 23:00:00,Annual,Primary production,Solid fossil fuels,Gigawatt-hour,Netherlands,2008,0.000,,
ESTAT:NRG_BAL_C(1.0),06/03/26 23:00:00,Annual,Primary production,Solid fossil fuels,Gigawatt-hour,Netherlands,2009,0.000,,
ESTAT:NRG_BAL_C(1.0),06/03/26 23:00:00,Annual,Primary production,Solid fossil fuels,Gigawatt-hour,Netherlands,2010,0.000,,
ESTAT:NRG_BAL_C(1.0),06/03/26 23:00:00,Annual,Primary production,Solid fossil fuels,Gigawatt-hour,Netherlands,2011,0.000,,
ESTAT:NRG_BAL_C(1.0),06/03/26 23:00:00,Annual,Primary production,Solid fossil fuels,Gigawatt-hour,Netherlands,2012,0.000,,
ESTAT:NRG_BAL_C(1.0),06/03/26 23:00:00,Annual,Primary production,Solid fossil fuels,Gigawatt-hour,Netherlands,2013,0.000,,
ESTAT:NRG_BAL_C(1.0),06/03/26 23:00:00,Annual,Primary production,Solid fossil fuels,Gigawatt-hour,Netherlands,2014,0.000,,
ESTAT:NRG_BAL_C(1.0),06/03/26 23:00:00,Annual,Primary production,Solid fossil fuels,Gigawatt-hour,Netherlands,2015,0.000,,
ESTAT:NRG_BAL_C(1.0),06/03/26 23:00:00,Annual,Primary production,Solid fossil fuels,Gigawatt-hour,Netherlands,2016,0.000,,
ESTAT:NRG_BAL_C(1.0),06/03/26 23:00:00,Annual,Primary production,Solid fossil fuels,Gigawatt-hour,Netherlands,2017,0.000,,
ESTAT:NRG_BAL_C(1.0),06/03/26 23:00:00,Annual,Primary production,Solid fossil fuels,Gigawatt-hour,Netherlands,2018,0.000,,
ESTAT:NRG_BAL_C(1.0),06/03/26 23:00:00,Annual,Primary production,Solid fossil fuels,Gigawatt-hour,Netherlands,2019,0.000,,
ESTAT:NRG_BAL_C(1.0),06/03/26 23:00:00,Annual,Primary production,Solid fossil fuels,Gigawatt-hour,Netherlands,2020,0.000,,
ESTAT:NRG_BAL_C(1.0),06/03/26 23:00:00,Annual,Primary production,Solid fossil fuels,Gigawatt-hour,Netherlands,2021,0.000,,
ESTAT:NRG_BAL_C(1.0),06/03/26 23:00:00,Annual,Primary production,Solid fossil fuels,Gigawatt-hour,Netherlands,2022,0.000,,
ESTAT:NRG_BAL_C(1.0),06/03/26 23:00:00,Annual,Primary production,Solid fossil fuels,Gigawatt-hour,Netherlands,2023,0.000,,
ESTAT:NRG_BAL_C(1.0),06/03/26 23:00:00,Annual,Primary production,Solid fossil fuels,Gigawatt-hour,Netherlands,2024,0.000,,
ESTAT:NRG_BAL_C(1.0),06/03/26 23:00:00,Annual,Primary production,Solid fossil fuels,Gigawatt-hour,Poland,2005,795720.549,,
ESTAT:NRG_BAL_C(1.0),06/03/26 23:00:00,Annual,Primary production,Solid fossil fuels,Gigawatt-hour,Poland,2006,780441.663,,
ESTAT:NRG_BAL_C(1.0),06/03/26 23:00:00,Annual,Primary production,Solid fossil fuels,Gigawatt-hour,Poland,2007,720965.737,,
ESTAT:NRG_BAL_C(1.0),06/03/26 23:00:00,Annual,Primary production,Solid fossil fuels,Gigawatt-hour,Poland,2008,704023.039,,
ESTAT:NRG_BAL_C(1.0),06/03/26 23:00:00,Annual,Primary production,Solid fossil fuels,Gigawatt-hour,Poland,2009,652391.164,,
ESTAT:NRG_BAL_C(1.0),06/03/26 23:00:00,Annual,Primary production,Solid fossil fuels,Gigawatt-hour,Poland,2010,640544.441,,
ESTAT:NRG_BAL_C(1.0),06/03/26 23:00:00,Annual,Primary production,Solid fossil fuels,Gigawatt-hour,Poland,2011,643118.527,,
ESTAT:NRG_BAL_C(1.0),06/03/26 23:00:00,Annual,Primary production,Solid fossil fuels,Gigawatt-hour,Poland,2012,668804.097,,
ESTAT:NRG_BAL_C(1.0),06/03/26 23:00:00,Annual,Primary production,Solid fossil fuels,Gigawatt-hour,Poland,2013,660988.929,,
ESTAT:NRG_BAL_C(1.0),06/03/26 23:00:00,Annual,Primary production,Solid fossil fuels,Gigawatt-hour,Poland,2014,623825.497,,
ESTAT:NRG_BAL_C(1.0),06/03/26 23:00:00,Annual,Primary production,Solid fossil fuels,Gigawatt-hour,Poland,2015,623249.152,,
ESTAT:NRG_BAL_C(1.0),06/03/26 23:00:00,Annual,Primary production,Solid fossil fuels,Gigawatt-hour,Poland,2016,605825.176,,
ESTAT:NRG_BAL_C(1.0),06/03/26 23:00:00,Annual,Primary production,Solid fossil fuels,Gigawatt-hour,Poland,2017,576002.342,,
ESTAT:NRG_BAL_C(1.0),06/03/26 23:00:00,Annual,Primary production,Solid fossil fuels,Gigawatt-hour,Poland,2018,546736.238,,
ESTAT:NRG_BAL_C(1.0),06/03/26 23:00:00,Annual,Primary production,Solid fossil fuels,Gigawatt-hour,Poland,2019,515820.834,,
ESTAT:NRG_BAL_C(1.0),06/03/26 23:00:00,Annual,Primary production,Solid fossil fuels,Gigawatt-hour,Poland,2020,465569.257,,
ESTAT:NRG_BAL_C(1.0),06/03/26 23:00:00,Annual,Primary production,Solid fossil fuels,Gigawatt-hour,Poland,2021,488951.133,,
ESTAT:NRG_BAL_C(1.0),06/03/26 23:00:00,Annual,Primary production,Solid fossil fuels,Gigawatt-hour,Poland,2022,472954.551,,
ESTAT:NRG_BAL_C(1.0),06/03/26 23:00:00,Annual,Primary production,Solid fossil fuels,Gigawatt-hour,Poland,2023,411140.748,,
ESTAT:NRG_BAL_C(1.0),06/03/26 23:00:00,Annual,Primary production,Solid fossil fuels,Gigawatt-hour,Poland,2024,387064.468,,
ESTAT:NRG_BAL_C(1.0),06/03/26 23:00:00,Annual,Primary production,Solid fossil fuels,Gigawatt-hour,Portugal,2005,0.000,,
ESTAT:NRG_BAL_C(1.0),06/03/26 23:00:00,Annual,Primary production,Solid fossil fuels,Gigawatt-hour,Portugal,2006,0.000,,
ESTAT:NRG_BAL_C(1.0),06/03/26 23:00:00,Annual,Primary production,Solid fossil fuels,Gigawatt-hour,Portugal,2007,0.000,,
ESTAT:NRG_BAL_C(1.0),06/03/26 23:00:00,Annual,Primary production,Solid fossil fuels,Gigawatt-hour,Portugal,2008,0.000,,
ESTAT:NRG_BAL_C(1.0),06/03/26 23:00:00,Annual,Primary production,Solid fossil fuels,Gigawatt-hour,Portugal,2009,0.000,,
ESTAT:NRG_BAL_C(1.0),06/03/26 23:00:00,Annual,Primary production,Solid fossil fuels,Gigawatt-hour,Portugal,2010,0.000,,
ESTAT:NRG_BAL_C(1.0),06/03/26 23:00:00,Annual,Primary production,Solid fossil fuels,Gigawatt-hour,Portugal,2011,0.000,,
ESTAT:NRG_BAL_C(1.0),06/03/26 23:00:00,Annual,Primary production,Solid fossil fuels,Gigawatt-hour,Portugal,2012,0.000,,
ESTAT:NRG_BAL_C(1.0),06/03/26 23:00:00,Annual,Primary production,Solid fossil fuels,Gigawatt-hour,Portugal,2013,0.000,,
ESTAT:NRG_BAL_C(1.0),06/03/26 23:00:00,Annual,Primary production,Solid fossil fuels,Gigawatt-hour,Portugal,2014,0.000,,
ESTAT:NRG_BAL_C(1.0),06/03/26 23:00:00,Annual,Primary production,Solid fossil fuels,Gigawatt-hour,Portugal,2015,0.000,,
ESTAT:NRG_BAL_C(1.0),06/03/26 23:00:00,Annual,Primary production,Solid fossil fuels,Gigawatt-hour,Portugal,2016,0.000,,
ESTAT:NRG_BAL_C(1.0),06/03/26 23:00:00,Annual,Primary production,Solid fossil fuels,Gigawatt-hour,Portugal,2017,0.000,,
ESTAT:NRG_BAL_C(1.0),06/03/26 23:00:00,Annual,Primary production,Solid fossil fuels,Gigawatt-hour,Portugal,2018,0.000,,
ESTAT:NRG_BAL_C(1.0),06/03/26 23:00:00,Annual,Primary production,Solid fossil fuels,Gigawatt-hour,Portugal,2019,0.000,,
ESTAT:NRG_BAL_C(1.0),06/03/26 23:00:00,Annual,Primary production,Solid fossil fuels,Gigawatt-hour,Portugal,2020,0.000,,
ESTAT:NRG_BAL_C(1.0),06/03/26 23:00:00,Annual,Primary production,Solid fossil fuels,Gigawatt-hour,Portugal,2021,0.000,,
ESTAT:NRG_BAL_C(1.0),06/03/26 23:00:00,Annual,Primary production,Solid fossil fuels,Gigawatt-hour,Portugal,2022,0.000,,
ESTAT:NRG_BAL_C(1.0),06/03/26 23:00:00,Annual,Primary production,Solid fossil fuels,Gigawatt-hour,Portugal,2023,0.000,,
ESTAT:NRG_BAL_C(1.0),06/03/26 23:00:00,Annual,Primary production,Solid fossil fuels,Gigawatt-hour,Portugal,2024,0.000,,
ESTAT:NRG_BAL_C(1.0),06/03/26 23:00:00,Annual,Primary production,Solid fossil fuels,Gigawatt-hour,Romania,2005,67376.787,,
ESTAT:NRG_BAL_C(1.0),06/03/26 23:00:00,Annual,Primary production,Solid fossil fuels,Gigawatt-hour,Romania,2006,75336.993,,
ESTAT:NRG_BAL_C(1.0),06/03/26 23:00:00,Annual,Primary production,Solid fossil fuels,Gigawatt-hour,Romania,2007,79760.206,,
ESTAT:NRG_BAL_C(1.0),06/03/26 23:00:00,Annual,Primary production,Solid fossil fuels,Gigawatt-hour,Romania,2008,80958.028,,
ESTAT:NRG_BAL_C(1.0),06/03/26 23:00:00,Annual,Primary production,Solid fossil fuels,Gigawatt-hour,Romania,2009,76332.259,,
ESTAT:NRG_BAL_C(1.0),06/03/26 23:00:00,Annual,Primary production,Solid fossil fuels,Gigawatt-hour,Romania,2010,68650.414,,
ESTAT:NRG_BAL_C(1.0),06/03/26 23:00:00,Annual,Primary production,Solid fossil fuels,Gigawatt-hour,Romania,2011,77477.746,,
ESTAT:NRG_BAL_C(1.0),06/03/26 23:00:00,Annual,Primary production,Solid fossil fuels,Gigawatt-hour,Romania,2012,73800.631,,
ESTAT:NRG_BAL_C(1.0),06/03/26 23:00:00,Annual,Primary production,Solid fossil fuels,Gigawatt-hour,Romania,2013,54154.233,,
ESTAT:NRG_BAL_C(1.0),06/03/26 23:00:00,Annual,Primary production,Solid fossil fuels,Gigawatt-hour,Romania,2014,51738.207,,
ESTAT:NRG_BAL_C(1.0),06/03/26 23:00:00,Annual,Primary production,Solid fossil fuels,Gigawatt-hour,Romania,2015,54790.301,,
ESTAT:NRG_BAL_C(1.0),06/03/26 23:00:00,Annual,Primary production,Solid fossil fuels,Gigawatt-hour,Romania,2016,49241.033,,
ESTAT:NRG_BAL_C(1.0),06/03/26 23:00:00,Annual,Primary production,Solid fossil fuels,Gigawatt-hour,Romania,2017,51948.496,,
ESTAT:NRG_BAL_C(1.0),06/03/26 23:00:00,Annual,Primary production,Solid fossil fuels,Gigawatt-hour,Romania,2018,46713.193,,
ESTAT:NRG_BAL_C(1.0),06/03/26 23:00:00,Annual,Primary production,Solid fossil fuels,Gigawatt-hour,Romania,2019,45679.577,,
ESTAT:NRG_BAL_C(1.0),06/03/26 23:00:00,Annual,Primary production,Solid fossil fuels,Gigawatt-hour,Romania,2020,30143.016,,
ESTAT:NRG_BAL_C(1.0),06/03/26 23:00:00,Annual,Primary production,Solid fossil fuels,Gigawatt-hour,Romania,2021,34963.095,,
ESTAT:NRG_BAL_C(1.0),06/03/26 23:00:00,Annual,Primary production,Solid fossil fuels,Gigawatt-hour,Romania,2022,32274.128,,
ESTAT:NRG_BAL_C(1.0),06/03/26 23:00:00,Annual,Primary production,Solid fossil fuels,Gigawatt-hour,Romania,2023,26115.767,,
ESTAT:NRG_BAL_C(1.0),06/03/26 23:00:00,Annual,Primary production,Solid fossil fuels,Gigawatt-hour,Romania,2024,22496.157,,
ESTAT:NRG_BAL_C(1.0),06/03/26 23:00:00,Annual,Primary production,Solid fossil fuels,Gigawatt-hour,Sweden,2005,0.000,,
ESTAT:NRG_BAL_C(1.0),06/03/26 23:00:00,Annual,Primary production,Solid fossil fuels,Gigawatt-hour,Sweden,2006,0.000,,
ESTAT:NRG_BAL_C(1.0),06/03/26 23:00:00,Annual,Primary production,Solid fossil fuels,Gigawatt-hour,Sweden,2007,0.000,,
ESTAT:NRG_BAL_C(1.0),06/03/26 23:00:00,Annual,Primary production,Solid fossil fuels,Gigawatt-hour,Sweden,2008,0.000,,
ESTAT:NRG_BAL_C(1.0),06/03/26 23:00:00,Annual,Primary production,Solid fossil fuels,Gigawatt-hour,Sweden,2009,0.000,,
ESTAT:NRG_BAL_C(1.0),06/03/26 23:00:00,Annual,Primary production,Solid fossil fuels,Gigawatt-hour,Sweden,2010,0.000,,
ESTAT:NRG_BAL_C(1.0),06/03/26 23:00:00,Annual,Primary production,Solid fossil fuels,Gigawatt-hour,Sweden,2011,0.000,,
ESTAT:NRG_BAL_C(1.0),06/03/26 23:00:00,Annual,Primary production,Solid fossil fuels,Gigawatt-hour,Sweden,2012,0.000,,
ESTAT:NRG_BAL_C(1.0),06/03/26 23:00:00,Annual,Primary production,Solid fossil fuels,Gigawatt-hour,Sweden,2013,0.000,,
ESTAT:NRG_BAL_C(1.0),06/03/26 23:00:00,Annual,Primary production,Solid fossil fuels,Gigawatt-hour,Sweden,2014,0.000,,
ESTAT:NRG_BAL_C(1.0),06/03/26 23:00:00,Annual,Primary production,Solid fossil fuels,Gigawatt-hour,Sweden,2015,0.000,,
ESTAT:NRG_BAL_C(1.0),06/03/26 23:00:00,Annual,Primary production,Solid fossil fuels,Gigawatt-hour,Sweden,2016,0.000,,
ESTAT:NRG_BAL_C(1.0),06/03/26 23:00:00,Annual,Primary production,Solid fossil fuels,Gigawatt-hour,Sweden,2017,0.000,,
ESTAT:NRG_BAL_C(1.0),06/03/26 23:00:00,Annual,Primary production,Solid fossil fuels,Gigawatt-hour,Sweden,2018,0.000,,
ESTAT:NRG_BAL_C(1.0),06/03/26 23:00:00,Annual,Primary production,Solid fossil fuels,Gigawatt-hour,Sweden,2019,0.000,,
ESTAT:NRG_BAL_C(1.0),06/03/26 23:00:00,Annual,Primary production,Solid fossil fuels,Gigawatt-hour,Sweden,2020,0.000,,
ESTAT:NRG_BAL_C(1.0),06/03/26 23:00:00,Annual,Primary production,Solid fossil fuels,Gigawatt-hour,Sweden,2021,0.000,,
ESTAT:NRG_BAL_C(1.0),06/03/26 23:00:00,Annual,Primary production,Solid fossil fuels,Gigawatt-hour,Sweden,2022,0.000,,
ESTAT:NRG_BAL_C(1.0),06/03/26 23:00:00,Annual,Primary production,Solid fossil fuels,Gigawatt-hour,Sweden,2023,0.000,,
ESTAT:NRG_BAL_C(1.0),06/03/26 23:00:00,Annual,Primary production,Solid fossil fuels,Gigawatt-hour,Sweden,2024,0.000,,
ESTAT:NRG_BAL_C(1.0),06/03/26 23:00:00,Annual,Primary production,Solid fossil fuels,Gigawatt-hour,Slovenia,2005,13770.072,,
ESTAT:NRG_BAL_C(1.0),06/03/26 23:00:00,Annual,Primary production,Solid fossil fuels,Gigawatt-hour,Slovenia,2006,14067.188,,
ESTAT:NRG_BAL_C(1.0),06/03/26 23:00:00,Annual,Primary production,Solid fossil fuels,Gigawatt-hour,Slovenia,2007,14412.482,,
ESTAT:NRG_BAL_C(1.0),06/03/26 23:00:00,Annual,Primary production,Solid fossil fuels,Gigawatt-hour,Slovenia,2008,13779.722,,
ESTAT:NRG_BAL_C(1.0),06/03/26 23:00:00,Annual,Primary production,Solid fossil fuels,Gigawatt-hour,Slovenia,2009,13488.766,,
ESTAT:NRG_BAL_C(1.0),06/03/26 23:00:00,Annual,Primary production,Solid fossil fuels,Gigawatt-hour,Slovenia,2010,13908.969,,
ESTAT:NRG_BAL_C(1.0),06/03/26 23:00:00,Annual,Primary production,Solid fossil fuels,Gigawatt-hour,Slovenia,2011,13961.852,,
ESTAT:NRG_BAL_C(1.0),06/03/26 23:00:00,Annual,Primary production,Solid fossil fuels,Gigawatt-hour,Slovenia,2012,12713.978,,
ESTAT:NRG_BAL_C(1.0),06/03/26 23:00:00,Annual,Primary production,Solid fossil fuels,Gigawatt-hour,Slovenia,2013,12501.177,,
ESTAT:NRG_BAL_C(1.0),06/03/26 23:00:00,Annual,Primary production,Solid fossil fuels,Gigawatt-hour,Slovenia,2014,9513.933,,
ESTAT:NRG_BAL_C(1.0),06/03/26 23:00:00,Annual,Primary production,Solid fossil fuels,Gigawatt-hour,Slovenia,2015,10030.240,,
ESTAT:NRG_BAL_C(1.0),06/03/26 23:00:00,Annual,Primary production,Solid fossil fuels,Gigawatt-hour,Slovenia,2016,10954.021,,
ESTAT:NRG_BAL_C(1.0),06/03/26 23:00:00,Annual,Primary production,Solid fossil fuels,Gigawatt-hour,Slovenia,2017,10855.573,,
ESTAT:NRG_BAL_C(1.0),06/03/26 23:00:00,Annual,Primary production,Solid fossil fuels,Gigawatt-hour,Slovenia,2018,10482.982,,
ESTAT:NRG_BAL_C(1.0),06/03/26 23:00:00,Annual,Primary production,Solid fossil fuels,Gigawatt-hour,Slovenia,2019,10366.038,,
ESTAT:NRG_BAL_C(1.0),06/03/26 23:00:00,Annual,Primary production,Solid fossil fuels,Gigawatt-hour,Slovenia,2020,10064.259,,
ESTAT:NRG_BAL_C(1.0),06/03/26 23:00:00,Annual,Primary production,Solid fossil fuels,Gigawatt-hour,Slovenia,2021,8327.987,,
ESTAT:NRG_BAL_C(1.0),06/03/26 23:00:00,Annual,Primary production,Solid fossil fuels,Gigawatt-hour,Slovenia,2022,7605.776,,
ESTAT:NRG_BAL_C(1.0),06/03/26 23:00:00,Annual,Primary production,Solid fossil fuels,Gigawatt-hour,Slovenia,2023,8152.282,,
ESTAT:NRG_BAL_C(1.0),06/03/26 23:00:00,Annual,Primary production,Solid fossil fuels,Gigawatt-hour,Slovenia,2024,6806.687,,
ESTAT:NRG_BAL_C(1.0),06/03/26 23:00:00,Annual,Primary production,Solid fossil fuels,Gigawatt-hour,Slovakia,2005,7409.543,,
ESTAT:NRG_BAL_C(1.0),06/03/26 23:00:00,Annual,Primary production,Solid fossil fuels,Gigawatt-hour,Slovakia,2006,6533.302,,
ESTAT:NRG_BAL_C(1.0),06/03/26 23:00:00,Annual,Primary production,Solid fossil fuels,Gigawatt-hour,Slovakia,2007,6405.126,,
ESTAT:NRG_BAL_C(1.0),06/03/26 23:00:00,Annual,Primary production,Solid fossil fuels,Gigawatt-hour,Slovakia,2008,7254.193,,
ESTAT:NRG_BAL_C(1.0),06/03/26 23:00:00,Annual,Primary production,Solid fossil fuels,Gigawatt-hour,Slovakia,2009,7597.497,,
ESTAT:NRG_BAL_C(1.0),06/03/26 23:00:00,Annual,Primary production,Solid fossil fuels,Gigawatt-hour,Slovakia,2010,7134.000,,
ESTAT:NRG_BAL_C(1.0),06/03/26 23:00:00,Annual,Primary production,Solid fossil fuels,Gigawatt-hour,Slovakia,2011,6996.660,,
ESTAT:NRG_BAL_C(1.0),06/03/26 23:00:00,Annual,Primary production,Solid fossil fuels,Gigawatt-hour,Slovakia,2012,6599.050,,
ESTAT:NRG_BAL_C(1.0),06/03/26 23:00:00,Annual,Primary production,Solid fossil fuels,Gigawatt-hour,Slovakia,2013,6795.595,,
ESTAT:NRG_BAL_C(1.0),06/03/26 23:00:00,Annual,Primary production,Solid fossil fuels,Gigawatt-hour,Slovakia,2014,6737.824,,
ESTAT:NRG_BAL_C(1.0),06/03/26 23:00:00,Annual,Primary production,Solid fossil fuels,Gigawatt-hour,Slovakia,2015,5760.446,,
ESTAT:NRG_BAL_C(1.0),06/03/26 23:00:00,Annual,Primary production,Solid fossil fuels,Gigawatt-hour,Slovakia,2016,5253.689,,
ESTAT:NRG_BAL_C(1.0),06/03/26 23:00:00,Annual,Primary production,Solid fossil fuels,Gigawatt-hour,Slovakia,2017,5191.239,,
ESTAT:NRG_BAL_C(1.0),06/03/26 23:00:00,Annual,Primary production,Solid fossil fuels,Gigawatt-hour,Slovakia,2018,4268.183,,
ESTAT:NRG_BAL_C(1.0),06/03/26 23:00:00,Annual,Primary production,Solid fossil fuels,Gigawatt-hour,Slovakia,2019,4134.556,,
ESTAT:NRG_BAL_C(1.0),06/03/26 23:00:00,Annual,Primary production,Solid fossil fuels,Gigawatt-hour,Slovakia,2020,2842.175,,
ESTAT:NRG_BAL_C(1.0),06/03/26 23:00:00,Annual,Primary production,Solid fossil fuels,Gigawatt-hour,Slovakia,2021,3165.317,,
ESTAT:NRG_BAL_C(1.0),06/03/26 23:00:00,Annual,Primary production,Solid fossil fuels,Gigawatt-hour,Slovakia,2022,2399.406,,
ESTAT:NRG_BAL_C(1.0),06/03/26 23:00:00,Annual,Primary production,Solid fossil fuels,Gigawatt-hour,Slovakia,2023,2082.800,,
ESTAT:NRG_BAL_C(1.0),06/03/26 23:00:00,Annual,Primary production,Solid fossil fuels,Gigawatt-hour,Slovakia,2024,0.000,,
ESTAT:NRG_BAL_C(1.0),06/03/26 23:00:00,Annual,Primary production,Natural gas,Gigawatt-hour,Austria,2005,15477.765,,
ESTAT:NRG_BAL_C(1.0),06/03/26 23:00:00,Annual,Primary production,Natural gas,Gigawatt-hour,Austria,2006,17133.832,,
ESTAT:NRG_BAL_C(1.0),06/03/26 23:00:00,Annual,Primary production,Natural gas,Gigawatt-hour,Austria,2007,17411.765,,
ESTAT:NRG_BAL_C(1.0),06/03/26 23:00:00,Annual,Primary production,Natural gas,Gigawatt-hour,Austria,2008,14357.258,,
ESTAT:NRG_BAL_C(1.0),06/03/26 23:00:00,Annual,Primary production,Natural gas,Gigawatt-hour,Austria,2009,15629.862,,
ESTAT:NRG_BAL_C(1.0),06/03/26 23:00:00,Annual,Primary production,Natural gas,Gigawatt-hour,Austria,2010,16248.496,,
ESTAT:NRG_BAL_C(1.0),06/03/26 23:00:00,Annual,Primary production,Natural gas,Gigawatt-hour,Austria,2011,16010.461,,
ESTAT:NRG_BAL_C(1.0),06/03/26 23:00:00,Annual,Primary production,Natural gas,Gigawatt-hour,Austria,2012,17207.184,,
ESTAT:NRG_BAL_C(1.0),06/03/26 23:00:00,Annual,Primary production,Natural gas,Gigawatt-hour,Austria,2013,13841.016,,
ESTAT:NRG_BAL_C(1.0),06/03/26 23:00:00,Annual,Primary production,Natural gas,Gigawatt-hour,Austria,2014,12618.367,,
ESTAT:NRG_BAL_C(1.0),06/03/26 23:00:00,Annual,Primary production,Natural gas,Gigawatt-hour,Austria,2015,12065.298,,
ESTAT:NRG_BAL_C(1.0),06/03/26 23:00:00,Annual,Primary production,Natural gas,Gigawatt-hour,Austria,2016,11333.246,,
ESTAT:NRG_BAL_C(1.0),06/03/26 23:00:00,Annual,Primary production,Natural gas,Gigawatt-hour,Austria,2017,12129.067,,
ESTAT:NRG_BAL_C(1.0),06/03/26 23:00:00,Annual,Primary production,Natural gas,Gigawatt-hour,Austria,2018,9991.100,,
ESTAT:NRG_BAL_C(1.0),06/03/26 23:00:00,Annual,Primary production,Natural gas,Gigawatt-hour,Austria,2019,8954.679,,
ESTAT:NRG_BAL_C(1.0),06/03/26 23:00:00,Annual,Primary production,Natural gas,Gigawatt-hour,Austria,2020,7357.454,,
ESTAT:NRG_BAL_C(1.0),06/03/26 23:00:00,Annual,Primary production,Natural gas,Gigawatt-hour,Austria,2021,6591.889,,
ESTAT:NRG_BAL_C(1.0),06/03/26 23:00:00,Annual,Primary production,Natural gas,Gigawatt-hour,Austria,2022,6211.653,,
ESTAT:NRG_BAL_C(1.0),06/03/26 23:00:00,Annual,Primary production,Natural gas,Gigawatt-hour,Austria,2023,5517.902,,
ESTAT:NRG_BAL_C(1.0),06/03/26 23:00:00,Annual,Primary production,Natural gas,Gigawatt-hour,Austria,2024,5362.109,,
ESTAT:NRG_BAL_C(1.0),06/03/26 23:00:00,Annual,Primary production,Natural gas,Gigawatt-hour,Belgium,2005,0.000,,
ESTAT:NRG_BAL_C(1.0),06/03/26 23:00:00,Annual,Primary production,Natural gas,Gigawatt-hour,Belgium,2006,0.000,,
ESTAT:NRG_BAL_C(1.0),06/03/26 23:00:00,Annual,Primary production,Natural gas,Gigawatt-hour,Belgium,2007,0.000,,
ESTAT:NRG_BAL_C(1.0),06/03/26 23:00:00,Annual,Primary production,Natural gas,Gigawatt-hour,Belgium,2008,0.000,,
ESTAT:NRG_BAL_C(1.0),06/03/26 23:00:00,Annual,Primary production,Natural gas,Gigawatt-hour,Belgium,2009,0.000,,
ESTAT:NRG_BAL_C(1.0),06/03/26 23:00:00,Annual,Primary production,Natural gas,Gigawatt-hour,Belgium,2010,0.000,,
ESTAT:NRG_BAL_C(1.0),06/03/26 23:00:00,Annual,Primary production,Natural gas,Gigawatt-hour,Belgium,2011,0.000,,
ESTAT:NRG_BAL_C(1.0),06/03/26 23:00:00,Annual,Primary production,Natural gas,Gigawatt-hour,Belgium,2012,0.000,,
ESTAT:NRG_BAL_C(1.0),06/03/26 23:00:00,Annual,Primary production,Natural gas,Gigawatt-hour,Belgium,2013,0.000,,
ESTAT:NRG_BAL_C(1.0),06/03/26 23:00:00,Annual,Primary production,Natural gas,Gigawatt-hour,Belgium,2014,0.000,,
ESTAT:NRG_BAL_C(1.0),06/03/26 23:00:00,Annual,Primary production,Natural gas,Gigawatt-hour,Belgium,2015,0.000,,
ESTAT:NRG_BAL_C(1.0),06/03/26 23:00:00,Annual,Primary production,Natural gas,Gigawatt-hour,Belgium,2016,0.000,,
ESTAT:NRG_BAL_C(1.0),06/03/26 23:00:00,Annual,Primary production,Natural gas,Gigawatt-hour,Belgium,2017,0.000,,
ESTAT:NRG_BAL_C(1.0),06/03/26 23:00:00,Annual,Primary production,Natural gas,Gigawatt-hour,Belgium,2018,0.000,,
ESTAT:NRG_BAL_C(1.0),06/03/26 23:00:00,Annual,Primary production,Natural gas,Gigawatt-hour,Belgium,2019,34.063,,
ESTAT:NRG_BAL_C(1.0),06/03/26 23:00:00,Annual,Primary production,Natural gas,Gigawatt-hour,Belgium,2020,52.976,,
ESTAT:NRG_BAL_C(1.0),06/03/26 23:00:00,Annual,Primary production,Natural gas,Gigawatt-hour,Belgium,2021,46.505,,
ESTAT:NRG_BAL_C(1.0),06/03/26 23:00:00,Annual,Primary production,Natural gas,Gigawatt-hour,Belgium,2022,120.425,,
ESTAT:NRG_BAL_C(1.0),06/03/26 23:00:00,Annual,Primary production,Natural gas,Gigawatt-hour,Belgium,2023,132.214,,
ESTAT:NRG_BAL_C(1.0),06/03/26 23:00:00,Annual,Primary production,Natural gas,Gigawatt-hour,Belgium,2024,134.572,,
ESTAT:NRG_BAL_C(1.0),06/03/26 23:00:00,Annual,Primary production,Natural gas,Gigawatt-hour,Bulgaria,2005,4471.000,,
ESTAT:NRG_BAL_C(1.0),06/03/26 23:00:00,Annual,Primary production,Natural gas,Gigawatt-hour,Bulgaria,2006,4347.750,,
ESTAT:NRG_BAL_C(1.0),06/03/26 23:00:00,Annual,Primary production,Natural gas,Gigawatt-hour,Bulgaria,2007,2741.532,,
ESTAT:NRG_BAL_C(1.0),06/03/26 23:00:00,Annual,Primary production,Natural gas,Gigawatt-hour,Bulgaria,2008,1818.226,,
ESTAT:NRG_BAL_C(1.0),06/03/26 23:00:00,Annual,Primary production,Natural gas,Gigawatt-hour,Bulgaria,2009,152.252,,
ESTAT:NRG_BAL_C(1.0),06/03/26 23:00:00,Annual,Primary production,Natural gas,Gigawatt-hour,Bulgaria,2010,687.250,,
ESTAT:NRG_BAL_C(1.0),06/03/26 23:00:00,Annual,Primary production,Natural gas,Gigawatt-hour,Bulgaria,2011,4079.024,,
ESTAT:NRG_BAL_C(1.0),06/03/26 23:00:00,Annual,Primary production,Natural gas,Gigawatt-hour,Bulgaria,2012,3585.293,,
ESTAT:NRG_BAL_C(1.0),06/03/26 23:00:00,Annual,Primary production,Natural gas,Gigawatt-hour,Bulgaria,2013,2719.782,,
ESTAT:NRG_BAL_C(1.0),06/03/26 23:00:00,Annual,Primary production,Natural gas,Gigawatt-hour,Bulgaria,2014,1854.750,,
ESTAT:NRG_BAL_C(1.0),06/03/26 23:00:00,Annual,Primary production,Natural gas,Gigawatt-hour,Bulgaria,2015,982.764,,
ESTAT:NRG_BAL_C(1.0),06/03/26 23:00:00,Annual,Primary production,Natural gas,Gigawatt-hour,Bulgaria,2016,891.510,,
ESTAT:NRG_BAL_C(1.0),06/03/26 23:00:00,Annual,Primary production,Natural gas,Gigawatt-hour,Bulgaria,2017,770.530,,
ESTAT:NRG_BAL_C(1.0),06/03/26 23:00:00,Annual,Primary production,Natural gas,Gigawatt-hour,Bulgaria,2018,331.888,,
ESTAT:NRG_BAL_C(1.0),06/03/26 23:00:00,Annual,Primary production,Natural gas,Gigawatt-hour,Bulgaria,2019,376.616,,
ESTAT:NRG_BAL_C(1.0),06/03/26 23:00:00,Annual,Primary production,Natural gas,Gigawatt-hour,Bulgaria,2020,556.019,,
ESTAT:NRG_BAL_C(1.0),06/03/26 23:00:00,Annual,Primary production,Natural gas,Gigawatt-hour,Bulgaria,2021,307.035,,
ESTAT:NRG_BAL_C(1.0),06/03/26 23:00:00,Annual,Primary production,Natural gas,Gigawatt-hour,Bulgaria,2022,170.958,,
ESTAT:NRG_BAL_C(1.0),06/03/26 23:00:00,Annual,Primary production,Natural gas,Gigawatt-hour,Bulgaria,2023,97.647,,
ESTAT:NRG_BAL_C(1.0),06/03/26 23:00:00,Annual,Primary production,Natural gas,Gigawatt-hour,Bulgaria,2024,87.918,,
ESTAT:NRG_BAL_C(1.0),06/03/26 23:00:00,Annual,Primary production,Natural gas,Gigawatt-hour,Cyprus,2005,0.000,,
ESTAT:NRG_BAL_C(1.0),06/03/26 23:00:00,Annual,Primary production,Natural gas,Gigawatt-hour,Cyprus,2006,0.000,,
ESTAT:NRG_BAL_C(1.0),06/03/26 23:00:00,Annual,Primary production,Natural gas,Gigawatt-hour,Cyprus,2007,0.000,,
ESTAT:NRG_BAL_C(1.0),06/03/26 23:00:00,Annual,Primary production,Natural gas,Gigawatt-hour,Cyprus,2008,0.000,,
ESTAT:NRG_BAL_C(1.0),06/03/26 23:00:00,Annual,Primary production,Natural gas,Gigawatt-hour,Cyprus,2009,0.000,,
ESTAT:NRG_BAL_C(1.0),06/03/26 23:00:00,Annual,Primary production,Natural gas,Gigawatt-hour,Cyprus,2010,0.000,,
ESTAT:NRG_BAL_C(1.0),06/03/26 23:00:00,Annual,Primary production,Natural gas,Gigawatt-hour,Cyprus,2011,0.000,,
ESTAT:NRG_BAL_C(1.0),06/03/26 23:00:00,Annual,Primary production,Natural gas,Gigawatt-hour,Cyprus,2012,0.000,,
ESTAT:NRG_BAL_C(1.0),06/03/26 23:00:00,Annual,Primary production,Natural gas,Gigawatt-hour,Cyprus,2013,0.000,,
ESTAT:NRG_BAL_C(1.0),06/03/26 23:00:00,Annual,Primary production,Natural gas,Gigawatt-hour,Cyprus,2014,0.000,,
ESTAT:NRG_BAL_C(1.0),06/03/26 23:00:00,Annual,Primary production,Natural gas,Gigawatt-hour,Cyprus,2015,0.000,,
ESTAT:NRG_BAL_C(1.0),06/03/26 23:00:00,Annual,Primary production,Natural gas,Gigawatt-hour,Cyprus,2016,0.000,,
ESTAT:NRG_BAL_C(1.0),06/03/26 23:00:00,Annual,Primary production,Natural gas,Gigawatt-hour,Cyprus,2017,0.000,,
ESTAT:NRG_BAL_C(1.0),06/03/26 23:00:00,Annual,Primary production,Natural gas,Gigawatt-hour,Cyprus,2018,0.000,,
ESTAT:NRG_BAL_C(1.0),06/03/26 23:00:00,Annual,Primary production,Natural gas,Gigawatt-hour,Cyprus,2019,0.000,,
ESTAT:NRG_BAL_C(1.0),06/03/26 23:00:00,Annual,Primary production,Natural gas,Gigawatt-hour,Cyprus,2020,0.000,,
ESTAT:NRG_BAL_C(1.0),06/03/26 23:00:00,Annual,Primary production,Natural gas,Gigawatt-hour,Cyprus,2021,0.000,,
ESTAT:NRG_BAL_C(1.0),06/03/26 23:00:00,Annual,Primary production,Natural gas,Gigawatt-hour,Cyprus,2022,0.000,,
ESTAT:NRG_BAL_C(1.0),06/03/26 23:00:00,Annual,Primary production,Natural gas,Gigawatt-hour,Cyprus,2023,0.000,,
ESTAT:NRG_BAL_C(1.0),06/03/26 23:00:00,Annual,Primary production,Natural gas,Gigawatt-hour,Cyprus,2024,0.000,,
ESTAT:NRG_BAL_C(1.0),06/03/26 23:00:00,Annual,Primary production,Natural gas,Gigawatt-hour,Czechia,2005,1792.500,,
ESTAT:NRG_BAL_C(1.0),06/03/26 23:00:00,Annual,Primary production,Natural gas,Gigawatt-hour,Czechia,2006,1713.250,,
ESTAT:NRG_BAL_C(1.0),06/03/26 23:00:00,Annual,Primary production,Natural gas,Gigawatt-hour,Czechia,2007,1907.500,,
ESTAT:NRG_BAL_C(1.0),06/03/26 23:00:00,Annual,Primary production,Natural gas,Gigawatt-hour,Czechia,2008,1867.000,,
ESTAT:NRG_BAL_C(1.0),06/03/26 23:00:00,Annual,Primary production,Natural gas,Gigawatt-hour,Czechia,2009,2113.250,,
ESTAT:NRG_BAL_C(1.0),06/03/26 23:00:00,Annual,Primary production,Natural gas,Gigawatt-hour,Czechia,2010,2345.500,,
ESTAT:NRG_BAL_C(1.0),06/03/26 23:00:00,Annual,Primary production,Natural gas,Gigawatt-hour,Czechia,2011,2202.750,,
ESTAT:NRG_BAL_C(1.0),06/03/26 23:00:00,Annual,Primary production,Natural gas,Gigawatt-hour,Czechia,2012,2487.750,,
ESTAT:NRG_BAL_C(1.0),06/03/26 23:00:00,Annual,Primary production,Natural gas,Gigawatt-hour,Czechia,2013,2394.750,,
ESTAT:NRG_BAL_C(1.0),06/03/26 23:00:00,Annual,Primary production,Natural gas,Gigawatt-hour,Czechia,2014,2464.750,,
ESTAT:NRG_BAL_C(1.0),06/03/26 23:00:00,Annual,Primary production,Natural gas,Gigawatt-hour,Czechia,2015,2382.250,,
ESTAT:NRG_BAL_C(1.0),06/03/26 23:00:00,Annual,Primary production,Natural gas,Gigawatt-hour,Czechia,2016,2095.994,,
ESTAT:NRG_BAL_C(1.0),06/03/26 23:00:00,Annual,Primary production,Natural gas,Gigawatt-hour,Czechia,2017,2192.000,,
ESTAT:NRG_BAL_C(1.0),06/03/26 23:00:00,Annual,Primary production,Natural gas,Gigawatt-hour,Czechia,2018,2088.820,,
ESTAT:NRG_BAL_C(1.0),06/03/26 23:00:00,Annual,Primary production,Natural gas,Gigawatt-hour,Czechia,2019,2006.616,,
ESTAT:NRG_BAL_C(1.0),06/03/26 23:00:00,Annual,Primary production,Natural gas,Gigawatt-hour,Czechia,2020,1891.401,,
ESTAT:NRG_BAL_C(1.0),06/03/26 23:00:00,Annual,Primary production,Natural gas,Gigawatt-hour,Czechia,2021,1941.065,,
ESTAT:NRG_BAL_C(1.0),06/03/26 23:00:00,Annual,Primary production,Natural gas,Gigawatt-hour,Czechia,2022,2141.935,,
ESTAT:NRG_BAL_C(1.0),06/03/26 23:00:00,Annual,Primary production,Natural gas,Gigawatt-hour,Czechia,2023,1548.743,,
ESTAT:NRG_BAL_C(1.0),06/03/26 23:00:00,Annual,Primary production,Natural gas,Gigawatt-hour,Czechia,2024,1737.066,,
ESTAT:NRG_BAL_C(1.0),06/03/26 23:00:00,Annual,Primary production,Natural gas,Gigawatt-hour,Germany,2005,166703.042,,
ESTAT:NRG_BAL_C(1.0),06/03/26 23:00:00,Annual,Primary production,Natural gas,Gigawatt-hour,Germany,2006,173482.750,,
ESTAT:NRG_BAL_C(1.0),06/03/26 23:00:00,Annual,Primary production,Natural gas,Gigawatt-hour,Germany,2007,172810.436,,
ESTAT:NRG_BAL_C(1.0),06/03/26 23:00:00,Annual,Primary production,Natural gas,Gigawatt-hour,Germany,2008,153190.009,,
ESTAT:NRG_BAL_C(1.0),06/03/26 23:00:00,Annual,Primary production,Natural gas,Gigawatt-hour,Germany,2009,151378.510,,
ESTAT:NRG_BAL_C(1.0),06/03/26 23:00:00,Annual,Primary production,Natural gas,Gigawatt-hour,Germany,2010,129246.413,,
ESTAT:NRG_BAL_C(1.0),06/03/26 23:00:00,Annual,Primary production,Natural gas,Gigawatt-hour,Germany,2011,126685.824,,
ESTAT:NRG_BAL_C(1.0),06/03/26 23:00:00,Annual,Primary production,Natural gas,Gigawatt-hour,Germany,2012,111285.864,,
ESTAT:NRG_BAL_C(1.0),06/03/26 23:00:00,Annual,Primary production,Natural gas,Gigawatt-hour,Germany,2013,103106.894,,
ESTAT:NRG_BAL_C(1.0),06/03/26 23:00:00,Annual,Primary production,Natural gas,Gigawatt-hour,Germany,2014,79829.276,,
ESTAT:NRG_BAL_C(1.0),06/03/26 23:00:00,Annual,Primary production,Natural gas,Gigawatt-hour,Germany,2015,73678.220,,
ESTAT:NRG_BAL_C(1.0),06/03/26 23:00:00,Annual,Primary production,Natural gas,Gigawatt-hour,Germany,2016,76186.748,,
ESTAT:NRG_BAL_C(1.0),06/03/26 23:00:00,Annual,Primary production,Natural gas,Gigawatt-hour,Germany,2017,70115.417,,
ESTAT:NRG_BAL_C(1.0),06/03/26 23:00:00,Annual,Primary production,Natural gas,Gigawatt-hour,Germany,2018,54831.950,,
ESTAT:NRG_BAL_C(1.0),06/03/26 23:00:00,Annual,Primary production,Natural gas,Gigawatt-hour,Germany,2019,50864.959,,
ESTAT:NRG_BAL_C(1.0),06/03/26 23:00:00,Annual,Primary production,Natural gas,Gigawatt-hour,Germany,2020,46878.674,,
ESTAT:NRG_BAL_C(1.0),06/03/26 23:00:00,Annual,Primary production,Natural gas,Gigawatt-hour,Germany,2021,44975.365,,
ESTAT:NRG_BAL_C(1.0),06/03/26 23:00:00,Annual,Primary production,Natural gas,Gigawatt-hour,Germany,2022,42007.891,,
ESTAT:NRG_BAL_C(1.0),06/03/26 23:00:00,Annual,Primary production,Natural gas,Gigawatt-hour,Germany,2023,37267.699,,
ESTAT:NRG_BAL_C(1.0),06/03/26 23:00:00,Annual,Primary production,Natural gas,Gigawatt-hour,Germany,2024,35404.884,,
ESTAT:NRG_BAL_C(1.0),06/03/26 23:00:00,Annual,Primary production,Natural gas,Gigawatt-hour,Denmark,2005,109131.161,,
ESTAT:NRG_BAL_C(1.0),06/03/26 23:00:00,Annual,Primary production,Natural gas,Gigawatt-hour,Denmark,2006,108428.632,,
ESTAT:NRG_BAL_C(1.0),06/03/26 23:00:00,Annual,Primary production,Natural gas,Gigawatt-hour,Denmark,2007,96151.750,,
ESTAT:NRG_BAL_C(1.0),06/03/26 23:00:00,Annual,Primary production,Natural gas,Gigawatt-hour,Denmark,2008,104876.121,,
ESTAT:NRG_BAL_C(1.0),06/03/26 23:00:00,Annual,Primary production,Natural gas,Gigawatt-hour,Denmark,2009,87497.952,,
ESTAT:NRG_BAL_C(1.0),06/03/26 23:00:00,Annual,Primary production,Natural gas,Gigawatt-hour,Denmark,2010,85396.435,,
ESTAT:NRG_BAL_C(1.0),06/03/26 23:00:00,Annual,Primary production,Natural gas,Gigawatt-hour,Denmark,2011,68498.664,,
ESTAT:NRG_BAL_C(1.0),06/03/26 23:00:00,Annual,Primary production,Natural gas,Gigawatt-hour,Denmark,2012,60000.800,,
ESTAT:NRG_BAL_C(1.0),06/03/26 23:00:00,Annual,Primary production,Natural gas,Gigawatt-hour,Denmark,2013,49797.961,,
ESTAT:NRG_BAL_C(1.0),06/03/26 23:00:00,Annual,Primary production,Natural gas,Gigawatt-hour,Denmark,2014,48127.509,,
ESTAT:NRG_BAL_C(1.0),06/03/26 23:00:00,Annual,Primary production,Natural gas,Gigawatt-hour,Denmark,2015,48197.209,,
ESTAT:NRG_BAL_C(1.0),06/03/26 23:00:00,Annual,Primary production,Natural gas,Gigawatt-hour,Denmark,2016,47148.748,,
ESTAT:NRG_BAL_C(1.0),06/03/26 23:00:00,Annual,Primary production,Natural gas,Gigawatt-hour,Denmark,2017,50595.116,,
ESTAT:NRG_BAL_C(1.0),06/03/26 23:00:00,Annual,Primary production,Natural gas,Gigawatt-hour,Denmark,2018,43075.373,,
ESTAT:NRG_BAL_C(1.0),06/03/26 23:00:00,Annual,Primary production,Natural gas,Gigawatt-hour,Denmark,2019,32150.106,,
ESTAT:NRG_BAL_C(1.0),06/03/26 23:00:00,Annual,Primary production,Natural gas,Gigawatt-hour,Denmark,2020,13850.734,,
ESTAT:NRG_BAL_C(1.0),06/03/26 23:00:00,Annual,Primary production,Natural gas,Gigawatt-hour,Denmark,2021,14753.509,,
ESTAT:NRG_BAL_C(1.0),06/03/26 23:00:00,Annual,Primary production,Natural gas,Gigawatt-hour,Denmark,2022,14756.911,,
ESTAT:NRG_BAL_C(1.0),06/03/26 23:00:00,Annual,Primary production,Natural gas,Gigawatt-hour,Denmark,2023,13511.532,,
ESTAT:NRG_BAL_C(1.0),06/03/26 23:00:00,Annual,Primary production,Natural gas,Gigawatt-hour,Denmark,2024,17020.789,,
ESTAT:NRG_BAL_C(1.0),06/03/26 23:00:00,Annual,Primary production,Natural gas,Gigawatt-hour,Estonia,2005,0.000,,
ESTAT:NRG_BAL_C(1.0),06/03/26 23:00:00,Annual,Primary production,Natural gas,Gigawatt-hour,Estonia,2006,0.000,,
ESTAT:NRG_BAL_C(1.0),06/03/26 23:00:00,Annual,Primary production,Natural gas,Gigawatt-hour,Estonia,2007,0.000,,
ESTAT:NRG_BAL_C(1.0),06/03/26 23:00:00,Annual,Primary production,Natural gas,Gigawatt-hour,Estonia,2008,0.000,,
ESTAT:NRG_BAL_C(1.0),06/03/26 23:00:00,Annual,Primary production,Natural gas,Gigawatt-hour,Estonia,2009,0.000,,
ESTAT:NRG_BAL_C(1.0),06/03/26 23:00:00,Annual,Primary production,Natural gas,Gigawatt-hour,Estonia,2010,0.000,,
ESTAT:NRG_BAL_C(1.0),06/03/26 23:00:00,Annual,Primary production,Natural gas,Gigawatt-hour,Estonia,2011,0.000,,
ESTAT:NRG_BAL_C(1.0),06/03/26 23:00:00,Annual,Primary production,Natural gas,Gigawatt-hour,Estonia,2012,0.000,,
ESTAT:NRG_BAL_C(1.0),06/03/26 23:00:00,Annual,Primary production,Natural gas,Gigawatt-hour,Estonia,2013,0.000,,
ESTAT:NRG_BAL_C(1.0),06/03/26 23:00:00,Annual,Primary production,Natural gas,Gigawatt-hour,Estonia,2014,0.000,,
ESTAT:NRG_BAL_C(1.0),06/03/26 23:00:00,Annual,Primary production,Natural gas,Gigawatt-hour,Estonia,2015,0.000,,
ESTAT:NRG_BAL_C(1.0),06/03/26 23:00:00,Annual,Primary production,Natural gas,Gigawatt-hour,Estonia,2016,0.000,,
ESTAT:NRG_BAL_C(1.0),06/03/26 23:00:00,Annual,Primary production,Natural gas,Gigawatt-hour,Estonia,2017,0.000,,
ESTAT:NRG_BAL_C(1.0),06/03/26 23:00:00,Annual,Primary production,Natural gas,Gigawatt-hour,Estonia,2018,0.000,,
ESTAT:NRG_BAL_C(1.0),06/03/26 23:00:00,Annual,Primary production,Natural gas,Gigawatt-hour,Estonia,2019,0.000,,
ESTAT:NRG_BAL_C(1.0),06/03/26 23:00:00,Annual,Primary production,Natural gas,Gigawatt-hour,Estonia,2020,0.000,,
ESTAT:NRG_BAL_C(1.0),06/03/26 23:00:00,Annual,Primary production,Natural gas,Gigawatt-hour,Estonia,2021,0.000,,
ESTAT:NRG_BAL_C(1.0),06/03/26 23:00:00,Annual,Primary production,Natural gas,Gigawatt-hour,Estonia,2022,0.000,,
ESTAT:NRG_BAL_C(1.0),06/03/26 23:00:00,Annual,Primary production,Natural gas,Gigawatt-hour,Estonia,2023,0.000,,
ESTAT:NRG_BAL_C(1.0),06/03/26 23:00:00,Annual,Primary production,Natural gas,Gigawatt-hour,Estonia,2024,0.000,,
ESTAT:NRG_BAL_C(1.0),06/03/26 23:00:00,Annual,Primary production,Natural gas,Gigawatt-hour,Greece,2005,212.749,,
ESTAT:NRG_BAL_C(1.0),06/03/26 23:00:00,Annual,Primary production,Natural gas,Gigawatt-hour,Greece,2006,302.253,,
ESTAT:NRG_BAL_C(1.0),06/03/26 23:00:00,Annual,Primary production,Natural gas,Gigawatt-hour,Greece,2007,256.498,,
ESTAT:NRG_BAL_C(1.0),06/03/26 23:00:00,Annual,Primary production,Natural gas,Gigawatt-hour,Greece,2008,170.251,,
ESTAT:NRG_BAL_C(1.0),06/03/26 23:00:00,Annual,Primary production,Natural gas,Gigawatt-hour,Greece,2009,136.252,,
ESTAT:NRG_BAL_C(1.0),06/03/26 23:00:00,Annual,Primary production,Natural gas,Gigawatt-hour,Greece,2010,88.501,,
ESTAT:NRG_BAL_C(1.0),06/03/26 23:00:00,Annual,Primary production,Natural gas,Gigawatt-hour,Greece,2011,74.751,,
ESTAT:NRG_BAL_C(1.0),06/03/26 23:00:00,Annual,Primary production,Natural gas,Gigawatt-hour,Greece,2012,80.250,,
ESTAT:NRG_BAL_C(1.0),06/03/26 23:00:00,Annual,Primary production,Natural gas,Gigawatt-hour,Greece,2013,67.500,,
ESTAT:NRG_BAL_C(1.0),06/03/26 23:00:00,Annual,Primary production,Natural gas,Gigawatt-hour,Greece,2014,63.250,,
ESTAT:NRG_BAL_C(1.0),06/03/26 23:00:00,Annual,Primary production,Natural gas,Gigawatt-hour,Greece,2015,54.750,,
ESTAT:NRG_BAL_C(1.0),06/03/26 23:00:00,Annual,Primary production,Natural gas,Gigawatt-hour,Greece,2016,111.499,,
ESTAT:NRG_BAL_C(1.0),06/03/26 23:00:00,Annual,Primary production,Natural gas,Gigawatt-hour,Greece,2017,105.420,,
ESTAT:NRG_BAL_C(1.0),06/03/26 23:00:00,Annual,Primary production,Natural gas,Gigawatt-hour,Greece,2018,147.341,,
ESTAT:NRG_BAL_C(1.0),06/03/26 23:00:00,Annual,Primary production,Natural gas,Gigawatt-hour,Greece,2019,111.183,,
ESTAT:NRG_BAL_C(1.0),06/03/26 23:00:00,Annual,Primary production,Natural gas,Gigawatt-hour,Greece,2020,77.738,,
ESTAT:NRG_BAL_C(1.0),06/03/26 23:00:00,Annual,Primary production,Natural gas,Gigawatt-hour,Greece,2021,47.207,,
ESTAT:NRG_BAL_C(1.0),06/03/26 23:00:00,Annual,Primary production,Natural gas,Gigawatt-hour,Greece,2022,0.000,,
ESTAT:NRG_BAL_C(1.0),06/03/26 23:00:00,Annual,Primary production,Natural gas,Gigawatt-hour,Greece,2023,30.288,,
ESTAT:NRG_BAL_C(1.0),06/03/26 23:00:00,Annual,Primary production,Natural gas,Gigawatt-hour,Greece,2024,25.967,,
ESTAT:NRG_BAL_C(1.0),06/03/26 23:00:00,Annual,Primary production,Natural gas,Gigawatt-hour,Spain,2005,1673.486,,
ESTAT:NRG_BAL_C(1.0),06/03/26 23:00:00,Annual,Primary production,Natural gas,Gigawatt-hour,Spain,2006,732.506,,
ESTAT:NRG_BAL_C(1.0),06/03/26 23:00:00,Annual,Primary production,Natural gas,Gigawatt-hour,Spain,2007,181.752,,
ESTAT:NRG_BAL_C(1.0),06/03/26 23:00:00,Annual,Primary production,Natural gas,Gigawatt-hour,Spain,2008,163.001,,
ESTAT:NRG_BAL_C(1.0),06/03/26 23:00:00,Annual,Primary production,Natural gas,Gigawatt-hour,Spain,2009,141.999,,
ESTAT:NRG_BAL_C(1.0),06/03/26 23:00:00,Annual,Primary production,Natural gas,Gigawatt-hour,Spain,2010,518.496,,
ESTAT:NRG_BAL_C(1.0),06/03/26 23:00:00,Annual,Primary production,Natural gas,Gigawatt-hour,Spain,2011,528.754,,
ESTAT:NRG_BAL_C(1.0),06/03/26 23:00:00,Annual,Primary production,Natural gas,Gigawatt-hour,Spain,2012,602.253,,
ESTAT:NRG_BAL_C(1.0),06/03/26 23:00:00,Annual,Primary production,Natural gas,Gigawatt-hour,Spain,2013,584.062,,
ESTAT:NRG_BAL_C(1.0),06/03/26 23:00:00,Annual,Primary production,Natural gas,Gigawatt-hour,Spain,2014,242.002,,
ESTAT:NRG_BAL_C(1.0),06/03/26 23:00:00,Annual,Primary production,Natural gas,Gigawatt-hour,Spain,2015,628.998,,
ESTAT:NRG_BAL_C(1.0),06/03/26 23:00:00,Annual,Primary production,Natural gas,Gigawatt-hour,Spain,2016,557.757,,
ESTAT:NRG_BAL_C(1.0),06/03/26 23:00:00,Annual,Primary production,Natural gas,Gigawatt-hour,Spain,2017,276.998,,
ESTAT:NRG_BAL_C(1.0),06/03/26 23:00:00,Annual,Primary production,Natural gas,Gigawatt-hour,Spain,2018,878.000,,
ESTAT:NRG_BAL_C(1.0),06/03/26 23:00:00,Annual,Primary production,Natural gas,Gigawatt-hour,Spain,2019,1351.500,,
ESTAT:NRG_BAL_C(1.0),06/03/26 23:00:00,Annual,Primary production,Natural gas,Gigawatt-hour,Spain,2020,483.995,,
ESTAT:NRG_BAL_C(1.0),06/03/26 23:00:00,Annual,Primary production,Natural gas,Gigawatt-hour,Spain,2021,395.954,,
ESTAT:NRG_BAL_C(1.0),06/03/26 23:00:00,Annual,Primary production,Natural gas,Gigawatt-hour,Spain,2022,342.832,,
ESTAT:NRG_BAL_C(1.0),06/03/26 23:00:00,Annual,Primary production,Natural gas,Gigawatt-hour,Spain,2023,272.899,,
ESTAT:NRG_BAL_C(1.0),06/03/26 23:00:00,Annual,Primary production,Natural gas,Gigawatt-hour,Spain,2024,225.897,,
ESTAT:NRG_BAL_C(1.0),06/03/26 23:00:00,Annual,Primary production,Natural gas,Gigawatt-hour,Finland,2005,0.000,,
ESTAT:NRG_BAL_C(1.0),06/03/26 23:00:00,Annual,Primary production,Natural gas,Gigawatt-hour,Finland,2006,0.000,,
ESTAT:NRG_BAL_C(1.0),06/03/26 23:00:00,Annual,Primary production,Natural gas,Gigawatt-hour,Finland,2007,0.000,,
ESTAT:NRG_BAL_C(1.0),06/03/26 23:00:00,Annual,Primary production,Natural gas,Gigawatt-hour,Finland,2008,0.000,,
ESTAT:NRG_BAL_C(1.0),06/03/26 23:00:00,Annual,Primary production,Natural gas,Gigawatt-hour,Finland,2009,0.000,,
ESTAT:NRG_BAL_C(1.0),06/03/26 23:00:00,Annual,Primary production,Natural gas,Gigawatt-hour,Finland,2010,0.000,,
ESTAT:NRG_BAL_C(1.0),06/03/26 23:00:00,Annual,Primary production,Natural gas,Gigawatt-hour,Finland,2011,0.000,,
ESTAT:NRG_BAL_C(1.0),06/03/26 23:00:00,Annual,Primary production,Natural gas,Gigawatt-hour,Finland,2012,0.000,,
ESTAT:NRG_BAL_C(1.0),06/03/26 23:00:00,Annual,Primary production,Natural gas,Gigawatt-hour,Finland,2013,0.000,,
ESTAT:NRG_BAL_C(1.0),06/03/26 23:00:00,Annual,Primary production,Natural gas,Gigawatt-hour,Finland,2014,0.000,,
ESTAT:NRG_BAL_C(1.0),06/03/26 23:00:00,Annual,Primary production,Natural gas,Gigawatt-hour,Finland,2015,0.000,,
ESTAT:NRG_BAL_C(1.0),06/03/26 23:00:00,Annual,Primary production,Natural gas,Gigawatt-hour,Finland,2016,0.000,,
ESTAT:NRG_BAL_C(1.0),06/03/26 23:00:00,Annual,Primary production,Natural gas,Gigawatt-hour,Finland,2017,0.000,,
ESTAT:NRG_BAL_C(1.0),06/03/26 23:00:00,Annual,Primary production,Natural gas,Gigawatt-hour,Finland,2018,0.000,,
ESTAT:NRG_BAL_C(1.0),06/03/26 23:00:00,Annual,Primary production,Natural gas,Gigawatt-hour,Finland,2019,0.000,,
ESTAT:NRG_BAL_C(1.0),06/03/26 23:00:00,Annual,Primary production,Natural gas,Gigawatt-hour,Finland,2020,0.000,,
ESTAT:NRG_BAL_C(1.0),06/03/26 23:00:00,Annual,Primary production,Natural gas,Gigawatt-hour,Finland,2021,0.000,,
ESTAT:NRG_BAL_C(1.0),06/03/26 23:00:00,Annual,Primary production,Natural gas,Gigawatt-hour,Finland,2022,0.000,,
ESTAT:NRG_BAL_C(1.0),06/03/26 23:00:00,Annual,Primary production,Natural gas,Gigawatt-hour,Finland,2023,0.000,,
ESTAT:NRG_BAL_C(1.0),06/03/26 23:00:00,Annual,Primary production,Natural gas,Gigawatt-hour,Finland,2024,0.000,,
ESTAT:NRG_BAL_C(1.0),06/03/26 23:00:00,Annual,Primary production,Natural gas,Gigawatt-hour,France,2005,10568.878,,
ESTAT:NRG_BAL_C(1.0),06/03/26 23:00:00,Annual,Primary production,Natural gas,Gigawatt-hour,France,2006,12310.392,,
ESTAT:NRG_BAL_C(1.0),06/03/26 23:00:00,Annual,Primary production,Natural gas,Gigawatt-hour,France,2007,10646.158,,
ESTAT:NRG_BAL_C(1.0),06/03/26 23:00:00,Annual,Primary production,Natural gas,Gigawatt-hour,France,2008,9431.107,,
ESTAT:NRG_BAL_C(1.0),06/03/26 23:00:00,Annual,Primary production,Natural gas,Gigawatt-hour,France,2009,8878.899,,
ESTAT:NRG_BAL_C(1.0),06/03/26 23:00:00,Annual,Primary production,Natural gas,Gigawatt-hour,France,2010,7510.935,,
ESTAT:NRG_BAL_C(1.0),06/03/26 23:00:00,Annual,Primary production,Natural gas,Gigawatt-hour,France,2011,5882.468,,
ESTAT:NRG_BAL_C(1.0),06/03/26 23:00:00,Annual,Primary production,Natural gas,Gigawatt-hour,France,2012,5255.190,,
ESTAT:NRG_BAL_C(1.0),06/03/26 23:00:00,Annual,Primary production,Natural gas,Gigawatt-hour,France,2013,3365.228,,
ESTAT:NRG_BAL_C(1.0),06/03/26 23:00:00,Annual,Primary production,Natural gas,Gigawatt-hour,France,2014,145.675,,
ESTAT:NRG_BAL_C(1.0),06/03/26 23:00:00,Annual,Primary production,Natural gas,Gigawatt-hour,France,2015,222.597,,
ESTAT:NRG_BAL_C(1.0),06/03/26 23:00:00,Annual,Primary production,Natural gas,Gigawatt-hour,France,2016,209.230,,
ESTAT:NRG_BAL_C(1.0),06/03/26 23:00:00,Annual,Primary production,Natural gas,Gigawatt-hour,France,2017,164.495,,
ESTAT:NRG_BAL_C(1.0),06/03/26 23:00:00,Annual,Primary production,Natural gas,Gigawatt-hour,France,2018,90.116,,
ESTAT:NRG_BAL_C(1.0),06/03/26 23:00:00,Annual,Primary production,Natural gas,Gigawatt-hour,France,2019,166.888,,
ESTAT:NRG_BAL_C(1.0),06/03/26 23:00:00,Annual,Primary production,Natural gas,Gigawatt-hour,France,2020,181.119,,
ESTAT:NRG_BAL_C(1.0),06/03/26 23:00:00,Annual,Primary production,Natural gas,Gigawatt-hour,France,2021,232.479,,
ESTAT:NRG_BAL_C(1.0),06/03/26 23:00:00,Annual,Primary production,Natural gas,Gigawatt-hour,France,2022,206.977,,
ESTAT:NRG_BAL_C(1.0),06/03/26 23:00:00,Annual,Primary production,Natural gas,Gigawatt-hour,France,2023,184.308,,
ESTAT:NRG_BAL_C(1.0),06/03/26 23:00:00,Annual,Primary production,Natural gas,Gigawatt-hour,France,2024,129.223,,
ESTAT:NRG_BAL_C(1.0),06/03/26 23:00:00,Annual,Primary production,Natural gas,Gigawatt-hour,Croatia,2005,21697.666,,
ESTAT:NRG_BAL_C(1.0),06/03/26 23:00:00,Annual,Primary production,Natural gas,Gigawatt-hour,Croatia,2006,25778.250,,
ESTAT:NRG_BAL_C(1.0),06/03/26 23:00:00,Annual,Primary production,Natural gas,Gigawatt-hour,Croatia,2007,27475.000,,
ESTAT:NRG_BAL_C(1.0),06/03/26 23:00:00,Annual,Primary production,Natural gas,Gigawatt-hour,Croatia,2008,25520.000,,
ESTAT:NRG_BAL_C(1.0),06/03/26 23:00:00,Annual,Primary production,Natural gas,Gigawatt-hour,Croatia,2009,25545.250,,
ESTAT:NRG_BAL_C(1.0),06/03/26 23:00:00,Annual,Primary production,Natural gas,Gigawatt-hour,Croatia,2010,25757.000,,
ESTAT:NRG_BAL_C(1.0),06/03/26 23:00:00,Annual,Primary production,Natural gas,Gigawatt-hour,Croatia,2011,23341.000,,
ESTAT:NRG_BAL_C(1.0),06/03/26 23:00:00,Annual,Primary production,Natural gas,Gigawatt-hour,Croatia,2012,19012.500,,
ESTAT:NRG_BAL_C(1.0),06/03/26 23:00:00,Annual,Primary production,Natural gas,Gigawatt-hour,Croatia,2013,17529.750,,
ESTAT:NRG_BAL_C(1.0),06/03/26 23:00:00,Annual,Primary production,Natural gas,Gigawatt-hour,Croatia,2014,16790.750,,
ESTAT:NRG_BAL_C(1.0),06/03/26 23:00:00,Annual,Primary production,Natural gas,Gigawatt-hour,Croatia,2015,17112.500,,
ESTAT:NRG_BAL_C(1.0),06/03/26 23:00:00,Annual,Primary production,Natural gas,Gigawatt-hour,Croatia,2016,15922.863,,
ESTAT:NRG_BAL_C(1.0),06/03/26 23:00:00,Annual,Primary production,Natural gas,Gigawatt-hour,Croatia,2017,14299.292,,
ESTAT:NRG_BAL_C(1.0),06/03/26 23:00:00,Annual,Primary production,Natural gas,Gigawatt-hour,Croatia,2018,11836.295,,
ESTAT:NRG_BAL_C(1.0),06/03/26 23:00:00,Annual,Primary production,Natural gas,Gigawatt-hour,Croatia,2019,9900.304,,
ESTAT:NRG_BAL_C(1.0),06/03/26 23:00:00,Annual,Primary production,Natural gas,Gigawatt-hour,Croatia,2020,8199.925,,
ESTAT:NRG_BAL_C(1.0),06/03/26 23:00:00,Annual,Primary production,Natural gas,Gigawatt-hour,Croatia,2021,7251.805,,
ESTAT:NRG_BAL_C(1.0),06/03/26 23:00:00,Annual,Primary production,Natural gas,Gigawatt-hour,Croatia,2022,7305.139,,
ESTAT:NRG_BAL_C(1.0),06/03/26 23:00:00,Annual,Primary production,Natural gas,Gigawatt-hour,Croatia,2023,7105.025,,
ESTAT:NRG_BAL_C(1.0),06/03/26 23:00:00,Annual,Primary production,Natural gas,Gigawatt-hour,Croatia,2024,6691.850,,
ESTAT:NRG_BAL_C(1.0),06/03/26 23:00:00,Annual,Primary production,Natural gas,Gigawatt-hour,Hungary,2005,27105.500,,
ESTAT:NRG_BAL_C(1.0),06/03/26 23:00:00,Annual,Primary production,Natural gas,Gigawatt-hour,Hungary,2006,27703.750,,
ESTAT:NRG_BAL_C(1.0),06/03/26 23:00:00,Annual,Primary production,Natural gas,Gigawatt-hour,Hungary,2007,23312.750,,
ESTAT:NRG_BAL_C(1.0),06/03/26 23:00:00,Annual,Primary production,Natural gas,Gigawatt-hour,Hungary,2008,23328.000,,
ESTAT:NRG_BAL_C(1.0),06/03/26 23:00:00,Annual,Primary production,Natural gas,Gigawatt-hour,Hungary,2009,26601.250,,
ESTAT:NRG_BAL_C(1.0),06/03/26 23:00:00,Annual,Primary production,Natural gas,Gigawatt-hour,Hungary,2010,25991.750,,
ESTAT:NRG_BAL_C(1.0),06/03/26 23:00:00,Annual,Primary production,Natural gas,Gigawatt-hour,Hungary,2011,24600.500,,
ESTAT:NRG_BAL_C(1.0),06/03/26 23:00:00,Annual,Primary production,Natural gas,Gigawatt-hour,Hungary,2012,20563.000,,
ESTAT:NRG_BAL_C(1.0),06/03/26 23:00:00,Annual,Primary production,Natural gas,Gigawatt-hour,Hungary,2013,17960.000,,
ESTAT:NRG_BAL_C(1.0),06/03/26 23:00:00,Annual,Primary production,Natural gas,Gigawatt-hour,Hungary,2014,16715.750,,
ESTAT:NRG_BAL_C(1.0),06/03/26 23:00:00,Annual,Primary production,Natural gas,Gigawatt-hour,Hungary,2015,15922.000,,
ESTAT:NRG_BAL_C(1.0),06/03/26 23:00:00,Annual,Primary production,Natural gas,Gigawatt-hour,Hungary,2016,16617.205,,
ESTAT:NRG_BAL_C(1.0),06/03/26 23:00:00,Annual,Primary production,Natural gas,Gigawatt-hour,Hungary,2017,16406.750,,
ESTAT:NRG_BAL_C(1.0),06/03/26 23:00:00,Annual,Primary production,Natural gas,Gigawatt-hour,Hungary,2018,17063.000,,
ESTAT:NRG_BAL_C(1.0),06/03/26 23:00:00,Annual,Primary production,Natural gas,Gigawatt-hour,Hungary,2019,15446.500,,
ESTAT:NRG_BAL_C(1.0),06/03/26 23:00:00,Annual,Primary production,Natural gas,Gigawatt-hour,Hungary,2020,15355.750,,
ESTAT:NRG_BAL_C(1.0),06/03/26 23:00:00,Annual,Primary production,Natural gas,Gigawatt-hour,Hungary,2021,13704.750,,
ESTAT:NRG_BAL_C(1.0),06/03/26 23:00:00,Annual,Primary production,Natural gas,Gigawatt-hour,Hungary,2022,13729.000,,
ESTAT:NRG_BAL_C(1.0),06/03/26 23:00:00,Annual,Primary production,Natural gas,Gigawatt-hour,Hungary,2023,14397.750,,
ESTAT:NRG_BAL_C(1.0),06/03/26 23:00:00,Annual,Primary production,Natural gas,Gigawatt-hour,Hungary,2024,15220.500,,
ESTAT:NRG_BAL_C(1.0),06/03/26 23:00:00,Annual,Primary production,Natural gas,Gigawatt-hour,Ireland,2005,5659.517,,
ESTAT:NRG_BAL_C(1.0),06/03/26 23:00:00,Annual,Primary production,Natural gas,Gigawatt-hour,Ireland,2006,5032.691,,
ESTAT:NRG_BAL_C(1.0),06/03/26 23:00:00,Annual,Primary production,Natural gas,Gigawatt-hour,Ireland,2007,3742.113,,
ESTAT:NRG_BAL_C(1.0),06/03/26 23:00:00,Annual,Primary production,Natural gas,Gigawatt-hour,Ireland,2008,4280.936,,
ESTAT:NRG_BAL_C(1.0),06/03/26 23:00:00,Annual,Primary production,Natural gas,Gigawatt-hour,Ireland,2009,2946.073,,
ESTAT:NRG_BAL_C(1.0),06/03/26 23:00:00,Annual,Primary production,Natural gas,Gigawatt-hour,Ireland,2010,2725.117,,
ESTAT:NRG_BAL_C(1.0),06/03/26 23:00:00,Annual,Primary production,Natural gas,Gigawatt-hour,Ireland,2011,2283.025,,
ESTAT:NRG_BAL_C(1.0),06/03/26 23:00:00,Annual,Primary production,Natural gas,Gigawatt-hour,Ireland,2012,2087.484,,
ESTAT:NRG_BAL_C(1.0),06/03/26 23:00:00,Annual,Primary production,Natural gas,Gigawatt-hour,Ireland,2013,1919.253,,
ESTAT:NRG_BAL_C(1.0),06/03/26 23:00:00,Annual,Primary production,Natural gas,Gigawatt-hour,Ireland,2014,1538.238,,
ESTAT:NRG_BAL_C(1.0),06/03/26 23:00:00,Annual,Primary production,Natural gas,Gigawatt-hour,Ireland,2015,1311.607,,
ESTAT:NRG_BAL_C(1.0),06/03/26 23:00:00,Annual,Primary production,Natural gas,Gigawatt-hour,Ireland,2016,28934.769,,
ESTAT:NRG_BAL_C(1.0),06/03/26 23:00:00,Annual,Primary production,Natural gas,Gigawatt-hour,Ireland,2017,33124.541,,
ESTAT:NRG_BAL_C(1.0),06/03/26 23:00:00,Annual,Primary production,Natural gas,Gigawatt-hour,Ireland,2018,31950.497,,
ESTAT:NRG_BAL_C(1.0),06/03/26 23:00:00,Annual,Primary production,Natural gas,Gigawatt-hour,Ireland,2019,24929.423,,
ESTAT:NRG_BAL_C(1.0),06/03/26 23:00:00,Annual,Primary production,Natural gas,Gigawatt-hour,Ireland,2020,19339.381,,
ESTAT:NRG_BAL_C(1.0),06/03/26 23:00:00,Annual,Primary production,Natural gas,Gigawatt-hour,Ireland,2021,14602.747,,
ESTAT:NRG_BAL_C(1.0),06/03/26 23:00:00,Annual,Primary production,Natural gas,Gigawatt-hour,Ireland,2022,13517.772,,
ESTAT:NRG_BAL_C(1.0),06/03/26 23:00:00,Annual,Primary production,Natural gas,Gigawatt-hour,Ireland,2023,10849.822,,
ESTAT:NRG_BAL_C(1.0),06/03/26 23:00:00,Annual,Primary production,Natural gas,Gigawatt-hour,Ireland,2024,10174.092,,
ESTAT:NRG_BAL_C(1.0),06/03/26 23:00:00,Annual,Primary production,Natural gas,Gigawatt-hour,Italy,2005,114976.250,,
ESTAT:NRG_BAL_C(1.0),06/03/26 23:00:00,Annual,Primary production,Natural gas,Gigawatt-hour,Italy,2006,104575.250,,
ESTAT:NRG_BAL_C(1.0),06/03/26 23:00:00,Annual,Primary production,Natural gas,Gigawatt-hour,Italy,2007,92449.750,,
ESTAT:NRG_BAL_C(1.0),06/03/26 23:00:00,Annual,Primary production,Natural gas,Gigawatt-hour,Italy,2008,88154.250,,
ESTAT:NRG_BAL_C(1.0),06/03/26 23:00:00,Annual,Primary production,Natural gas,Gigawatt-hour,Italy,2009,76323.250,,
ESTAT:NRG_BAL_C(1.0),06/03/26 23:00:00,Annual,Primary production,Natural gas,Gigawatt-hour,Italy,2010,80067.000,,
ESTAT:NRG_BAL_C(1.0),06/03/26 23:00:00,Annual,Primary production,Natural gas,Gigawatt-hour,Italy,2011,80476.250,,
ESTAT:NRG_BAL_C(1.0),06/03/26 23:00:00,Annual,Primary production,Natural gas,Gigawatt-hour,Italy,2012,81962.750,,
ESTAT:NRG_BAL_C(1.0),06/03/26 23:00:00,Annual,Primary production,Natural gas,Gigawatt-hour,Italy,2013,73676.000,,
ESTAT:NRG_BAL_C(1.0),06/03/26 23:00:00,Annual,Primary production,Natural gas,Gigawatt-hour,Italy,2014,68094.250,,
ESTAT:NRG_BAL_C(1.0),06/03/26 23:00:00,Annual,Primary production,Natural gas,Gigawatt-hour,Italy,2015,64493.750,,
ESTAT:NRG_BAL_C(1.0),06/03/26 23:00:00,Annual,Primary production,Natural gas,Gigawatt-hour,Italy,2016,55102.250,,
ESTAT:NRG_BAL_C(1.0),06/03/26 23:00:00,Annual,Primary production,Natural gas,Gigawatt-hour,Italy,2017,52752.812,,
ESTAT:NRG_BAL_C(1.0),06/03/26 23:00:00,Annual,Primary production,Natural gas,Gigawatt-hour,Italy,2018,51891.962,,
ESTAT:NRG_BAL_C(1.0),06/03/26 23:00:00,Annual,Primary production,Natural gas,Gigawatt-hour,Italy,2019,45719.203,,
ESTAT:NRG_BAL_C(1.0),06/03/26 23:00:00,Annual,Primary production,Natural gas,Gigawatt-hour,Italy,2020,38230.435,,
ESTAT:NRG_BAL_C(1.0),06/03/26 23:00:00,Annual,Primary production,Natural gas,Gigawatt-hour,Italy,2021,30329.543,,
ESTAT:NRG_BAL_C(1.0),06/03/26 23:00:00,Annual,Primary production,Natural gas,Gigawatt-hour,Italy,2022,29584.841,,
ESTAT:NRG_BAL_C(1.0),06/03/26 23:00:00,Annual,Primary production,Natural gas,Gigawatt-hour,Italy,2023,25761.134,,
ESTAT:NRG_BAL_C(1.0),06/03/26 23:00:00,Annual,Primary production,Natural gas,Gigawatt-hour,Italy,2024,24704.758,,
ESTAT:NRG_BAL_C(1.0),06/03/26 23:00:00,Annual,Primary production,Natural gas,Gigawatt-hour,Lithuania,2005,0.000,,
ESTAT:NRG_BAL_C(1.0),06/03/26 23:00:00,Annual,Primary production,Natural gas,Gigawatt-hour,Lithuania,2006,0.000,,
ESTAT:NRG_BAL_C(1.0),06/03/26 23:00:00,Annual,Primary production,Natural gas,Gigawatt-hour,Lithuania,2007,0.000,,
ESTAT:NRG_BAL_C(1.0),06/03/26 23:00:00,Annual,Primary production,Natural gas,Gigawatt-hour,Lithuania,2008,0.000,,
ESTAT:NRG_BAL_C(1.0),06/03/26 23:00:00,Annual,Primary production,Natural gas,Gigawatt-hour,Lithuania,2009,0.000,,
ESTAT:NRG_BAL_C(1.0),06/03/26 23:00:00,Annual,Primary production,Natural gas,Gigawatt-hour,Lithuania,2010,0.000,,
ESTAT:NRG_BAL_C(1.0),06/03/26 23:00:00,Annual,Primary production,Natural gas,Gigawatt-hour,Lithuania,2011,0.000,,
ESTAT:NRG_BAL_C(1.0),06/03/26 23:00:00,Annual,Primary production,Natural gas,Gigawatt-hour,Lithuania,2012,0.000,,
ESTAT:NRG_BAL_C(1.0),06/03/26 23:00:00,Annual,Primary production,Natural gas,Gigawatt-hour,Lithuania,2013,0.000,,
ESTAT:NRG_BAL_C(1.0),06/03/26 23:00:00,Annual,Primary production,Natural gas,Gigawatt-hour,Lithuania,2014,0.000,,
ESTAT:NRG_BAL_C(1.0),06/03/26 23:00:00,Annual,Primary production,Natural gas,Gigawatt-hour,Lithuania,2015,0.000,,
ESTAT:NRG_BAL_C(1.0),06/03/26 23:00:00,Annual,Primary production,Natural gas,Gigawatt-hour,Lithuania,2016,0.000,,
ESTAT:NRG_BAL_C(1.0),06/03/26 23:00:00,Annual,Primary production,Natural gas,Gigawatt-hour,Lithuania,2017,0.000,,
ESTAT:NRG_BAL_C(1.0),06/03/26 23:00:00,Annual,Primary production,Natural gas,Gigawatt-hour,Lithuania,2018,0.000,,
ESTAT:NRG_BAL_C(1.0),06/03/26 23:00:00,Annual,Primary production,Natural gas,Gigawatt-hour,Lithuania,2019,0.000,,
ESTAT:NRG_BAL_C(1.0),06/03/26 23:00:00,Annual,Primary production,Natural gas,Gigawatt-hour,Lithuania,2020,0.000,,
ESTAT:NRG_BAL_C(1.0),06/03/26 23:00:00,Annual,Primary production,Natural gas,Gigawatt-hour,Lithuania,2021,0.000,,
ESTAT:NRG_BAL_C(1.0),06/03/26 23:00:00,Annual,Primary production,Natural gas,Gigawatt-hour,Lithuania,2022,0.000,,
ESTAT:NRG_BAL_C(1.0),06/03/26 23:00:00,Annual,Primary production,Natural gas,Gigawatt-hour,Lithuania,2023,0.000,,
ESTAT:NRG_BAL_C(1.0),06/03/26 23:00:00,Annual,Primary production,Natural gas,Gigawatt-hour,Lithuania,2024,0.000,,
ESTAT:NRG_BAL_C(1.0),06/03/26 23:00:00,Annual,Primary production,Natural gas,Gigawatt-hour,Luxembourg,2005,0.000,,
ESTAT:NRG_BAL_C(1.0),06/03/26 23:00:00,Annual,Primary production,Natural gas,Gigawatt-hour,Luxembourg,2006,0.000,,
ESTAT:NRG_BAL_C(1.0),06/03/26 23:00:00,Annual,Primary production,Natural gas,Gigawatt-hour,Luxembourg,2007,0.000,,
ESTAT:NRG_BAL_C(1.0),06/03/26 23:00:00,Annual,Primary production,Natural gas,Gigawatt-hour,Luxembourg,2008,0.000,,
ESTAT:NRG_BAL_C(1.0),06/03/26 23:00:00,Annual,Primary production,Natural gas,Gigawatt-hour,Luxembourg,2009,0.000,,
ESTAT:NRG_BAL_C(1.0),06/03/26 23:00:00,Annual,Primary production,Natural gas,Gigawatt-hour,Luxembourg,2010,0.000,,
ESTAT:NRG_BAL_C(1.0),06/03/26 23:00:00,Annual,Primary production,Natural gas,Gigawatt-hour,Luxembourg,2011,0.000,,
ESTAT:NRG_BAL_C(1.0),06/03/26 23:00:00,Annual,Primary production,Natural gas,Gigawatt-hour,Luxembourg,2012,0.000,,
ESTAT:NRG_BAL_C(1.0),06/03/26 23:00:00,Annual,Primary production,Natural gas,Gigawatt-hour,Luxembourg,2013,0.000,,
ESTAT:NRG_BAL_C(1.0),06/03/26 23:00:00,Annual,Primary production,Natural gas,Gigawatt-hour,Luxembourg,2014,0.000,,
ESTAT:NRG_BAL_C(1.0),06/03/26 23:00:00,Annual,Primary production,Natural gas,Gigawatt-hour,Luxembourg,2015,0.000,,
ESTAT:NRG_BAL_C(1.0),06/03/26 23:00:00,Annual,Primary production,Natural gas,Gigawatt-hour,Luxembourg,2016,0.000,,
ESTAT:NRG_BAL_C(1.0),06/03/26 23:00:00,Annual,Primary production,Natural gas,Gigawatt-hour,Luxembourg,2017,0.000,,
ESTAT:NRG_BAL_C(1.0),06/03/26 23:00:00,Annual,Primary production,Natural gas,Gigawatt-hour,Luxembourg,2018,0.000,,
ESTAT:NRG_BAL_C(1.0),06/03/26 23:00:00,Annual,Primary production,Natural gas,Gigawatt-hour,Luxembourg,2019,0.000,,
ESTAT:NRG_BAL_C(1.0),06/03/26 23:00:00,Annual,Primary production,Natural gas,Gigawatt-hour,Luxembourg,2020,0.000,,
ESTAT:NRG_BAL_C(1.0),06/03/26 23:00:00,Annual,Primary production,Natural gas,Gigawatt-hour,Luxembourg,2021,0.000,,
ESTAT:NRG_BAL_C(1.0),06/03/26 23:00:00,Annual,Primary production,Natural gas,Gigawatt-hour,Luxembourg,2022,0.000,,
ESTAT:NRG_BAL_C(1.0),06/03/26 23:00:00,Annual,Primary production,Natural gas,Gigawatt-hour,Luxembourg,2023,0.000,,
ESTAT:NRG_BAL_C(1.0),06/03/26 23:00:00,Annual,Primary production,Natural gas,Gigawatt-hour,Luxembourg,2024,0.000,,
ESTAT:NRG_BAL_C(1.0),06/03/26 23:00:00,Annual,Primary production,Natural gas,Gigawatt-hour,Latvia,2005,0.000,,
ESTAT:NRG_BAL_C(1.0),06/03/26 23:00:00,Annual,Primary production,Natural gas,Gigawatt-hour,Latvia,2006,0.000,,
ESTAT:NRG_BAL_C(1.0),06/03/26 23:00:00,Annual,Primary production,Natural gas,Gigawatt-hour,Latvia,2007,0.000,,
ESTAT:NRG_BAL_C(1.0),06/03/26 23:00:00,Annual,Primary production,Natural gas,Gigawatt-hour,Latvia,2008,0.000,,
ESTAT:NRG_BAL_C(1.0),06/03/26 23:00:00,Annual,Primary production,Natural gas,Gigawatt-hour,Latvia,2009,0.000,,
ESTAT:NRG_BAL_C(1.0),06/03/26 23:00:00,Annual,Primary production,Natural gas,Gigawatt-hour,Latvia,2010,0.000,,
ESTAT:NRG_BAL_C(1.0),06/03/26 23:00:00,Annual,Primary production,Natural gas,Gigawatt-hour,Latvia,2011,0.000,,
ESTAT:NRG_BAL_C(1.0),06/03/26 23:00:00,Annual,Primary production,Natural gas,Gigawatt-hour,Latvia,2012,0.000,,
ESTAT:NRG_BAL_C(1.0),06/03/26 23:00:00,Annual,Primary production,Natural gas,Gigawatt-hour,Latvia,2013,0.000,,
ESTAT:NRG_BAL_C(1.0),06/03/26 23:00:00,Annual,Primary production,Natural gas,Gigawatt-hour,Latvia,2014,0.000,,
ESTAT:NRG_BAL_C(1.0),06/03/26 23:00:00,Annual,Primary production,Natural gas,Gigawatt-hour,Latvia,2015,0.000,,
ESTAT:NRG_BAL_C(1.0),06/03/26 23:00:00,Annual,Primary production,Natural gas,Gigawatt-hour,Latvia,2016,0.000,,
ESTAT:NRG_BAL_C(1.0),06/03/26 23:00:00,Annual,Primary production,Natural gas,Gigawatt-hour,Latvia,2017,0.000,,
ESTAT:NRG_BAL_C(1.0),06/03/26 23:00:00,Annual,Primary production,Natural gas,Gigawatt-hour,Latvia,2018,0.000,,
ESTAT:NRG_BAL_C(1.0),06/03/26 23:00:00,Annual,Primary production,Natural gas,Gigawatt-hour,Latvia,2019,0.000,,
ESTAT:NRG_BAL_C(1.0),06/03/26 23:00:00,Annual,Primary production,Natural gas,Gigawatt-hour,Latvia,2020,0.000,,
ESTAT:NRG_BAL_C(1.0),06/03/26 23:00:00,Annual,Primary production,Natural gas,Gigawatt-hour,Latvia,2021,0.000,,
ESTAT:NRG_BAL_C(1.0),06/03/26 23:00:00,Annual,Primary production,Natural gas,Gigawatt-hour,Latvia,2022,0.000,,
ESTAT:NRG_BAL_C(1.0),06/03/26 23:00:00,Annual,Primary production,Natural gas,Gigawatt-hour,Latvia,2023,0.000,,
ESTAT:NRG_BAL_C(1.0),06/03/26 23:00:00,Annual,Primary production,Natural gas,Gigawatt-hour,Latvia,2024,0.000,,
ESTAT:NRG_BAL_C(1.0),06/03/26 23:00:00,Annual,Primary production,Natural gas,Gigawatt-hour,Malta,2005,0.000,,
ESTAT:NRG_BAL_C(1.0),06/03/26 23:00:00,Annual,Primary production,Natural gas,Gigawatt-hour,Malta,2006,0.000,,
ESTAT:NRG_BAL_C(1.0),06/03/26 23:00:00,Annual,Primary production,Natural gas,Gigawatt-hour,Malta,2007,0.000,,
ESTAT:NRG_BAL_C(1.0),06/03/26 23:00:00,Annual,Primary production,Natural gas,Gigawatt-hour,Malta,2008,0.000,,
ESTAT:NRG_BAL_C(1.0),06/03/26 23:00:00,Annual,Primary production,Natural gas,Gigawatt-hour,Malta,2009,0.000,,
ESTAT:NRG_BAL_C(1.0),06/03/26 23:00:00,Annual,Primary production,Natural gas,Gigawatt-hour,Malta,2010,0.000,,
ESTAT:NRG_BAL_C(1.0),06/03/26 23:00:00,Annual,Primary production,Natural gas,Gigawatt-hour,Malta,2011,0.000,,
ESTAT:NRG_BAL_C(1.0),06/03/26 23:00:00,Annual,Primary production,Natural gas,Gigawatt-hour,Malta,2012,0.000,,
ESTAT:NRG_BAL_C(1.0),06/03/26 23:00:00,Annual,Primary production,Natural gas,Gigawatt-hour,Malta,2013,0.000,,
ESTAT:NRG_BAL_C(1.0),06/03/26 23:00:00,Annual,Primary production,Natural gas,Gigawatt-hour,Malta,2014,0.000,,
ESTAT:NRG_BAL_C(1.0),06/03/26 23:00:00,Annual,Primary production,Natural gas,Gigawatt-hour,Malta,2015,0.000,,
ESTAT:NRG_BAL_C(1.0),06/03/26 23:00:00,Annual,Primary production,Natural gas,Gigawatt-hour,Malta,2016,0.000,,
ESTAT:NRG_BAL_C(1.0),06/03/26 23:00:00,Annual,Primary production,Natural gas,Gigawatt-hour,Malta,2017,0.000,,
ESTAT:NRG_BAL_C(1.0),06/03/26 23:00:00,Annual,Primary production,Natural gas,Gigawatt-hour,Malta,2018,0.000,,
ESTAT:NRG_BAL_C(1.0),06/03/26 23:00:00,Annual,Primary production,Natural gas,Gigawatt-hour,Malta,2019,0.000,,
ESTAT:NRG_BAL_C(1.0),06/03/26 23:00:00,Annual,Primary production,Natural gas,Gigawatt-hour,Malta,2020,0.000,,
ESTAT:NRG_BAL_C(1.0),06/03/26 23:00:00,Annual,Primary production,Natural gas,Gigawatt-hour,Malta,2021,0.000,,
ESTAT:NRG_BAL_C(1.0),06/03/26 23:00:00,Annual,Primary production,Natural gas,Gigawatt-hour,Malta,2022,0.000,,
ESTAT:NRG_BAL_C(1.0),06/03/26 23:00:00,Annual,Primary production,Natural gas,Gigawatt-hour,Malta,2023,0.000,,
ESTAT:NRG_BAL_C(1.0),06/03/26 23:00:00,Annual,Primary production,Natural gas,Gigawatt-hour,Malta,2024,0.000,,
ESTAT:NRG_BAL_C(1.0),06/03/26 23:00:00,Annual,Primary production,Natural gas,Gigawatt-hour,Netherlands,2005,653331.073,,
ESTAT:NRG_BAL_C(1.0),06/03/26 23:00:00,Annual,Primary production,Natural gas,Gigawatt-hour,Netherlands,2006,645025.600,,
ESTAT:NRG_BAL_C(1.0),06/03/26 23:00:00,Annual,Primary production,Natural gas,Gigawatt-hour,Netherlands,2007,620025.684,,
ESTAT:NRG_BAL_C(1.0),06/03/26 23:00:00,Annual,Primary production,Natural gas,Gigawatt-hour,Netherlands,2008,709080.887,,
ESTAT:NRG_BAL_C(1.0),06/03/26 23:00:00,Annual,Primary production,Natural gas,Gigawatt-hour,Netherlands,2009,654997.817,,
ESTAT:NRG_BAL_C(1.0),06/03/26 23:00:00,Annual,Primary production,Natural gas,Gigawatt-hour,Netherlands,2010,752664.242,,
ESTAT:NRG_BAL_C(1.0),06/03/26 23:00:00,Annual,Primary production,Natural gas,Gigawatt-hour,Netherlands,2011,694969.934,,
ESTAT:NRG_BAL_C(1.0),06/03/26 23:00:00,Annual,Primary production,Natural gas,Gigawatt-hour,Netherlands,2012,684025.470,,
ESTAT:NRG_BAL_C(1.0),06/03/26 23:00:00,Annual,Primary production,Natural gas,Gigawatt-hour,Netherlands,2013,724053.087,,
ESTAT:NRG_BAL_C(1.0),06/03/26 23:00:00,Annual,Primary production,Natural gas,Gigawatt-hour,Netherlands,2014,603858.987,,
ESTAT:NRG_BAL_C(1.0),06/03/26 23:00:00,Annual,Primary production,Natural gas,Gigawatt-hour,Netherlands,2015,458811.139,,
ESTAT:NRG_BAL_C(1.0),06/03/26 23:00:00,Annual,Primary production,Natural gas,Gigawatt-hour,Netherlands,2016,442972.849,,
ESTAT:NRG_BAL_C(1.0),06/03/26 23:00:00,Annual,Primary production,Natural gas,Gigawatt-hour,Netherlands,2017,379312.593,,
ESTAT:NRG_BAL_C(1.0),06/03/26 23:00:00,Annual,Primary production,Natural gas,Gigawatt-hour,Netherlands,2018,324874.173,,
ESTAT:NRG_BAL_C(1.0),06/03/26 23:00:00,Annual,Primary production,Natural gas,Gigawatt-hour,Netherlands,2019,277464.796,,
ESTAT:NRG_BAL_C(1.0),06/03/26 23:00:00,Annual,Primary production,Natural gas,Gigawatt-hour,Netherlands,2020,200948.661,,
ESTAT:NRG_BAL_C(1.0),06/03/26 23:00:00,Annual,Primary production,Natural gas,Gigawatt-hour,Netherlands,2021,180235.250,,
ESTAT:NRG_BAL_C(1.0),06/03/26 23:00:00,Annual,Primary production,Natural gas,Gigawatt-hour,Netherlands,2022,149821.343,,
ESTAT:NRG_BAL_C(1.0),06/03/26 23:00:00,Annual,Primary production,Natural gas,Gigawatt-hour,Netherlands,2023,98532.109,,
ESTAT:NRG_BAL_C(1.0),06/03/26 23:00:00,Annual,Primary production,Natural gas,Gigawatt-hour,Netherlands,2024,83382.590,,
ESTAT:NRG_BAL_C(1.0),06/03/26 23:00:00,Annual,Primary production,Natural gas,Gigawatt-hour,Poland,2005,45175.000,,
ESTAT:NRG_BAL_C(1.0),06/03/26 23:00:00,Annual,Primary production,Natural gas,Gigawatt-hour,Poland,2006,45128.500,,
ESTAT:NRG_BAL_C(1.0),06/03/26 23:00:00,Annual,Primary production,Natural gas,Gigawatt-hour,Poland,2007,45318.500,,
ESTAT:NRG_BAL_C(1.0),06/03/26 23:00:00,Annual,Primary production,Natural gas,Gigawatt-hour,Poland,2008,42913.000,,
ESTAT:NRG_BAL_C(1.0),06/03/26 23:00:00,Annual,Primary production,Natural gas,Gigawatt-hour,Poland,2009,42772.250,,
ESTAT:NRG_BAL_C(1.0),06/03/26 23:00:00,Annual,Primary production,Natural gas,Gigawatt-hour,Poland,2010,42949.081,,
ESTAT:NRG_BAL_C(1.0),06/03/26 23:00:00,Annual,Primary production,Natural gas,Gigawatt-hour,Poland,2011,44773.750,,
ESTAT:NRG_BAL_C(1.0),06/03/26 23:00:00,Annual,Primary production,Natural gas,Gigawatt-hour,Poland,2012,45436.175,,
ESTAT:NRG_BAL_C(1.0),06/03/26 23:00:00,Annual,Primary production,Natural gas,Gigawatt-hour,Poland,2013,44462.655,,
ESTAT:NRG_BAL_C(1.0),06/03/26 23:00:00,Annual,Primary production,Natural gas,Gigawatt-hour,Poland,2014,43337.250,,
ESTAT:NRG_BAL_C(1.0),06/03/26 23:00:00,Annual,Primary production,Natural gas,Gigawatt-hour,Poland,2015,42832.081,,
ESTAT:NRG_BAL_C(1.0),06/03/26 23:00:00,Annual,Primary production,Natural gas,Gigawatt-hour,Poland,2016,41317.356,,
ESTAT:NRG_BAL_C(1.0),06/03/26 23:00:00,Annual,Primary production,Natural gas,Gigawatt-hour,Poland,2017,40843.191,,
ESTAT:NRG_BAL_C(1.0),06/03/26 23:00:00,Annual,Primary production,Natural gas,Gigawatt-hour,Poland,2018,40344.391,,
ESTAT:NRG_BAL_C(1.0),06/03/26 23:00:00,Annual,Primary production,Natural gas,Gigawatt-hour,Poland,2019,39852.012,,
ESTAT:NRG_BAL_C(1.0),06/03/26 23:00:00,Annual,Primary production,Natural gas,Gigawatt-hour,Poland,2020,39500.603,,
ESTAT:NRG_BAL_C(1.0),06/03/26 23:00:00,Annual,Primary production,Natural gas,Gigawatt-hour,Poland,2021,38842.731,,
ESTAT:NRG_BAL_C(1.0),06/03/26 23:00:00,Annual,Primary production,Natural gas,Gigawatt-hour,Poland,2022,38043.708,,
ESTAT:NRG_BAL_C(1.0),06/03/26 23:00:00,Annual,Primary production,Natural gas,Gigawatt-hour,Poland,2023,36722.825,,
ESTAT:NRG_BAL_C(1.0),06/03/26 23:00:00,Annual,Primary production,Natural gas,Gigawatt-hour,Poland,2024,35818.883,,
ESTAT:NRG_BAL_C(1.0),06/03/26 23:00:00,Annual,Primary production,Natural gas,Gigawatt-hour,Portugal,2005,0.000,,
ESTAT:NRG_BAL_C(1.0),06/03/26 23:00:00,Annual,Primary production,Natural gas,Gigawatt-hour,Portugal,2006,0.000,,
ESTAT:NRG_BAL_C(1.0),06/03/26 23:00:00,Annual,Primary production,Natural gas,Gigawatt-hour,Portugal,2007,0.000,,
ESTAT:NRG_BAL_C(1.0),06/03/26 23:00:00,Annual,Primary production,Natural gas,Gigawatt-hour,Portugal,2008,0.000,,
ESTAT:NRG_BAL_C(1.0),06/03/26 23:00:00,Annual,Primary production,Natural gas,Gigawatt-hour,Portugal,2009,0.000,,
ESTAT:NRG_BAL_C(1.0),06/03/26 23:00:00,Annual,Primary production,Natural gas,Gigawatt-hour,Portugal,2010,0.000,,
ESTAT:NRG_BAL_C(1.0),06/03/26 23:00:00,Annual,Primary production,Natural gas,Gigawatt-hour,Portugal,2011,0.000,,
ESTAT:NRG_BAL_C(1.0),06/03/26 23:00:00,Annual,Primary production,Natural gas,Gigawatt-hour,Portugal,2012,0.000,,
ESTAT:NRG_BAL_C(1.0),06/03/26 23:00:00,Annual,Primary production,Natural gas,Gigawatt-hour,Portugal,2013,0.000,,
ESTAT:NRG_BAL_C(1.0),06/03/26 23:00:00,Annual,Primary production,Natural gas,Gigawatt-hour,Portugal,2014,0.000,,
ESTAT:NRG_BAL_C(1.0),06/03/26 23:00:00,Annual,Primary production,Natural gas,Gigawatt-hour,Portugal,2015,0.000,,
ESTAT:NRG_BAL_C(1.0),06/03/26 23:00:00,Annual,Primary production,Natural gas,Gigawatt-hour,Portugal,2016,0.000,,
ESTAT:NRG_BAL_C(1.0),06/03/26 23:00:00,Annual,Primary production,Natural gas,Gigawatt-hour,Portugal,2017,0.000,,
ESTAT:NRG_BAL_C(1.0),06/03/26 23:00:00,Annual,Primary production,Natural gas,Gigawatt-hour,Portugal,2018,0.000,,
ESTAT:NRG_BAL_C(1.0),06/03/26 23:00:00,Annual,Primary production,Natural gas,Gigawatt-hour,Portugal,2019,0.000,,
ESTAT:NRG_BAL_C(1.0),06/03/26 23:00:00,Annual,Primary production,Natural gas,Gigawatt-hour,Portugal,2020,0.000,,
ESTAT:NRG_BAL_C(1.0),06/03/26 23:00:00,Annual,Primary production,Natural gas,Gigawatt-hour,Portugal,2021,0.000,,
ESTAT:NRG_BAL_C(1.0),06/03/26 23:00:00,Annual,Primary production,Natural gas,Gigawatt-hour,Portugal,2022,0.000,,
ESTAT:NRG_BAL_C(1.0),06/03/26 23:00:00,Annual,Primary production,Natural gas,Gigawatt-hour,Portugal,2023,0.000,,
ESTAT:NRG_BAL_C(1.0),06/03/26 23:00:00,Annual,Primary production,Natural gas,Gigawatt-hour,Portugal,2024,0.000,,
ESTAT:NRG_BAL_C(1.0),06/03/26 23:00:00,Annual,Primary production,Natural gas,Gigawatt-hour,Romania,2005,112826.250,,
ESTAT:NRG_BAL_C(1.0),06/03/26 23:00:00,Annual,Primary production,Natural gas,Gigawatt-hour,Romania,2006,111164.000,,
ESTAT:NRG_BAL_C(1.0),06/03/26 23:00:00,Annual,Primary production,Natural gas,Gigawatt-hour,Romania,2007,107376.750,,
ESTAT:NRG_BAL_C(1.0),06/03/26 23:00:00,Annual,Primary production,Natural gas,Gigawatt-hour,Romania,2008,104583.500,,
ESTAT:NRG_BAL_C(1.0),06/03/26 23:00:00,Annual,Primary production,Natural gas,Gigawatt-hour,Romania,2009,103954.000,,
ESTAT:NRG_BAL_C(1.0),06/03/26 23:00:00,Annual,Primary production,Natural gas,Gigawatt-hour,Romania,2010,100234.500,,
ESTAT:NRG_BAL_C(1.0),06/03/26 23:00:00,Annual,Primary production,Natural gas,Gigawatt-hour,Romania,2011,100795.000,,
ESTAT:NRG_BAL_C(1.0),06/03/26 23:00:00,Annual,Primary production,Natural gas,Gigawatt-hour,Romania,2012,100979.750,,
ESTAT:NRG_BAL_C(1.0),06/03/26 23:00:00,Annual,Primary production,Natural gas,Gigawatt-hour,Romania,2013,100019.000,,
ESTAT:NRG_BAL_C(1.0),06/03/26 23:00:00,Annual,Primary production,Natural gas,Gigawatt-hour,Romania,2014,101943.000,,
ESTAT:NRG_BAL_C(1.0),06/03/26 23:00:00,Annual,Primary production,Natural gas,Gigawatt-hour,Romania,2015,102172.250,,
ESTAT:NRG_BAL_C(1.0),06/03/26 23:00:00,Annual,Primary production,Natural gas,Gigawatt-hour,Romania,2016,90527.750,,
ESTAT:NRG_BAL_C(1.0),06/03/26 23:00:00,Annual,Primary production,Natural gas,Gigawatt-hour,Romania,2017,100114.010,,
ESTAT:NRG_BAL_C(1.0),06/03/26 23:00:00,Annual,Primary production,Natural gas,Gigawatt-hour,Romania,2018,99576.495,,
ESTAT:NRG_BAL_C(1.0),06/03/26 23:00:00,Annual,Primary production,Natural gas,Gigawatt-hour,Romania,2019,96225.866,,
ESTAT:NRG_BAL_C(1.0),06/03/26 23:00:00,Annual,Primary production,Natural gas,Gigawatt-hour,Romania,2020,85963.214,,
ESTAT:NRG_BAL_C(1.0),06/03/26 23:00:00,Annual,Primary production,Natural gas,Gigawatt-hour,Romania,2021,86356.866,,
ESTAT:NRG_BAL_C(1.0),06/03/26 23:00:00,Annual,Primary production,Natural gas,Gigawatt-hour,Romania,2022,87505.689,,
ESTAT:NRG_BAL_C(1.0),06/03/26 23:00:00,Annual,Primary production,Natural gas,Gigawatt-hour,Romania,2023,88994.724,,
ESTAT:NRG_BAL_C(1.0),06/03/26 23:00:00,Annual,Primary production,Natural gas,Gigawatt-hour,Romania,2024,89703.794,,
ESTAT:NRG_BAL_C(1.0),06/03/26 23:00:00,Annual,Primary production,Natural gas,Gigawatt-hour,Sweden,2005,0.000,,
ESTAT:NRG_BAL_C(1.0),06/03/26 23:00:00,Annual,Primary production,Natural gas,Gigawatt-hour,Sweden,2006,0.000,,
ESTAT:NRG_BAL_C(1.0),06/03/26 23:00:00,Annual,Primary production,Natural gas,Gigawatt-hour,Sweden,2007,0.000,,
ESTAT:NRG_BAL_C(1.0),06/03/26 23:00:00,Annual,Primary production,Natural gas,Gigawatt-hour,Sweden,2008,0.000,,
ESTAT:NRG_BAL_C(1.0),06/03/26 23:00:00,Annual,Primary production,Natural gas,Gigawatt-hour,Sweden,2009,0.000,,
ESTAT:NRG_BAL_C(1.0),06/03/26 23:00:00,Annual,Primary production,Natural gas,Gigawatt-hour,Sweden,2010,0.000,,
ESTAT:NRG_BAL_C(1.0),06/03/26 23:00:00,Annual,Primary production,Natural gas,Gigawatt-hour,Sweden,2011,0.000,,
ESTAT:NRG_BAL_C(1.0),06/03/26 23:00:00,Annual,Primary production,Natural gas,Gigawatt-hour,Sweden,2012,0.000,,
ESTAT:NRG_BAL_C(1.0),06/03/26 23:00:00,Annual,Primary production,Natural gas,Gigawatt-hour,Sweden,2013,0.000,,
ESTAT:NRG_BAL_C(1.0),06/03/26 23:00:00,Annual,Primary production,Natural gas,Gigawatt-hour,Sweden,2014,0.000,,
ESTAT:NRG_BAL_C(1.0),06/03/26 23:00:00,Annual,Primary production,Natural gas,Gigawatt-hour,Sweden,2015,0.000,,
ESTAT:NRG_BAL_C(1.0),06/03/26 23:00:00,Annual,Primary production,Natural gas,Gigawatt-hour,Sweden,2016,0.000,,
ESTAT:NRG_BAL_C(1.0),06/03/26 23:00:00,Annual,Primary production,Natural gas,Gigawatt-hour,Sweden,2017,0.000,,
ESTAT:NRG_BAL_C(1.0),06/03/26 23:00:00,Annual,Primary production,Natural gas,Gigawatt-hour,Sweden,2018,0.000,,
ESTAT:NRG_BAL_C(1.0),06/03/26 23:00:00,Annual,Primary production,Natural gas,Gigawatt-hour,Sweden,2019,0.000,,
ESTAT:NRG_BAL_C(1.0),06/03/26 23:00:00,Annual,Primary production,Natural gas,Gigawatt-hour,Sweden,2020,0.000,,
ESTAT:NRG_BAL_C(1.0),06/03/26 23:00:00,Annual,Primary production,Natural gas,Gigawatt-hour,Sweden,2021,0.000,,
ESTAT:NRG_BAL_C(1.0),06/03/26 23:00:00,Annual,Primary production,Natural gas,Gigawatt-hour,Sweden,2022,0.000,,
ESTAT:NRG_BAL_C(1.0),06/03/26 23:00:00,Annual,Primary production,Natural gas,Gigawatt-hour,Sweden,2023,0.000,,
ESTAT:NRG_BAL_C(1.0),06/03/26 23:00:00,Annual,Primary production,Natural gas,Gigawatt-hour,Sweden,2024,0.000,,
ESTAT:NRG_BAL_C(1.0),06/03/26 23:00:00,Annual,Primary production,Natural gas,Gigawatt-hour,Slovenia,2005,40.000,,
ESTAT:NRG_BAL_C(1.0),06/03/26 23:00:00,Annual,Primary production,Natural gas,Gigawatt-hour,Slovenia,2006,40.000,,
ESTAT:NRG_BAL_C(1.0),06/03/26 23:00:00,Annual,Primary production,Natural gas,Gigawatt-hour,Slovenia,2007,30.000,,
ESTAT:NRG_BAL_C(1.0),06/03/26 23:00:00,Annual,Primary production,Natural gas,Gigawatt-hour,Slovenia,2008,30.000,,
ESTAT:NRG_BAL_C(1.0),06/03/26 23:00:00,Annual,Primary production,Natural gas,Gigawatt-hour,Slovenia,2009,30.000,,
ESTAT:NRG_BAL_C(1.0),06/03/26 23:00:00,Annual,Primary production,Natural gas,Gigawatt-hour,Slovenia,2010,69.750,,
ESTAT:NRG_BAL_C(1.0),06/03/26 23:00:00,Annual,Primary production,Natural gas,Gigawatt-hour,Slovenia,2011,20.000,,
ESTAT:NRG_BAL_C(1.0),06/03/26 23:00:00,Annual,Primary production,Natural gas,Gigawatt-hour,Slovenia,2012,20.000,,
ESTAT:NRG_BAL_C(1.0),06/03/26 23:00:00,Annual,Primary production,Natural gas,Gigawatt-hour,Slovenia,2013,30.000,,
ESTAT:NRG_BAL_C(1.0),06/03/26 23:00:00,Annual,Primary production,Natural gas,Gigawatt-hour,Slovenia,2014,30.000,,
ESTAT:NRG_BAL_C(1.0),06/03/26 23:00:00,Annual,Primary production,Natural gas,Gigawatt-hour,Slovenia,2015,30.000,,
ESTAT:NRG_BAL_C(1.0),06/03/26 23:00:00,Annual,Primary production,Natural gas,Gigawatt-hour,Slovenia,2016,49.750,,
ESTAT:NRG_BAL_C(1.0),06/03/26 23:00:00,Annual,Primary production,Natural gas,Gigawatt-hour,Slovenia,2017,83.520,,
ESTAT:NRG_BAL_C(1.0),06/03/26 23:00:00,Annual,Primary production,Natural gas,Gigawatt-hour,Slovenia,2018,158.557,,
ESTAT:NRG_BAL_C(1.0),06/03/26 23:00:00,Annual,Primary production,Natural gas,Gigawatt-hour,Slovenia,2019,68.322,,
ESTAT:NRG_BAL_C(1.0),06/03/26 23:00:00,Annual,Primary production,Natural gas,Gigawatt-hour,Slovenia,2020,53.333,,
ESTAT:NRG_BAL_C(1.0),06/03/26 23:00:00,Annual,Primary production,Natural gas,Gigawatt-hour,Slovenia,2021,50.502,,
ESTAT:NRG_BAL_C(1.0),06/03/26 23:00:00,Annual,Primary production,Natural gas,Gigawatt-hour,Slovenia,2022,43.006,,
ESTAT:NRG_BAL_C(1.0),06/03/26 23:00:00,Annual,Primary production,Natural gas,Gigawatt-hour,Slovenia,2023,44.521,,
ESTAT:NRG_BAL_C(1.0),06/03/26 23:00:00,Annual,Primary production,Natural gas,Gigawatt-hour,Slovenia,2024,37.892,,
ESTAT:NRG_BAL_C(1.0),06/03/26 23:00:00,Annual,Primary production,Natural gas,Gigawatt-hour,Slovakia,2005,1469.000,,
ESTAT:NRG_BAL_C(1.0),06/03/26 23:00:00,Annual,Primary production,Natural gas,Gigawatt-hour,Slovakia,2006,2046.750,,
ESTAT:NRG_BAL_C(1.0),06/03/26 23:00:00,Annual,Primary production,Natural gas,Gigawatt-hour,Slovakia,2007,1264.000,,
ESTAT:NRG_BAL_C(1.0),06/03/26 23:00:00,Annual,Primary production,Natural gas,Gigawatt-hour,Slovakia,2008,1016.250,,
ESTAT:NRG_BAL_C(1.0),06/03/26 23:00:00,Annual,Primary production,Natural gas,Gigawatt-hour,Slovakia,2009,1019.500,,
ESTAT:NRG_BAL_C(1.0),06/03/26 23:00:00,Annual,Primary production,Natural gas,Gigawatt-hour,Slovakia,2010,1027.000,,
ESTAT:NRG_BAL_C(1.0),06/03/26 23:00:00,Annual,Primary production,Natural gas,Gigawatt-hour,Slovakia,2011,1195.250,,
ESTAT:NRG_BAL_C(1.0),06/03/26 23:00:00,Annual,Primary production,Natural gas,Gigawatt-hour,Slovakia,2012,1479.250,,
ESTAT:NRG_BAL_C(1.0),06/03/26 23:00:00,Annual,Primary production,Natural gas,Gigawatt-hour,Slovakia,2013,1214.000,,
ESTAT:NRG_BAL_C(1.0),06/03/26 23:00:00,Annual,Primary production,Natural gas,Gigawatt-hour,Slovakia,2014,975.000,,
ESTAT:NRG_BAL_C(1.0),06/03/26 23:00:00,Annual,Primary production,Natural gas,Gigawatt-hour,Slovakia,2015,905.000,,
ESTAT:NRG_BAL_C(1.0),06/03/26 23:00:00,Annual,Primary production,Natural gas,Gigawatt-hour,Slovakia,2016,890.500,,
ESTAT:NRG_BAL_C(1.0),06/03/26 23:00:00,Annual,Primary production,Natural gas,Gigawatt-hour,Slovakia,2017,1358.238,,
ESTAT:NRG_BAL_C(1.0),06/03/26 23:00:00,Annual,Primary production,Natural gas,Gigawatt-hour,Slovakia,2018,902.266,,
ESTAT:NRG_BAL_C(1.0),06/03/26 23:00:00,Annual,Primary production,Natural gas,Gigawatt-hour,Slovakia,2019,1198.747,,
ESTAT:NRG_BAL_C(1.0),06/03/26 23:00:00,Annual,Primary production,Natural gas,Gigawatt-hour,Slovakia,2020,636.007,,
ESTAT:NRG_BAL_C(1.0),06/03/26 23:00:00,Annual,Primary production,Natural gas,Gigawatt-hour,Slovakia,2021,567.753,,
ESTAT:NRG_BAL_C(1.0),06/03/26 23:00:00,Annual,Primary production,Natural gas,Gigawatt-hour,Slovakia,2022,539.756,,
ESTAT:NRG_BAL_C(1.0),06/03/26 23:00:00,Annual,Primary production,Natural gas,Gigawatt-hour,Slovakia,2023,486.750,,
ESTAT:NRG_BAL_C(1.0),06/03/26 23:00:00,Annual,Primary production,Natural gas,Gigawatt-hour,Slovakia,2024,402.997,,
ESTAT:NRG_BAL_C(1.0),06/03/26 23:00:00,Annual,Primary production,Oil and petroleum products (excluding biofuel portion),Gigawatt-hour,Austria,2005,11012.057,,
ESTAT:NRG_BAL_C(1.0),06/03/26 23:00:00,Annual,Primary production,Oil and petroleum products (excluding biofuel portion),Gigawatt-hour,Austria,2006,11228.736,,
ESTAT:NRG_BAL_C(1.0),06/03/26 23:00:00,Annual,Primary production,Oil and petroleum products (excluding biofuel portion),Gigawatt-hour,Austria,2007,11029.104,,
ESTAT:NRG_BAL_C(1.0),06/03/26 23:00:00,Annual,Primary production,Oil and petroleum products (excluding biofuel portion),Gigawatt-hour,Austria,2008,11644.835,,
ESTAT:NRG_BAL_C(1.0),06/03/26 23:00:00,Annual,Primary production,Oil and petroleum products (excluding biofuel portion),Gigawatt-hour,Austria,2009,12675.897,,
ESTAT:NRG_BAL_C(1.0),06/03/26 23:00:00,Annual,Primary production,Oil and petroleum products (excluding biofuel portion),Gigawatt-hour,Austria,2010,12242.385,,
ESTAT:NRG_BAL_C(1.0),06/03/26 23:00:00,Annual,Primary production,Oil and petroleum products (excluding biofuel portion),Gigawatt-hour,Austria,2011,9715.724,,
ESTAT:NRG_BAL_C(1.0),06/03/26 23:00:00,Annual,Primary production,Oil and petroleum products (excluding biofuel portion),Gigawatt-hour,Austria,2012,10848.160,,
ESTAT:NRG_BAL_C(1.0),06/03/26 23:00:00,Annual,Primary production,Oil and petroleum products (excluding biofuel portion),Gigawatt-hour,Austria,2013,10298.872,,
ESTAT:NRG_BAL_C(1.0),06/03/26 23:00:00,Annual,Primary production,Oil and petroleum products (excluding biofuel portion),Gigawatt-hour,Austria,2014,11520.935,,
ESTAT:NRG_BAL_C(1.0),06/03/26 23:00:00,Annual,Primary production,Oil and petroleum products (excluding biofuel portion),Gigawatt-hour,Austria,2015,10326.225,,
ESTAT:NRG_BAL_C(1.0),06/03/26 23:00:00,Annual,Primary production,Oil and petroleum products (excluding biofuel portion),Gigawatt-hour,Austria,2016,9350.201,,
ESTAT:NRG_BAL_C(1.0),06/03/26 23:00:00,Annual,Primary production,Oil and petroleum products (excluding biofuel portion),Gigawatt-hour,Austria,2017,8673.624,,
ESTAT:NRG_BAL_C(1.0),06/03/26 23:00:00,Annual,Primary production,Oil and petroleum products (excluding biofuel portion),Gigawatt-hour,Austria,2018,8124.666,,
ESTAT:NRG_BAL_C(1.0),06/03/26 23:00:00,Annual,Primary production,Oil and petroleum products (excluding biofuel portion),Gigawatt-hour,Austria,2019,7678.676,,
ESTAT:NRG_BAL_C(1.0),06/03/26 23:00:00,Annual,Primary production,Oil and petroleum products (excluding biofuel portion),Gigawatt-hour,Austria,2020,6637.083,,
ESTAT:NRG_BAL_C(1.0),06/03/26 23:00:00,Annual,Primary production,Oil and petroleum products (excluding biofuel portion),Gigawatt-hour,Austria,2021,6632.975,,
ESTAT:NRG_BAL_C(1.0),06/03/26 23:00:00,Annual,Primary production,Oil and petroleum products (excluding biofuel portion),Gigawatt-hour,Austria,2022,6089.093,,
ESTAT:NRG_BAL_C(1.0),06/03/26 23:00:00,Annual,Primary production,Oil and petroleum products (excluding biofuel portion),Gigawatt-hour,Austria,2023,5501.283,,
ESTAT:NRG_BAL_C(1.0),06/03/26 23:00:00,Annual,Primary production,Oil and petroleum products (excluding biofuel portion),Gigawatt-hour,Austria,2024,5460.424,,
ESTAT:NRG_BAL_C(1.0),06/03/26 23:00:00,Annual,Primary production,Oil and petroleum products (excluding biofuel portion),Gigawatt-hour,Belgium,2005,0.000,,
ESTAT:NRG_BAL_C(1.0),06/03/26 23:00:00,Annual,Primary production,Oil and petroleum products (excluding biofuel portion),Gigawatt-hour,Belgium,2006,0.000,,
ESTAT:NRG_BAL_C(1.0),06/03/26 23:00:00,Annual,Primary production,Oil and petroleum products (excluding biofuel portion),Gigawatt-hour,Belgium,2007,0.000,,
ESTAT:NRG_BAL_C(1.0),06/03/26 23:00:00,Annual,Primary production,Oil and petroleum products (excluding biofuel portion),Gigawatt-hour,Belgium,2008,0.000,,
ESTAT:NRG_BAL_C(1.0),06/03/26 23:00:00,Annual,Primary production,Oil and petroleum products (excluding biofuel portion),Gigawatt-hour,Belgium,2009,0.000,,
ESTAT:NRG_BAL_C(1.0),06/03/26 23:00:00,Annual,Primary production,Oil and petroleum products (excluding biofuel portion),Gigawatt-hour,Belgium,2010,0.000,,
ESTAT:NRG_BAL_C(1.0),06/03/26 23:00:00,Annual,Primary production,Oil and petroleum products (excluding biofuel portion),Gigawatt-hour,Belgium,2011,0.000,,
ESTAT:NRG_BAL_C(1.0),06/03/26 23:00:00,Annual,Primary production,Oil and petroleum products (excluding biofuel portion),Gigawatt-hour,Belgium,2012,0.000,,
ESTAT:NRG_BAL_C(1.0),06/03/26 23:00:00,Annual,Primary production,Oil and petroleum products (excluding biofuel portion),Gigawatt-hour,Belgium,2013,0.000,,
ESTAT:NRG_BAL_C(1.0),06/03/26 23:00:00,Annual,Primary production,Oil and petroleum products (excluding biofuel portion),Gigawatt-hour,Belgium,2014,0.000,,
ESTAT:NRG_BAL_C(1.0),06/03/26 23:00:00,Annual,Primary production,Oil and petroleum products (excluding biofuel portion),Gigawatt-hour,Belgium,2015,0.000,,
ESTAT:NRG_BAL_C(1.0),06/03/26 23:00:00,Annual,Primary production,Oil and petroleum products (excluding biofuel portion),Gigawatt-hour,Belgium,2016,0.000,,
ESTAT:NRG_BAL_C(1.0),06/03/26 23:00:00,Annual,Primary production,Oil and petroleum products (excluding biofuel portion),Gigawatt-hour,Belgium,2017,0.000,,
ESTAT:NRG_BAL_C(1.0),06/03/26 23:00:00,Annual,Primary production,Oil and petroleum products (excluding biofuel portion),Gigawatt-hour,Belgium,2018,0.000,,
ESTAT:NRG_BAL_C(1.0),06/03/26 23:00:00,Annual,Primary production,Oil and petroleum products (excluding biofuel portion),Gigawatt-hour,Belgium,2019,0.000,,
ESTAT:NRG_BAL_C(1.0),06/03/26 23:00:00,Annual,Primary production,Oil and petroleum products (excluding biofuel portion),Gigawatt-hour,Belgium,2020,0.000,,
ESTAT:NRG_BAL_C(1.0),06/03/26 23:00:00,Annual,Primary production,Oil and petroleum products (excluding biofuel portion),Gigawatt-hour,Belgium,2021,0.000,,
ESTAT:NRG_BAL_C(1.0),06/03/26 23:00:00,Annual,Primary production,Oil and petroleum products (excluding biofuel portion),Gigawatt-hour,Belgium,2022,0.000,,
ESTAT:NRG_BAL_C(1.0),06/03/26 23:00:00,Annual,Primary production,Oil and petroleum products (excluding biofuel portion),Gigawatt-hour,Belgium,2023,0.000,,
ESTAT:NRG_BAL_C(1.0),06/03/26 23:00:00,Annual,Primary production,Oil and petroleum products (excluding biofuel portion),Gigawatt-hour,Belgium,2024,0.000,,
ESTAT:NRG_BAL_C(1.0),06/03/26 23:00:00,Annual,Primary production,Oil and petroleum products (excluding biofuel portion),Gigawatt-hour,Bulgaria,2005,354.483,,
ESTAT:NRG_BAL_C(1.0),06/03/26 23:00:00,Annual,Primary production,Oil and petroleum products (excluding biofuel portion),Gigawatt-hour,Bulgaria,2006,330.851,,
ESTAT:NRG_BAL_C(1.0),06/03/26 23:00:00,Annual,Primary production,Oil and petroleum products (excluding biofuel portion),Gigawatt-hour,Bulgaria,2007,307.219,,
ESTAT:NRG_BAL_C(1.0),06/03/26 23:00:00,Annual,Primary production,Oil and petroleum products (excluding biofuel portion),Gigawatt-hour,Bulgaria,2008,283.587,,
ESTAT:NRG_BAL_C(1.0),06/03/26 23:00:00,Annual,Primary production,Oil and petroleum products (excluding biofuel portion),Gigawatt-hour,Bulgaria,2009,295.403,,
ESTAT:NRG_BAL_C(1.0),06/03/26 23:00:00,Annual,Primary production,Oil and petroleum products (excluding biofuel portion),Gigawatt-hour,Bulgaria,2010,271.771,,
ESTAT:NRG_BAL_C(1.0),06/03/26 23:00:00,Annual,Primary production,Oil and petroleum products (excluding biofuel portion),Gigawatt-hour,Bulgaria,2011,259.954,,
ESTAT:NRG_BAL_C(1.0),06/03/26 23:00:00,Annual,Primary production,Oil and petroleum products (excluding biofuel portion),Gigawatt-hour,Bulgaria,2012,283.587,,
ESTAT:NRG_BAL_C(1.0),06/03/26 23:00:00,Annual,Primary production,Oil and petroleum products (excluding biofuel portion),Gigawatt-hour,Bulgaria,2013,330.851,,
ESTAT:NRG_BAL_C(1.0),06/03/26 23:00:00,Annual,Primary production,Oil and petroleum products (excluding biofuel portion),Gigawatt-hour,Bulgaria,2014,307.219,,
ESTAT:NRG_BAL_C(1.0),06/03/26 23:00:00,Annual,Primary production,Oil and petroleum products (excluding biofuel portion),Gigawatt-hour,Bulgaria,2015,295.403,,
ESTAT:NRG_BAL_C(1.0),06/03/26 23:00:00,Annual,Primary production,Oil and petroleum products (excluding biofuel portion),Gigawatt-hour,Bulgaria,2016,283.587,,
ESTAT:NRG_BAL_C(1.0),06/03/26 23:00:00,Annual,Primary production,Oil and petroleum products (excluding biofuel portion),Gigawatt-hour,Bulgaria,2017,282.452,,
ESTAT:NRG_BAL_C(1.0),06/03/26 23:00:00,Annual,Primary production,Oil and petroleum products (excluding biofuel portion),Gigawatt-hour,Bulgaria,2018,265.508,,
ESTAT:NRG_BAL_C(1.0),06/03/26 23:00:00,Annual,Primary production,Oil and petroleum products (excluding biofuel portion),Gigawatt-hour,Bulgaria,2019,0.000,,
ESTAT:NRG_BAL_C(1.0),06/03/26 23:00:00,Annual,Primary production,Oil and petroleum products (excluding biofuel portion),Gigawatt-hour,Bulgaria,2020,0.000,,
ESTAT:NRG_BAL_C(1.0),06/03/26 23:00:00,Annual,Primary production,Oil and petroleum products (excluding biofuel portion),Gigawatt-hour,Bulgaria,2021,0.000,,
ESTAT:NRG_BAL_C(1.0),06/03/26 23:00:00,Annual,Primary production,Oil and petroleum products (excluding biofuel portion),Gigawatt-hour,Bulgaria,2022,42.193,,
ESTAT:NRG_BAL_C(1.0),06/03/26 23:00:00,Annual,Primary production,Oil and petroleum products (excluding biofuel portion),Gigawatt-hour,Bulgaria,2023,0.000,,
ESTAT:NRG_BAL_C(1.0),06/03/26 23:00:00,Annual,Primary production,Oil and petroleum products (excluding biofuel portion),Gigawatt-hour,Bulgaria,2024,0.000,,
ESTAT:NRG_BAL_C(1.0),06/03/26 23:00:00,Annual,Primary production,Oil and petroleum products (excluding biofuel portion),Gigawatt-hour,Cyprus,2005,0.000,,
ESTAT:NRG_BAL_C(1.0),06/03/26 23:00:00,Annual,Primary production,Oil and petroleum products (excluding biofuel portion),Gigawatt-hour,Cyprus,2006,0.000,,
ESTAT:NRG_BAL_C(1.0),06/03/26 23:00:00,Annual,Primary production,Oil and petroleum products (excluding biofuel portion),Gigawatt-hour,Cyprus,2007,0.000,,
ESTAT:NRG_BAL_C(1.0),06/03/26 23:00:00,Annual,Primary production,Oil and petroleum products (excluding biofuel portion),Gigawatt-hour,Cyprus,2008,0.000,,
ESTAT:NRG_BAL_C(1.0),06/03/26 23:00:00,Annual,Primary production,Oil and petroleum products (excluding biofuel portion),Gigawatt-hour,Cyprus,2009,0.000,,
ESTAT:NRG_BAL_C(1.0),06/03/26 23:00:00,Annual,Primary production,Oil and petroleum products (excluding biofuel portion),Gigawatt-hour,Cyprus,2010,0.000,,
ESTAT:NRG_BAL_C(1.0),06/03/26 23:00:00,Annual,Primary production,Oil and petroleum products (excluding biofuel portion),Gigawatt-hour,Cyprus,2011,0.000,,
ESTAT:NRG_BAL_C(1.0),06/03/26 23:00:00,Annual,Primary production,Oil and petroleum products (excluding biofuel portion),Gigawatt-hour,Cyprus,2012,0.000,,
ESTAT:NRG_BAL_C(1.0),06/03/26 23:00:00,Annual,Primary production,Oil and petroleum products (excluding biofuel portion),Gigawatt-hour,Cyprus,2013,0.000,,
ESTAT:NRG_BAL_C(1.0),06/03/26 23:00:00,Annual,Primary production,Oil and petroleum products (excluding biofuel portion),Gigawatt-hour,Cyprus,2014,0.000,,
ESTAT:NRG_BAL_C(1.0),06/03/26 23:00:00,Annual,Primary production,Oil and petroleum products (excluding biofuel portion),Gigawatt-hour,Cyprus,2015,0.000,,
ESTAT:NRG_BAL_C(1.0),06/03/26 23:00:00,Annual,Primary production,Oil and petroleum products (excluding biofuel portion),Gigawatt-hour,Cyprus,2016,0.000,,
ESTAT:NRG_BAL_C(1.0),06/03/26 23:00:00,Annual,Primary production,Oil and petroleum products (excluding biofuel portion),Gigawatt-hour,Cyprus,2017,0.000,,
ESTAT:NRG_BAL_C(1.0),06/03/26 23:00:00,Annual,Primary production,Oil and petroleum products (excluding biofuel portion),Gigawatt-hour,Cyprus,2018,0.000,,
ESTAT:NRG_BAL_C(1.0),06/03/26 23:00:00,Annual,Primary production,Oil and petroleum products (excluding biofuel portion),Gigawatt-hour,Cyprus,2019,0.000,,
ESTAT:NRG_BAL_C(1.0),06/03/26 23:00:00,Annual,Primary production,Oil and petroleum products (excluding biofuel portion),Gigawatt-hour,Cyprus,2020,0.000,,
ESTAT:NRG_BAL_C(1.0),06/03/26 23:00:00,Annual,Primary production,Oil and petroleum products (excluding biofuel portion),Gigawatt-hour,Cyprus,2021,0.000,,
ESTAT:NRG_BAL_C(1.0),06/03/26 23:00:00,Annual,Primary production,Oil and petroleum products (excluding biofuel portion),Gigawatt-hour,Cyprus,2022,0.000,,
ESTAT:NRG_BAL_C(1.0),06/03/26 23:00:00,Annual,Primary production,Oil and petroleum products (excluding biofuel portion),Gigawatt-hour,Cyprus,2023,0.000,,
ESTAT:NRG_BAL_C(1.0),06/03/26 23:00:00,Annual,Primary production,Oil and petroleum products (excluding biofuel portion),Gigawatt-hour,Cyprus,2024,0.000,,
ESTAT:NRG_BAL_C(1.0),06/03/26 23:00:00,Annual,Primary production,Oil and petroleum products (excluding biofuel portion),Gigawatt-hour,Czechia,2005,6881.161,,
ESTAT:NRG_BAL_C(1.0),06/03/26 23:00:00,Annual,Primary production,Oil and petroleum products (excluding biofuel portion),Gigawatt-hour,Czechia,2006,5131.322,,
ESTAT:NRG_BAL_C(1.0),06/03/26 23:00:00,Annual,Primary production,Oil and petroleum products (excluding biofuel portion),Gigawatt-hour,Czechia,2007,5008.039,,
ESTAT:NRG_BAL_C(1.0),06/03/26 23:00:00,Annual,Primary production,Oil and petroleum products (excluding biofuel portion),Gigawatt-hour,Czechia,2008,3986.389,,
ESTAT:NRG_BAL_C(1.0),06/03/26 23:00:00,Annual,Primary production,Oil and petroleum products (excluding biofuel portion),Gigawatt-hour,Czechia,2009,3555.556,,
ESTAT:NRG_BAL_C(1.0),06/03/26 23:00:00,Annual,Primary production,Oil and petroleum products (excluding biofuel portion),Gigawatt-hour,Czechia,2010,3126.222,,
ESTAT:NRG_BAL_C(1.0),06/03/26 23:00:00,Annual,Primary production,Oil and petroleum products (excluding biofuel portion),Gigawatt-hour,Czechia,2011,3885.417,,
ESTAT:NRG_BAL_C(1.0),06/03/26 23:00:00,Annual,Primary production,Oil and petroleum products (excluding biofuel portion),Gigawatt-hour,Czechia,2012,3647.750,,
ESTAT:NRG_BAL_C(1.0),06/03/26 23:00:00,Annual,Primary production,Oil and petroleum products (excluding biofuel portion),Gigawatt-hour,Czechia,2013,2976.876,,
ESTAT:NRG_BAL_C(1.0),06/03/26 23:00:00,Annual,Primary production,Oil and petroleum products (excluding biofuel portion),Gigawatt-hour,Czechia,2014,3028.472,,
ESTAT:NRG_BAL_C(1.0),06/03/26 23:00:00,Annual,Primary production,Oil and petroleum products (excluding biofuel portion),Gigawatt-hour,Czechia,2015,2396.306,,
ESTAT:NRG_BAL_C(1.0),06/03/26 23:00:00,Annual,Primary production,Oil and petroleum products (excluding biofuel portion),Gigawatt-hour,Czechia,2016,2146.056,,
ESTAT:NRG_BAL_C(1.0),06/03/26 23:00:00,Annual,Primary production,Oil and petroleum products (excluding biofuel portion),Gigawatt-hour,Czechia,2017,2424.083,,
ESTAT:NRG_BAL_C(1.0),06/03/26 23:00:00,Annual,Primary production,Oil and petroleum products (excluding biofuel portion),Gigawatt-hour,Czechia,2018,2284.306,,
ESTAT:NRG_BAL_C(1.0),06/03/26 23:00:00,Annual,Primary production,Oil and petroleum products (excluding biofuel portion),Gigawatt-hour,Czechia,2019,1855.972,,
ESTAT:NRG_BAL_C(1.0),06/03/26 23:00:00,Annual,Primary production,Oil and petroleum products (excluding biofuel portion),Gigawatt-hour,Czechia,2020,1119.028,,
ESTAT:NRG_BAL_C(1.0),06/03/26 23:00:00,Annual,Primary production,Oil and petroleum products (excluding biofuel portion),Gigawatt-hour,Czechia,2021,1024.583,,
ESTAT:NRG_BAL_C(1.0),06/03/26 23:00:00,Annual,Primary production,Oil and petroleum products (excluding biofuel portion),Gigawatt-hour,Czechia,2022,919.167,,
ESTAT:NRG_BAL_C(1.0),06/03/26 23:00:00,Annual,Primary production,Oil and petroleum products (excluding biofuel portion),Gigawatt-hour,Czechia,2023,825.556,,
ESTAT:NRG_BAL_C(1.0),06/03/26 23:00:00,Annual,Primary production,Oil and petroleum products (excluding biofuel portion),Gigawatt-hour,Czechia,2024,836.528,,
ESTAT:NRG_BAL_C(1.0),06/03/26 23:00:00,Annual,Primary production,Oil and petroleum products (excluding biofuel portion),Gigawatt-hour,Germany,2005,59342.292,,
ESTAT:NRG_BAL_C(1.0),06/03/26 23:00:00,Annual,Primary production,Oil and petroleum products (excluding biofuel portion),Gigawatt-hour,Germany,2006,59154.403,,
ESTAT:NRG_BAL_C(1.0),06/03/26 23:00:00,Annual,Primary production,Oil and petroleum products (excluding biofuel portion),Gigawatt-hour,Germany,2007,58839.656,,
ESTAT:NRG_BAL_C(1.0),06/03/26 23:00:00,Annual,Primary production,Oil and petroleum products (excluding biofuel portion),Gigawatt-hour,Germany,2008,55777.633,,
ESTAT:NRG_BAL_C(1.0),06/03/26 23:00:00,Annual,Primary production,Oil and petroleum products (excluding biofuel portion),Gigawatt-hour,Germany,2009,50560.273,,
ESTAT:NRG_BAL_C(1.0),06/03/26 23:00:00,Annual,Primary production,Oil and petroleum products (excluding biofuel portion),Gigawatt-hour,Germany,2010,42703.268,,
ESTAT:NRG_BAL_C(1.0),06/03/26 23:00:00,Annual,Primary production,Oil and petroleum products (excluding biofuel portion),Gigawatt-hour,Germany,2011,44279.491,,
ESTAT:NRG_BAL_C(1.0),06/03/26 23:00:00,Annual,Primary production,Oil and petroleum products (excluding biofuel portion),Gigawatt-hour,Germany,2012,43445.329,,
ESTAT:NRG_BAL_C(1.0),06/03/26 23:00:00,Annual,Primary production,Oil and petroleum products (excluding biofuel portion),Gigawatt-hour,Germany,2013,43334.291,,
ESTAT:NRG_BAL_C(1.0),06/03/26 23:00:00,Annual,Primary production,Oil and petroleum products (excluding biofuel portion),Gigawatt-hour,Germany,2014,39963.384,,
ESTAT:NRG_BAL_C(1.0),06/03/26 23:00:00,Annual,Primary production,Oil and petroleum products (excluding biofuel portion),Gigawatt-hour,Germany,2015,41168.339,,
ESTAT:NRG_BAL_C(1.0),06/03/26 23:00:00,Annual,Primary production,Oil and petroleum products (excluding biofuel portion),Gigawatt-hour,Germany,2016,41834.941,,
ESTAT:NRG_BAL_C(1.0),06/03/26 23:00:00,Annual,Primary production,Oil and petroleum products (excluding biofuel portion),Gigawatt-hour,Germany,2017,41048.795,,
ESTAT:NRG_BAL_C(1.0),06/03/26 23:00:00,Annual,Primary production,Oil and petroleum products (excluding biofuel portion),Gigawatt-hour,Germany,2018,40603.089,,
ESTAT:NRG_BAL_C(1.0),06/03/26 23:00:00,Annual,Primary production,Oil and petroleum products (excluding biofuel portion),Gigawatt-hour,Germany,2019,37370.125,,
ESTAT:NRG_BAL_C(1.0),06/03/26 23:00:00,Annual,Primary production,Oil and petroleum products (excluding biofuel portion),Gigawatt-hour,Germany,2020,36186.128,,
ESTAT:NRG_BAL_C(1.0),06/03/26 23:00:00,Annual,Primary production,Oil and petroleum products (excluding biofuel portion),Gigawatt-hour,Germany,2021,34606.328,,
ESTAT:NRG_BAL_C(1.0),06/03/26 23:00:00,Annual,Primary production,Oil and petroleum products (excluding biofuel portion),Gigawatt-hour,Germany,2022,33047.162,,
ESTAT:NRG_BAL_C(1.0),06/03/26 23:00:00,Annual,Primary production,Oil and petroleum products (excluding biofuel portion),Gigawatt-hour,Germany,2023,31756.541,,
ESTAT:NRG_BAL_C(1.0),06/03/26 23:00:00,Annual,Primary production,Oil and petroleum products (excluding biofuel portion),Gigawatt-hour,Germany,2024,32673.839,,
ESTAT:NRG_BAL_C(1.0),06/03/26 23:00:00,Annual,Primary production,Oil and petroleum products (excluding biofuel portion),Gigawatt-hour,Denmark,2005,221175.278,,
ESTAT:NRG_BAL_C(1.0),06/03/26 23:00:00,Annual,Primary production,Oil and petroleum products (excluding biofuel portion),Gigawatt-hour,Denmark,2006,201132.500,,
ESTAT:NRG_BAL_C(1.0),06/03/26 23:00:00,Annual,Primary production,Oil and petroleum products (excluding biofuel portion),Gigawatt-hour,Denmark,2007,181185.278,,
ESTAT:NRG_BAL_C(1.0),06/03/26 23:00:00,Annual,Primary production,Oil and petroleum products (excluding biofuel portion),Gigawatt-hour,Denmark,2008,167640.278,,
ESTAT:NRG_BAL_C(1.0),06/03/26 23:00:00,Annual,Primary production,Oil and petroleum products (excluding biofuel portion),Gigawatt-hour,Denmark,2009,154119.167,,
ESTAT:NRG_BAL_C(1.0),06/03/26 23:00:00,Annual,Primary production,Oil and petroleum products (excluding biofuel portion),Gigawatt-hour,Denmark,2010,145208.611,,
ESTAT:NRG_BAL_C(1.0),06/03/26 23:00:00,Annual,Primary production,Oil and petroleum products (excluding biofuel portion),Gigawatt-hour,Denmark,2011,130684.167,,
ESTAT:NRG_BAL_C(1.0),06/03/26 23:00:00,Annual,Primary production,Oil and petroleum products (excluding biofuel portion),Gigawatt-hour,Denmark,2012,119205.556,,
ESTAT:NRG_BAL_C(1.0),06/03/26 23:00:00,Annual,Primary production,Oil and petroleum products (excluding biofuel portion),Gigawatt-hour,Denmark,2013,103713.611,,
ESTAT:NRG_BAL_C(1.0),06/03/26 23:00:00,Annual,Primary production,Oil and petroleum products (excluding biofuel portion),Gigawatt-hour,Denmark,2014,97120.278,,
ESTAT:NRG_BAL_C(1.0),06/03/26 23:00:00,Annual,Primary production,Oil and petroleum products (excluding biofuel portion),Gigawatt-hour,Denmark,2015,91850.532,,
ESTAT:NRG_BAL_C(1.0),06/03/26 23:00:00,Annual,Primary production,Oil and petroleum products (excluding biofuel portion),Gigawatt-hour,Denmark,2016,82707.801,,
ESTAT:NRG_BAL_C(1.0),06/03/26 23:00:00,Annual,Primary production,Oil and petroleum products (excluding biofuel portion),Gigawatt-hour,Denmark,2017,80469.328,,
ESTAT:NRG_BAL_C(1.0),06/03/26 23:00:00,Annual,Primary production,Oil and petroleum products (excluding biofuel portion),Gigawatt-hour,Denmark,2018,67674.678,,
ESTAT:NRG_BAL_C(1.0),06/03/26 23:00:00,Annual,Primary production,Oil and petroleum products (excluding biofuel portion),Gigawatt-hour,Denmark,2019,59928.073,,
ESTAT:NRG_BAL_C(1.0),06/03/26 23:00:00,Annual,Primary production,Oil and petroleum products (excluding biofuel portion),Gigawatt-hour,Denmark,2020,42046.917,,
ESTAT:NRG_BAL_C(1.0),06/03/26 23:00:00,Annual,Primary production,Oil and petroleum products (excluding biofuel portion),Gigawatt-hour,Denmark,2021,38661.204,,
ESTAT:NRG_BAL_C(1.0),06/03/26 23:00:00,Annual,Primary production,Oil and petroleum products (excluding biofuel portion),Gigawatt-hour,Denmark,2022,38041.383,,
ESTAT:NRG_BAL_C(1.0),06/03/26 23:00:00,Annual,Primary production,Oil and petroleum products (excluding biofuel portion),Gigawatt-hour,Denmark,2023,34901.834,,
ESTAT:NRG_BAL_C(1.0),06/03/26 23:00:00,Annual,Primary production,Oil and petroleum products (excluding biofuel portion),Gigawatt-hour,Denmark,2024,35303.776,,
ESTAT:NRG_BAL_C(1.0),06/03/26 23:00:00,Annual,Primary production,Oil and petroleum products (excluding biofuel portion),Gigawatt-hour,Estonia,2005,0.000,,
ESTAT:NRG_BAL_C(1.0),06/03/26 23:00:00,Annual,Primary production,Oil and petroleum products (excluding biofuel portion),Gigawatt-hour,Estonia,2006,0.000,,
ESTAT:NRG_BAL_C(1.0),06/03/26 23:00:00,Annual,Primary production,Oil and petroleum products (excluding biofuel portion),Gigawatt-hour,Estonia,2007,0.000,,
ESTAT:NRG_BAL_C(1.0),06/03/26 23:00:00,Annual,Primary production,Oil and petroleum products (excluding biofuel portion),Gigawatt-hour,Estonia,2008,0.000,,
ESTAT:NRG_BAL_C(1.0),06/03/26 23:00:00,Annual,Primary production,Oil and petroleum products (excluding biofuel portion),Gigawatt-hour,Estonia,2009,0.000,,
ESTAT:NRG_BAL_C(1.0),06/03/26 23:00:00,Annual,Primary production,Oil and petroleum products (excluding biofuel portion),Gigawatt-hour,Estonia,2010,0.000,,
ESTAT:NRG_BAL_C(1.0),06/03/26 23:00:00,Annual,Primary production,Oil and petroleum products (excluding biofuel portion),Gigawatt-hour,Estonia,2011,0.000,,
ESTAT:NRG_BAL_C(1.0),06/03/26 23:00:00,Annual,Primary production,Oil and petroleum products (excluding biofuel portion),Gigawatt-hour,Estonia,2012,0.000,,
ESTAT:NRG_BAL_C(1.0),06/03/26 23:00:00,Annual,Primary production,Oil and petroleum products (excluding biofuel portion),Gigawatt-hour,Estonia,2013,0.000,,
ESTAT:NRG_BAL_C(1.0),06/03/26 23:00:00,Annual,Primary production,Oil and petroleum products (excluding biofuel portion),Gigawatt-hour,Estonia,2014,0.000,,
ESTAT:NRG_BAL_C(1.0),06/03/26 23:00:00,Annual,Primary production,Oil and petroleum products (excluding biofuel portion),Gigawatt-hour,Estonia,2015,0.000,,
ESTAT:NRG_BAL_C(1.0),06/03/26 23:00:00,Annual,Primary production,Oil and petroleum products (excluding biofuel portion),Gigawatt-hour,Estonia,2016,0.000,,
ESTAT:NRG_BAL_C(1.0),06/03/26 23:00:00,Annual,Primary production,Oil and petroleum products (excluding biofuel portion),Gigawatt-hour,Estonia,2017,0.000,,
ESTAT:NRG_BAL_C(1.0),06/03/26 23:00:00,Annual,Primary production,Oil and petroleum products (excluding biofuel portion),Gigawatt-hour,Estonia,2018,0.000,,
ESTAT:NRG_BAL_C(1.0),06/03/26 23:00:00,Annual,Primary production,Oil and petroleum products (excluding biofuel portion),Gigawatt-hour,Estonia,2019,0.000,,
ESTAT:NRG_BAL_C(1.0),06/03/26 23:00:00,Annual,Primary production,Oil and petroleum products (excluding biofuel portion),Gigawatt-hour,Estonia,2020,0.000,,
ESTAT:NRG_BAL_C(1.0),06/03/26 23:00:00,Annual,Primary production,Oil and petroleum products (excluding biofuel portion),Gigawatt-hour,Estonia,2021,0.000,,
ESTAT:NRG_BAL_C(1.0),06/03/26 23:00:00,Annual,Primary production,Oil and petroleum products (excluding biofuel portion),Gigawatt-hour,Estonia,2022,0.000,,
ESTAT:NRG_BAL_C(1.0),06/03/26 23:00:00,Annual,Primary production,Oil and petroleum products (excluding biofuel portion),Gigawatt-hour,Estonia,2023,0.000,,
ESTAT:NRG_BAL_C(1.0),06/03/26 23:00:00,Annual,Primary production,Oil and petroleum products (excluding biofuel portion),Gigawatt-hour,Estonia,2024,0.000,,
ESTAT:NRG_BAL_C(1.0),06/03/26 23:00:00,Annual,Primary production,Oil and petroleum products (excluding biofuel portion),Gigawatt-hour,Greece,2005,1070.324,,
ESTAT:NRG_BAL_C(1.0),06/03/26 23:00:00,Annual,Primary production,Oil and petroleum products (excluding biofuel portion),Gigawatt-hour,Greece,2006,1006.728,,
ESTAT:NRG_BAL_C(1.0),06/03/26 23:00:00,Annual,Primary production,Oil and petroleum products (excluding biofuel portion),Gigawatt-hour,Greece,2007,865.160,,
ESTAT:NRG_BAL_C(1.0),06/03/26 23:00:00,Annual,Primary production,Oil and petroleum products (excluding biofuel portion),Gigawatt-hour,Greece,2008,659.996,,
ESTAT:NRG_BAL_C(1.0),06/03/26 23:00:00,Annual,Primary production,Oil and petroleum products (excluding biofuel portion),Gigawatt-hour,Greece,2009,847.956,,
ESTAT:NRG_BAL_C(1.0),06/03/26 23:00:00,Annual,Primary production,Oil and petroleum products (excluding biofuel portion),Gigawatt-hour,Greece,2010,1218.936,,
ESTAT:NRG_BAL_C(1.0),06/03/26 23:00:00,Annual,Primary production,Oil and petroleum products (excluding biofuel portion),Gigawatt-hour,Greece,2011,1038.746,,
ESTAT:NRG_BAL_C(1.0),06/03/26 23:00:00,Annual,Primary production,Oil and petroleum products (excluding biofuel portion),Gigawatt-hour,Greece,2012,996.348,,
ESTAT:NRG_BAL_C(1.0),06/03/26 23:00:00,Annual,Primary production,Oil and petroleum products (excluding biofuel portion),Gigawatt-hour,Greece,2013,741.961,,
ESTAT:NRG_BAL_C(1.0),06/03/26 23:00:00,Annual,Primary production,Oil and petroleum products (excluding biofuel portion),Gigawatt-hour,Greece,2014,678.364,,
ESTAT:NRG_BAL_C(1.0),06/03/26 23:00:00,Annual,Primary production,Oil and petroleum products (excluding biofuel portion),Gigawatt-hour,Greece,2015,657.166,,
ESTAT:NRG_BAL_C(1.0),06/03/26 23:00:00,Annual,Primary production,Oil and petroleum products (excluding biofuel portion),Gigawatt-hour,Greece,2016,1865.502,,
ESTAT:NRG_BAL_C(1.0),06/03/26 23:00:00,Annual,Primary production,Oil and petroleum products (excluding biofuel portion),Gigawatt-hour,Greece,2017,1500.595,,
ESTAT:NRG_BAL_C(1.0),06/03/26 23:00:00,Annual,Primary production,Oil and petroleum products (excluding biofuel portion),Gigawatt-hour,Greece,2018,2339.881,,
ESTAT:NRG_BAL_C(1.0),06/03/26 23:00:00,Annual,Primary production,Oil and petroleum products (excluding biofuel portion),Gigawatt-hour,Greece,2019,1912.210,,
ESTAT:NRG_BAL_C(1.0),06/03/26 23:00:00,Annual,Primary production,Oil and petroleum products (excluding biofuel portion),Gigawatt-hour,Greece,2020,1076.383,,
ESTAT:NRG_BAL_C(1.0),06/03/26 23:00:00,Annual,Primary production,Oil and petroleum products (excluding biofuel portion),Gigawatt-hour,Greece,2021,691.191,,
ESTAT:NRG_BAL_C(1.0),06/03/26 23:00:00,Annual,Primary production,Oil and petroleum products (excluding biofuel portion),Gigawatt-hour,Greece,2022,0.000,,
ESTAT:NRG_BAL_C(1.0),06/03/26 23:00:00,Annual,Primary production,Oil and petroleum products (excluding biofuel portion),Gigawatt-hour,Greece,2023,586.060,,
ESTAT:NRG_BAL_C(1.0),06/03/26 23:00:00,Annual,Primary production,Oil and petroleum products (excluding biofuel portion),Gigawatt-hour,Greece,2024,596.076,,
ESTAT:NRG_BAL_C(1.0),06/03/26 23:00:00,Annual,Primary production,Oil and petroleum products (excluding biofuel portion),Gigawatt-hour,Spain,2005,1950.500,,
ESTAT:NRG_BAL_C(1.0),06/03/26 23:00:00,Annual,Primary production,Oil and petroleum products (excluding biofuel portion),Gigawatt-hour,Spain,2006,1633.250,,
ESTAT:NRG_BAL_C(1.0),06/03/26 23:00:00,Annual,Primary production,Oil and petroleum products (excluding biofuel portion),Gigawatt-hour,Spain,2007,1668.500,,
ESTAT:NRG_BAL_C(1.0),06/03/26 23:00:00,Annual,Primary production,Oil and petroleum products (excluding biofuel portion),Gigawatt-hour,Spain,2008,1492.250,,
ESTAT:NRG_BAL_C(1.0),06/03/26 23:00:00,Annual,Primary production,Oil and petroleum products (excluding biofuel portion),Gigawatt-hour,Spain,2009,1233.750,,
ESTAT:NRG_BAL_C(1.0),06/03/26 23:00:00,Annual,Primary production,Oil and petroleum products (excluding biofuel portion),Gigawatt-hour,Spain,2010,1445.250,,
ESTAT:NRG_BAL_C(1.0),06/03/26 23:00:00,Annual,Primary production,Oil and petroleum products (excluding biofuel portion),Gigawatt-hour,Spain,2011,1175.000,,
ESTAT:NRG_BAL_C(1.0),06/03/26 23:00:00,Annual,Primary production,Oil and petroleum products (excluding biofuel portion),Gigawatt-hour,Spain,2012,1668.500,,
ESTAT:NRG_BAL_C(1.0),06/03/26 23:00:00,Annual,Primary production,Oil and petroleum products (excluding biofuel portion),Gigawatt-hour,Spain,2013,4324.000,,
ESTAT:NRG_BAL_C(1.0),06/03/26 23:00:00,Annual,Primary production,Oil and petroleum products (excluding biofuel portion),Gigawatt-hour,Spain,2014,3583.750,,
ESTAT:NRG_BAL_C(1.0),06/03/26 23:00:00,Annual,Primary production,Oil and petroleum products (excluding biofuel portion),Gigawatt-hour,Spain,2015,2726.000,,
ESTAT:NRG_BAL_C(1.0),06/03/26 23:00:00,Annual,Primary production,Oil and petroleum products (excluding biofuel portion),Gigawatt-hour,Spain,2016,1656.750,,
ESTAT:NRG_BAL_C(1.0),06/03/26 23:00:00,Annual,Primary production,Oil and petroleum products (excluding biofuel portion),Gigawatt-hour,Spain,2017,1410.000,,
ESTAT:NRG_BAL_C(1.0),06/03/26 23:00:00,Annual,Primary production,Oil and petroleum products (excluding biofuel portion),Gigawatt-hour,Spain,2018,1022.250,,
ESTAT:NRG_BAL_C(1.0),06/03/26 23:00:00,Annual,Primary production,Oil and petroleum products (excluding biofuel portion),Gigawatt-hour,Spain,2019,470.000,,
ESTAT:NRG_BAL_C(1.0),06/03/26 23:00:00,Annual,Primary production,Oil and petroleum products (excluding biofuel portion),Gigawatt-hour,Spain,2020,329.000,,
ESTAT:NRG_BAL_C(1.0),06/03/26 23:00:00,Annual,Primary production,Oil and petroleum products (excluding biofuel portion),Gigawatt-hour,Spain,2021,68.338,,
ESTAT:NRG_BAL_C(1.0),06/03/26 23:00:00,Annual,Primary production,Oil and petroleum products (excluding biofuel portion),Gigawatt-hour,Spain,2022,10.716,,
ESTAT:NRG_BAL_C(1.0),06/03/26 23:00:00,Annual,Primary production,Oil and petroleum products (excluding biofuel portion),Gigawatt-hour,Spain,2023,7.896,,
ESTAT:NRG_BAL_C(1.0),06/03/26 23:00:00,Annual,Primary production,Oil and petroleum products (excluding biofuel portion),Gigawatt-hour,Spain,2024,7.038,,
ESTAT:NRG_BAL_C(1.0),06/03/26 23:00:00,Annual,Primary production,Oil and petroleum products (excluding biofuel portion),Gigawatt-hour,Finland,2005,1747.222,,
ESTAT:NRG_BAL_C(1.0),06/03/26 23:00:00,Annual,Primary production,Oil and petroleum products (excluding biofuel portion),Gigawatt-hour,Finland,2006,1770.833,,
ESTAT:NRG_BAL_C(1.0),06/03/26 23:00:00,Annual,Primary production,Oil and petroleum products (excluding biofuel portion),Gigawatt-hour,Finland,2007,472.222,,
ESTAT:NRG_BAL_C(1.0),06/03/26 23:00:00,Annual,Primary production,Oil and petroleum products (excluding biofuel portion),Gigawatt-hour,Finland,2008,259.722,,
ESTAT:NRG_BAL_C(1.0),06/03/26 23:00:00,Annual,Primary production,Oil and petroleum products (excluding biofuel portion),Gigawatt-hour,Finland,2009,1145.139,,
ESTAT:NRG_BAL_C(1.0),06/03/26 23:00:00,Annual,Primary production,Oil and petroleum products (excluding biofuel portion),Gigawatt-hour,Finland,2010,790.972,,
ESTAT:NRG_BAL_C(1.0),06/03/26 23:00:00,Annual,Primary production,Oil and petroleum products (excluding biofuel portion),Gigawatt-hour,Finland,2011,708.333,,
ESTAT:NRG_BAL_C(1.0),06/03/26 23:00:00,Annual,Primary production,Oil and petroleum products (excluding biofuel portion),Gigawatt-hour,Finland,2012,826.389,,
ESTAT:NRG_BAL_C(1.0),06/03/26 23:00:00,Annual,Primary production,Oil and petroleum products (excluding biofuel portion),Gigawatt-hour,Finland,2013,0.000,,
ESTAT:NRG_BAL_C(1.0),06/03/26 23:00:00,Annual,Primary production,Oil and petroleum products (excluding biofuel portion),Gigawatt-hour,Finland,2014,0.000,,
ESTAT:NRG_BAL_C(1.0),06/03/26 23:00:00,Annual,Primary production,Oil and petroleum products (excluding biofuel portion),Gigawatt-hour,Finland,2015,0.000,,
ESTAT:NRG_BAL_C(1.0),06/03/26 23:00:00,Annual,Primary production,Oil and petroleum products (excluding biofuel portion),Gigawatt-hour,Finland,2016,0.000,,
ESTAT:NRG_BAL_C(1.0),06/03/26 23:00:00,Annual,Primary production,Oil and petroleum products (excluding biofuel portion),Gigawatt-hour,Finland,2017,0.000,,
ESTAT:NRG_BAL_C(1.0),06/03/26 23:00:00,Annual,Primary production,Oil and petroleum products (excluding biofuel portion),Gigawatt-hour,Finland,2018,0.000,,
ESTAT:NRG_BAL_C(1.0),06/03/26 23:00:00,Annual,Primary production,Oil and petroleum products (excluding biofuel portion),Gigawatt-hour,Finland,2019,0.000,,
ESTAT:NRG_BAL_C(1.0),06/03/26 23:00:00,Annual,Primary production,Oil and petroleum products (excluding biofuel portion),Gigawatt-hour,Finland,2020,0.000,,
ESTAT:NRG_BAL_C(1.0),06/03/26 23:00:00,Annual,Primary production,Oil and petroleum products (excluding biofuel portion),Gigawatt-hour,Finland,2021,0.000,,
ESTAT:NRG_BAL_C(1.0),06/03/26 23:00:00,Annual,Primary production,Oil and petroleum products (excluding biofuel portion),Gigawatt-hour,Finland,2022,0.000,,
ESTAT:NRG_BAL_C(1.0),06/03/26 23:00:00,Annual,Primary production,Oil and petroleum products (excluding biofuel portion),Gigawatt-hour,Finland,2023,0.000,,
ESTAT:NRG_BAL_C(1.0),06/03/26 23:00:00,Annual,Primary production,Oil and petroleum products (excluding biofuel portion),Gigawatt-hour,Finland,2024,0.000,,
ESTAT:NRG_BAL_C(1.0),06/03/26 23:00:00,Annual,Primary production,Oil and petroleum products (excluding biofuel portion),Gigawatt-hour,France,2005,17099.165,,
ESTAT:NRG_BAL_C(1.0),06/03/26 23:00:00,Annual,Primary production,Oil and petroleum products (excluding biofuel portion),Gigawatt-hour,France,2006,15529.596,,
ESTAT:NRG_BAL_C(1.0),06/03/26 23:00:00,Annual,Primary production,Oil and petroleum products (excluding biofuel portion),Gigawatt-hour,France,2007,15642.159,,
ESTAT:NRG_BAL_C(1.0),06/03/26 23:00:00,Annual,Primary production,Oil and petroleum products (excluding biofuel portion),Gigawatt-hour,France,2008,16894.179,,
ESTAT:NRG_BAL_C(1.0),06/03/26 23:00:00,Annual,Primary production,Oil and petroleum products (excluding biofuel portion),Gigawatt-hour,France,2009,14728.107,,
ESTAT:NRG_BAL_C(1.0),06/03/26 23:00:00,Annual,Primary production,Oil and petroleum products (excluding biofuel portion),Gigawatt-hour,France,2010,13866.621,,
ESTAT:NRG_BAL_C(1.0),06/03/26 23:00:00,Annual,Primary production,Oil and petroleum products (excluding biofuel portion),Gigawatt-hour,France,2011,12967.074,,
ESTAT:NRG_BAL_C(1.0),06/03/26 23:00:00,Annual,Primary production,Oil and petroleum products (excluding biofuel portion),Gigawatt-hour,France,2012,11776.751,,
ESTAT:NRG_BAL_C(1.0),06/03/26 23:00:00,Annual,Primary production,Oil and petroleum products (excluding biofuel portion),Gigawatt-hour,France,2013,12300.291,,
ESTAT:NRG_BAL_C(1.0),06/03/26 23:00:00,Annual,Primary production,Oil and petroleum products (excluding biofuel portion),Gigawatt-hour,France,2014,11926.600,,
ESTAT:NRG_BAL_C(1.0),06/03/26 23:00:00,Annual,Primary production,Oil and petroleum products (excluding biofuel portion),Gigawatt-hour,France,2015,12212.249,,
ESTAT:NRG_BAL_C(1.0),06/03/26 23:00:00,Annual,Primary production,Oil and petroleum products (excluding biofuel portion),Gigawatt-hour,France,2016,11472.842,,
ESTAT:NRG_BAL_C(1.0),06/03/26 23:00:00,Annual,Primary production,Oil and petroleum products (excluding biofuel portion),Gigawatt-hour,France,2017,11094.518,,
ESTAT:NRG_BAL_C(1.0),06/03/26 23:00:00,Annual,Primary production,Oil and petroleum products (excluding biofuel portion),Gigawatt-hour,France,2018,10598.106,,
ESTAT:NRG_BAL_C(1.0),06/03/26 23:00:00,Annual,Primary production,Oil and petroleum products (excluding biofuel portion),Gigawatt-hour,France,2019,11027.547,,
ESTAT:NRG_BAL_C(1.0),06/03/26 23:00:00,Annual,Primary production,Oil and petroleum products (excluding biofuel portion),Gigawatt-hour,France,2020,9405.031,,
ESTAT:NRG_BAL_C(1.0),06/03/26 23:00:00,Annual,Primary production,Oil and petroleum products (excluding biofuel portion),Gigawatt-hour,France,2021,9852.426,,
ESTAT:NRG_BAL_C(1.0),06/03/26 23:00:00,Annual,Primary production,Oil and petroleum products (excluding biofuel portion),Gigawatt-hour,France,2022,9115.280,,
ESTAT:NRG_BAL_C(1.0),06/03/26 23:00:00,Annual,Primary production,Oil and petroleum products (excluding biofuel portion),Gigawatt-hour,France,2023,9124.101,,
ESTAT:NRG_BAL_C(1.0),06/03/26 23:00:00,Annual,Primary production,Oil and petroleum products (excluding biofuel portion),Gigawatt-hour,France,2024,8891.312,,
ESTAT:NRG_BAL_C(1.0),06/03/26 23:00:00,Annual,Primary production,Oil and petroleum products (excluding biofuel portion),Gigawatt-hour,Croatia,2005,12027.599,,
ESTAT:NRG_BAL_C(1.0),06/03/26 23:00:00,Annual,Primary production,Oil and petroleum products (excluding biofuel portion),Gigawatt-hour,Croatia,2006,11653.076,,
ESTAT:NRG_BAL_C(1.0),06/03/26 23:00:00,Annual,Primary production,Oil and petroleum products (excluding biofuel portion),Gigawatt-hour,Croatia,2007,11076.695,,
ESTAT:NRG_BAL_C(1.0),06/03/26 23:00:00,Annual,Primary production,Oil and petroleum products (excluding biofuel portion),Gigawatt-hour,Croatia,2008,10336.016,,
ESTAT:NRG_BAL_C(1.0),06/03/26 23:00:00,Annual,Primary production,Oil and petroleum products (excluding biofuel portion),Gigawatt-hour,Croatia,2009,9624.932,,
ESTAT:NRG_BAL_C(1.0),06/03/26 23:00:00,Annual,Primary production,Oil and petroleum products (excluding biofuel portion),Gigawatt-hour,Croatia,2010,8894.927,,
ESTAT:NRG_BAL_C(1.0),06/03/26 23:00:00,Annual,Primary production,Oil and petroleum products (excluding biofuel portion),Gigawatt-hour,Croatia,2011,8222.749,,
ESTAT:NRG_BAL_C(1.0),06/03/26 23:00:00,Annual,Primary production,Oil and petroleum products (excluding biofuel portion),Gigawatt-hour,Croatia,2012,7343.371,,
ESTAT:NRG_BAL_C(1.0),06/03/26 23:00:00,Annual,Primary production,Oil and petroleum products (excluding biofuel portion),Gigawatt-hour,Croatia,2013,7139.203,,
ESTAT:NRG_BAL_C(1.0),06/03/26 23:00:00,Annual,Primary production,Oil and petroleum products (excluding biofuel portion),Gigawatt-hour,Croatia,2014,7108.856,,
ESTAT:NRG_BAL_C(1.0),06/03/26 23:00:00,Annual,Primary production,Oil and petroleum products (excluding biofuel portion),Gigawatt-hour,Croatia,2015,8060.337,,
ESTAT:NRG_BAL_C(1.0),06/03/26 23:00:00,Annual,Primary production,Oil and petroleum products (excluding biofuel portion),Gigawatt-hour,Croatia,2016,8869.544,,
ESTAT:NRG_BAL_C(1.0),06/03/26 23:00:00,Annual,Primary production,Oil and petroleum products (excluding biofuel portion),Gigawatt-hour,Croatia,2017,8992.920,,
ESTAT:NRG_BAL_C(1.0),06/03/26 23:00:00,Annual,Primary production,Oil and petroleum products (excluding biofuel portion),Gigawatt-hour,Croatia,2018,8906.461,,
ESTAT:NRG_BAL_C(1.0),06/03/26 23:00:00,Annual,Primary production,Oil and petroleum products (excluding biofuel portion),Gigawatt-hour,Croatia,2019,8630.679,,
ESTAT:NRG_BAL_C(1.0),06/03/26 23:00:00,Annual,Primary production,Oil and petroleum products (excluding biofuel portion),Gigawatt-hour,Croatia,2020,7693.861,,
ESTAT:NRG_BAL_C(1.0),06/03/26 23:00:00,Annual,Primary production,Oil and petroleum products (excluding biofuel portion),Gigawatt-hour,Croatia,2021,7347.423,,
ESTAT:NRG_BAL_C(1.0),06/03/26 23:00:00,Annual,Primary production,Oil and petroleum products (excluding biofuel portion),Gigawatt-hour,Croatia,2022,7057.325,,
ESTAT:NRG_BAL_C(1.0),06/03/26 23:00:00,Annual,Primary production,Oil and petroleum products (excluding biofuel portion),Gigawatt-hour,Croatia,2023,6800.051,,
ESTAT:NRG_BAL_C(1.0),06/03/26 23:00:00,Annual,Primary production,Oil and petroleum products (excluding biofuel portion),Gigawatt-hour,Croatia,2024,6387.348,,
ESTAT:NRG_BAL_C(1.0),06/03/26 23:00:00,Annual,Primary production,Oil and petroleum products (excluding biofuel portion),Gigawatt-hour,Hungary,2005,16388.444,,
ESTAT:NRG_BAL_C(1.0),06/03/26 23:00:00,Annual,Primary production,Oil and petroleum products (excluding biofuel portion),Gigawatt-hour,Hungary,2006,15793.167,,
ESTAT:NRG_BAL_C(1.0),06/03/26 23:00:00,Annual,Primary production,Oil and petroleum products (excluding biofuel portion),Gigawatt-hour,Hungary,2007,14113.038,,
ESTAT:NRG_BAL_C(1.0),06/03/26 23:00:00,Annual,Primary production,Oil and petroleum products (excluding biofuel portion),Gigawatt-hour,Hungary,2008,14483.308,,
ESTAT:NRG_BAL_C(1.0),06/03/26 23:00:00,Annual,Primary production,Oil and petroleum products (excluding biofuel portion),Gigawatt-hour,Hungary,2009,14021.889,,
ESTAT:NRG_BAL_C(1.0),06/03/26 23:00:00,Annual,Primary production,Oil and petroleum products (excluding biofuel portion),Gigawatt-hour,Hungary,2010,12607.556,,
ESTAT:NRG_BAL_C(1.0),06/03/26 23:00:00,Annual,Primary production,Oil and petroleum products (excluding biofuel portion),Gigawatt-hour,Hungary,2011,11146.444,,
ESTAT:NRG_BAL_C(1.0),06/03/26 23:00:00,Annual,Primary production,Oil and petroleum products (excluding biofuel portion),Gigawatt-hour,Hungary,2012,11982.000,,
ESTAT:NRG_BAL_C(1.0),06/03/26 23:00:00,Annual,Primary production,Oil and petroleum products (excluding biofuel portion),Gigawatt-hour,Hungary,2013,10203.944,,
ESTAT:NRG_BAL_C(1.0),06/03/26 23:00:00,Annual,Primary production,Oil and petroleum products (excluding biofuel portion),Gigawatt-hour,Hungary,2014,9739.778,,
ESTAT:NRG_BAL_C(1.0),06/03/26 23:00:00,Annual,Primary production,Oil and petroleum products (excluding biofuel portion),Gigawatt-hour,Hungary,2015,10071.500,,
ESTAT:NRG_BAL_C(1.0),06/03/26 23:00:00,Annual,Primary production,Oil and petroleum products (excluding biofuel portion),Gigawatt-hour,Hungary,2016,11535.222,,
ESTAT:NRG_BAL_C(1.0),06/03/26 23:00:00,Annual,Primary production,Oil and petroleum products (excluding biofuel portion),Gigawatt-hour,Hungary,2017,12157.944,,
ESTAT:NRG_BAL_C(1.0),06/03/26 23:00:00,Annual,Primary production,Oil and petroleum products (excluding biofuel portion),Gigawatt-hour,Hungary,2018,12887.722,,
ESTAT:NRG_BAL_C(1.0),06/03/26 23:00:00,Annual,Primary production,Oil and petroleum products (excluding biofuel portion),Gigawatt-hour,Hungary,2019,13530.222,,
ESTAT:NRG_BAL_C(1.0),06/03/26 23:00:00,Annual,Primary production,Oil and petroleum products (excluding biofuel portion),Gigawatt-hour,Hungary,2020,12007.778,,
ESTAT:NRG_BAL_C(1.0),06/03/26 23:00:00,Annual,Primary production,Oil and petroleum products (excluding biofuel portion),Gigawatt-hour,Hungary,2021,12677.278,,
ESTAT:NRG_BAL_C(1.0),06/03/26 23:00:00,Annual,Primary production,Oil and petroleum products (excluding biofuel portion),Gigawatt-hour,Hungary,2022,12594.333,,
ESTAT:NRG_BAL_C(1.0),06/03/26 23:00:00,Annual,Primary production,Oil and petroleum products (excluding biofuel portion),Gigawatt-hour,Hungary,2023,13162.278,,
ESTAT:NRG_BAL_C(1.0),06/03/26 23:00:00,Annual,Primary production,Oil and petroleum products (excluding biofuel portion),Gigawatt-hour,Hungary,2024,14790.167,,
ESTAT:NRG_BAL_C(1.0),06/03/26 23:00:00,Annual,Primary production,Oil and petroleum products (excluding biofuel portion),Gigawatt-hour,Ireland,2005,0.000,,
ESTAT:NRG_BAL_C(1.0),06/03/26 23:00:00,Annual,Primary production,Oil and petroleum products (excluding biofuel portion),Gigawatt-hour,Ireland,2006,0.000,,
ESTAT:NRG_BAL_C(1.0),06/03/26 23:00:00,Annual,Primary production,Oil and petroleum products (excluding biofuel portion),Gigawatt-hour,Ireland,2007,0.000,,
ESTAT:NRG_BAL_C(1.0),06/03/26 23:00:00,Annual,Primary production,Oil and petroleum products (excluding biofuel portion),Gigawatt-hour,Ireland,2008,0.000,,
ESTAT:NRG_BAL_C(1.0),06/03/26 23:00:00,Annual,Primary production,Oil and petroleum products (excluding biofuel portion),Gigawatt-hour,Ireland,2009,0.000,,
ESTAT:NRG_BAL_C(1.0),06/03/26 23:00:00,Annual,Primary production,Oil and petroleum products (excluding biofuel portion),Gigawatt-hour,Ireland,2010,0.000,,
ESTAT:NRG_BAL_C(1.0),06/03/26 23:00:00,Annual,Primary production,Oil and petroleum products (excluding biofuel portion),Gigawatt-hour,Ireland,2011,0.000,,
ESTAT:NRG_BAL_C(1.0),06/03/26 23:00:00,Annual,Primary production,Oil and petroleum products (excluding biofuel portion),Gigawatt-hour,Ireland,2012,0.000,,
ESTAT:NRG_BAL_C(1.0),06/03/26 23:00:00,Annual,Primary production,Oil and petroleum products (excluding biofuel portion),Gigawatt-hour,Ireland,2013,0.000,,
ESTAT:NRG_BAL_C(1.0),06/03/26 23:00:00,Annual,Primary production,Oil and petroleum products (excluding biofuel portion),Gigawatt-hour,Ireland,2014,0.000,,
ESTAT:NRG_BAL_C(1.0),06/03/26 23:00:00,Annual,Primary production,Oil and petroleum products (excluding biofuel portion),Gigawatt-hour,Ireland,2015,0.000,,
ESTAT:NRG_BAL_C(1.0),06/03/26 23:00:00,Annual,Primary production,Oil and petroleum products (excluding biofuel portion),Gigawatt-hour,Ireland,2016,0.000,,
ESTAT:NRG_BAL_C(1.0),06/03/26 23:00:00,Annual,Primary production,Oil and petroleum products (excluding biofuel portion),Gigawatt-hour,Ireland,2017,0.000,,
ESTAT:NRG_BAL_C(1.0),06/03/26 23:00:00,Annual,Primary production,Oil and petroleum products (excluding biofuel portion),Gigawatt-hour,Ireland,2018,0.000,,
ESTAT:NRG_BAL_C(1.0),06/03/26 23:00:00,Annual,Primary production,Oil and petroleum products (excluding biofuel portion),Gigawatt-hour,Ireland,2019,0.000,,
ESTAT:NRG_BAL_C(1.0),06/03/26 23:00:00,Annual,Primary production,Oil and petroleum products (excluding biofuel portion),Gigawatt-hour,Ireland,2020,0.000,,
ESTAT:NRG_BAL_C(1.0),06/03/26 23:00:00,Annual,Primary production,Oil and petroleum products (excluding biofuel portion),Gigawatt-hour,Ireland,2021,0.000,,
ESTAT:NRG_BAL_C(1.0),06/03/26 23:00:00,Annual,Primary production,Oil and petroleum products (excluding biofuel portion),Gigawatt-hour,Ireland,2022,0.000,,
ESTAT:NRG_BAL_C(1.0),06/03/26 23:00:00,Annual,Primary production,Oil and petroleum products (excluding biofuel portion),Gigawatt-hour,Ireland,2023,0.000,,
ESTAT:NRG_BAL_C(1.0),06/03/26 23:00:00,Annual,Primary production,Oil and petroleum products (excluding biofuel portion),Gigawatt-hour,Ireland,2024,0.000,,
ESTAT:NRG_BAL_C(1.0),06/03/26 23:00:00,Annual,Primary production,Oil and petroleum products (excluding biofuel portion),Gigawatt-hour,Italy,2005,72808.842,,
ESTAT:NRG_BAL_C(1.0),06/03/26 23:00:00,Annual,Primary production,Oil and petroleum products (excluding biofuel portion),Gigawatt-hour,Italy,2006,70974.405,,
ESTAT:NRG_BAL_C(1.0),06/03/26 23:00:00,Annual,Primary production,Oil and petroleum products (excluding biofuel portion),Gigawatt-hour,Italy,2007,73365.341,,
ESTAT:NRG_BAL_C(1.0),06/03/26 23:00:00,Annual,Primary production,Oil and petroleum products (excluding biofuel portion),Gigawatt-hour,Italy,2008,66111.971,,
ESTAT:NRG_BAL_C(1.0),06/03/26 23:00:00,Annual,Primary production,Oil and petroleum products (excluding biofuel portion),Gigawatt-hour,Italy,2009,57181.609,,
ESTAT:NRG_BAL_C(1.0),06/03/26 23:00:00,Annual,Primary production,Oil and petroleum products (excluding biofuel portion),Gigawatt-hour,Italy,2010,64665.512,,
ESTAT:NRG_BAL_C(1.0),06/03/26 23:00:00,Annual,Primary production,Oil and petroleum products (excluding biofuel portion),Gigawatt-hour,Italy,2011,64902.293,,
ESTAT:NRG_BAL_C(1.0),06/03/26 23:00:00,Annual,Primary production,Oil and petroleum products (excluding biofuel portion),Gigawatt-hour,Italy,2012,65469.580,,
ESTAT:NRG_BAL_C(1.0),06/03/26 23:00:00,Annual,Primary production,Oil and petroleum products (excluding biofuel portion),Gigawatt-hour,Italy,2013,66844.014,,
ESTAT:NRG_BAL_C(1.0),06/03/26 23:00:00,Annual,Primary production,Oil and petroleum products (excluding biofuel portion),Gigawatt-hour,Italy,2014,69581.129,,
ESTAT:NRG_BAL_C(1.0),06/03/26 23:00:00,Annual,Primary production,Oil and petroleum products (excluding biofuel portion),Gigawatt-hour,Italy,2015,67316.100,,
ESTAT:NRG_BAL_C(1.0),06/03/26 23:00:00,Annual,Primary production,Oil and petroleum products (excluding biofuel portion),Gigawatt-hour,Italy,2016,46854.869,,
ESTAT:NRG_BAL_C(1.0),06/03/26 23:00:00,Annual,Primary production,Oil and petroleum products (excluding biofuel portion),Gigawatt-hour,Italy,2017,51824.940,,
ESTAT:NRG_BAL_C(1.0),06/03/26 23:00:00,Annual,Primary production,Oil and petroleum products (excluding biofuel portion),Gigawatt-hour,Italy,2018,59202.545,,
ESTAT:NRG_BAL_C(1.0),06/03/26 23:00:00,Annual,Primary production,Oil and petroleum products (excluding biofuel portion),Gigawatt-hour,Italy,2019,54754.571,,
ESTAT:NRG_BAL_C(1.0),06/03/26 23:00:00,Annual,Primary production,Oil and petroleum products (excluding biofuel portion),Gigawatt-hour,Italy,2020,68105.111,,
ESTAT:NRG_BAL_C(1.0),06/03/26 23:00:00,Annual,Primary production,Oil and petroleum products (excluding biofuel portion),Gigawatt-hour,Italy,2021,60802.542,,
ESTAT:NRG_BAL_C(1.0),06/03/26 23:00:00,Annual,Primary production,Oil and petroleum products (excluding biofuel portion),Gigawatt-hour,Italy,2022,56101.336,,
ESTAT:NRG_BAL_C(1.0),06/03/26 23:00:00,Annual,Primary production,Oil and petroleum products (excluding biofuel portion),Gigawatt-hour,Italy,2023,64522.724,,
ESTAT:NRG_BAL_C(1.0),06/03/26 23:00:00,Annual,Primary production,Oil and petroleum products (excluding biofuel portion),Gigawatt-hour,Italy,2024,53984.306,,
ESTAT:NRG_BAL_C(1.0),06/03/26 23:00:00,Annual,Primary production,Oil and petroleum products (excluding biofuel portion),Gigawatt-hour,Lithuania,2005,2558.400,,
ESTAT:NRG_BAL_C(1.0),06/03/26 23:00:00,Annual,Primary production,Oil and petroleum products (excluding biofuel portion),Gigawatt-hour,Lithuania,2006,2143.844,,
ESTAT:NRG_BAL_C(1.0),06/03/26 23:00:00,Annual,Primary production,Oil and petroleum products (excluding biofuel portion),Gigawatt-hour,Lithuania,2007,1830.033,,
ESTAT:NRG_BAL_C(1.0),06/03/26 23:00:00,Annual,Primary production,Oil and petroleum products (excluding biofuel portion),Gigawatt-hour,Lithuania,2008,1521.067,,
ESTAT:NRG_BAL_C(1.0),06/03/26 23:00:00,Annual,Primary production,Oil and petroleum products (excluding biofuel portion),Gigawatt-hour,Lithuania,2009,1366.583,,
ESTAT:NRG_BAL_C(1.0),06/03/26 23:00:00,Annual,Primary production,Oil and petroleum products (excluding biofuel portion),Gigawatt-hour,Lithuania,2010,1366.583,,
ESTAT:NRG_BAL_C(1.0),06/03/26 23:00:00,Annual,Primary production,Oil and petroleum products (excluding biofuel portion),Gigawatt-hour,Lithuania,2011,1354.700,,
ESTAT:NRG_BAL_C(1.0),06/03/26 23:00:00,Annual,Primary production,Oil and petroleum products (excluding biofuel portion),Gigawatt-hour,Lithuania,2012,1212.100,,
ESTAT:NRG_BAL_C(1.0),06/03/26 23:00:00,Annual,Primary production,Oil and petroleum products (excluding biofuel portion),Gigawatt-hour,Lithuania,2013,1021.967,,
ESTAT:NRG_BAL_C(1.0),06/03/26 23:00:00,Annual,Primary production,Oil and petroleum products (excluding biofuel portion),Gigawatt-hour,Lithuania,2014,974.433,,
ESTAT:NRG_BAL_C(1.0),06/03/26 23:00:00,Annual,Primary production,Oil and petroleum products (excluding biofuel portion),Gigawatt-hour,Lithuania,2015,873.750,,
ESTAT:NRG_BAL_C(1.0),06/03/26 23:00:00,Annual,Primary production,Oil and petroleum products (excluding biofuel portion),Gigawatt-hour,Lithuania,2016,752.356,,
ESTAT:NRG_BAL_C(1.0),06/03/26 23:00:00,Annual,Primary production,Oil and petroleum products (excluding biofuel portion),Gigawatt-hour,Lithuania,2017,657.136,,
ESTAT:NRG_BAL_C(1.0),06/03/26 23:00:00,Annual,Primary production,Oil and petroleum products (excluding biofuel portion),Gigawatt-hour,Lithuania,2018,540.756,,
ESTAT:NRG_BAL_C(1.0),06/03/26 23:00:00,Annual,Primary production,Oil and petroleum products (excluding biofuel portion),Gigawatt-hour,Lithuania,2019,464.632,,
ESTAT:NRG_BAL_C(1.0),06/03/26 23:00:00,Annual,Primary production,Oil and petroleum products (excluding biofuel portion),Gigawatt-hour,Lithuania,2020,370.300,,
ESTAT:NRG_BAL_C(1.0),06/03/26 23:00:00,Annual,Primary production,Oil and petroleum products (excluding biofuel portion),Gigawatt-hour,Lithuania,2021,335.033,,
ESTAT:NRG_BAL_C(1.0),06/03/26 23:00:00,Annual,Primary production,Oil and petroleum products (excluding biofuel portion),Gigawatt-hour,Lithuania,2022,318.000,,
ESTAT:NRG_BAL_C(1.0),06/03/26 23:00:00,Annual,Primary production,Oil and petroleum products (excluding biofuel portion),Gigawatt-hour,Lithuania,2023,273.992,,
ESTAT:NRG_BAL_C(1.0),06/03/26 23:00:00,Annual,Primary production,Oil and petroleum products (excluding biofuel portion),Gigawatt-hour,Lithuania,2024,257.386,,
ESTAT:NRG_BAL_C(1.0),06/03/26 23:00:00,Annual,Primary production,Oil and petroleum products (excluding biofuel portion),Gigawatt-hour,Luxembourg,2005,0.000,,
ESTAT:NRG_BAL_C(1.0),06/03/26 23:00:00,Annual,Primary production,Oil and petroleum products (excluding biofuel portion),Gigawatt-hour,Luxembourg,2006,0.000,,
ESTAT:NRG_BAL_C(1.0),06/03/26 23:00:00,Annual,Primary production,Oil and petroleum products (excluding biofuel portion),Gigawatt-hour,Luxembourg,2007,0.000,,
ESTAT:NRG_BAL_C(1.0),06/03/26 23:00:00,Annual,Primary production,Oil and petroleum products (excluding biofuel portion),Gigawatt-hour,Luxembourg,2008,0.000,,
ESTAT:NRG_BAL_C(1.0),06/03/26 23:00:00,Annual,Primary production,Oil and petroleum products (excluding biofuel portion),Gigawatt-hour,Luxembourg,2009,0.000,,
ESTAT:NRG_BAL_C(1.0),06/03/26 23:00:00,Annual,Primary production,Oil and petroleum products (excluding biofuel portion),Gigawatt-hour,Luxembourg,2010,0.000,,
ESTAT:NRG_BAL_C(1.0),06/03/26 23:00:00,Annual,Primary production,Oil and petroleum products (excluding biofuel portion),Gigawatt-hour,Luxembourg,2011,0.000,,
ESTAT:NRG_BAL_C(1.0),06/03/26 23:00:00,Annual,Primary production,Oil and petroleum products (excluding biofuel portion),Gigawatt-hour,Luxembourg,2012,0.000,,
ESTAT:NRG_BAL_C(1.0),06/03/26 23:00:00,Annual,Primary production,Oil and petroleum products (excluding biofuel portion),Gigawatt-hour,Luxembourg,2013,0.000,,
ESTAT:NRG_BAL_C(1.0),06/03/26 23:00:00,Annual,Primary production,Oil and petroleum products (excluding biofuel portion),Gigawatt-hour,Luxembourg,2014,0.000,,
ESTAT:NRG_BAL_C(1.0),06/03/26 23:00:00,Annual,Primary production,Oil and petroleum products (excluding biofuel portion),Gigawatt-hour,Luxembourg,2015,0.000,,
ESTAT:NRG_BAL_C(1.0),06/03/26 23:00:00,Annual,Primary production,Oil and petroleum products (excluding biofuel portion),Gigawatt-hour,Luxembourg,2016,0.000,,
ESTAT:NRG_BAL_C(1.0),06/03/26 23:00:00,Annual,Primary production,Oil and petroleum products (excluding biofuel portion),Gigawatt-hour,Luxembourg,2017,0.000,,
ESTAT:NRG_BAL_C(1.0),06/03/26 23:00:00,Annual,Primary production,Oil and petroleum products (excluding biofuel portion),Gigawatt-hour,Luxembourg,2018,0.000,,
ESTAT:NRG_BAL_C(1.0),06/03/26 23:00:00,Annual,Primary production,Oil and petroleum products (excluding biofuel portion),Gigawatt-hour,Luxembourg,2019,0.000,,
ESTAT:NRG_BAL_C(1.0),06/03/26 23:00:00,Annual,Primary production,Oil and petroleum products (excluding biofuel portion),Gigawatt-hour,Luxembourg,2020,0.000,,
ESTAT:NRG_BAL_C(1.0),06/03/26 23:00:00,Annual,Primary production,Oil and petroleum products (excluding biofuel portion),Gigawatt-hour,Luxembourg,2021,0.000,,
ESTAT:NRG_BAL_C(1.0),06/03/26 23:00:00,Annual,Primary production,Oil and petroleum products (excluding biofuel portion),Gigawatt-hour,Luxembourg,2022,0.000,,
ESTAT:NRG_BAL_C(1.0),06/03/26 23:00:00,Annual,Primary production,Oil and petroleum products (excluding biofuel portion),Gigawatt-hour,Luxembourg,2023,0.000,,
ESTAT:NRG_BAL_C(1.0),06/03/26 23:00:00,Annual,Primary production,Oil and petroleum products (excluding biofuel portion),Gigawatt-hour,Luxembourg,2024,0.000,,
ESTAT:NRG_BAL_C(1.0),06/03/26 23:00:00,Annual,Primary production,Oil and petroleum products (excluding biofuel portion),Gigawatt-hour,Latvia,2005,0.000,,
ESTAT:NRG_BAL_C(1.0),06/03/26 23:00:00,Annual,Primary production,Oil and petroleum products (excluding biofuel portion),Gigawatt-hour,Latvia,2006,0.000,,
ESTAT:NRG_BAL_C(1.0),06/03/26 23:00:00,Annual,Primary production,Oil and petroleum products (excluding biofuel portion),Gigawatt-hour,Latvia,2007,0.000,,
ESTAT:NRG_BAL_C(1.0),06/03/26 23:00:00,Annual,Primary production,Oil and petroleum products (excluding biofuel portion),Gigawatt-hour,Latvia,2008,0.000,,
ESTAT:NRG_BAL_C(1.0),06/03/26 23:00:00,Annual,Primary production,Oil and petroleum products (excluding biofuel portion),Gigawatt-hour,Latvia,2009,0.000,,
ESTAT:NRG_BAL_C(1.0),06/03/26 23:00:00,Annual,Primary production,Oil and petroleum products (excluding biofuel portion),Gigawatt-hour,Latvia,2010,0.000,,
ESTAT:NRG_BAL_C(1.0),06/03/26 23:00:00,Annual,Primary production,Oil and petroleum products (excluding biofuel portion),Gigawatt-hour,Latvia,2011,0.000,,
ESTAT:NRG_BAL_C(1.0),06/03/26 23:00:00,Annual,Primary production,Oil and petroleum products (excluding biofuel portion),Gigawatt-hour,Latvia,2012,0.000,,
ESTAT:NRG_BAL_C(1.0),06/03/26 23:00:00,Annual,Primary production,Oil and petroleum products (excluding biofuel portion),Gigawatt-hour,Latvia,2013,0.000,,
ESTAT:NRG_BAL_C(1.0),06/03/26 23:00:00,Annual,Primary production,Oil and petroleum products (excluding biofuel portion),Gigawatt-hour,Latvia,2014,0.000,,
ESTAT:NRG_BAL_C(1.0),06/03/26 23:00:00,Annual,Primary production,Oil and petroleum products (excluding biofuel portion),Gigawatt-hour,Latvia,2015,0.000,,
ESTAT:NRG_BAL_C(1.0),06/03/26 23:00:00,Annual,Primary production,Oil and petroleum products (excluding biofuel portion),Gigawatt-hour,Latvia,2016,0.000,,
ESTAT:NRG_BAL_C(1.0),06/03/26 23:00:00,Annual,Primary production,Oil and petroleum products (excluding biofuel portion),Gigawatt-hour,Latvia,2017,0.000,,
ESTAT:NRG_BAL_C(1.0),06/03/26 23:00:00,Annual,Primary production,Oil and petroleum products (excluding biofuel portion),Gigawatt-hour,Latvia,2018,0.000,,
ESTAT:NRG_BAL_C(1.0),06/03/26 23:00:00,Annual,Primary production,Oil and petroleum products (excluding biofuel portion),Gigawatt-hour,Latvia,2019,0.000,,
ESTAT:NRG_BAL_C(1.0),06/03/26 23:00:00,Annual,Primary production,Oil and petroleum products (excluding biofuel portion),Gigawatt-hour,Latvia,2020,0.000,,
ESTAT:NRG_BAL_C(1.0),06/03/26 23:00:00,Annual,Primary production,Oil and petroleum products (excluding biofuel portion),Gigawatt-hour,Latvia,2021,0.000,,
ESTAT:NRG_BAL_C(1.0),06/03/26 23:00:00,Annual,Primary production,Oil and petroleum products (excluding biofuel portion),Gigawatt-hour,Latvia,2022,0.000,,
ESTAT:NRG_BAL_C(1.0),06/03/26 23:00:00,Annual,Primary production,Oil and petroleum products (excluding biofuel portion),Gigawatt-hour,Latvia,2023,0.000,,
ESTAT:NRG_BAL_C(1.0),06/03/26 23:00:00,Annual,Primary production,Oil and petroleum products (excluding biofuel portion),Gigawatt-hour,Latvia,2024,0.000,,
ESTAT:NRG_BAL_C(1.0),06/03/26 23:00:00,Annual,Primary production,Oil and petroleum products (excluding biofuel portion),Gigawatt-hour,Malta,2005,0.000,,
ESTAT:NRG_BAL_C(1.0),06/03/26 23:00:00,Annual,Primary production,Oil and petroleum products (excluding biofuel portion),Gigawatt-hour,Malta,2006,0.000,,
ESTAT:NRG_BAL_C(1.0),06/03/26 23:00:00,Annual,Primary production,Oil and petroleum products (excluding biofuel portion),Gigawatt-hour,Malta,2007,0.000,,
ESTAT:NRG_BAL_C(1.0),06/03/26 23:00:00,Annual,Primary production,Oil and petroleum products (excluding biofuel portion),Gigawatt-hour,Malta,2008,0.000,,
ESTAT:NRG_BAL_C(1.0),06/03/26 23:00:00,Annual,Primary production,Oil and petroleum products (excluding biofuel portion),Gigawatt-hour,Malta,2009,0.000,,
ESTAT:NRG_BAL_C(1.0),06/03/26 23:00:00,Annual,Primary production,Oil and petroleum products (excluding biofuel portion),Gigawatt-hour,Malta,2010,0.000,,
ESTAT:NRG_BAL_C(1.0),06/03/26 23:00:00,Annual,Primary production,Oil and petroleum products (excluding biofuel portion),Gigawatt-hour,Malta,2011,0.000,,
ESTAT:NRG_BAL_C(1.0),06/03/26 23:00:00,Annual,Primary production,Oil and petroleum products (excluding biofuel portion),Gigawatt-hour,Malta,2012,0.000,,
ESTAT:NRG_BAL_C(1.0),06/03/26 23:00:00,Annual,Primary production,Oil and petroleum products (excluding biofuel portion),Gigawatt-hour,Malta,2013,0.000,,
ESTAT:NRG_BAL_C(1.0),06/03/26 23:00:00,Annual,Primary production,Oil and petroleum products (excluding biofuel portion),Gigawatt-hour,Malta,2014,0.000,,
ESTAT:NRG_BAL_C(1.0),06/03/26 23:00:00,Annual,Primary production,Oil and petroleum products (excluding biofuel portion),Gigawatt-hour,Malta,2015,0.000,,
ESTAT:NRG_BAL_C(1.0),06/03/26 23:00:00,Annual,Primary production,Oil and petroleum products (excluding biofuel portion),Gigawatt-hour,Malta,2016,0.000,,
ESTAT:NRG_BAL_C(1.0),06/03/26 23:00:00,Annual,Primary production,Oil and petroleum products (excluding biofuel portion),Gigawatt-hour,Malta,2017,0.000,,
ESTAT:NRG_BAL_C(1.0),06/03/26 23:00:00,Annual,Primary production,Oil and petroleum products (excluding biofuel portion),Gigawatt-hour,Malta,2018,0.000,,
ESTAT:NRG_BAL_C(1.0),06/03/26 23:00:00,Annual,Primary production,Oil and petroleum products (excluding biofuel portion),Gigawatt-hour,Malta,2019,0.000,,
ESTAT:NRG_BAL_C(1.0),06/03/26 23:00:00,Annual,Primary production,Oil and petroleum products (excluding biofuel portion),Gigawatt-hour,Malta,2020,0.000,,
ESTAT:NRG_BAL_C(1.0),06/03/26 23:00:00,Annual,Primary production,Oil and petroleum products (excluding biofuel portion),Gigawatt-hour,Malta,2021,0.000,,
ESTAT:NRG_BAL_C(1.0),06/03/26 23:00:00,Annual,Primary production,Oil and petroleum products (excluding biofuel portion),Gigawatt-hour,Malta,2022,0.000,,
ESTAT:NRG_BAL_C(1.0),06/03/26 23:00:00,Annual,Primary production,Oil and petroleum products (excluding biofuel portion),Gigawatt-hour,Malta,2023,0.000,,
ESTAT:NRG_BAL_C(1.0),06/03/26 23:00:00,Annual,Primary production,Oil and petroleum products (excluding biofuel portion),Gigawatt-hour,Malta,2024,0.000,,
ESTAT:NRG_BAL_C(1.0),06/03/26 23:00:00,Annual,Primary production,Oil and petroleum products (excluding biofuel portion),Gigawatt-hour,Netherlands,2005,29613.444,,
ESTAT:NRG_BAL_C(1.0),06/03/26 23:00:00,Annual,Primary production,Oil and petroleum products (excluding biofuel portion),Gigawatt-hour,Netherlands,2006,26279.889,,
ESTAT:NRG_BAL_C(1.0),06/03/26 23:00:00,Annual,Primary production,Oil and petroleum products (excluding biofuel portion),Gigawatt-hour,Netherlands,2007,32742.111,,
ESTAT:NRG_BAL_C(1.0),06/03/26 23:00:00,Annual,Primary production,Oil and petroleum products (excluding biofuel portion),Gigawatt-hour,Netherlands,2008,27351.583,,
ESTAT:NRG_BAL_C(1.0),06/03/26 23:00:00,Annual,Primary production,Oil and petroleum products (excluding biofuel portion),Gigawatt-hour,Netherlands,2009,22345.111,,
ESTAT:NRG_BAL_C(1.0),06/03/26 23:00:00,Annual,Primary production,Oil and petroleum products (excluding biofuel portion),Gigawatt-hour,Netherlands,2010,19028.333,,
ESTAT:NRG_BAL_C(1.0),06/03/26 23:00:00,Annual,Primary production,Oil and petroleum products (excluding biofuel portion),Gigawatt-hour,Netherlands,2011,19091.861,,
ESTAT:NRG_BAL_C(1.0),06/03/26 23:00:00,Annual,Primary production,Oil and petroleum products (excluding biofuel portion),Gigawatt-hour,Netherlands,2012,19667.694,,
ESTAT:NRG_BAL_C(1.0),06/03/26 23:00:00,Annual,Primary production,Oil and petroleum products (excluding biofuel portion),Gigawatt-hour,Netherlands,2013,20177.056,,
ESTAT:NRG_BAL_C(1.0),06/03/26 23:00:00,Annual,Primary production,Oil and petroleum products (excluding biofuel portion),Gigawatt-hour,Netherlands,2014,24284.861,,
ESTAT:NRG_BAL_C(1.0),06/03/26 23:00:00,Annual,Primary production,Oil and petroleum products (excluding biofuel portion),Gigawatt-hour,Netherlands,2015,24020.595,,
ESTAT:NRG_BAL_C(1.0),06/03/26 23:00:00,Annual,Primary production,Oil and petroleum products (excluding biofuel portion),Gigawatt-hour,Netherlands,2016,18829.938,,
ESTAT:NRG_BAL_C(1.0),06/03/26 23:00:00,Annual,Primary production,Oil and petroleum products (excluding biofuel portion),Gigawatt-hour,Netherlands,2017,17623.318,,
ESTAT:NRG_BAL_C(1.0),06/03/26 23:00:00,Annual,Primary production,Oil and petroleum products (excluding biofuel portion),Gigawatt-hour,Netherlands,2018,17757.458,,
ESTAT:NRG_BAL_C(1.0),06/03/26 23:00:00,Annual,Primary production,Oil and petroleum products (excluding biofuel portion),Gigawatt-hour,Netherlands,2019,13323.737,,
ESTAT:NRG_BAL_C(1.0),06/03/26 23:00:00,Annual,Primary production,Oil and petroleum products (excluding biofuel portion),Gigawatt-hour,Netherlands,2020,12449.370,,
ESTAT:NRG_BAL_C(1.0),06/03/26 23:00:00,Annual,Primary production,Oil and petroleum products (excluding biofuel portion),Gigawatt-hour,Netherlands,2021,13365.638,,
ESTAT:NRG_BAL_C(1.0),06/03/26 23:00:00,Annual,Primary production,Oil and petroleum products (excluding biofuel portion),Gigawatt-hour,Netherlands,2022,8573.766,,
ESTAT:NRG_BAL_C(1.0),06/03/26 23:00:00,Annual,Primary production,Oil and petroleum products (excluding biofuel portion),Gigawatt-hour,Netherlands,2023,7817.903,,
ESTAT:NRG_BAL_C(1.0),06/03/26 23:00:00,Annual,Primary production,Oil and petroleum products (excluding biofuel portion),Gigawatt-hour,Netherlands,2024,7109.842,,
ESTAT:NRG_BAL_C(1.0),06/03/26 23:00:00,Annual,Primary production,Oil and petroleum products (excluding biofuel portion),Gigawatt-hour,Poland,2005,10406.436,,
ESTAT:NRG_BAL_C(1.0),06/03/26 23:00:00,Annual,Primary production,Oil and petroleum products (excluding biofuel portion),Gigawatt-hour,Poland,2006,9459.461,,
ESTAT:NRG_BAL_C(1.0),06/03/26 23:00:00,Annual,Primary production,Oil and petroleum products (excluding biofuel portion),Gigawatt-hour,Poland,2007,8532.081,,
ESTAT:NRG_BAL_C(1.0),06/03/26 23:00:00,Annual,Primary production,Oil and petroleum products (excluding biofuel portion),Gigawatt-hour,Poland,2008,9198.616,,
ESTAT:NRG_BAL_C(1.0),06/03/26 23:00:00,Annual,Primary production,Oil and petroleum products (excluding biofuel portion),Gigawatt-hour,Poland,2009,8113.379,,
ESTAT:NRG_BAL_C(1.0),06/03/26 23:00:00,Annual,Primary production,Oil and petroleum products (excluding biofuel portion),Gigawatt-hour,Poland,2010,8692.318,,
ESTAT:NRG_BAL_C(1.0),06/03/26 23:00:00,Annual,Primary production,Oil and petroleum products (excluding biofuel portion),Gigawatt-hour,Poland,2011,7924.359,,
ESTAT:NRG_BAL_C(1.0),06/03/26 23:00:00,Annual,Primary production,Oil and petroleum products (excluding biofuel portion),Gigawatt-hour,Poland,2012,8154.825,,
ESTAT:NRG_BAL_C(1.0),06/03/26 23:00:00,Annual,Primary production,Oil and petroleum products (excluding biofuel portion),Gigawatt-hour,Poland,2013,11431.441,,
ESTAT:NRG_BAL_C(1.0),06/03/26 23:00:00,Annual,Primary production,Oil and petroleum products (excluding biofuel portion),Gigawatt-hour,Poland,2014,11276.747,,
ESTAT:NRG_BAL_C(1.0),06/03/26 23:00:00,Annual,Primary production,Oil and petroleum products (excluding biofuel portion),Gigawatt-hour,Poland,2015,11005.387,,
ESTAT:NRG_BAL_C(1.0),06/03/26 23:00:00,Annual,Primary production,Oil and petroleum products (excluding biofuel portion),Gigawatt-hour,Poland,2016,11940.164,,
ESTAT:NRG_BAL_C(1.0),06/03/26 23:00:00,Annual,Primary production,Oil and petroleum products (excluding biofuel portion),Gigawatt-hour,Poland,2017,11658.269,,
ESTAT:NRG_BAL_C(1.0),06/03/26 23:00:00,Annual,Primary production,Oil and petroleum products (excluding biofuel portion),Gigawatt-hour,Poland,2018,12000.978,,
ESTAT:NRG_BAL_C(1.0),06/03/26 23:00:00,Annual,Primary production,Oil and petroleum products (excluding biofuel portion),Gigawatt-hour,Poland,2019,11729.329,,
ESTAT:NRG_BAL_C(1.0),06/03/26 23:00:00,Annual,Primary production,Oil and petroleum products (excluding biofuel portion),Gigawatt-hour,Poland,2020,10867.589,,
ESTAT:NRG_BAL_C(1.0),06/03/26 23:00:00,Annual,Primary production,Oil and petroleum products (excluding biofuel portion),Gigawatt-hour,Poland,2021,10601.359,,
ESTAT:NRG_BAL_C(1.0),06/03/26 23:00:00,Annual,Primary production,Oil and petroleum products (excluding biofuel portion),Gigawatt-hour,Poland,2022,10652.851,,
ESTAT:NRG_BAL_C(1.0),06/03/26 23:00:00,Annual,Primary production,Oil and petroleum products (excluding biofuel portion),Gigawatt-hour,Poland,2023,9873.236,,
ESTAT:NRG_BAL_C(1.0),06/03/26 23:00:00,Annual,Primary production,Oil and petroleum products (excluding biofuel portion),Gigawatt-hour,Poland,2024,9545.725,,
ESTAT:NRG_BAL_C(1.0),06/03/26 23:00:00,Annual,Primary production,Oil and petroleum products (excluding biofuel portion),Gigawatt-hour,Portugal,2005,0.000,,
ESTAT:NRG_BAL_C(1.0),06/03/26 23:00:00,Annual,Primary production,Oil and petroleum products (excluding biofuel portion),Gigawatt-hour,Portugal,2006,0.000,,
ESTAT:NRG_BAL_C(1.0),06/03/26 23:00:00,Annual,Primary production,Oil and petroleum products (excluding biofuel portion),Gigawatt-hour,Portugal,2007,0.000,,
ESTAT:NRG_BAL_C(1.0),06/03/26 23:00:00,Annual,Primary production,Oil and petroleum products (excluding biofuel portion),Gigawatt-hour,Portugal,2008,0.000,,
ESTAT:NRG_BAL_C(1.0),06/03/26 23:00:00,Annual,Primary production,Oil and petroleum products (excluding biofuel portion),Gigawatt-hour,Portugal,2009,0.000,,
ESTAT:NRG_BAL_C(1.0),06/03/26 23:00:00,Annual,Primary production,Oil and petroleum products (excluding biofuel portion),Gigawatt-hour,Portugal,2010,0.000,,
ESTAT:NRG_BAL_C(1.0),06/03/26 23:00:00,Annual,Primary production,Oil and petroleum products (excluding biofuel portion),Gigawatt-hour,Portugal,2011,0.000,,
ESTAT:NRG_BAL_C(1.0),06/03/26 23:00:00,Annual,Primary production,Oil and petroleum products (excluding biofuel portion),Gigawatt-hour,Portugal,2012,0.000,,
ESTAT:NRG_BAL_C(1.0),06/03/26 23:00:00,Annual,Primary production,Oil and petroleum products (excluding biofuel portion),Gigawatt-hour,Portugal,2013,0.000,,
ESTAT:NRG_BAL_C(1.0),06/03/26 23:00:00,Annual,Primary production,Oil and petroleum products (excluding biofuel portion),Gigawatt-hour,Portugal,2014,0.000,,
ESTAT:NRG_BAL_C(1.0),06/03/26 23:00:00,Annual,Primary production,Oil and petroleum products (excluding biofuel portion),Gigawatt-hour,Portugal,2015,0.000,,
ESTAT:NRG_BAL_C(1.0),06/03/26 23:00:00,Annual,Primary production,Oil and petroleum products (excluding biofuel portion),Gigawatt-hour,Portugal,2016,0.000,,
ESTAT:NRG_BAL_C(1.0),06/03/26 23:00:00,Annual,Primary production,Oil and petroleum products (excluding biofuel portion),Gigawatt-hour,Portugal,2017,0.000,,
ESTAT:NRG_BAL_C(1.0),06/03/26 23:00:00,Annual,Primary production,Oil and petroleum products (excluding biofuel portion),Gigawatt-hour,Portugal,2018,0.000,,
ESTAT:NRG_BAL_C(1.0),06/03/26 23:00:00,Annual,Primary production,Oil and petroleum products (excluding biofuel portion),Gigawatt-hour,Portugal,2019,0.000,,
ESTAT:NRG_BAL_C(1.0),06/03/26 23:00:00,Annual,Primary production,Oil and petroleum products (excluding biofuel portion),Gigawatt-hour,Portugal,2020,0.000,,
ESTAT:NRG_BAL_C(1.0),06/03/26 23:00:00,Annual,Primary production,Oil and petroleum products (excluding biofuel portion),Gigawatt-hour,Portugal,2021,0.000,,
ESTAT:NRG_BAL_C(1.0),06/03/26 23:00:00,Annual,Primary production,Oil and petroleum products (excluding biofuel portion),Gigawatt-hour,Portugal,2022,0.000,,
ESTAT:NRG_BAL_C(1.0),06/03/26 23:00:00,Annual,Primary production,Oil and petroleum products (excluding biofuel portion),Gigawatt-hour,Portugal,2023,0.000,,
ESTAT:NRG_BAL_C(1.0),06/03/26 23:00:00,Annual,Primary production,Oil and petroleum products (excluding biofuel portion),Gigawatt-hour,Portugal,2024,0.000,,
ESTAT:NRG_BAL_C(1.0),06/03/26 23:00:00,Annual,Primary production,Oil and petroleum products (excluding biofuel portion),Gigawatt-hour,Romania,2005,68773.660,,
ESTAT:NRG_BAL_C(1.0),06/03/26 23:00:00,Annual,Primary production,Oil and petroleum products (excluding biofuel portion),Gigawatt-hour,Romania,2006,65085.995,,
ESTAT:NRG_BAL_C(1.0),06/03/26 23:00:00,Annual,Primary production,Oil and petroleum products (excluding biofuel portion),Gigawatt-hour,Romania,2007,55977.314,,
ESTAT:NRG_BAL_C(1.0),06/03/26 23:00:00,Annual,Primary production,Oil and petroleum products (excluding biofuel portion),Gigawatt-hour,Romania,2008,54160.242,,
ESTAT:NRG_BAL_C(1.0),06/03/26 23:00:00,Annual,Primary production,Oil and petroleum products (excluding biofuel portion),Gigawatt-hour,Romania,2009,51265.162,,
ESTAT:NRG_BAL_C(1.0),06/03/26 23:00:00,Annual,Primary production,Oil and petroleum products (excluding biofuel portion),Gigawatt-hour,Romania,2010,48685.793,,
ESTAT:NRG_BAL_C(1.0),06/03/26 23:00:00,Annual,Primary production,Oil and petroleum products (excluding biofuel portion),Gigawatt-hour,Romania,2011,48020.625,,
ESTAT:NRG_BAL_C(1.0),06/03/26 23:00:00,Annual,Primary production,Oil and petroleum products (excluding biofuel portion),Gigawatt-hour,Romania,2012,45250.116,,
ESTAT:NRG_BAL_C(1.0),06/03/26 23:00:00,Annual,Primary production,Oil and petroleum products (excluding biofuel portion),Gigawatt-hour,Romania,2013,46848.828,,
ESTAT:NRG_BAL_C(1.0),06/03/26 23:00:00,Annual,Primary production,Oil and petroleum products (excluding biofuel portion),Gigawatt-hour,Romania,2014,46061.678,,
ESTAT:NRG_BAL_C(1.0),06/03/26 23:00:00,Annual,Primary production,Oil and petroleum products (excluding biofuel portion),Gigawatt-hour,Romania,2015,45691.232,,
ESTAT:NRG_BAL_C(1.0),06/03/26 23:00:00,Annual,Primary production,Oil and petroleum products (excluding biofuel portion),Gigawatt-hour,Romania,2016,43428.307,,
ESTAT:NRG_BAL_C(1.0),06/03/26 23:00:00,Annual,Primary production,Oil and petroleum products (excluding biofuel portion),Gigawatt-hour,Romania,2017,41493.182,,
ESTAT:NRG_BAL_C(1.0),06/03/26 23:00:00,Annual,Primary production,Oil and petroleum products (excluding biofuel portion),Gigawatt-hour,Romania,2018,40919.262,,
ESTAT:NRG_BAL_C(1.0),06/03/26 23:00:00,Annual,Primary production,Oil and petroleum products (excluding biofuel portion),Gigawatt-hour,Romania,2019,40954.079,,
ESTAT:NRG_BAL_C(1.0),06/03/26 23:00:00,Annual,Primary production,Oil and petroleum products (excluding biofuel portion),Gigawatt-hour,Romania,2020,39668.473,,
ESTAT:NRG_BAL_C(1.0),06/03/26 23:00:00,Annual,Primary production,Oil and petroleum products (excluding biofuel portion),Gigawatt-hour,Romania,2021,37586.382,,
ESTAT:NRG_BAL_C(1.0),06/03/26 23:00:00,Annual,Primary production,Oil and petroleum products (excluding biofuel portion),Gigawatt-hour,Romania,2022,35455.857,,
ESTAT:NRG_BAL_C(1.0),06/03/26 23:00:00,Annual,Primary production,Oil and petroleum products (excluding biofuel portion),Gigawatt-hour,Romania,2023,33816.351,,
ESTAT:NRG_BAL_C(1.0),06/03/26 23:00:00,Annual,Primary production,Oil and petroleum products (excluding biofuel portion),Gigawatt-hour,Romania,2024,32471.863,,
ESTAT:NRG_BAL_C(1.0),06/03/26 23:00:00,Annual,Primary production,Oil and petroleum products (excluding biofuel portion),Gigawatt-hour,Sweden,2005,0.000,,
ESTAT:NRG_BAL_C(1.0),06/03/26 23:00:00,Annual,Primary production,Oil and petroleum products (excluding biofuel portion),Gigawatt-hour,Sweden,2006,0.000,,
ESTAT:NRG_BAL_C(1.0),06/03/26 23:00:00,Annual,Primary production,Oil and petroleum products (excluding biofuel portion),Gigawatt-hour,Sweden,2007,0.000,,
ESTAT:NRG_BAL_C(1.0),06/03/26 23:00:00,Annual,Primary production,Oil and petroleum products (excluding biofuel portion),Gigawatt-hour,Sweden,2008,0.000,,
ESTAT:NRG_BAL_C(1.0),06/03/26 23:00:00,Annual,Primary production,Oil and petroleum products (excluding biofuel portion),Gigawatt-hour,Sweden,2009,0.000,,
ESTAT:NRG_BAL_C(1.0),06/03/26 23:00:00,Annual,Primary production,Oil and petroleum products (excluding biofuel portion),Gigawatt-hour,Sweden,2010,0.000,,
ESTAT:NRG_BAL_C(1.0),06/03/26 23:00:00,Annual,Primary production,Oil and petroleum products (excluding biofuel portion),Gigawatt-hour,Sweden,2011,0.000,,
ESTAT:NRG_BAL_C(1.0),06/03/26 23:00:00,Annual,Primary production,Oil and petroleum products (excluding biofuel portion),Gigawatt-hour,Sweden,2012,0.000,,
ESTAT:NRG_BAL_C(1.0),06/03/26 23:00:00,Annual,Primary production,Oil and petroleum products (excluding biofuel portion),Gigawatt-hour,Sweden,2013,0.000,,
ESTAT:NRG_BAL_C(1.0),06/03/26 23:00:00,Annual,Primary production,Oil and petroleum products (excluding biofuel portion),Gigawatt-hour,Sweden,2014,0.000,,
ESTAT:NRG_BAL_C(1.0),06/03/26 23:00:00,Annual,Primary production,Oil and petroleum products (excluding biofuel portion),Gigawatt-hour,Sweden,2015,0.000,,
ESTAT:NRG_BAL_C(1.0),06/03/26 23:00:00,Annual,Primary production,Oil and petroleum products (excluding biofuel portion),Gigawatt-hour,Sweden,2016,0.000,,
ESTAT:NRG_BAL_C(1.0),06/03/26 23:00:00,Annual,Primary production,Oil and petroleum products (excluding biofuel portion),Gigawatt-hour,Sweden,2017,0.000,,
ESTAT:NRG_BAL_C(1.0),06/03/26 23:00:00,Annual,Primary production,Oil and petroleum products (excluding biofuel portion),Gigawatt-hour,Sweden,2018,0.000,,
ESTAT:NRG_BAL_C(1.0),06/03/26 23:00:00,Annual,Primary production,Oil and petroleum products (excluding biofuel portion),Gigawatt-hour,Sweden,2019,0.000,,
ESTAT:NRG_BAL_C(1.0),06/03/26 23:00:00,Annual,Primary production,Oil and petroleum products (excluding biofuel portion),Gigawatt-hour,Sweden,2020,0.000,,
ESTAT:NRG_BAL_C(1.0),06/03/26 23:00:00,Annual,Primary production,Oil and petroleum products (excluding biofuel portion),Gigawatt-hour,Sweden,2021,0.000,,
ESTAT:NRG_BAL_C(1.0),06/03/26 23:00:00,Annual,Primary production,Oil and petroleum products (excluding biofuel portion),Gigawatt-hour,Sweden,2022,0.000,,
ESTAT:NRG_BAL_C(1.0),06/03/26 23:00:00,Annual,Primary production,Oil and petroleum products (excluding biofuel portion),Gigawatt-hour,Sweden,2023,0.000,,
ESTAT:NRG_BAL_C(1.0),06/03/26 23:00:00,Annual,Primary production,Oil and petroleum products (excluding biofuel portion),Gigawatt-hour,Sweden,2024,0.000,,
ESTAT:NRG_BAL_C(1.0),06/03/26 23:00:00,Annual,Primary production,Oil and petroleum products (excluding biofuel portion),Gigawatt-hour,Slovenia,2005,0.000,,
ESTAT:NRG_BAL_C(1.0),06/03/26 23:00:00,Annual,Primary production,Oil and petroleum products (excluding biofuel portion),Gigawatt-hour,Slovenia,2006,0.000,,
ESTAT:NRG_BAL_C(1.0),06/03/26 23:00:00,Annual,Primary production,Oil and petroleum products (excluding biofuel portion),Gigawatt-hour,Slovenia,2007,0.000,,
ESTAT:NRG_BAL_C(1.0),06/03/26 23:00:00,Annual,Primary production,Oil and petroleum products (excluding biofuel portion),Gigawatt-hour,Slovenia,2008,0.000,,
ESTAT:NRG_BAL_C(1.0),06/03/26 23:00:00,Annual,Primary production,Oil and petroleum products (excluding biofuel portion),Gigawatt-hour,Slovenia,2009,0.000,,
ESTAT:NRG_BAL_C(1.0),06/03/26 23:00:00,Annual,Primary production,Oil and petroleum products (excluding biofuel portion),Gigawatt-hour,Slovenia,2010,0.000,,
ESTAT:NRG_BAL_C(1.0),06/03/26 23:00:00,Annual,Primary production,Oil and petroleum products (excluding biofuel portion),Gigawatt-hour,Slovenia,2011,0.000,,
ESTAT:NRG_BAL_C(1.0),06/03/26 23:00:00,Annual,Primary production,Oil and petroleum products (excluding biofuel portion),Gigawatt-hour,Slovenia,2012,0.000,,
ESTAT:NRG_BAL_C(1.0),06/03/26 23:00:00,Annual,Primary production,Oil and petroleum products (excluding biofuel portion),Gigawatt-hour,Slovenia,2013,0.000,,
ESTAT:NRG_BAL_C(1.0),06/03/26 23:00:00,Annual,Primary production,Oil and petroleum products (excluding biofuel portion),Gigawatt-hour,Slovenia,2014,0.000,,
ESTAT:NRG_BAL_C(1.0),06/03/26 23:00:00,Annual,Primary production,Oil and petroleum products (excluding biofuel portion),Gigawatt-hour,Slovenia,2015,0.000,,
ESTAT:NRG_BAL_C(1.0),06/03/26 23:00:00,Annual,Primary production,Oil and petroleum products (excluding biofuel portion),Gigawatt-hour,Slovenia,2016,0.000,,
ESTAT:NRG_BAL_C(1.0),06/03/26 23:00:00,Annual,Primary production,Oil and petroleum products (excluding biofuel portion),Gigawatt-hour,Slovenia,2017,6.188,,
ESTAT:NRG_BAL_C(1.0),06/03/26 23:00:00,Annual,Primary production,Oil and petroleum products (excluding biofuel portion),Gigawatt-hour,Slovenia,2018,10.224,,
ESTAT:NRG_BAL_C(1.0),06/03/26 23:00:00,Annual,Primary production,Oil and petroleum products (excluding biofuel portion),Gigawatt-hour,Slovenia,2019,6.167,,
ESTAT:NRG_BAL_C(1.0),06/03/26 23:00:00,Annual,Primary production,Oil and petroleum products (excluding biofuel portion),Gigawatt-hour,Slovenia,2020,4.805,,
ESTAT:NRG_BAL_C(1.0),06/03/26 23:00:00,Annual,Primary production,Oil and petroleum products (excluding biofuel portion),Gigawatt-hour,Slovenia,2021,3.653,,
ESTAT:NRG_BAL_C(1.0),06/03/26 23:00:00,Annual,Primary production,Oil and petroleum products (excluding biofuel portion),Gigawatt-hour,Slovenia,2022,1.824,,
ESTAT:NRG_BAL_C(1.0),06/03/26 23:00:00,Annual,Primary production,Oil and petroleum products (excluding biofuel portion),Gigawatt-hour,Slovenia,2023,1.891,,
ESTAT:NRG_BAL_C(1.0),06/03/26 23:00:00,Annual,Primary production,Oil and petroleum products (excluding biofuel portion),Gigawatt-hour,Slovenia,2024,1.200,,
ESTAT:NRG_BAL_C(1.0),06/03/26 23:00:00,Annual,Primary production,Oil and petroleum products (excluding biofuel portion),Gigawatt-hour,Slovakia,2005,389.611,,
ESTAT:NRG_BAL_C(1.0),06/03/26 23:00:00,Annual,Primary production,Oil and petroleum products (excluding biofuel portion),Gigawatt-hour,Slovakia,2006,359.444,,
ESTAT:NRG_BAL_C(1.0),06/03/26 23:00:00,Annual,Primary production,Oil and petroleum products (excluding biofuel portion),Gigawatt-hour,Slovakia,2007,276.833,,
ESTAT:NRG_BAL_C(1.0),06/03/26 23:00:00,Annual,Primary production,Oil and petroleum products (excluding biofuel portion),Gigawatt-hour,Slovakia,2008,240.333,,
ESTAT:NRG_BAL_C(1.0),06/03/26 23:00:00,Annual,Primary production,Oil and petroleum products (excluding biofuel portion),Gigawatt-hour,Slovakia,2009,202.500,,
ESTAT:NRG_BAL_C(1.0),06/03/26 23:00:00,Annual,Primary production,Oil and petroleum products (excluding biofuel portion),Gigawatt-hour,Slovakia,2010,179.611,,
ESTAT:NRG_BAL_C(1.0),06/03/26 23:00:00,Annual,Primary production,Oil and petroleum products (excluding biofuel portion),Gigawatt-hour,Slovakia,2011,202.500,,
ESTAT:NRG_BAL_C(1.0),06/03/26 23:00:00,Annual,Primary production,Oil and petroleum products (excluding biofuel portion),Gigawatt-hour,Slovakia,2012,167.000,,
ESTAT:NRG_BAL_C(1.0),06/03/26 23:00:00,Annual,Primary production,Oil and petroleum products (excluding biofuel portion),Gigawatt-hour,Slovakia,2013,145.278,,
ESTAT:NRG_BAL_C(1.0),06/03/26 23:00:00,Annual,Primary production,Oil and petroleum products (excluding biofuel portion),Gigawatt-hour,Slovakia,2014,133.833,,
ESTAT:NRG_BAL_C(1.0),06/03/26 23:00:00,Annual,Primary production,Oil and petroleum products (excluding biofuel portion),Gigawatt-hour,Slovakia,2015,135.000,,
ESTAT:NRG_BAL_C(1.0),06/03/26 23:00:00,Annual,Primary production,Oil and petroleum products (excluding biofuel portion),Gigawatt-hour,Slovakia,2016,119.589,,
ESTAT:NRG_BAL_C(1.0),06/03/26 23:00:00,Annual,Primary production,Oil and petroleum products (excluding biofuel portion),Gigawatt-hour,Slovakia,2017,95.422,,
ESTAT:NRG_BAL_C(1.0),06/03/26 23:00:00,Annual,Primary production,Oil and petroleum products (excluding biofuel portion),Gigawatt-hour,Slovakia,2018,83.406,,
ESTAT:NRG_BAL_C(1.0),06/03/26 23:00:00,Annual,Primary production,Oil and petroleum products (excluding biofuel portion),Gigawatt-hour,Slovakia,2019,71.389,,
ESTAT:NRG_BAL_C(1.0),06/03/26 23:00:00,Annual,Primary production,Oil and petroleum products (excluding biofuel portion),Gigawatt-hour,Slovakia,2020,46.389,,
ESTAT:NRG_BAL_C(1.0),06/03/26 23:00:00,Annual,Primary production,Oil and petroleum products (excluding biofuel portion),Gigawatt-hour,Slovakia,2021,82.897,,
ESTAT:NRG_BAL_C(1.0),06/03/26 23:00:00,Annual,Primary production,Oil and petroleum products (excluding biofuel portion),Gigawatt-hour,Slovakia,2022,35.511,,
ESTAT:NRG_BAL_C(1.0),06/03/26 23:00:00,Annual,Primary production,Oil and petroleum products (excluding biofuel portion),Gigawatt-hour,Slovakia,2023,23.586,,
ESTAT:NRG_BAL_C(1.0),06/03/26 23:00:00,Annual,Primary production,Oil and petroleum products (excluding biofuel portion),Gigawatt-hour,Slovakia,2024,23.703,,
