DATAFLOW,LAST UPDATE,freq,nrg_bal,siec,unit,geo,TIME_PERIOD,OBS_VALUE,OBS_FLAG,CONF_STATUS
ESTAT:NRG_BAL_C(1.0),06/03/26 23:00:00,Annual,Gross available energy,Nuclear heat,Gigawatt-hour,Austria,2005,0.000,,
ESTAT:NRG_BAL_C(1.0),06/03/26 23:00:00,Annual,Gross available energy,Nuclear heat,Gigawatt-hour,Austria,2006,0.000,,
ESTAT:NRG_BAL_C(1.0),06/03/26 23:00:00,Annual,Gross available energy,Nuclear heat,Gigawatt-hour,Austria,2007,0.000,,
ESTAT:NRG_BAL_C(1.0),06/03/26 23:00:00,Annual,Gross available energy,Nuclear heat,Gigawatt-hour,Austria,2008,0.000,,
ESTAT:NRG_BAL_C(1.0),06/03/26 23:00:00,Annual,Gross available energy,Nuclear heat,Gigawatt-hour,Austria,2009,0.000,,
ESTAT:NRG_BAL_C(1.0),06/03/26 23:00:00,Annual,Gross available energy,Nuclear heat,Gigawatt-hour,Austria,2010,0.000,,
ESTAT:NRG_BAL_C(1.0),06/03/26 23:00:00,Annual,Gross available energy,Nuclear heat,Gigawatt-hour,Austria,2011,0.000,,
ESTAT:NRG_BAL_C(1.0),06/03/26 23:00:00,Annual,Gross available energy,Nuclear heat,Gigawatt-hour,Austria,2012,0.000,,
ESTAT:NRG_BAL_C(1.0),06/03/26 23:00:00,Annual,Gross available energy,Nuclear heat,Gigawatt-hour,Austria,2013,0.000,,
ESTAT:NRG_BAL_C(1.0),06/03/26 23:00:00,Annual,Gross available energy,Nuclear heat,Gigawatt-hour,Austria,2014,0.000,,
ESTAT:NRG_BAL_C(1.0),06/03/26 23:00:00,Annual,Gross available energy,Nuclear heat,Gigawatt-hour,Austria,2015,0.000,,
ESTAT:NRG_BAL_C(1.0),06/03/26 23:00:00,Annual,Gross available energy,Nuclear heat,Gigawatt-hour,Austria,2016,0.000,,
ESTAT:NRG_BAL_C(1.0),06/03/26 23:00:00,Annual,Gross available energy,Nuclear heat,Gigawatt-hour,Austria,2017,0.000,,
ESTAT:NRG_BAL_C(1.0),06/03/26 23:00:00,Annual,Gross available energy,Nuclear heat,Gigawatt-hour,Austria,2018,0.000,,
ESTAT:NRG_BAL_C(1.0),06/03/26 23:00:00,Annual,Gross available energy,Nuclear heat,Gigawatt-hour,Austria,2019,0.000,,
ESTAT:NRG_BAL_C(1.0),06/03/26 23:00:00,Annual,Gross available energy,Nuclear heat,Gigawatt-hour,Austria,2020,0.000,,
ESTAT:NRG_BAL_C(1.0),06/03/26 23:00:00,Annual,Gross available energy,Nuclear heat,Gigawatt-hour,Austria,2021,0.000,,
ESTAT:NRG_BAL_C(1.0),06/03/26 23:00:00,Annual,Gross available energy,Nuclear heat,Gigawatt-hour,Austria,2022,0.000,,
ESTAT:NRG_BAL_C(1.0),06/03/26 23:00:00,Annual,Gross available energy,Nuclear heat,Gigawatt-hour,Austria,2023,0.000,,
ESTAT:NRG_BAL_C(1.0),06/03/26 23:00:00,Annual,Gross available energy,Nuclear heat,Gigawatt-hour,Austria,2024,0.000,,
ESTAT:NRG_BAL_C(1.0),06/03/26 23:00:00,Annual,Gross available energy,Nuclear heat,Gigawatt-hour,Belgium,2005,142785.000,,
ESTAT:NRG_BAL_C(1.0),06/03/26 23:00:00,Annual,Gross available energy,Nuclear heat,Gigawatt-hour,Belgium,2006,139935.000,,
ESTAT:NRG_BAL_C(1.0),06/03/26 23:00:00,Annual,Gross available energy,Nuclear heat,Gigawatt-hour,Belgium,2007,144681.000,,
ESTAT:NRG_BAL_C(1.0),06/03/26 23:00:00,Annual,Gross available energy,Nuclear heat,Gigawatt-hour,Belgium,2008,136704.000,,
ESTAT:NRG_BAL_C(1.0),06/03/26 23:00:00,Annual,Gross available energy,Nuclear heat,Gigawatt-hour,Belgium,2009,137853.728,,
ESTAT:NRG_BAL_C(1.0),06/03/26 23:00:00,Annual,Gross available energy,Nuclear heat,Gigawatt-hour,Belgium,2010,135010.960,,
ESTAT:NRG_BAL_C(1.0),06/03/26 23:00:00,Annual,Gross available energy,Nuclear heat,Gigawatt-hour,Belgium,2011,136078.106,,
ESTAT:NRG_BAL_C(1.0),06/03/26 23:00:00,Annual,Gross available energy,Nuclear heat,Gigawatt-hour,Belgium,2012,113570.590,,
ESTAT:NRG_BAL_C(1.0),06/03/26 23:00:00,Annual,Gross available energy,Nuclear heat,Gigawatt-hour,Belgium,2013,120213.425,,
ESTAT:NRG_BAL_C(1.0),06/03/26 23:00:00,Annual,Gross available energy,Nuclear heat,Gigawatt-hour,Belgium,2014,95089.636,,
ESTAT:NRG_BAL_C(1.0),06/03/26 23:00:00,Annual,Gross available energy,Nuclear heat,Gigawatt-hour,Belgium,2015,73073.360,,
ESTAT:NRG_BAL_C(1.0),06/03/26 23:00:00,Annual,Gross available energy,Nuclear heat,Gigawatt-hour,Belgium,2016,123149.686,,
ESTAT:NRG_BAL_C(1.0),06/03/26 23:00:00,Annual,Gross available energy,Nuclear heat,Gigawatt-hour,Belgium,2017,119785.627,,
ESTAT:NRG_BAL_C(1.0),06/03/26 23:00:00,Annual,Gross available energy,Nuclear heat,Gigawatt-hour,Belgium,2018,80954.825,,
ESTAT:NRG_BAL_C(1.0),06/03/26 23:00:00,Annual,Gross available energy,Nuclear heat,Gigawatt-hour,Belgium,2019,123202.928,,
ESTAT:NRG_BAL_C(1.0),06/03/26 23:00:00,Annual,Gross available energy,Nuclear heat,Gigawatt-hour,Belgium,2020,97354.904,,
ESTAT:NRG_BAL_C(1.0),06/03/26 23:00:00,Annual,Gross available energy,Nuclear heat,Gigawatt-hour,Belgium,2021,142156.025,,
ESTAT:NRG_BAL_C(1.0),06/03/26 23:00:00,Annual,Gross available energy,Nuclear heat,Gigawatt-hour,Belgium,2022,124412.518,,
ESTAT:NRG_BAL_C(1.0),06/03/26 23:00:00,Annual,Gross available energy,Nuclear heat,Gigawatt-hour,Belgium,2023,92170.111,,
ESTAT:NRG_BAL_C(1.0),06/03/26 23:00:00,Annual,Gross available energy,Nuclear heat,Gigawatt-hour,Belgium,2024,87393.972,,
ESTAT:NRG_BAL_C(1.0),06/03/26 23:00:00,Annual,Gross available energy,Nuclear heat,Gigawatt-hour,Bulgaria,2005,56460.667,,
ESTAT:NRG_BAL_C(1.0),06/03/26 23:00:00,Annual,Gross available energy,Nuclear heat,Gigawatt-hour,Bulgaria,2006,58966.500,,
ESTAT:NRG_BAL_C(1.0),06/03/26 23:00:00,Annual,Gross available energy,Nuclear heat,Gigawatt-hour,Bulgaria,2007,44640.667,,
ESTAT:NRG_BAL_C(1.0),06/03/26 23:00:00,Annual,Gross available energy,Nuclear heat,Gigawatt-hour,Bulgaria,2008,48050.000,,
ESTAT:NRG_BAL_C(1.0),06/03/26 23:00:00,Annual,Gross available energy,Nuclear heat,Gigawatt-hour,Bulgaria,2009,45100.093,,
ESTAT:NRG_BAL_C(1.0),06/03/26 23:00:00,Annual,Gross available energy,Nuclear heat,Gigawatt-hour,Bulgaria,2010,44765.266,,
ESTAT:NRG_BAL_C(1.0),06/03/26 23:00:00,Annual,Gross available energy,Nuclear heat,Gigawatt-hour,Bulgaria,2011,47741.964,,
ESTAT:NRG_BAL_C(1.0),06/03/26 23:00:00,Annual,Gross available energy,Nuclear heat,Gigawatt-hour,Bulgaria,2012,46755.391,,
ESTAT:NRG_BAL_C(1.0),06/03/26 23:00:00,Annual,Gross available energy,Nuclear heat,Gigawatt-hour,Bulgaria,2013,42653.955,,
ESTAT:NRG_BAL_C(1.0),06/03/26 23:00:00,Annual,Gross available energy,Nuclear heat,Gigawatt-hour,Bulgaria,2014,47063.121,,
ESTAT:NRG_BAL_C(1.0),06/03/26 23:00:00,Annual,Gross available energy,Nuclear heat,Gigawatt-hour,Bulgaria,2015,45496.560,,
ESTAT:NRG_BAL_C(1.0),06/03/26 23:00:00,Annual,Gross available energy,Nuclear heat,Gigawatt-hour,Bulgaria,2016,46646.767,,
ESTAT:NRG_BAL_C(1.0),06/03/26 23:00:00,Annual,Gross available energy,Nuclear heat,Gigawatt-hour,Bulgaria,2017,45830.341,,
ESTAT:NRG_BAL_C(1.0),06/03/26 23:00:00,Annual,Gross available energy,Nuclear heat,Gigawatt-hour,Bulgaria,2018,48477.329,,
ESTAT:NRG_BAL_C(1.0),06/03/26 23:00:00,Annual,Gross available energy,Nuclear heat,Gigawatt-hour,Bulgaria,2019,50029.492,,
ESTAT:NRG_BAL_C(1.0),06/03/26 23:00:00,Annual,Gross available energy,Nuclear heat,Gigawatt-hour,Bulgaria,2020,50412.294,,
ESTAT:NRG_BAL_C(1.0),06/03/26 23:00:00,Annual,Gross available energy,Nuclear heat,Gigawatt-hour,Bulgaria,2021,49950.199,,
ESTAT:NRG_BAL_C(1.0),06/03/26 23:00:00,Annual,Gross available energy,Nuclear heat,Gigawatt-hour,Bulgaria,2022,49889.548,,
ESTAT:NRG_BAL_C(1.0),06/03/26 23:00:00,Annual,Gross available energy,Nuclear heat,Gigawatt-hour,Bulgaria,2023,49055.387,,
ESTAT:NRG_BAL_C(1.0),06/03/26 23:00:00,Annual,Gross available energy,Nuclear heat,Gigawatt-hour,Bulgaria,2024,47855.810,,
ESTAT:NRG_BAL_C(1.0),06/03/26 23:00:00,Annual,Gross available energy,Nuclear heat,Gigawatt-hour,Cyprus,2005,0.000,,
ESTAT:NRG_BAL_C(1.0),06/03/26 23:00:00,Annual,Gross available energy,Nuclear heat,Gigawatt-hour,Cyprus,2006,0.000,,
ESTAT:NRG_BAL_C(1.0),06/03/26 23:00:00,Annual,Gross available energy,Nuclear heat,Gigawatt-hour,Cyprus,2007,0.000,,
ESTAT:NRG_BAL_C(1.0),06/03/26 23:00:00,Annual,Gross available energy,Nuclear heat,Gigawatt-hour,Cyprus,2008,0.000,,
ESTAT:NRG_BAL_C(1.0),06/03/26 23:00:00,Annual,Gross available energy,Nuclear heat,Gigawatt-hour,Cyprus,2009,0.000,,
ESTAT:NRG_BAL_C(1.0),06/03/26 23:00:00,Annual,Gross available energy,Nuclear heat,Gigawatt-hour,Cyprus,2010,0.000,,
ESTAT:NRG_BAL_C(1.0),06/03/26 23:00:00,Annual,Gross available energy,Nuclear heat,Gigawatt-hour,Cyprus,2011,0.000,,
ESTAT:NRG_BAL_C(1.0),06/03/26 23:00:00,Annual,Gross available energy,Nuclear heat,Gigawatt-hour,Cyprus,2012,0.000,,
ESTAT:NRG_BAL_C(1.0),06/03/26 23:00:00,Annual,Gross available energy,Nuclear heat,Gigawatt-hour,Cyprus,2013,0.000,,
ESTAT:NRG_BAL_C(1.0),06/03/26 23:00:00,Annual,Gross available energy,Nuclear heat,Gigawatt-hour,Cyprus,2014,0.000,,
ESTAT:NRG_BAL_C(1.0),06/03/26 23:00:00,Annual,Gross available energy,Nuclear heat,Gigawatt-hour,Cyprus,2015,0.000,,
ESTAT:NRG_BAL_C(1.0),06/03/26 23:00:00,Annual,Gross available energy,Nuclear heat,Gigawatt-hour,Cyprus,2016,0.000,,
ESTAT:NRG_BAL_C(1.0),06/03/26 23:00:00,Annual,Gross available energy,Nuclear heat,Gigawatt-hour,Cyprus,2017,0.000,,
ESTAT:NRG_BAL_C(1.0),06/03/26 23:00:00,Annual,Gross available energy,Nuclear heat,Gigawatt-hour,Cyprus,2018,0.000,,
ESTAT:NRG_BAL_C(1.0),06/03/26 23:00:00,Annual,Gross available energy,Nuclear heat,Gigawatt-hour,Cyprus,2019,0.000,,
ESTAT:NRG_BAL_C(1.0),06/03/26 23:00:00,Annual,Gross available energy,Nuclear heat,Gigawatt-hour,Cyprus,2020,0.000,,
ESTAT:NRG_BAL_C(1.0),06/03/26 23:00:00,Annual,Gross available energy,Nuclear heat,Gigawatt-hour,Cyprus,2021,0.000,,
ESTAT:NRG_BAL_C(1.0),06/03/26 23:00:00,Annual,Gross available energy,Nuclear heat,Gigawatt-hour,Cyprus,2022,0.000,,
ESTAT:NRG_BAL_C(1.0),06/03/26 23:00:00,Annual,Gross available energy,Nuclear heat,Gigawatt-hour,Cyprus,2023,0.000,,
ESTAT:NRG_BAL_C(1.0),06/03/26 23:00:00,Annual,Gross available energy,Nuclear heat,Gigawatt-hour,Cyprus,2024,0.000,,
ESTAT:NRG_BAL_C(1.0),06/03/26 23:00:00,Annual,Gross available energy,Nuclear heat,Gigawatt-hour,Czechia,2005,75097.333,,
ESTAT:NRG_BAL_C(1.0),06/03/26 23:00:00,Annual,Gross available energy,Nuclear heat,Gigawatt-hour,Czechia,2006,79029.667,,
ESTAT:NRG_BAL_C(1.0),06/03/26 23:00:00,Annual,Gross available energy,Nuclear heat,Gigawatt-hour,Czechia,2007,79351.833,,
ESTAT:NRG_BAL_C(1.0),06/03/26 23:00:00,Annual,Gross available energy,Nuclear heat,Gigawatt-hour,Czechia,2008,80461.333,,
ESTAT:NRG_BAL_C(1.0),06/03/26 23:00:00,Annual,Gross available energy,Nuclear heat,Gigawatt-hour,Czechia,2009,81123.333,,
ESTAT:NRG_BAL_C(1.0),06/03/26 23:00:00,Annual,Gross available energy,Nuclear heat,Gigawatt-hour,Czechia,2010,83275.388,,
ESTAT:NRG_BAL_C(1.0),06/03/26 23:00:00,Annual,Gross available energy,Nuclear heat,Gigawatt-hour,Czechia,2011,83734.255,,
ESTAT:NRG_BAL_C(1.0),06/03/26 23:00:00,Annual,Gross available energy,Nuclear heat,Gigawatt-hour,Czechia,2012,89248.451,,
ESTAT:NRG_BAL_C(1.0),06/03/26 23:00:00,Annual,Gross available energy,Nuclear heat,Gigawatt-hour,Czechia,2013,90231.594,,
ESTAT:NRG_BAL_C(1.0),06/03/26 23:00:00,Annual,Gross available energy,Nuclear heat,Gigawatt-hour,Czechia,2014,88745.807,,
ESTAT:NRG_BAL_C(1.0),06/03/26 23:00:00,Annual,Gross available energy,Nuclear heat,Gigawatt-hour,Czechia,2015,77692.497,,
ESTAT:NRG_BAL_C(1.0),06/03/26 23:00:00,Annual,Gross available energy,Nuclear heat,Gigawatt-hour,Czechia,2016,69518.298,,
ESTAT:NRG_BAL_C(1.0),06/03/26 23:00:00,Annual,Gross available energy,Nuclear heat,Gigawatt-hour,Czechia,2017,81605.118,,
ESTAT:NRG_BAL_C(1.0),06/03/26 23:00:00,Annual,Gross available energy,Nuclear heat,Gigawatt-hour,Czechia,2018,86631.870,,
ESTAT:NRG_BAL_C(1.0),06/03/26 23:00:00,Annual,Gross available energy,Nuclear heat,Gigawatt-hour,Czechia,2019,87785.616,,
ESTAT:NRG_BAL_C(1.0),06/03/26 23:00:00,Annual,Gross available energy,Nuclear heat,Gigawatt-hour,Czechia,2020,87181.916,,
ESTAT:NRG_BAL_C(1.0),06/03/26 23:00:00,Annual,Gross available energy,Nuclear heat,Gigawatt-hour,Czechia,2021,88872.180,,
ESTAT:NRG_BAL_C(1.0),06/03/26 23:00:00,Annual,Gross available energy,Nuclear heat,Gigawatt-hour,Czechia,2022,89720.226,,
ESTAT:NRG_BAL_C(1.0),06/03/26 23:00:00,Annual,Gross available energy,Nuclear heat,Gigawatt-hour,Czechia,2023,88060.867,,
ESTAT:NRG_BAL_C(1.0),06/03/26 23:00:00,Annual,Gross available energy,Nuclear heat,Gigawatt-hour,Czechia,2024,86197.763,,
ESTAT:NRG_BAL_C(1.0),06/03/26 23:00:00,Annual,Gross available energy,Nuclear heat,Gigawatt-hour,Germany,2005,489165.000,,
ESTAT:NRG_BAL_C(1.0),06/03/26 23:00:00,Annual,Gross available energy,Nuclear heat,Gigawatt-hour,Germany,2006,501807.000,,
ESTAT:NRG_BAL_C(1.0),06/03/26 23:00:00,Annual,Gross available energy,Nuclear heat,Gigawatt-hour,Germany,2007,421602.000,,
ESTAT:NRG_BAL_C(1.0),06/03/26 23:00:00,Annual,Gross available energy,Nuclear heat,Gigawatt-hour,Germany,2008,445485.000,,
ESTAT:NRG_BAL_C(1.0),06/03/26 23:00:00,Annual,Gross available energy,Nuclear heat,Gigawatt-hour,Germany,2009,403947.116,,
ESTAT:NRG_BAL_C(1.0),06/03/26 23:00:00,Annual,Gross available energy,Nuclear heat,Gigawatt-hour,Germany,2010,421015.304,,
ESTAT:NRG_BAL_C(1.0),06/03/26 23:00:00,Annual,Gross available energy,Nuclear heat,Gigawatt-hour,Germany,2011,323397.736,,
ESTAT:NRG_BAL_C(1.0),06/03/26 23:00:00,Annual,Gross available energy,Nuclear heat,Gigawatt-hour,Germany,2012,297944.318,,
ESTAT:NRG_BAL_C(1.0),06/03/26 23:00:00,Annual,Gross available energy,Nuclear heat,Gigawatt-hour,Germany,2013,291357.086,,
ESTAT:NRG_BAL_C(1.0),06/03/26 23:00:00,Annual,Gross available energy,Nuclear heat,Gigawatt-hour,Germany,2014,290874.441,,
ESTAT:NRG_BAL_C(1.0),06/03/26 23:00:00,Annual,Gross available energy,Nuclear heat,Gigawatt-hour,Germany,2015,274890.686,,
ESTAT:NRG_BAL_C(1.0),06/03/26 23:00:00,Annual,Gross available energy,Nuclear heat,Gigawatt-hour,Germany,2016,253472.361,,
ESTAT:NRG_BAL_C(1.0),06/03/26 23:00:00,Annual,Gross available energy,Nuclear heat,Gigawatt-hour,Germany,2017,228584.161,,
ESTAT:NRG_BAL_C(1.0),06/03/26 23:00:00,Annual,Gross available energy,Nuclear heat,Gigawatt-hour,Germany,2018,227610.730,,
ESTAT:NRG_BAL_C(1.0),06/03/26 23:00:00,Annual,Gross available energy,Nuclear heat,Gigawatt-hour,Germany,2019,224831.160,,
ESTAT:NRG_BAL_C(1.0),06/03/26 23:00:00,Annual,Gross available energy,Nuclear heat,Gigawatt-hour,Germany,2020,192788.184,,
ESTAT:NRG_BAL_C(1.0),06/03/26 23:00:00,Annual,Gross available energy,Nuclear heat,Gigawatt-hour,Germany,2021,206648.697,,
ESTAT:NRG_BAL_C(1.0),06/03/26 23:00:00,Annual,Gross available energy,Nuclear heat,Gigawatt-hour,Germany,2022,103948.940,,
ESTAT:NRG_BAL_C(1.0),06/03/26 23:00:00,Annual,Gross available energy,Nuclear heat,Gigawatt-hour,Germany,2023,21620.170,,
ESTAT:NRG_BAL_C(1.0),06/03/26 23:00:00,Annual,Gross available energy,Nuclear heat,Gigawatt-hour,Germany,2024,0.000,,
ESTAT:NRG_BAL_C(1.0),06/03/26 23:00:00,Annual,Gross available energy,Nuclear heat,Gigawatt-hour,Denmark,2005,0.000,,
ESTAT:NRG_BAL_C(1.0),06/03/26 23:00:00,Annual,Gross available energy,Nuclear heat,Gigawatt-hour,Denmark,2006,0.000,,
ESTAT:NRG_BAL_C(1.0),06/03/26 23:00:00,Annual,Gross available energy,Nuclear heat,Gigawatt-hour,Denmark,2007,0.000,,
ESTAT:NRG_BAL_C(1.0),06/03/26 23:00:00,Annual,Gross available energy,Nuclear heat,Gigawatt-hour,Denmark,2008,0.000,,
ESTAT:NRG_BAL_C(1.0),06/03/26 23:00:00,Annual,Gross available energy,Nuclear heat,Gigawatt-hour,Denmark,2009,0.000,,
ESTAT:NRG_BAL_C(1.0),06/03/26 23:00:00,Annual,Gross available energy,Nuclear heat,Gigawatt-hour,Denmark,2010,0.000,,
ESTAT:NRG_BAL_C(1.0),06/03/26 23:00:00,Annual,Gross available energy,Nuclear heat,Gigawatt-hour,Denmark,2011,0.000,,
ESTAT:NRG_BAL_C(1.0),06/03/26 23:00:00,Annual,Gross available energy,Nuclear heat,Gigawatt-hour,Denmark,2012,0.000,,
ESTAT:NRG_BAL_C(1.0),06/03/26 23:00:00,Annual,Gross available energy,Nuclear heat,Gigawatt-hour,Denmark,2013,0.000,,
ESTAT:NRG_BAL_C(1.0),06/03/26 23:00:00,Annual,Gross available energy,Nuclear heat,Gigawatt-hour,Denmark,2014,0.000,,
ESTAT:NRG_BAL_C(1.0),06/03/26 23:00:00,Annual,Gross available energy,Nuclear heat,Gigawatt-hour,Denmark,2015,0.000,,
ESTAT:NRG_BAL_C(1.0),06/03/26 23:00:00,Annual,Gross available energy,Nuclear heat,Gigawatt-hour,Denmark,2016,0.000,,
ESTAT:NRG_BAL_C(1.0),06/03/26 23:00:00,Annual,Gross available energy,Nuclear heat,Gigawatt-hour,Denmark,2017,0.000,,
ESTAT:NRG_BAL_C(1.0),06/03/26 23:00:00,Annual,Gross available energy,Nuclear heat,Gigawatt-hour,Denmark,2018,0.000,,
ESTAT:NRG_BAL_C(1.0),06/03/26 23:00:00,Annual,Gross available energy,Nuclear heat,Gigawatt-hour,Denmark,2019,0.000,,
ESTAT:NRG_BAL_C(1.0),06/03/26 23:00:00,Annual,Gross available energy,Nuclear heat,Gigawatt-hour,Denmark,2020,0.000,,
ESTAT:NRG_BAL_C(1.0),06/03/26 23:00:00,Annual,Gross available energy,Nuclear heat,Gigawatt-hour,Denmark,2021,0.000,,
ESTAT:NRG_BAL_C(1.0),06/03/26 23:00:00,Annual,Gross available energy,Nuclear heat,Gigawatt-hour,Denmark,2022,0.000,,
ESTAT:NRG_BAL_C(1.0),06/03/26 23:00:00,Annual,Gross available energy,Nuclear heat,Gigawatt-hour,Denmark,2023,0.000,,
ESTAT:NRG_BAL_C(1.0),06/03/26 23:00:00,Annual,Gross available energy,Nuclear heat,Gigawatt-hour,Denmark,2024,0.000,,
ESTAT:NRG_BAL_C(1.0),06/03/26 23:00:00,Annual,Gross available energy,Nuclear heat,Gigawatt-hour,Estonia,2005,0.000,,
ESTAT:NRG_BAL_C(1.0),06/03/26 23:00:00,Annual,Gross available energy,Nuclear heat,Gigawatt-hour,Estonia,2006,0.000,,
ESTAT:NRG_BAL_C(1.0),06/03/26 23:00:00,Annual,Gross available energy,Nuclear heat,Gigawatt-hour,Estonia,2007,0.000,,
ESTAT:NRG_BAL_C(1.0),06/03/26 23:00:00,Annual,Gross available energy,Nuclear heat,Gigawatt-hour,Estonia,2008,0.000,,
ESTAT:NRG_BAL_C(1.0),06/03/26 23:00:00,Annual,Gross available energy,Nuclear heat,Gigawatt-hour,Estonia,2009,0.000,,
ESTAT:NRG_BAL_C(1.0),06/03/26 23:00:00,Annual,Gross available energy,Nuclear heat,Gigawatt-hour,Estonia,2010,0.000,,
ESTAT:NRG_BAL_C(1.0),06/03/26 23:00:00,Annual,Gross available energy,Nuclear heat,Gigawatt-hour,Estonia,2011,0.000,,
ESTAT:NRG_BAL_C(1.0),06/03/26 23:00:00,Annual,Gross available energy,Nuclear heat,Gigawatt-hour,Estonia,2012,0.000,,
ESTAT:NRG_BAL_C(1.0),06/03/26 23:00:00,Annual,Gross available energy,Nuclear heat,Gigawatt-hour,Estonia,2013,0.000,,
ESTAT:NRG_BAL_C(1.0),06/03/26 23:00:00,Annual,Gross available energy,Nuclear heat,Gigawatt-hour,Estonia,2014,0.000,,
ESTAT:NRG_BAL_C(1.0),06/03/26 23:00:00,Annual,Gross available energy,Nuclear heat,Gigawatt-hour,Estonia,2015,0.000,,
ESTAT:NRG_BAL_C(1.0),06/03/26 23:00:00,Annual,Gross available energy,Nuclear heat,Gigawatt-hour,Estonia,2016,0.000,,
ESTAT:NRG_BAL_C(1.0),06/03/26 23:00:00,Annual,Gross available energy,Nuclear heat,Gigawatt-hour,Estonia,2017,0.000,,
ESTAT:NRG_BAL_C(1.0),06/03/26 23:00:00,Annual,Gross available energy,Nuclear heat,Gigawatt-hour,Estonia,2018,0.000,,
ESTAT:NRG_BAL_C(1.0),06/03/26 23:00:00,Annual,Gross available energy,Nuclear heat,Gigawatt-hour,Estonia,2019,0.000,,
ESTAT:NRG_BAL_C(1.0),06/03/26 23:00:00,Annual,Gross available energy,Nuclear heat,Gigawatt-hour,Estonia,2020,0.000,,
ESTAT:NRG_BAL_C(1.0),06/03/26 23:00:00,Annual,Gross available energy,Nuclear heat,Gigawatt-hour,Estonia,2021,0.000,,
ESTAT:NRG_BAL_C(1.0),06/03/26 23:00:00,Annual,Gross available energy,Nuclear heat,Gigawatt-hour,Estonia,2022,0.000,,
ESTAT:NRG_BAL_C(1.0),06/03/26 23:00:00,Annual,Gross available energy,Nuclear heat,Gigawatt-hour,Estonia,2023,0.000,,
ESTAT:NRG_BAL_C(1.0),06/03/26 23:00:00,Annual,Gross available energy,Nuclear heat,Gigawatt-hour,Estonia,2024,0.000,,
ESTAT:NRG_BAL_C(1.0),06/03/26 23:00:00,Annual,Gross available energy,Nuclear heat,Gigawatt-hour,Greece,2005,0.000,,
ESTAT:NRG_BAL_C(1.0),06/03/26 23:00:00,Annual,Gross available energy,Nuclear heat,Gigawatt-hour,Greece,2006,0.000,,
ESTAT:NRG_BAL_C(1.0),06/03/26 23:00:00,Annual,Gross available energy,Nuclear heat,Gigawatt-hour,Greece,2007,0.000,,
ESTAT:NRG_BAL_C(1.0),06/03/26 23:00:00,Annual,Gross available energy,Nuclear heat,Gigawatt-hour,Greece,2008,0.000,,
ESTAT:NRG_BAL_C(1.0),06/03/26 23:00:00,Annual,Gross available energy,Nuclear heat,Gigawatt-hour,Greece,2009,0.000,,
ESTAT:NRG_BAL_C(1.0),06/03/26 23:00:00,Annual,Gross available energy,Nuclear heat,Gigawatt-hour,Greece,2010,0.000,,
ESTAT:NRG_BAL_C(1.0),06/03/26 23:00:00,Annual,Gross available energy,Nuclear heat,Gigawatt-hour,Greece,2011,0.000,,
ESTAT:NRG_BAL_C(1.0),06/03/26 23:00:00,Annual,Gross available energy,Nuclear heat,Gigawatt-hour,Greece,2012,0.000,,
ESTAT:NRG_BAL_C(1.0),06/03/26 23:00:00,Annual,Gross available energy,Nuclear heat,Gigawatt-hour,Greece,2013,0.000,,
ESTAT:NRG_BAL_C(1.0),06/03/26 23:00:00,Annual,Gross available energy,Nuclear heat,Gigawatt-hour,Greece,2014,0.000,,
ESTAT:NRG_BAL_C(1.0),06/03/26 23:00:00,Annual,Gross available energy,Nuclear heat,Gigawatt-hour,Greece,2015,0.000,,
ESTAT:NRG_BAL_C(1.0),06/03/26 23:00:00,Annual,Gross available energy,Nuclear heat,Gigawatt-hour,Greece,2016,0.000,,
ESTAT:NRG_BAL_C(1.0),06/03/26 23:00:00,Annual,Gross available energy,Nuclear heat,Gigawatt-hour,Greece,2017,0.000,,
ESTAT:NRG_BAL_C(1.0),06/03/26 23:00:00,Annual,Gross available energy,Nuclear heat,Gigawatt-hour,Greece,2018,0.000,,
ESTAT:NRG_BAL_C(1.0),06/03/26 23:00:00,Annual,Gross available energy,Nuclear heat,Gigawatt-hour,Greece,2019,0.000,,
ESTAT:NRG_BAL_C(1.0),06/03/26 23:00:00,Annual,Gross available energy,Nuclear heat,Gigawatt-hour,Greece,2020,0.000,,
ESTAT:NRG_BAL_C(1.0),06/03/26 23:00:00,Annual,Gross available energy,Nuclear heat,Gigawatt-hour,Greece,2021,0.000,,
ESTAT:NRG_BAL_C(1.0),06/03/26 23:00:00,Annual,Gross available energy,Nuclear heat,Gigawatt-hour,Greece,2022,0.000,,
ESTAT:NRG_BAL_C(1.0),06/03/26 23:00:00,Annual,Gross available energy,Nuclear heat,Gigawatt-hour,Greece,2023,0.000,,
ESTAT:NRG_BAL_C(1.0),06/03/26 23:00:00,Annual,Gross available energy,Nuclear heat,Gigawatt-hour,Greece,2024,0.000,,
ESTAT:NRG_BAL_C(1.0),06/03/26 23:00:00,Annual,Gross available energy,Nuclear heat,Gigawatt-hour,Spain,2005,172617.000,,
ESTAT:NRG_BAL_C(1.0),06/03/26 23:00:00,Annual,Gross available energy,Nuclear heat,Gigawatt-hour,Spain,2006,180378.000,,
ESTAT:NRG_BAL_C(1.0),06/03/26 23:00:00,Annual,Gross available energy,Nuclear heat,Gigawatt-hour,Spain,2007,165309.000,,
ESTAT:NRG_BAL_C(1.0),06/03/26 23:00:00,Annual,Gross available energy,Nuclear heat,Gigawatt-hour,Spain,2008,176919.000,,
ESTAT:NRG_BAL_C(1.0),06/03/26 23:00:00,Annual,Gross available energy,Nuclear heat,Gigawatt-hour,Spain,2009,160296.290,,
ESTAT:NRG_BAL_C(1.0),06/03/26 23:00:00,Annual,Gross available energy,Nuclear heat,Gigawatt-hour,Spain,2010,187647.724,,
ESTAT:NRG_BAL_C(1.0),06/03/26 23:00:00,Annual,Gross available energy,Nuclear heat,Gigawatt-hour,Spain,2011,174969.861,,
ESTAT:NRG_BAL_C(1.0),06/03/26 23:00:00,Annual,Gross available energy,Nuclear heat,Gigawatt-hour,Spain,2012,185969.515,,
ESTAT:NRG_BAL_C(1.0),06/03/26 23:00:00,Annual,Gross available energy,Nuclear heat,Gigawatt-hour,Spain,2013,171949.550,,
ESTAT:NRG_BAL_C(1.0),06/03/26 23:00:00,Annual,Gross available energy,Nuclear heat,Gigawatt-hour,Spain,2014,173648.693,,
ESTAT:NRG_BAL_C(1.0),06/03/26 23:00:00,Annual,Gross available energy,Nuclear heat,Gigawatt-hour,Spain,2015,173324.216,,
ESTAT:NRG_BAL_C(1.0),06/03/26 23:00:00,Annual,Gross available energy,Nuclear heat,Gigawatt-hour,Spain,2016,177623.827,,
ESTAT:NRG_BAL_C(1.0),06/03/26 23:00:00,Annual,Gross available energy,Nuclear heat,Gigawatt-hour,Spain,2017,175979.229,,
ESTAT:NRG_BAL_C(1.0),06/03/26 23:00:00,Annual,Gross available energy,Nuclear heat,Gigawatt-hour,Spain,2018,168388.444,,
ESTAT:NRG_BAL_C(1.0),06/03/26 23:00:00,Annual,Gross available energy,Nuclear heat,Gigawatt-hour,Spain,2019,176985.340,,
ESTAT:NRG_BAL_C(1.0),06/03/26 23:00:00,Annual,Gross available energy,Nuclear heat,Gigawatt-hour,Spain,2020,176473.620,,
ESTAT:NRG_BAL_C(1.0),06/03/26 23:00:00,Annual,Gross available energy,Nuclear heat,Gigawatt-hour,Spain,2021,171251.750,,
ESTAT:NRG_BAL_C(1.0),06/03/26 23:00:00,Annual,Gross available energy,Nuclear heat,Gigawatt-hour,Spain,2022,177880.850,,
ESTAT:NRG_BAL_C(1.0),06/03/26 23:00:00,Annual,Gross available energy,Nuclear heat,Gigawatt-hour,Spain,2023,171868.140,,
ESTAT:NRG_BAL_C(1.0),06/03/26 23:00:00,Annual,Gross available energy,Nuclear heat,Gigawatt-hour,Spain,2024,165273.930,,
ESTAT:NRG_BAL_C(1.0),06/03/26 23:00:00,Annual,Gross available energy,Nuclear heat,Gigawatt-hour,Finland,2005,69813.000,,
ESTAT:NRG_BAL_C(1.0),06/03/26 23:00:00,Annual,Gross available energy,Nuclear heat,Gigawatt-hour,Finland,2006,68718.000,,
ESTAT:NRG_BAL_C(1.0),06/03/26 23:00:00,Annual,Gross available energy,Nuclear heat,Gigawatt-hour,Finland,2007,70269.000,,
ESTAT:NRG_BAL_C(1.0),06/03/26 23:00:00,Annual,Gross available energy,Nuclear heat,Gigawatt-hour,Finland,2008,68874.000,,
ESTAT:NRG_BAL_C(1.0),06/03/26 23:00:00,Annual,Gross available energy,Nuclear heat,Gigawatt-hour,Finland,2009,67012.060,,
ESTAT:NRG_BAL_C(1.0),06/03/26 23:00:00,Annual,Gross available energy,Nuclear heat,Gigawatt-hour,Finland,2010,64720.950,,
ESTAT:NRG_BAL_C(1.0),06/03/26 23:00:00,Annual,Gross available energy,Nuclear heat,Gigawatt-hour,Finland,2011,65442.010,,
ESTAT:NRG_BAL_C(1.0),06/03/26 23:00:00,Annual,Gross available energy,Nuclear heat,Gigawatt-hour,Finland,2012,64383.680,,
ESTAT:NRG_BAL_C(1.0),06/03/26 23:00:00,Annual,Gross available energy,Nuclear heat,Gigawatt-hour,Finland,2013,66221.220,,
ESTAT:NRG_BAL_C(1.0),06/03/26 23:00:00,Annual,Gross available energy,Nuclear heat,Gigawatt-hour,Finland,2014,66157.255,,
ESTAT:NRG_BAL_C(1.0),06/03/26 23:00:00,Annual,Gross available energy,Nuclear heat,Gigawatt-hour,Finland,2015,65200.106,,
ESTAT:NRG_BAL_C(1.0),06/03/26 23:00:00,Annual,Gross available energy,Nuclear heat,Gigawatt-hour,Finland,2016,65009.374,,
ESTAT:NRG_BAL_C(1.0),06/03/26 23:00:00,Annual,Gross available energy,Nuclear heat,Gigawatt-hour,Finland,2017,62686.863,,
ESTAT:NRG_BAL_C(1.0),06/03/26 23:00:00,Annual,Gross available energy,Nuclear heat,Gigawatt-hour,Finland,2018,63314.883,,
ESTAT:NRG_BAL_C(1.0),06/03/26 23:00:00,Annual,Gross available energy,Nuclear heat,Gigawatt-hour,Finland,2019,66010.717,,
ESTAT:NRG_BAL_C(1.0),06/03/26 23:00:00,Annual,Gross available energy,Nuclear heat,Gigawatt-hour,Finland,2020,64518.588,,
ESTAT:NRG_BAL_C(1.0),06/03/26 23:00:00,Annual,Gross available energy,Nuclear heat,Gigawatt-hour,Finland,2021,65234.996,,
ESTAT:NRG_BAL_C(1.0),06/03/26 23:00:00,Annual,Gross available energy,Nuclear heat,Gigawatt-hour,Finland,2022,71119.776,,
ESTAT:NRG_BAL_C(1.0),06/03/26 23:00:00,Annual,Gross available energy,Nuclear heat,Gigawatt-hour,Finland,2023,93292.371,,
ESTAT:NRG_BAL_C(1.0),06/03/26 23:00:00,Annual,Gross available energy,Nuclear heat,Gigawatt-hour,Finland,2024,88957.870,,
ESTAT:NRG_BAL_C(1.0),06/03/26 23:00:00,Annual,Gross available energy,Nuclear heat,Gigawatt-hour,France,2005,1354587.000,,
ESTAT:NRG_BAL_C(1.0),06/03/26 23:00:00,Annual,Gross available energy,Nuclear heat,Gigawatt-hour,France,2006,1350573.000,,
ESTAT:NRG_BAL_C(1.0),06/03/26 23:00:00,Annual,Gross available energy,Nuclear heat,Gigawatt-hour,France,2007,1319190.000,,
ESTAT:NRG_BAL_C(1.0),06/03/26 23:00:00,Annual,Gross available energy,Nuclear heat,Gigawatt-hour,France,2008,1318341.000,,
ESTAT:NRG_BAL_C(1.0),06/03/26 23:00:00,Annual,Gross available energy,Nuclear heat,Gigawatt-hour,France,2009,1242746.910,,
ESTAT:NRG_BAL_C(1.0),06/03/26 23:00:00,Annual,Gross available energy,Nuclear heat,Gigawatt-hour,France,2010,1298047.560,,
ESTAT:NRG_BAL_C(1.0),06/03/26 23:00:00,Annual,Gross available energy,Nuclear heat,Gigawatt-hour,France,2011,1339880.670,,
ESTAT:NRG_BAL_C(1.0),06/03/26 23:00:00,Annual,Gross available energy,Nuclear heat,Gigawatt-hour,France,2012,1289336.690,,
ESTAT:NRG_BAL_C(1.0),06/03/26 23:00:00,Annual,Gross available energy,Nuclear heat,Gigawatt-hour,France,2013,1284125.471,,
ESTAT:NRG_BAL_C(1.0),06/03/26 23:00:00,Annual,Gross available energy,Nuclear heat,Gigawatt-hour,France,2014,1322886.562,,
ESTAT:NRG_BAL_C(1.0),06/03/26 23:00:00,Annual,Gross available energy,Nuclear heat,Gigawatt-hour,France,2015,1325778.655,,
ESTAT:NRG_BAL_C(1.0),06/03/26 23:00:00,Annual,Gross available energy,Nuclear heat,Gigawatt-hour,France,2016,1222066.875,,
ESTAT:NRG_BAL_C(1.0),06/03/26 23:00:00,Annual,Gross available energy,Nuclear heat,Gigawatt-hour,France,2017,1207900.404,,
ESTAT:NRG_BAL_C(1.0),06/03/26 23:00:00,Annual,Gross available energy,Nuclear heat,Gigawatt-hour,France,2018,1251721.665,,
ESTAT:NRG_BAL_C(1.0),06/03/26 23:00:00,Annual,Gross available energy,Nuclear heat,Gigawatt-hour,France,2019,1209368.810,,
ESTAT:NRG_BAL_C(1.0),06/03/26 23:00:00,Annual,Gross available energy,Nuclear heat,Gigawatt-hour,France,2020,1072413.930,,
ESTAT:NRG_BAL_C(1.0),06/03/26 23:00:00,Annual,Gross available energy,Nuclear heat,Gigawatt-hour,France,2021,1149788.320,,
ESTAT:NRG_BAL_C(1.0),06/03/26 23:00:00,Annual,Gross available energy,Nuclear heat,Gigawatt-hour,France,2022,893288.670,,
ESTAT:NRG_BAL_C(1.0),06/03/26 23:00:00,Annual,Gross available energy,Nuclear heat,Gigawatt-hour,France,2023,1025044.940,,
ESTAT:NRG_BAL_C(1.0),06/03/26 23:00:00,Annual,Gross available energy,Nuclear heat,Gigawatt-hour,France,2024,1025044.940,,
ESTAT:NRG_BAL_C(1.0),06/03/26 23:00:00,Annual,Gross available energy,Nuclear heat,Gigawatt-hour,Croatia,2005,0.000,,
ESTAT:NRG_BAL_C(1.0),06/03/26 23:00:00,Annual,Gross available energy,Nuclear heat,Gigawatt-hour,Croatia,2006,0.000,,
ESTAT:NRG_BAL_C(1.0),06/03/26 23:00:00,Annual,Gross available energy,Nuclear heat,Gigawatt-hour,Croatia,2007,0.000,,
ESTAT:NRG_BAL_C(1.0),06/03/26 23:00:00,Annual,Gross available energy,Nuclear heat,Gigawatt-hour,Croatia,2008,0.000,,
ESTAT:NRG_BAL_C(1.0),06/03/26 23:00:00,Annual,Gross available energy,Nuclear heat,Gigawatt-hour,Croatia,2009,0.000,,
ESTAT:NRG_BAL_C(1.0),06/03/26 23:00:00,Annual,Gross available energy,Nuclear heat,Gigawatt-hour,Croatia,2010,0.000,,
ESTAT:NRG_BAL_C(1.0),06/03/26 23:00:00,Annual,Gross available energy,Nuclear heat,Gigawatt-hour,Croatia,2011,0.000,,
ESTAT:NRG_BAL_C(1.0),06/03/26 23:00:00,Annual,Gross available energy,Nuclear heat,Gigawatt-hour,Croatia,2012,0.000,,
ESTAT:NRG_BAL_C(1.0),06/03/26 23:00:00,Annual,Gross available energy,Nuclear heat,Gigawatt-hour,Croatia,2013,0.000,,
ESTAT:NRG_BAL_C(1.0),06/03/26 23:00:00,Annual,Gross available energy,Nuclear heat,Gigawatt-hour,Croatia,2014,0.000,,
ESTAT:NRG_BAL_C(1.0),06/03/26 23:00:00,Annual,Gross available energy,Nuclear heat,Gigawatt-hour,Croatia,2015,0.000,,
ESTAT:NRG_BAL_C(1.0),06/03/26 23:00:00,Annual,Gross available energy,Nuclear heat,Gigawatt-hour,Croatia,2016,0.000,,
ESTAT:NRG_BAL_C(1.0),06/03/26 23:00:00,Annual,Gross available energy,Nuclear heat,Gigawatt-hour,Croatia,2017,0.000,,
ESTAT:NRG_BAL_C(1.0),06/03/26 23:00:00,Annual,Gross available energy,Nuclear heat,Gigawatt-hour,Croatia,2018,0.000,,
ESTAT:NRG_BAL_C(1.0),06/03/26 23:00:00,Annual,Gross available energy,Nuclear heat,Gigawatt-hour,Croatia,2019,0.000,,
ESTAT:NRG_BAL_C(1.0),06/03/26 23:00:00,Annual,Gross available energy,Nuclear heat,Gigawatt-hour,Croatia,2020,0.000,,
ESTAT:NRG_BAL_C(1.0),06/03/26 23:00:00,Annual,Gross available energy,Nuclear heat,Gigawatt-hour,Croatia,2021,0.000,,
ESTAT:NRG_BAL_C(1.0),06/03/26 23:00:00,Annual,Gross available energy,Nuclear heat,Gigawatt-hour,Croatia,2022,0.000,,
ESTAT:NRG_BAL_C(1.0),06/03/26 23:00:00,Annual,Gross available energy,Nuclear heat,Gigawatt-hour,Croatia,2023,0.000,,
ESTAT:NRG_BAL_C(1.0),06/03/26 23:00:00,Annual,Gross available energy,Nuclear heat,Gigawatt-hour,Croatia,2024,0.000,,
ESTAT:NRG_BAL_C(1.0),06/03/26 23:00:00,Annual,Gross available energy,Nuclear heat,Gigawatt-hour,Hungary,2005,42059.500,,
ESTAT:NRG_BAL_C(1.0),06/03/26 23:00:00,Annual,Gross available energy,Nuclear heat,Gigawatt-hour,Hungary,2006,40878.000,,
ESTAT:NRG_BAL_C(1.0),06/03/26 23:00:00,Annual,Gross available energy,Nuclear heat,Gigawatt-hour,Hungary,2007,44481.000,,
ESTAT:NRG_BAL_C(1.0),06/03/26 23:00:00,Annual,Gross available energy,Nuclear heat,Gigawatt-hour,Hungary,2008,44915.667,,
ESTAT:NRG_BAL_C(1.0),06/03/26 23:00:00,Annual,Gross available energy,Nuclear heat,Gigawatt-hour,Hungary,2009,45101.140,,
ESTAT:NRG_BAL_C(1.0),06/03/26 23:00:00,Annual,Gross available energy,Nuclear heat,Gigawatt-hour,Hungary,2010,46089.690,,
ESTAT:NRG_BAL_C(1.0),06/03/26 23:00:00,Annual,Gross available energy,Nuclear heat,Gigawatt-hour,Hungary,2011,46111.787,,
ESTAT:NRG_BAL_C(1.0),06/03/26 23:00:00,Annual,Gross available energy,Nuclear heat,Gigawatt-hour,Hungary,2012,46358.750,,
ESTAT:NRG_BAL_C(1.0),06/03/26 23:00:00,Annual,Gross available energy,Nuclear heat,Gigawatt-hour,Hungary,2013,45002.587,,
ESTAT:NRG_BAL_C(1.0),06/03/26 23:00:00,Annual,Gross available energy,Nuclear heat,Gigawatt-hour,Hungary,2014,45792.125,,
ESTAT:NRG_BAL_C(1.0),06/03/26 23:00:00,Annual,Gross available energy,Nuclear heat,Gigawatt-hour,Hungary,2015,46453.500,,
ESTAT:NRG_BAL_C(1.0),06/03/26 23:00:00,Annual,Gross available energy,Nuclear heat,Gigawatt-hour,Hungary,2016,47342.290,,
ESTAT:NRG_BAL_C(1.0),06/03/26 23:00:00,Annual,Gross available energy,Nuclear heat,Gigawatt-hour,Hungary,2017,47496.920,,
ESTAT:NRG_BAL_C(1.0),06/03/26 23:00:00,Annual,Gross available energy,Nuclear heat,Gigawatt-hour,Hungary,2018,46589.780,,
ESTAT:NRG_BAL_C(1.0),06/03/26 23:00:00,Annual,Gross available energy,Nuclear heat,Gigawatt-hour,Hungary,2019,47752.780,,
ESTAT:NRG_BAL_C(1.0),06/03/26 23:00:00,Annual,Gross available energy,Nuclear heat,Gigawatt-hour,Hungary,2020,47136.390,,
ESTAT:NRG_BAL_C(1.0),06/03/26 23:00:00,Annual,Gross available energy,Nuclear heat,Gigawatt-hour,Hungary,2021,46915.420,,
ESTAT:NRG_BAL_C(1.0),06/03/26 23:00:00,Annual,Gross available energy,Nuclear heat,Gigawatt-hour,Hungary,2022,46426.960,,
ESTAT:NRG_BAL_C(1.0),06/03/26 23:00:00,Annual,Gross available energy,Nuclear heat,Gigawatt-hour,Hungary,2023,46694.450,,
ESTAT:NRG_BAL_C(1.0),06/03/26 23:00:00,Annual,Gross available energy,Nuclear heat,Gigawatt-hour,Hungary,2024,47124.760,,
ESTAT:NRG_BAL_C(1.0),06/03/26 23:00:00,Annual,Gross available energy,Nuclear heat,Gigawatt-hour,Ireland,2005,0.000,,
ESTAT:NRG_BAL_C(1.0),06/03/26 23:00:00,Annual,Gross available energy,Nuclear heat,Gigawatt-hour,Ireland,2006,0.000,,
ESTAT:NRG_BAL_C(1.0),06/03/26 23:00:00,Annual,Gross available energy,Nuclear heat,Gigawatt-hour,Ireland,2007,0.000,,
ESTAT:NRG_BAL_C(1.0),06/03/26 23:00:00,Annual,Gross available energy,Nuclear heat,Gigawatt-hour,Ireland,2008,0.000,,
ESTAT:NRG_BAL_C(1.0),06/03/26 23:00:00,Annual,Gross available energy,Nuclear heat,Gigawatt-hour,Ireland,2009,0.000,,
ESTAT:NRG_BAL_C(1.0),06/03/26 23:00:00,Annual,Gross available energy,Nuclear heat,Gigawatt-hour,Ireland,2010,0.000,,
ESTAT:NRG_BAL_C(1.0),06/03/26 23:00:00,Annual,Gross available energy,Nuclear heat,Gigawatt-hour,Ireland,2011,0.000,,
ESTAT:NRG_BAL_C(1.0),06/03/26 23:00:00,Annual,Gross available energy,Nuclear heat,Gigawatt-hour,Ireland,2012,0.000,,
ESTAT:NRG_BAL_C(1.0),06/03/26 23:00:00,Annual,Gross available energy,Nuclear heat,Gigawatt-hour,Ireland,2013,0.000,,
ESTAT:NRG_BAL_C(1.0),06/03/26 23:00:00,Annual,Gross available energy,Nuclear heat,Gigawatt-hour,Ireland,2014,0.000,,
ESTAT:NRG_BAL_C(1.0),06/03/26 23:00:00,Annual,Gross available energy,Nuclear heat,Gigawatt-hour,Ireland,2015,0.000,,
ESTAT:NRG_BAL_C(1.0),06/03/26 23:00:00,Annual,Gross available energy,Nuclear heat,Gigawatt-hour,Ireland,2016,0.000,,
ESTAT:NRG_BAL_C(1.0),06/03/26 23:00:00,Annual,Gross available energy,Nuclear heat,Gigawatt-hour,Ireland,2017,0.000,,
ESTAT:NRG_BAL_C(1.0),06/03/26 23:00:00,Annual,Gross available energy,Nuclear heat,Gigawatt-hour,Ireland,2018,0.000,,
ESTAT:NRG_BAL_C(1.0),06/03/26 23:00:00,Annual,Gross available energy,Nuclear heat,Gigawatt-hour,Ireland,2019,0.000,,
ESTAT:NRG_BAL_C(1.0),06/03/26 23:00:00,Annual,Gross available energy,Nuclear heat,Gigawatt-hour,Ireland,2020,0.000,,
ESTAT:NRG_BAL_C(1.0),06/03/26 23:00:00,Annual,Gross available energy,Nuclear heat,Gigawatt-hour,Ireland,2021,0.000,,
ESTAT:NRG_BAL_C(1.0),06/03/26 23:00:00,Annual,Gross available energy,Nuclear heat,Gigawatt-hour,Ireland,2022,0.000,,
ESTAT:NRG_BAL_C(1.0),06/03/26 23:00:00,Annual,Gross available energy,Nuclear heat,Gigawatt-hour,Ireland,2023,0.000,,
ESTAT:NRG_BAL_C(1.0),06/03/26 23:00:00,Annual,Gross available energy,Nuclear heat,Gigawatt-hour,Ireland,2024,0.000,,
ESTAT:NRG_BAL_C(1.0),06/03/26 23:00:00,Annual,Gross available energy,Nuclear heat,Gigawatt-hour,Italy,2005,0.000,,
ESTAT:NRG_BAL_C(1.0),06/03/26 23:00:00,Annual,Gross available energy,Nuclear heat,Gigawatt-hour,Italy,2006,0.000,,
ESTAT:NRG_BAL_C(1.0),06/03/26 23:00:00,Annual,Gross available energy,Nuclear heat,Gigawatt-hour,Italy,2007,0.000,,
ESTAT:NRG_BAL_C(1.0),06/03/26 23:00:00,Annual,Gross available energy,Nuclear heat,Gigawatt-hour,Italy,2008,0.000,,
ESTAT:NRG_BAL_C(1.0),06/03/26 23:00:00,Annual,Gross available energy,Nuclear heat,Gigawatt-hour,Italy,2009,0.000,,
ESTAT:NRG_BAL_C(1.0),06/03/26 23:00:00,Annual,Gross available energy,Nuclear heat,Gigawatt-hour,Italy,2010,0.000,,
ESTAT:NRG_BAL_C(1.0),06/03/26 23:00:00,Annual,Gross available energy,Nuclear heat,Gigawatt-hour,Italy,2011,0.000,,
ESTAT:NRG_BAL_C(1.0),06/03/26 23:00:00,Annual,Gross available energy,Nuclear heat,Gigawatt-hour,Italy,2012,0.000,,
ESTAT:NRG_BAL_C(1.0),06/03/26 23:00:00,Annual,Gross available energy,Nuclear heat,Gigawatt-hour,Italy,2013,0.000,,
ESTAT:NRG_BAL_C(1.0),06/03/26 23:00:00,Annual,Gross available energy,Nuclear heat,Gigawatt-hour,Italy,2014,0.000,,
ESTAT:NRG_BAL_C(1.0),06/03/26 23:00:00,Annual,Gross available energy,Nuclear heat,Gigawatt-hour,Italy,2015,0.000,,
ESTAT:NRG_BAL_C(1.0),06/03/26 23:00:00,Annual,Gross available energy,Nuclear heat,Gigawatt-hour,Italy,2016,0.000,,
ESTAT:NRG_BAL_C(1.0),06/03/26 23:00:00,Annual,Gross available energy,Nuclear heat,Gigawatt-hour,Italy,2017,0.000,,
ESTAT:NRG_BAL_C(1.0),06/03/26 23:00:00,Annual,Gross available energy,Nuclear heat,Gigawatt-hour,Italy,2018,0.000,,
ESTAT:NRG_BAL_C(1.0),06/03/26 23:00:00,Annual,Gross available energy,Nuclear heat,Gigawatt-hour,Italy,2019,0.000,,
ESTAT:NRG_BAL_C(1.0),06/03/26 23:00:00,Annual,Gross available energy,Nuclear heat,Gigawatt-hour,Italy,2020,0.000,,
ESTAT:NRG_BAL_C(1.0),06/03/26 23:00:00,Annual,Gross available energy,Nuclear heat,Gigawatt-hour,Italy,2021,0.000,,
ESTAT:NRG_BAL_C(1.0),06/03/26 23:00:00,Annual,Gross available energy,Nuclear heat,Gigawatt-hour,Italy,2022,0.000,,
ESTAT:NRG_BAL_C(1.0),06/03/26 23:00:00,Annual,Gross available energy,Nuclear heat,Gigawatt-hour,Italy,2023,0.000,,
ESTAT:NRG_BAL_C(1.0),06/03/26 23:00:00,Annual,Gross available energy,Nuclear heat,Gigawatt-hour,Italy,2024,0.000,,
ESTAT:NRG_BAL_C(1.0),06/03/26 23:00:00,Annual,Gross available energy,Nuclear heat,Gigawatt-hour,Lithuania,2005,32619.333,,
ESTAT:NRG_BAL_C(1.0),06/03/26 23:00:00,Annual,Gross available energy,Nuclear heat,Gigawatt-hour,Lithuania,2006,27613.833,,
ESTAT:NRG_BAL_C(1.0),06/03/26 23:00:00,Annual,Gross available energy,Nuclear heat,Gigawatt-hour,Lithuania,2007,31104.833,,
ESTAT:NRG_BAL_C(1.0),06/03/26 23:00:00,Annual,Gross available energy,Nuclear heat,Gigawatt-hour,Lithuania,2008,31246.167,,
ESTAT:NRG_BAL_C(1.0),06/03/26 23:00:00,Annual,Gross available energy,Nuclear heat,Gigawatt-hour,Lithuania,2009,34176.833,,
ESTAT:NRG_BAL_C(1.0),06/03/26 23:00:00,Annual,Gross available energy,Nuclear heat,Gigawatt-hour,Lithuania,2010,0.000,,
ESTAT:NRG_BAL_C(1.0),06/03/26 23:00:00,Annual,Gross available energy,Nuclear heat,Gigawatt-hour,Lithuania,2011,0.000,,
ESTAT:NRG_BAL_C(1.0),06/03/26 23:00:00,Annual,Gross available energy,Nuclear heat,Gigawatt-hour,Lithuania,2012,0.000,,
ESTAT:NRG_BAL_C(1.0),06/03/26 23:00:00,Annual,Gross available energy,Nuclear heat,Gigawatt-hour,Lithuania,2013,0.000,,
ESTAT:NRG_BAL_C(1.0),06/03/26 23:00:00,Annual,Gross available energy,Nuclear heat,Gigawatt-hour,Lithuania,2014,0.000,,
ESTAT:NRG_BAL_C(1.0),06/03/26 23:00:00,Annual,Gross available energy,Nuclear heat,Gigawatt-hour,Lithuania,2015,0.000,,
ESTAT:NRG_BAL_C(1.0),06/03/26 23:00:00,Annual,Gross available energy,Nuclear heat,Gigawatt-hour,Lithuania,2016,0.000,,
ESTAT:NRG_BAL_C(1.0),06/03/26 23:00:00,Annual,Gross available energy,Nuclear heat,Gigawatt-hour,Lithuania,2017,0.000,,
ESTAT:NRG_BAL_C(1.0),06/03/26 23:00:00,Annual,Gross available energy,Nuclear heat,Gigawatt-hour,Lithuania,2018,0.000,,
ESTAT:NRG_BAL_C(1.0),06/03/26 23:00:00,Annual,Gross available energy,Nuclear heat,Gigawatt-hour,Lithuania,2019,0.000,,
ESTAT:NRG_BAL_C(1.0),06/03/26 23:00:00,Annual,Gross available energy,Nuclear heat,Gigawatt-hour,Lithuania,2020,0.000,,
ESTAT:NRG_BAL_C(1.0),06/03/26 23:00:00,Annual,Gross available energy,Nuclear heat,Gigawatt-hour,Lithuania,2021,0.000,,
ESTAT:NRG_BAL_C(1.0),06/03/26 23:00:00,Annual,Gross available energy,Nuclear heat,Gigawatt-hour,Lithuania,2022,0.000,,
ESTAT:NRG_BAL_C(1.0),06/03/26 23:00:00,Annual,Gross available energy,Nuclear heat,Gigawatt-hour,Lithuania,2023,0.000,,
ESTAT:NRG_BAL_C(1.0),06/03/26 23:00:00,Annual,Gross available energy,Nuclear heat,Gigawatt-hour,Lithuania,2024,0.000,,
ESTAT:NRG_BAL_C(1.0),06/03/26 23:00:00,Annual,Gross available energy,Nuclear heat,Gigawatt-hour,Luxembourg,2005,0.000,,
ESTAT:NRG_BAL_C(1.0),06/03/26 23:00:00,Annual,Gross available energy,Nuclear heat,Gigawatt-hour,Luxembourg,2006,0.000,,
ESTAT:NRG_BAL_C(1.0),06/03/26 23:00:00,Annual,Gross available energy,Nuclear heat,Gigawatt-hour,Luxembourg,2007,0.000,,
ESTAT:NRG_BAL_C(1.0),06/03/26 23:00:00,Annual,Gross available energy,Nuclear heat,Gigawatt-hour,Luxembourg,2008,0.000,,
ESTAT:NRG_BAL_C(1.0),06/03/26 23:00:00,Annual,Gross available energy,Nuclear heat,Gigawatt-hour,Luxembourg,2009,0.000,,
ESTAT:NRG_BAL_C(1.0),06/03/26 23:00:00,Annual,Gross available energy,Nuclear heat,Gigawatt-hour,Luxembourg,2010,0.000,,
ESTAT:NRG_BAL_C(1.0),06/03/26 23:00:00,Annual,Gross available energy,Nuclear heat,Gigawatt-hour,Luxembourg,2011,0.000,,
ESTAT:NRG_BAL_C(1.0),06/03/26 23:00:00,Annual,Gross available energy,Nuclear heat,Gigawatt-hour,Luxembourg,2012,0.000,,
ESTAT:NRG_BAL_C(1.0),06/03/26 23:00:00,Annual,Gross available energy,Nuclear heat,Gigawatt-hour,Luxembourg,2013,0.000,,
ESTAT:NRG_BAL_C(1.0),06/03/26 23:00:00,Annual,Gross available energy,Nuclear heat,Gigawatt-hour,Luxembourg,2014,0.000,,
ESTAT:NRG_BAL_C(1.0),06/03/26 23:00:00,Annual,Gross available energy,Nuclear heat,Gigawatt-hour,Luxembourg,2015,0.000,,
ESTAT:NRG_BAL_C(1.0),06/03/26 23:00:00,Annual,Gross available energy,Nuclear heat,Gigawatt-hour,Luxembourg,2016,0.000,,
ESTAT:NRG_BAL_C(1.0),06/03/26 23:00:00,Annual,Gross available energy,Nuclear heat,Gigawatt-hour,Luxembourg,2017,0.000,,
ESTAT:NRG_BAL_C(1.0),06/03/26 23:00:00,Annual,Gross available energy,Nuclear heat,Gigawatt-hour,Luxembourg,2018,0.000,,
ESTAT:NRG_BAL_C(1.0),06/03/26 23:00:00,Annual,Gross available energy,Nuclear heat,Gigawatt-hour,Luxembourg,2019,0.000,,
ESTAT:NRG_BAL_C(1.0),06/03/26 23:00:00,Annual,Gross available energy,Nuclear heat,Gigawatt-hour,Luxembourg,2020,0.000,,
ESTAT:NRG_BAL_C(1.0),06/03/26 23:00:00,Annual,Gross available energy,Nuclear heat,Gigawatt-hour,Luxembourg,2021,0.000,,
ESTAT:NRG_BAL_C(1.0),06/03/26 23:00:00,Annual,Gross available energy,Nuclear heat,Gigawatt-hour,Luxembourg,2022,0.000,,
ESTAT:NRG_BAL_C(1.0),06/03/26 23:00:00,Annual,Gross available energy,Nuclear heat,Gigawatt-hour,Luxembourg,2023,0.000,,
ESTAT:NRG_BAL_C(1.0),06/03/26 23:00:00,Annual,Gross available energy,Nuclear heat,Gigawatt-hour,Luxembourg,2024,0.000,,
ESTAT:NRG_BAL_C(1.0),06/03/26 23:00:00,Annual,Gross available energy,Nuclear heat,Gigawatt-hour,Latvia,2005,0.000,,
ESTAT:NRG_BAL_C(1.0),06/03/26 23:00:00,Annual,Gross available energy,Nuclear heat,Gigawatt-hour,Latvia,2006,0.000,,
ESTAT:NRG_BAL_C(1.0),06/03/26 23:00:00,Annual,Gross available energy,Nuclear heat,Gigawatt-hour,Latvia,2007,0.000,,
ESTAT:NRG_BAL_C(1.0),06/03/26 23:00:00,Annual,Gross available energy,Nuclear heat,Gigawatt-hour,Latvia,2008,0.000,,
ESTAT:NRG_BAL_C(1.0),06/03/26 23:00:00,Annual,Gross available energy,Nuclear heat,Gigawatt-hour,Latvia,2009,0.000,,
ESTAT:NRG_BAL_C(1.0),06/03/26 23:00:00,Annual,Gross available energy,Nuclear heat,Gigawatt-hour,Latvia,2010,0.000,,
ESTAT:NRG_BAL_C(1.0),06/03/26 23:00:00,Annual,Gross available energy,Nuclear heat,Gigawatt-hour,Latvia,2011,0.000,,
ESTAT:NRG_BAL_C(1.0),06/03/26 23:00:00,Annual,Gross available energy,Nuclear heat,Gigawatt-hour,Latvia,2012,0.000,,
ESTAT:NRG_BAL_C(1.0),06/03/26 23:00:00,Annual,Gross available energy,Nuclear heat,Gigawatt-hour,Latvia,2013,0.000,,
ESTAT:NRG_BAL_C(1.0),06/03/26 23:00:00,Annual,Gross available energy,Nuclear heat,Gigawatt-hour,Latvia,2014,0.000,,
ESTAT:NRG_BAL_C(1.0),06/03/26 23:00:00,Annual,Gross available energy,Nuclear heat,Gigawatt-hour,Latvia,2015,0.000,,
ESTAT:NRG_BAL_C(1.0),06/03/26 23:00:00,Annual,Gross available energy,Nuclear heat,Gigawatt-hour,Latvia,2016,0.000,,
ESTAT:NRG_BAL_C(1.0),06/03/26 23:00:00,Annual,Gross available energy,Nuclear heat,Gigawatt-hour,Latvia,2017,0.000,,
ESTAT:NRG_BAL_C(1.0),06/03/26 23:00:00,Annual,Gross available energy,Nuclear heat,Gigawatt-hour,Latvia,2018,0.000,,
ESTAT:NRG_BAL_C(1.0),06/03/26 23:00:00,Annual,Gross available energy,Nuclear heat,Gigawatt-hour,Latvia,2019,0.000,,
ESTAT:NRG_BAL_C(1.0),06/03/26 23:00:00,Annual,Gross available energy,Nuclear heat,Gigawatt-hour,Latvia,2020,0.000,,
ESTAT:NRG_BAL_C(1.0),06/03/26 23:00:00,Annual,Gross available energy,Nuclear heat,Gigawatt-hour,Latvia,2021,0.000,,
ESTAT:NRG_BAL_C(1.0),06/03/26 23:00:00,Annual,Gross available energy,Nuclear heat,Gigawatt-hour,Latvia,2022,0.000,,
ESTAT:NRG_BAL_C(1.0),06/03/26 23:00:00,Annual,Gross available energy,Nuclear heat,Gigawatt-hour,Latvia,2023,0.000,,
ESTAT:NRG_BAL_C(1.0),06/03/26 23:00:00,Annual,Gross available energy,Nuclear heat,Gigawatt-hour,Latvia,2024,0.000,,
ESTAT:NRG_BAL_C(1.0),06/03/26 23:00:00,Annual,Gross available energy,Nuclear heat,Gigawatt-hour,Malta,2005,0.000,,
ESTAT:NRG_BAL_C(1.0),06/03/26 23:00:00,Annual,Gross available energy,Nuclear heat,Gigawatt-hour,Malta,2006,0.000,,
ESTAT:NRG_BAL_C(1.0),06/03/26 23:00:00,Annual,Gross available energy,Nuclear heat,Gigawatt-hour,Malta,2007,0.000,,
ESTAT:NRG_BAL_C(1.0),06/03/26 23:00:00,Annual,Gross available energy,Nuclear heat,Gigawatt-hour,Malta,2008,0.000,,
ESTAT:NRG_BAL_C(1.0),06/03/26 23:00:00,Annual,Gross available energy,Nuclear heat,Gigawatt-hour,Malta,2009,0.000,,
ESTAT:NRG_BAL_C(1.0),06/03/26 23:00:00,Annual,Gross available energy,Nuclear heat,Gigawatt-hour,Malta,2010,0.000,,
ESTAT:NRG_BAL_C(1.0),06/03/26 23:00:00,Annual,Gross available energy,Nuclear heat,Gigawatt-hour,Malta,2011,0.000,,
ESTAT:NRG_BAL_C(1.0),06/03/26 23:00:00,Annual,Gross available energy,Nuclear heat,Gigawatt-hour,Malta,2012,0.000,,
ESTAT:NRG_BAL_C(1.0),06/03/26 23:00:00,Annual,Gross available energy,Nuclear heat,Gigawatt-hour,Malta,2013,0.000,,
ESTAT:NRG_BAL_C(1.0),06/03/26 23:00:00,Annual,Gross available energy,Nuclear heat,Gigawatt-hour,Malta,2014,0.000,,
ESTAT:NRG_BAL_C(1.0),06/03/26 23:00:00,Annual,Gross available energy,Nuclear heat,Gigawatt-hour,Malta,2015,0.000,,
ESTAT:NRG_BAL_C(1.0),06/03/26 23:00:00,Annual,Gross available energy,Nuclear heat,Gigawatt-hour,Malta,2016,0.000,,
ESTAT:NRG_BAL_C(1.0),06/03/26 23:00:00,Annual,Gross available energy,Nuclear heat,Gigawatt-hour,Malta,2017,0.000,,
ESTAT:NRG_BAL_C(1.0),06/03/26 23:00:00,Annual,Gross available energy,Nuclear heat,Gigawatt-hour,Malta,2018,0.000,,
ESTAT:NRG_BAL_C(1.0),06/03/26 23:00:00,Annual,Gross available energy,Nuclear heat,Gigawatt-hour,Malta,2019,0.000,,
ESTAT:NRG_BAL_C(1.0),06/03/26 23:00:00,Annual,Gross available energy,Nuclear heat,Gigawatt-hour,Malta,2020,0.000,,
ESTAT:NRG_BAL_C(1.0),06/03/26 23:00:00,Annual,Gross available energy,Nuclear heat,Gigawatt-hour,Malta,2021,0.000,,
ESTAT:NRG_BAL_C(1.0),06/03/26 23:00:00,Annual,Gross available energy,Nuclear heat,Gigawatt-hour,Malta,2022,0.000,,
ESTAT:NRG_BAL_C(1.0),06/03/26 23:00:00,Annual,Gross available energy,Nuclear heat,Gigawatt-hour,Malta,2023,0.000,,
ESTAT:NRG_BAL_C(1.0),06/03/26 23:00:00,Annual,Gross available energy,Nuclear heat,Gigawatt-hour,Malta,2024,0.000,,
ESTAT:NRG_BAL_C(1.0),06/03/26 23:00:00,Annual,Gross available energy,Nuclear heat,Gigawatt-hour,Netherlands,2005,11991.000,,
ESTAT:NRG_BAL_C(1.0),06/03/26 23:00:00,Annual,Gross available energy,Nuclear heat,Gigawatt-hour,Netherlands,2006,10407.000,,
ESTAT:NRG_BAL_C(1.0),06/03/26 23:00:00,Annual,Gross available energy,Nuclear heat,Gigawatt-hour,Netherlands,2007,12600.000,,
ESTAT:NRG_BAL_C(1.0),06/03/26 23:00:00,Annual,Gross available energy,Nuclear heat,Gigawatt-hour,Netherlands,2008,12507.000,,
ESTAT:NRG_BAL_C(1.0),06/03/26 23:00:00,Annual,Gross available energy,Nuclear heat,Gigawatt-hour,Netherlands,2009,11397.400,,
ESTAT:NRG_BAL_C(1.0),06/03/26 23:00:00,Annual,Gross available energy,Nuclear heat,Gigawatt-hour,Netherlands,2010,10669.362,,
ESTAT:NRG_BAL_C(1.0),06/03/26 23:00:00,Annual,Gross available energy,Nuclear heat,Gigawatt-hour,Netherlands,2011,11155.496,,
ESTAT:NRG_BAL_C(1.0),06/03/26 23:00:00,Annual,Gross available energy,Nuclear heat,Gigawatt-hour,Netherlands,2012,10699.600,,
ESTAT:NRG_BAL_C(1.0),06/03/26 23:00:00,Annual,Gross available energy,Nuclear heat,Gigawatt-hour,Netherlands,2013,7631.606,,
ESTAT:NRG_BAL_C(1.0),06/03/26 23:00:00,Annual,Gross available energy,Nuclear heat,Gigawatt-hour,Netherlands,2014,10947.319,,
ESTAT:NRG_BAL_C(1.0),06/03/26 23:00:00,Annual,Gross available energy,Nuclear heat,Gigawatt-hour,Netherlands,2015,10901.381,,
ESTAT:NRG_BAL_C(1.0),06/03/26 23:00:00,Annual,Gross available energy,Nuclear heat,Gigawatt-hour,Netherlands,2016,10654.708,,
ESTAT:NRG_BAL_C(1.0),06/03/26 23:00:00,Annual,Gross available energy,Nuclear heat,Gigawatt-hour,Netherlands,2017,9182.350,,
ESTAT:NRG_BAL_C(1.0),06/03/26 23:00:00,Annual,Gross available energy,Nuclear heat,Gigawatt-hour,Netherlands,2018,9446.584,,
ESTAT:NRG_BAL_C(1.0),06/03/26 23:00:00,Annual,Gross available energy,Nuclear heat,Gigawatt-hour,Netherlands,2019,10586.905,,
ESTAT:NRG_BAL_C(1.0),06/03/26 23:00:00,Annual,Gross available energy,Nuclear heat,Gigawatt-hour,Netherlands,2020,11117.001,,
ESTAT:NRG_BAL_C(1.0),06/03/26 23:00:00,Annual,Gross available energy,Nuclear heat,Gigawatt-hour,Netherlands,2021,10355.701,,
ESTAT:NRG_BAL_C(1.0),06/03/26 23:00:00,Annual,Gross available energy,Nuclear heat,Gigawatt-hour,Netherlands,2022,11232.929,,
ESTAT:NRG_BAL_C(1.0),06/03/26 23:00:00,Annual,Gross available energy,Nuclear heat,Gigawatt-hour,Netherlands,2023,10821.959,,
ESTAT:NRG_BAL_C(1.0),06/03/26 23:00:00,Annual,Gross available energy,Nuclear heat,Gigawatt-hour,Netherlands,2024,9642.335,,
ESTAT:NRG_BAL_C(1.0),06/03/26 23:00:00,Annual,Gross available energy,Nuclear heat,Gigawatt-hour,Poland,2005,0.000,,
ESTAT:NRG_BAL_C(1.0),06/03/26 23:00:00,Annual,Gross available energy,Nuclear heat,Gigawatt-hour,Poland,2006,0.000,,
ESTAT:NRG_BAL_C(1.0),06/03/26 23:00:00,Annual,Gross available energy,Nuclear heat,Gigawatt-hour,Poland,2007,0.000,,
ESTAT:NRG_BAL_C(1.0),06/03/26 23:00:00,Annual,Gross available energy,Nuclear heat,Gigawatt-hour,Poland,2008,0.000,,
ESTAT:NRG_BAL_C(1.0),06/03/26 23:00:00,Annual,Gross available energy,Nuclear heat,Gigawatt-hour,Poland,2009,0.000,,
ESTAT:NRG_BAL_C(1.0),06/03/26 23:00:00,Annual,Gross available energy,Nuclear heat,Gigawatt-hour,Poland,2010,0.000,,
ESTAT:NRG_BAL_C(1.0),06/03/26 23:00:00,Annual,Gross available energy,Nuclear heat,Gigawatt-hour,Poland,2011,0.000,,
ESTAT:NRG_BAL_C(1.0),06/03/26 23:00:00,Annual,Gross available energy,Nuclear heat,Gigawatt-hour,Poland,2012,0.000,,
ESTAT:NRG_BAL_C(1.0),06/03/26 23:00:00,Annual,Gross available energy,Nuclear heat,Gigawatt-hour,Poland,2013,0.000,,
ESTAT:NRG_BAL_C(1.0),06/03/26 23:00:00,Annual,Gross available energy,Nuclear heat,Gigawatt-hour,Poland,2014,0.000,,
ESTAT:NRG_BAL_C(1.0),06/03/26 23:00:00,Annual,Gross available energy,Nuclear heat,Gigawatt-hour,Poland,2015,0.000,,
ESTAT:NRG_BAL_C(1.0),06/03/26 23:00:00,Annual,Gross available energy,Nuclear heat,Gigawatt-hour,Poland,2016,0.000,,
ESTAT:NRG_BAL_C(1.0),06/03/26 23:00:00,Annual,Gross available energy,Nuclear heat,Gigawatt-hour,Poland,2017,0.000,,
ESTAT:NRG_BAL_C(1.0),06/03/26 23:00:00,Annual,Gross available energy,Nuclear heat,Gigawatt-hour,Poland,2018,0.000,,
ESTAT:NRG_BAL_C(1.0),06/03/26 23:00:00,Annual,Gross available energy,Nuclear heat,Gigawatt-hour,Poland,2019,0.000,,
ESTAT:NRG_BAL_C(1.0),06/03/26 23:00:00,Annual,Gross available energy,Nuclear heat,Gigawatt-hour,Poland,2020,0.000,,
ESTAT:NRG_BAL_C(1.0),06/03/26 23:00:00,Annual,Gross available energy,Nuclear heat,Gigawatt-hour,Poland,2021,0.000,,
ESTAT:NRG_BAL_C(1.0),06/03/26 23:00:00,Annual,Gross available energy,Nuclear heat,Gigawatt-hour,Poland,2022,0.000,,
ESTAT:NRG_BAL_C(1.0),06/03/26 23:00:00,Annual,Gross available energy,Nuclear heat,Gigawatt-hour,Poland,2023,0.000,,
ESTAT:NRG_BAL_C(1.0),06/03/26 23:00:00,Annual,Gross available energy,Nuclear heat,Gigawatt-hour,Poland,2024,0.000,,
ESTAT:NRG_BAL_C(1.0),06/03/26 23:00:00,Annual,Gross available energy,Nuclear heat,Gigawatt-hour,Portugal,2005,0.000,,
ESTAT:NRG_BAL_C(1.0),06/03/26 23:00:00,Annual,Gross available energy,Nuclear heat,Gigawatt-hour,Portugal,2006,0.000,,
ESTAT:NRG_BAL_C(1.0),06/03/26 23:00:00,Annual,Gross available energy,Nuclear heat,Gigawatt-hour,Portugal,2007,0.000,,
ESTAT:NRG_BAL_C(1.0),06/03/26 23:00:00,Annual,Gross available energy,Nuclear heat,Gigawatt-hour,Portugal,2008,0.000,,
ESTAT:NRG_BAL_C(1.0),06/03/26 23:00:00,Annual,Gross available energy,Nuclear heat,Gigawatt-hour,Portugal,2009,0.000,,
ESTAT:NRG_BAL_C(1.0),06/03/26 23:00:00,Annual,Gross available energy,Nuclear heat,Gigawatt-hour,Portugal,2010,0.000,,
ESTAT:NRG_BAL_C(1.0),06/03/26 23:00:00,Annual,Gross available energy,Nuclear heat,Gigawatt-hour,Portugal,2011,0.000,,
ESTAT:NRG_BAL_C(1.0),06/03/26 23:00:00,Annual,Gross available energy,Nuclear heat,Gigawatt-hour,Portugal,2012,0.000,,
ESTAT:NRG_BAL_C(1.0),06/03/26 23:00:00,Annual,Gross available energy,Nuclear heat,Gigawatt-hour,Portugal,2013,0.000,,
ESTAT:NRG_BAL_C(1.0),06/03/26 23:00:00,Annual,Gross available energy,Nuclear heat,Gigawatt-hour,Portugal,2014,0.000,,
ESTAT:NRG_BAL_C(1.0),06/03/26 23:00:00,Annual,Gross available energy,Nuclear heat,Gigawatt-hour,Portugal,2015,0.000,,
ESTAT:NRG_BAL_C(1.0),06/03/26 23:00:00,Annual,Gross available energy,Nuclear heat,Gigawatt-hour,Portugal,2016,0.000,,
ESTAT:NRG_BAL_C(1.0),06/03/26 23:00:00,Annual,Gross available energy,Nuclear heat,Gigawatt-hour,Portugal,2017,0.000,,
ESTAT:NRG_BAL_C(1.0),06/03/26 23:00:00,Annual,Gross available energy,Nuclear heat,Gigawatt-hour,Portugal,2018,0.000,,
ESTAT:NRG_BAL_C(1.0),06/03/26 23:00:00,Annual,Gross available energy,Nuclear heat,Gigawatt-hour,Portugal,2019,0.000,,
ESTAT:NRG_BAL_C(1.0),06/03/26 23:00:00,Annual,Gross available energy,Nuclear heat,Gigawatt-hour,Portugal,2020,0.000,,
ESTAT:NRG_BAL_C(1.0),06/03/26 23:00:00,Annual,Gross available energy,Nuclear heat,Gigawatt-hour,Portugal,2021,0.000,,
ESTAT:NRG_BAL_C(1.0),06/03/26 23:00:00,Annual,Gross available energy,Nuclear heat,Gigawatt-hour,Portugal,2022,0.000,,
ESTAT:NRG_BAL_C(1.0),06/03/26 23:00:00,Annual,Gross available energy,Nuclear heat,Gigawatt-hour,Portugal,2023,0.000,,
ESTAT:NRG_BAL_C(1.0),06/03/26 23:00:00,Annual,Gross available energy,Nuclear heat,Gigawatt-hour,Portugal,2024,0.000,,
ESTAT:NRG_BAL_C(1.0),06/03/26 23:00:00,Annual,Gross available energy,Nuclear heat,Gigawatt-hour,Romania,2005,16665.000,,
ESTAT:NRG_BAL_C(1.0),06/03/26 23:00:00,Annual,Gross available energy,Nuclear heat,Gigawatt-hour,Romania,2006,16896.000,,
ESTAT:NRG_BAL_C(1.0),06/03/26 23:00:00,Annual,Gross available energy,Nuclear heat,Gigawatt-hour,Romania,2007,23127.000,,
ESTAT:NRG_BAL_C(1.0),06/03/26 23:00:00,Annual,Gross available energy,Nuclear heat,Gigawatt-hour,Romania,2008,33678.000,,
ESTAT:NRG_BAL_C(1.0),06/03/26 23:00:00,Annual,Gross available energy,Nuclear heat,Gigawatt-hour,Romania,2009,34652.748,,
ESTAT:NRG_BAL_C(1.0),06/03/26 23:00:00,Annual,Gross available energy,Nuclear heat,Gigawatt-hour,Romania,2010,33992.513,,
ESTAT:NRG_BAL_C(1.0),06/03/26 23:00:00,Annual,Gross available energy,Nuclear heat,Gigawatt-hour,Romania,2011,34644.607,,
ESTAT:NRG_BAL_C(1.0),06/03/26 23:00:00,Annual,Gross available energy,Nuclear heat,Gigawatt-hour,Romania,2012,34988.739,,
ESTAT:NRG_BAL_C(1.0),06/03/26 23:00:00,Annual,Gross available energy,Nuclear heat,Gigawatt-hour,Romania,2013,33985.186,,
ESTAT:NRG_BAL_C(1.0),06/03/26 23:00:00,Annual,Gross available energy,Nuclear heat,Gigawatt-hour,Romania,2014,34206.156,,
ESTAT:NRG_BAL_C(1.0),06/03/26 23:00:00,Annual,Gross available energy,Nuclear heat,Gigawatt-hour,Romania,2015,34193.363,,
ESTAT:NRG_BAL_C(1.0),06/03/26 23:00:00,Annual,Gross available energy,Nuclear heat,Gigawatt-hour,Romania,2016,32688.441,,
ESTAT:NRG_BAL_C(1.0),06/03/26 23:00:00,Annual,Gross available energy,Nuclear heat,Gigawatt-hour,Romania,2017,33808.410,,
ESTAT:NRG_BAL_C(1.0),06/03/26 23:00:00,Annual,Gross available energy,Nuclear heat,Gigawatt-hour,Romania,2018,33459.510,,
ESTAT:NRG_BAL_C(1.0),06/03/26 23:00:00,Annual,Gross available energy,Nuclear heat,Gigawatt-hour,Romania,2019,33098.980,,
ESTAT:NRG_BAL_C(1.0),06/03/26 23:00:00,Annual,Gross available energy,Nuclear heat,Gigawatt-hour,Romania,2020,33575.810,,
ESTAT:NRG_BAL_C(1.0),06/03/26 23:00:00,Annual,Gross available energy,Nuclear heat,Gigawatt-hour,Romania,2021,33331.580,,
ESTAT:NRG_BAL_C(1.0),06/03/26 23:00:00,Annual,Gross available energy,Nuclear heat,Gigawatt-hour,Romania,2022,32819.860,,
ESTAT:NRG_BAL_C(1.0),06/03/26 23:00:00,Annual,Gross available energy,Nuclear heat,Gigawatt-hour,Romania,2023,33343.210,,
ESTAT:NRG_BAL_C(1.0),06/03/26 23:00:00,Annual,Gross available energy,Nuclear heat,Gigawatt-hour,Romania,2024,32598.890,,
ESTAT:NRG_BAL_C(1.0),06/03/26 23:00:00,Annual,Gross available energy,Nuclear heat,Gigawatt-hour,Sweden,2005,217131.000,,
ESTAT:NRG_BAL_C(1.0),06/03/26 23:00:00,Annual,Gross available energy,Nuclear heat,Gigawatt-hour,Sweden,2006,200931.000,,
ESTAT:NRG_BAL_C(1.0),06/03/26 23:00:00,Annual,Gross available energy,Nuclear heat,Gigawatt-hour,Sweden,2007,200907.000,,
ESTAT:NRG_BAL_C(1.0),06/03/26 23:00:00,Annual,Gross available energy,Nuclear heat,Gigawatt-hour,Sweden,2008,191667.000,,
ESTAT:NRG_BAL_C(1.0),06/03/26 23:00:00,Annual,Gross available energy,Nuclear heat,Gigawatt-hour,Sweden,2009,149806.030,,
ESTAT:NRG_BAL_C(1.0),06/03/26 23:00:00,Annual,Gross available energy,Nuclear heat,Gigawatt-hour,Sweden,2010,168611.740,,
ESTAT:NRG_BAL_C(1.0),06/03/26 23:00:00,Annual,Gross available energy,Nuclear heat,Gigawatt-hour,Sweden,2011,177380.760,,
ESTAT:NRG_BAL_C(1.0),06/03/26 23:00:00,Annual,Gross available energy,Nuclear heat,Gigawatt-hour,Sweden,2012,181800.160,,
ESTAT:NRG_BAL_C(1.0),06/03/26 23:00:00,Annual,Gross available energy,Nuclear heat,Gigawatt-hour,Sweden,2013,186033.480,,
ESTAT:NRG_BAL_C(1.0),06/03/26 23:00:00,Annual,Gross available energy,Nuclear heat,Gigawatt-hour,Sweden,2014,190290.060,,
ESTAT:NRG_BAL_C(1.0),06/03/26 23:00:00,Annual,Gross available energy,Nuclear heat,Gigawatt-hour,Sweden,2015,180637.160,,
ESTAT:NRG_BAL_C(1.0),06/03/26 23:00:00,Annual,Gross available energy,Nuclear heat,Gigawatt-hour,Sweden,2016,182579.370,,
ESTAT:NRG_BAL_C(1.0),06/03/26 23:00:00,Annual,Gross available energy,Nuclear heat,Gigawatt-hour,Sweden,2017,190162.130,,
ESTAT:NRG_BAL_C(1.0),06/03/26 23:00:00,Annual,Gross available energy,Nuclear heat,Gigawatt-hour,Sweden,2018,194535.010,,
ESTAT:NRG_BAL_C(1.0),06/03/26 23:00:00,Annual,Gross available energy,Nuclear heat,Gigawatt-hour,Sweden,2019,188859.570,,
ESTAT:NRG_BAL_C(1.0),06/03/26 23:00:00,Annual,Gross available energy,Nuclear heat,Gigawatt-hour,Sweden,2020,139885.640,,
ESTAT:NRG_BAL_C(1.0),06/03/26 23:00:00,Annual,Gross available energy,Nuclear heat,Gigawatt-hour,Sweden,2021,143537.460,,
ESTAT:NRG_BAL_C(1.0),06/03/26 23:00:00,Annual,Gross available energy,Nuclear heat,Gigawatt-hour,Sweden,2022,144316.670,,
ESTAT:NRG_BAL_C(1.0),06/03/26 23:00:00,Annual,Gross available energy,Nuclear heat,Gigawatt-hour,Sweden,2023,134630.973,,
ESTAT:NRG_BAL_C(1.0),06/03/26 23:00:00,Annual,Gross available energy,Nuclear heat,Gigawatt-hour,Sweden,2024,140618.330,,
ESTAT:NRG_BAL_C(1.0),06/03/26 23:00:00,Annual,Gross available energy,Nuclear heat,Gigawatt-hour,Slovenia,2005,17652.000,,
ESTAT:NRG_BAL_C(1.0),06/03/26 23:00:00,Annual,Gross available energy,Nuclear heat,Gigawatt-hour,Slovenia,2006,16644.000,,
ESTAT:NRG_BAL_C(1.0),06/03/26 23:00:00,Annual,Gross available energy,Nuclear heat,Gigawatt-hour,Slovenia,2007,17085.000,,
ESTAT:NRG_BAL_C(1.0),06/03/26 23:00:00,Annual,Gross available energy,Nuclear heat,Gigawatt-hour,Slovenia,2008,18819.000,,
ESTAT:NRG_BAL_C(1.0),06/03/26 23:00:00,Annual,Gross available energy,Nuclear heat,Gigawatt-hour,Slovenia,2009,15755.000,,
ESTAT:NRG_BAL_C(1.0),06/03/26 23:00:00,Annual,Gross available energy,Nuclear heat,Gigawatt-hour,Slovenia,2010,15528.841,,
ESTAT:NRG_BAL_C(1.0),06/03/26 23:00:00,Annual,Gross available energy,Nuclear heat,Gigawatt-hour,Slovenia,2011,17101.709,,
ESTAT:NRG_BAL_C(1.0),06/03/26 23:00:00,Annual,Gross available energy,Nuclear heat,Gigawatt-hour,Slovenia,2012,15213.580,,
ESTAT:NRG_BAL_C(1.0),06/03/26 23:00:00,Annual,Gross available energy,Nuclear heat,Gigawatt-hour,Slovenia,2013,14547.967,,
ESTAT:NRG_BAL_C(1.0),06/03/26 23:00:00,Annual,Gross available energy,Nuclear heat,Gigawatt-hour,Slovenia,2014,17438.707,,
ESTAT:NRG_BAL_C(1.0),06/03/26 23:00:00,Annual,Gross available energy,Nuclear heat,Gigawatt-hour,Slovenia,2015,15493.486,,
ESTAT:NRG_BAL_C(1.0),06/03/26 23:00:00,Annual,Gross available energy,Nuclear heat,Gigawatt-hour,Slovenia,2016,15684.752,,
ESTAT:NRG_BAL_C(1.0),06/03/26 23:00:00,Annual,Gross available energy,Nuclear heat,Gigawatt-hour,Slovenia,2017,17306.603,,
ESTAT:NRG_BAL_C(1.0),06/03/26 23:00:00,Annual,Gross available energy,Nuclear heat,Gigawatt-hour,Slovenia,2018,15870.298,,
ESTAT:NRG_BAL_C(1.0),06/03/26 23:00:00,Annual,Gross available energy,Nuclear heat,Gigawatt-hour,Slovenia,2019,15993.576,,
ESTAT:NRG_BAL_C(1.0),06/03/26 23:00:00,Annual,Gross available energy,Nuclear heat,Gigawatt-hour,Slovenia,2020,17408.388,,
ESTAT:NRG_BAL_C(1.0),06/03/26 23:00:00,Annual,Gross available energy,Nuclear heat,Gigawatt-hour,Slovenia,2021,15728.913,,
ESTAT:NRG_BAL_C(1.0),06/03/26 23:00:00,Annual,Gross available energy,Nuclear heat,Gigawatt-hour,Slovenia,2022,15544.064,,
ESTAT:NRG_BAL_C(1.0),06/03/26 23:00:00,Annual,Gross available energy,Nuclear heat,Gigawatt-hour,Slovenia,2023,15323.699,,
ESTAT:NRG_BAL_C(1.0),06/03/26 23:00:00,Annual,Gross available energy,Nuclear heat,Gigawatt-hour,Slovenia,2024,15932.207,,
ESTAT:NRG_BAL_C(1.0),06/03/26 23:00:00,Annual,Gross available energy,Nuclear heat,Gigawatt-hour,Slovakia,2005,55041.833,,
ESTAT:NRG_BAL_C(1.0),06/03/26 23:00:00,Annual,Gross available energy,Nuclear heat,Gigawatt-hour,Slovakia,2006,55966.833,,
ESTAT:NRG_BAL_C(1.0),06/03/26 23:00:00,Annual,Gross available energy,Nuclear heat,Gigawatt-hour,Slovakia,2007,47697.833,,
ESTAT:NRG_BAL_C(1.0),06/03/26 23:00:00,Annual,Gross available energy,Nuclear heat,Gigawatt-hour,Slovakia,2008,51779.000,,
ESTAT:NRG_BAL_C(1.0),06/03/26 23:00:00,Annual,Gross available energy,Nuclear heat,Gigawatt-hour,Slovakia,2009,43996.290,,
ESTAT:NRG_BAL_C(1.0),06/03/26 23:00:00,Annual,Gross available energy,Nuclear heat,Gigawatt-hour,Slovakia,2010,44813.646,,
ESTAT:NRG_BAL_C(1.0),06/03/26 23:00:00,Annual,Gross available energy,Nuclear heat,Gigawatt-hour,Slovakia,2011,46834.010,,
ESTAT:NRG_BAL_C(1.0),06/03/26 23:00:00,Annual,Gross available energy,Nuclear heat,Gigawatt-hour,Slovakia,2012,47101.500,,
ESTAT:NRG_BAL_C(1.0),06/03/26 23:00:00,Annual,Gross available energy,Nuclear heat,Gigawatt-hour,Slovakia,2013,47805.231,,
ESTAT:NRG_BAL_C(1.0),06/03/26 23:00:00,Annual,Gross available energy,Nuclear heat,Gigawatt-hour,Slovakia,2014,47136.390,,
ESTAT:NRG_BAL_C(1.0),06/03/26 23:00:00,Annual,Gross available energy,Nuclear heat,Gigawatt-hour,Slovakia,2015,46845.640,,
ESTAT:NRG_BAL_C(1.0),06/03/26 23:00:00,Annual,Gross available energy,Nuclear heat,Gigawatt-hour,Slovakia,2016,45287.220,,
ESTAT:NRG_BAL_C(1.0),06/03/26 23:00:00,Annual,Gross available energy,Nuclear heat,Gigawatt-hour,Slovakia,2017,46345.550,,
ESTAT:NRG_BAL_C(1.0),06/03/26 23:00:00,Annual,Gross available energy,Nuclear heat,Gigawatt-hour,Slovakia,2018,43728.800,,
ESTAT:NRG_BAL_C(1.0),06/03/26 23:00:00,Annual,Gross available energy,Nuclear heat,Gigawatt-hour,Slovakia,2019,47078.240,,
ESTAT:NRG_BAL_C(1.0),06/03/26 23:00:00,Annual,Gross available energy,Nuclear heat,Gigawatt-hour,Slovakia,2020,47031.720,,
ESTAT:NRG_BAL_C(1.0),06/03/26 23:00:00,Annual,Gross available energy,Nuclear heat,Gigawatt-hour,Slovakia,2021,47113.712,,
ESTAT:NRG_BAL_C(1.0),06/03/26 23:00:00,Annual,Gross available energy,Nuclear heat,Gigawatt-hour,Slovakia,2022,47647.994,,
ESTAT:NRG_BAL_C(1.0),06/03/26 23:00:00,Annual,Gross available energy,Nuclear heat,Gigawatt-hour,Slovakia,2023,55039.440,,
ESTAT:NRG_BAL_C(1.0),06/03/26 23:00:00,Annual,Gross available energy,Nuclear heat,Gigawatt-hour,Slovakia,2024,54335.127,,
ESTAT:NRG_BAL_C(1.0),06/03/26 23:00:00,Annual,Gross available energy,Renewables and biofuels,Gigawatt-hour,Austria,2005,83438.787,,
ESTAT:NRG_BAL_C(1.0),06/03/26 23:00:00,Annual,Gross available energy,Renewables and biofuels,Gigawatt-hour,Austria,2006,89596.386,,
ESTAT:NRG_BAL_C(1.0),06/03/26 23:00:00,Annual,Gross available energy,Renewables and biofuels,Gigawatt-hour,Austria,2007,96467.370,,
ESTAT:NRG_BAL_C(1.0),06/03/26 23:00:00,Annual,Gross available energy,Renewables and biofuels,Gigawatt-hour,Austria,2008,100578.802,,
ESTAT:NRG_BAL_C(1.0),06/03/26 23:00:00,Annual,Gross available energy,Renewables and biofuels,Gigawatt-hour,Austria,2009,106400.872,,
ESTAT:NRG_BAL_C(1.0),06/03/26 23:00:00,Annual,Gross available energy,Renewables and biofuels,Gigawatt-hour,Austria,2010,110235.450,,
ESTAT:NRG_BAL_C(1.0),06/03/26 23:00:00,Annual,Gross available energy,Renewables and biofuels,Gigawatt-hour,Austria,2011,105336.267,,
ESTAT:NRG_BAL_C(1.0),06/03/26 23:00:00,Annual,Gross available energy,Renewables and biofuels,Gigawatt-hour,Austria,2012,119581.267,,
ESTAT:NRG_BAL_C(1.0),06/03/26 23:00:00,Annual,Gross available energy,Renewables and biofuels,Gigawatt-hour,Austria,2013,119000.381,,
ESTAT:NRG_BAL_C(1.0),06/03/26 23:00:00,Annual,Gross available energy,Renewables and biofuels,Gigawatt-hour,Austria,2014,117083.824,,
ESTAT:NRG_BAL_C(1.0),06/03/26 23:00:00,Annual,Gross available energy,Renewables and biofuels,Gigawatt-hour,Austria,2015,116819.270,,
ESTAT:NRG_BAL_C(1.0),06/03/26 23:00:00,Annual,Gross available energy,Renewables and biofuels,Gigawatt-hour,Austria,2016,120254.109,,
ESTAT:NRG_BAL_C(1.0),06/03/26 23:00:00,Annual,Gross available energy,Renewables and biofuels,Gigawatt-hour,Austria,2017,120769.858,,
ESTAT:NRG_BAL_C(1.0),06/03/26 23:00:00,Annual,Gross available energy,Renewables and biofuels,Gigawatt-hour,Austria,2018,116427.257,,
ESTAT:NRG_BAL_C(1.0),06/03/26 23:00:00,Annual,Gross available energy,Renewables and biofuels,Gigawatt-hour,Austria,2019,121271.531,,
ESTAT:NRG_BAL_C(1.0),06/03/26 23:00:00,Annual,Gross available energy,Renewables and biofuels,Gigawatt-hour,Austria,2020,122471.270,,
ESTAT:NRG_BAL_C(1.0),06/03/26 23:00:00,Annual,Gross available energy,Renewables and biofuels,Gigawatt-hour,Austria,2021,125347.492,,
ESTAT:NRG_BAL_C(1.0),06/03/26 23:00:00,Annual,Gross available energy,Renewables and biofuels,Gigawatt-hour,Austria,2022,122472.345,,
ESTAT:NRG_BAL_C(1.0),06/03/26 23:00:00,Annual,Gross available energy,Renewables and biofuels,Gigawatt-hour,Austria,2023,135641.061,,
ESTAT:NRG_BAL_C(1.0),06/03/26 23:00:00,Annual,Gross available energy,Renewables and biofuels,Gigawatt-hour,Austria,2024,144457.230,,
ESTAT:NRG_BAL_C(1.0),06/03/26 23:00:00,Annual,Gross available energy,Renewables and biofuels,Gigawatt-hour,Belgium,2005,13576.291,,
ESTAT:NRG_BAL_C(1.0),06/03/26 23:00:00,Annual,Gross available energy,Renewables and biofuels,Gigawatt-hour,Belgium,2006,15920.501,,
ESTAT:NRG_BAL_C(1.0),06/03/26 23:00:00,Annual,Gross available energy,Renewables and biofuels,Gigawatt-hour,Belgium,2007,18597.371,,
ESTAT:NRG_BAL_C(1.0),06/03/26 23:00:00,Annual,Gross available energy,Renewables and biofuels,Gigawatt-hour,Belgium,2008,22333.374,,
ESTAT:NRG_BAL_C(1.0),06/03/26 23:00:00,Annual,Gross available energy,Renewables and biofuels,Gigawatt-hour,Belgium,2009,26600.926,,
ESTAT:NRG_BAL_C(1.0),06/03/26 23:00:00,Annual,Gross available energy,Renewables and biofuels,Gigawatt-hour,Belgium,2010,34640.654,,
ESTAT:NRG_BAL_C(1.0),06/03/26 23:00:00,Annual,Gross available energy,Renewables and biofuels,Gigawatt-hour,Belgium,2011,34863.687,,
ESTAT:NRG_BAL_C(1.0),06/03/26 23:00:00,Annual,Gross available energy,Renewables and biofuels,Gigawatt-hour,Belgium,2012,39500.997,,
ESTAT:NRG_BAL_C(1.0),06/03/26 23:00:00,Annual,Gross available energy,Renewables and biofuels,Gigawatt-hour,Belgium,2013,42108.257,,
ESTAT:NRG_BAL_C(1.0),06/03/26 23:00:00,Annual,Gross available energy,Renewables and biofuels,Gigawatt-hour,Belgium,2014,40246.767,,
ESTAT:NRG_BAL_C(1.0),06/03/26 23:00:00,Annual,Gross available energy,Renewables and biofuels,Gigawatt-hour,Belgium,2015,43460.125,,
ESTAT:NRG_BAL_C(1.0),06/03/26 23:00:00,Annual,Gross available energy,Renewables and biofuels,Gigawatt-hour,Belgium,2016,46240.447,,
ESTAT:NRG_BAL_C(1.0),06/03/26 23:00:00,Annual,Gross available energy,Renewables and biofuels,Gigawatt-hour,Belgium,2017,48095.118,,
ESTAT:NRG_BAL_C(1.0),06/03/26 23:00:00,Annual,Gross available energy,Renewables and biofuels,Gigawatt-hour,Belgium,2018,49367.876,,
ESTAT:NRG_BAL_C(1.0),06/03/26 23:00:00,Annual,Gross available energy,Renewables and biofuels,Gigawatt-hour,Belgium,2019,51084.208,,
ESTAT:NRG_BAL_C(1.0),06/03/26 23:00:00,Annual,Gross available energy,Renewables and biofuels,Gigawatt-hour,Belgium,2020,57295.834,,
ESTAT:NRG_BAL_C(1.0),06/03/26 23:00:00,Annual,Gross available energy,Renewables and biofuels,Gigawatt-hour,Belgium,2021,60006.092,,
ESTAT:NRG_BAL_C(1.0),06/03/26 23:00:00,Annual,Gross available energy,Renewables and biofuels,Gigawatt-hour,Belgium,2022,61942.083,,
ESTAT:NRG_BAL_C(1.0),06/03/26 23:00:00,Annual,Gross available energy,Renewables and biofuels,Gigawatt-hour,Belgium,2023,64140.327,,
ESTAT:NRG_BAL_C(1.0),06/03/26 23:00:00,Annual,Gross available energy,Renewables and biofuels,Gigawatt-hour,Belgium,2024,62626.682,,
ESTAT:NRG_BAL_C(1.0),06/03/26 23:00:00,Annual,Gross available energy,Renewables and biofuels,Gigawatt-hour,Bulgaria,2005,12927.093,,
ESTAT:NRG_BAL_C(1.0),06/03/26 23:00:00,Annual,Gross available energy,Renewables and biofuels,Gigawatt-hour,Bulgaria,2006,13501.432,,
ESTAT:NRG_BAL_C(1.0),06/03/26 23:00:00,Annual,Gross available energy,Renewables and biofuels,Gigawatt-hour,Bulgaria,2007,11426.583,,
ESTAT:NRG_BAL_C(1.0),06/03/26 23:00:00,Annual,Gross available energy,Renewables and biofuels,Gigawatt-hour,Bulgaria,2008,12606.175,,
ESTAT:NRG_BAL_C(1.0),06/03/26 23:00:00,Annual,Gross available energy,Renewables and biofuels,Gigawatt-hour,Bulgaria,2009,13221.622,,
ESTAT:NRG_BAL_C(1.0),06/03/26 23:00:00,Annual,Gross available energy,Renewables and biofuels,Gigawatt-hour,Bulgaria,2010,17277.186,,
ESTAT:NRG_BAL_C(1.0),06/03/26 23:00:00,Annual,Gross available energy,Renewables and biofuels,Gigawatt-hour,Bulgaria,2011,16219.985,,
ESTAT:NRG_BAL_C(1.0),06/03/26 23:00:00,Annual,Gross available energy,Renewables and biofuels,Gigawatt-hour,Bulgaria,2012,19200.555,,
ESTAT:NRG_BAL_C(1.0),06/03/26 23:00:00,Annual,Gross available energy,Renewables and biofuels,Gigawatt-hour,Bulgaria,2013,21879.142,,
ESTAT:NRG_BAL_C(1.0),06/03/26 23:00:00,Annual,Gross available energy,Renewables and biofuels,Gigawatt-hour,Bulgaria,2014,21633.251,,
ESTAT:NRG_BAL_C(1.0),06/03/26 23:00:00,Annual,Gross available energy,Renewables and biofuels,Gigawatt-hour,Bulgaria,2015,24146.543,,
ESTAT:NRG_BAL_C(1.0),06/03/26 23:00:00,Annual,Gross available energy,Renewables and biofuels,Gigawatt-hour,Bulgaria,2016,23522.335,,
ESTAT:NRG_BAL_C(1.0),06/03/26 23:00:00,Annual,Gross available energy,Renewables and biofuels,Gigawatt-hour,Bulgaria,2017,22704.098,,
ESTAT:NRG_BAL_C(1.0),06/03/26 23:00:00,Annual,Gross available energy,Renewables and biofuels,Gigawatt-hour,Bulgaria,2018,29557.204,,
ESTAT:NRG_BAL_C(1.0),06/03/26 23:00:00,Annual,Gross available energy,Renewables and biofuels,Gigawatt-hour,Bulgaria,2019,28719.349,,
ESTAT:NRG_BAL_C(1.0),06/03/26 23:00:00,Annual,Gross available energy,Renewables and biofuels,Gigawatt-hour,Bulgaria,2020,29644.808,,
ESTAT:NRG_BAL_C(1.0),06/03/26 23:00:00,Annual,Gross available energy,Renewables and biofuels,Gigawatt-hour,Bulgaria,2021,34006.859,,
ESTAT:NRG_BAL_C(1.0),06/03/26 23:00:00,Annual,Gross available energy,Renewables and biofuels,Gigawatt-hour,Bulgaria,2022,31967.563,,
ESTAT:NRG_BAL_C(1.0),06/03/26 23:00:00,Annual,Gross available energy,Renewables and biofuels,Gigawatt-hour,Bulgaria,2023,30072.757,,
ESTAT:NRG_BAL_C(1.0),06/03/26 23:00:00,Annual,Gross available energy,Renewables and biofuels,Gigawatt-hour,Bulgaria,2024,30351.355,,
ESTAT:NRG_BAL_C(1.0),06/03/26 23:00:00,Annual,Gross available energy,Renewables and biofuels,Gigawatt-hour,Cyprus,2005,624.643,,
ESTAT:NRG_BAL_C(1.0),06/03/26 23:00:00,Annual,Gross available energy,Renewables and biofuels,Gigawatt-hour,Cyprus,2006,649.524,,
ESTAT:NRG_BAL_C(1.0),06/03/26 23:00:00,Annual,Gross available energy,Renewables and biofuels,Gigawatt-hour,Cyprus,2007,851.320,,
ESTAT:NRG_BAL_C(1.0),06/03/26 23:00:00,Annual,Gross available energy,Renewables and biofuels,Gigawatt-hour,Cyprus,2008,1147.354,,
ESTAT:NRG_BAL_C(1.0),06/03/26 23:00:00,Annual,Gross available energy,Renewables and biofuels,Gigawatt-hour,Cyprus,2009,1237.246,,
ESTAT:NRG_BAL_C(1.0),06/03/26 23:00:00,Annual,Gross available energy,Renewables and biofuels,Gigawatt-hour,Cyprus,2010,1272.840,,
ESTAT:NRG_BAL_C(1.0),06/03/26 23:00:00,Annual,Gross available energy,Renewables and biofuels,Gigawatt-hour,Cyprus,2011,1462.852,,
ESTAT:NRG_BAL_C(1.0),06/03/26 23:00:00,Annual,Gross available energy,Renewables and biofuels,Gigawatt-hour,Cyprus,2012,1578.273,,
ESTAT:NRG_BAL_C(1.0),06/03/26 23:00:00,Annual,Gross available energy,Renewables and biofuels,Gigawatt-hour,Cyprus,2013,1625.506,,
ESTAT:NRG_BAL_C(1.0),06/03/26 23:00:00,Annual,Gross available energy,Renewables and biofuels,Gigawatt-hour,Cyprus,2014,1586.579,,
ESTAT:NRG_BAL_C(1.0),06/03/26 23:00:00,Annual,Gross available energy,Renewables and biofuels,Gigawatt-hour,Cyprus,2015,1813.794,,
ESTAT:NRG_BAL_C(1.0),06/03/26 23:00:00,Annual,Gross available energy,Renewables and biofuels,Gigawatt-hour,Cyprus,2016,1885.863,,
ESTAT:NRG_BAL_C(1.0),06/03/26 23:00:00,Annual,Gross available energy,Renewables and biofuels,Gigawatt-hour,Cyprus,2017,2078.160,,
ESTAT:NRG_BAL_C(1.0),06/03/26 23:00:00,Annual,Gross available energy,Renewables and biofuels,Gigawatt-hour,Cyprus,2018,2771.689,,
ESTAT:NRG_BAL_C(1.0),06/03/26 23:00:00,Annual,Gross available energy,Renewables and biofuels,Gigawatt-hour,Cyprus,2019,2864.441,,
ESTAT:NRG_BAL_C(1.0),06/03/26 23:00:00,Annual,Gross available energy,Renewables and biofuels,Gigawatt-hour,Cyprus,2020,3233.744,,
ESTAT:NRG_BAL_C(1.0),06/03/26 23:00:00,Annual,Gross available energy,Renewables and biofuels,Gigawatt-hour,Cyprus,2021,3459.226,,
ESTAT:NRG_BAL_C(1.0),06/03/26 23:00:00,Annual,Gross available energy,Renewables and biofuels,Gigawatt-hour,Cyprus,2022,3562.276,,
ESTAT:NRG_BAL_C(1.0),06/03/26 23:00:00,Annual,Gross available energy,Renewables and biofuels,Gigawatt-hour,Cyprus,2023,3679.133,,
ESTAT:NRG_BAL_C(1.0),06/03/26 23:00:00,Annual,Gross available energy,Renewables and biofuels,Gigawatt-hour,Cyprus,2024,3876.250,,
ESTAT:NRG_BAL_C(1.0),06/03/26 23:00:00,Annual,Gross available energy,Renewables and biofuels,Gigawatt-hour,Czechia,2005,24430.062,,
ESTAT:NRG_BAL_C(1.0),06/03/26 23:00:00,Annual,Gross available energy,Renewables and biofuels,Gigawatt-hour,Czechia,2006,25951.240,,
ESTAT:NRG_BAL_C(1.0),06/03/26 23:00:00,Annual,Gross available energy,Renewables and biofuels,Gigawatt-hour,Czechia,2007,27252.257,,
ESTAT:NRG_BAL_C(1.0),06/03/26 23:00:00,Annual,Gross available energy,Renewables and biofuels,Gigawatt-hour,Czechia,2008,29631.262,,
ESTAT:NRG_BAL_C(1.0),06/03/26 23:00:00,Annual,Gross available energy,Renewables and biofuels,Gigawatt-hour,Czechia,2009,33496.528,,
ESTAT:NRG_BAL_C(1.0),06/03/26 23:00:00,Annual,Gross available energy,Renewables and biofuels,Gigawatt-hour,Czechia,2010,36942.995,,
ESTAT:NRG_BAL_C(1.0),06/03/26 23:00:00,Annual,Gross available energy,Renewables and biofuels,Gigawatt-hour,Czechia,2011,40674.485,,
ESTAT:NRG_BAL_C(1.0),06/03/26 23:00:00,Annual,Gross available energy,Renewables and biofuels,Gigawatt-hour,Czechia,2012,43685.912,,
ESTAT:NRG_BAL_C(1.0),06/03/26 23:00:00,Annual,Gross available energy,Renewables and biofuels,Gigawatt-hour,Czechia,2013,48034.162,,
ESTAT:NRG_BAL_C(1.0),06/03/26 23:00:00,Annual,Gross available energy,Renewables and biofuels,Gigawatt-hour,Czechia,2014,49636.782,,
ESTAT:NRG_BAL_C(1.0),06/03/26 23:00:00,Annual,Gross available energy,Renewables and biofuels,Gigawatt-hour,Czechia,2015,50988.566,,
ESTAT:NRG_BAL_C(1.0),06/03/26 23:00:00,Annual,Gross available energy,Renewables and biofuels,Gigawatt-hour,Czechia,2016,51558.165,,
ESTAT:NRG_BAL_C(1.0),06/03/26 23:00:00,Annual,Gross available energy,Renewables and biofuels,Gigawatt-hour,Czechia,2017,52795.318,,
ESTAT:NRG_BAL_C(1.0),06/03/26 23:00:00,Annual,Gross available energy,Renewables and biofuels,Gigawatt-hour,Czechia,2018,53111.076,,
ESTAT:NRG_BAL_C(1.0),06/03/26 23:00:00,Annual,Gross available energy,Renewables and biofuels,Gigawatt-hour,Czechia,2019,57134.095,,
ESTAT:NRG_BAL_C(1.0),06/03/26 23:00:00,Annual,Gross available energy,Renewables and biofuels,Gigawatt-hour,Czechia,2020,59568.956,,
ESTAT:NRG_BAL_C(1.0),06/03/26 23:00:00,Annual,Gross available energy,Renewables and biofuels,Gigawatt-hour,Czechia,2021,63703.335,,
ESTAT:NRG_BAL_C(1.0),06/03/26 23:00:00,Annual,Gross available energy,Renewables and biofuels,Gigawatt-hour,Czechia,2022,62967.724,,
ESTAT:NRG_BAL_C(1.0),06/03/26 23:00:00,Annual,Gross available energy,Renewables and biofuels,Gigawatt-hour,Czechia,2023,60945.223,,
ESTAT:NRG_BAL_C(1.0),06/03/26 23:00:00,Annual,Gross available energy,Renewables and biofuels,Gigawatt-hour,Czechia,2024,63158.812,,
ESTAT:NRG_BAL_C(1.0),06/03/26 23:00:00,Annual,Gross available energy,Renewables and biofuels,Gigawatt-hour,Germany,2005,218143.506,,
ESTAT:NRG_BAL_C(1.0),06/03/26 23:00:00,Annual,Gross available energy,Renewables and biofuels,Gigawatt-hour,Germany,2006,266176.927,,
ESTAT:NRG_BAL_C(1.0),06/03/26 23:00:00,Annual,Gross available energy,Renewables and biofuels,Gigawatt-hour,Germany,2007,307994.836,,
ESTAT:NRG_BAL_C(1.0),06/03/26 23:00:00,Annual,Gross available energy,Renewables and biofuels,Gigawatt-hour,Germany,2008,320609.213,,
ESTAT:NRG_BAL_C(1.0),06/03/26 23:00:00,Annual,Gross available energy,Renewables and biofuels,Gigawatt-hour,Germany,2009,320090.898,,
ESTAT:NRG_BAL_C(1.0),06/03/26 23:00:00,Annual,Gross available energy,Renewables and biofuels,Gigawatt-hour,Germany,2010,363642.364,,
ESTAT:NRG_BAL_C(1.0),06/03/26 23:00:00,Annual,Gross available energy,Renewables and biofuels,Gigawatt-hour,Germany,2011,377258.963,,
ESTAT:NRG_BAL_C(1.0),06/03/26 23:00:00,Annual,Gross available energy,Renewables and biofuels,Gigawatt-hour,Germany,2012,423946.991,,
ESTAT:NRG_BAL_C(1.0),06/03/26 23:00:00,Annual,Gross available energy,Renewables and biofuels,Gigawatt-hour,Germany,2013,437661.742,,
ESTAT:NRG_BAL_C(1.0),06/03/26 23:00:00,Annual,Gross available energy,Renewables and biofuels,Gigawatt-hour,Germany,2014,435596.153,,
ESTAT:NRG_BAL_C(1.0),06/03/26 23:00:00,Annual,Gross available energy,Renewables and biofuels,Gigawatt-hour,Germany,2015,464375.725,,
ESTAT:NRG_BAL_C(1.0),06/03/26 23:00:00,Annual,Gross available energy,Renewables and biofuels,Gigawatt-hour,Germany,2016,463269.665,,
ESTAT:NRG_BAL_C(1.0),06/03/26 23:00:00,Annual,Gross available energy,Renewables and biofuels,Gigawatt-hour,Germany,2017,494437.164,,
ESTAT:NRG_BAL_C(1.0),06/03/26 23:00:00,Annual,Gross available energy,Renewables and biofuels,Gigawatt-hour,Germany,2018,506011.521,,
ESTAT:NRG_BAL_C(1.0),06/03/26 23:00:00,Annual,Gross available energy,Renewables and biofuels,Gigawatt-hour,Germany,2019,527007.705,,
ESTAT:NRG_BAL_C(1.0),06/03/26 23:00:00,Annual,Gross available energy,Renewables and biofuels,Gigawatt-hour,Germany,2020,546911.435,,
ESTAT:NRG_BAL_C(1.0),06/03/26 23:00:00,Annual,Gross available energy,Renewables and biofuels,Gigawatt-hour,Germany,2021,547143.879,,
ESTAT:NRG_BAL_C(1.0),06/03/26 23:00:00,Annual,Gross available energy,Renewables and biofuels,Gigawatt-hour,Germany,2022,570374.433,,
ESTAT:NRG_BAL_C(1.0),06/03/26 23:00:00,Annual,Gross available energy,Renewables and biofuels,Gigawatt-hour,Germany,2023,570877.482,,
ESTAT:NRG_BAL_C(1.0),06/03/26 23:00:00,Annual,Gross available energy,Renewables and biofuels,Gigawatt-hour,Germany,2024,581571.381,,
ESTAT:NRG_BAL_C(1.0),06/03/26 23:00:00,Annual,Gross available energy,Renewables and biofuels,Gigawatt-hour,Denmark,2005,34012.665,,
ESTAT:NRG_BAL_C(1.0),06/03/26 23:00:00,Annual,Gross available energy,Renewables and biofuels,Gigawatt-hour,Denmark,2006,34681.298,,
ESTAT:NRG_BAL_C(1.0),06/03/26 23:00:00,Annual,Gross available energy,Renewables and biofuels,Gigawatt-hour,Denmark,2007,38432.036,,
ESTAT:NRG_BAL_C(1.0),06/03/26 23:00:00,Annual,Gross available energy,Renewables and biofuels,Gigawatt-hour,Denmark,2008,38491.912,,
ESTAT:NRG_BAL_C(1.0),06/03/26 23:00:00,Annual,Gross available energy,Renewables and biofuels,Gigawatt-hour,Denmark,2009,39271.127,,
ESTAT:NRG_BAL_C(1.0),06/03/26 23:00:00,Annual,Gross available energy,Renewables and biofuels,Gigawatt-hour,Denmark,2010,46509.404,,
ESTAT:NRG_BAL_C(1.0),06/03/26 23:00:00,Annual,Gross available energy,Renewables and biofuels,Gigawatt-hour,Denmark,2011,47980.362,,
ESTAT:NRG_BAL_C(1.0),06/03/26 23:00:00,Annual,Gross available energy,Renewables and biofuels,Gigawatt-hour,Denmark,2012,49960.346,,
ESTAT:NRG_BAL_C(1.0),06/03/26 23:00:00,Annual,Gross available energy,Renewables and biofuels,Gigawatt-hour,Denmark,2013,51827.675,,
ESTAT:NRG_BAL_C(1.0),06/03/26 23:00:00,Annual,Gross available energy,Renewables and biofuels,Gigawatt-hour,Denmark,2014,54298.400,,
ESTAT:NRG_BAL_C(1.0),06/03/26 23:00:00,Annual,Gross available energy,Renewables and biofuels,Gigawatt-hour,Denmark,2015,57719.708,,
ESTAT:NRG_BAL_C(1.0),06/03/26 23:00:00,Annual,Gross available energy,Renewables and biofuels,Gigawatt-hour,Denmark,2016,60139.650,,
ESTAT:NRG_BAL_C(1.0),06/03/26 23:00:00,Annual,Gross available energy,Renewables and biofuels,Gigawatt-hour,Denmark,2017,66749.881,,
ESTAT:NRG_BAL_C(1.0),06/03/26 23:00:00,Annual,Gross available energy,Renewables and biofuels,Gigawatt-hour,Denmark,2018,66278.425,,
ESTAT:NRG_BAL_C(1.0),06/03/26 23:00:00,Annual,Gross available energy,Renewables and biofuels,Gigawatt-hour,Denmark,2019,69614.196,,
ESTAT:NRG_BAL_C(1.0),06/03/26 23:00:00,Annual,Gross available energy,Renewables and biofuels,Gigawatt-hour,Denmark,2020,72120.329,,
ESTAT:NRG_BAL_C(1.0),06/03/26 23:00:00,Annual,Gross available energy,Renewables and biofuels,Gigawatt-hour,Denmark,2021,81750.263,,
ESTAT:NRG_BAL_C(1.0),06/03/26 23:00:00,Annual,Gross available energy,Renewables and biofuels,Gigawatt-hour,Denmark,2022,79152.595,,
ESTAT:NRG_BAL_C(1.0),06/03/26 23:00:00,Annual,Gross available energy,Renewables and biofuels,Gigawatt-hour,Denmark,2023,81728.486,,
ESTAT:NRG_BAL_C(1.0),06/03/26 23:00:00,Annual,Gross available energy,Renewables and biofuels,Gigawatt-hour,Denmark,2024,85931.733,,
ESTAT:NRG_BAL_C(1.0),06/03/26 23:00:00,Annual,Gross available energy,Renewables and biofuels,Gigawatt-hour,Estonia,2005,6846.973,,
ESTAT:NRG_BAL_C(1.0),06/03/26 23:00:00,Annual,Gross available energy,Renewables and biofuels,Gigawatt-hour,Estonia,2006,6186.447,,
ESTAT:NRG_BAL_C(1.0),06/03/26 23:00:00,Annual,Gross available energy,Renewables and biofuels,Gigawatt-hour,Estonia,2007,7003.608,,
ESTAT:NRG_BAL_C(1.0),06/03/26 23:00:00,Annual,Gross available energy,Renewables and biofuels,Gigawatt-hour,Estonia,2008,7563.309,,
ESTAT:NRG_BAL_C(1.0),06/03/26 23:00:00,Annual,Gross available energy,Renewables and biofuels,Gigawatt-hour,Estonia,2009,8365.520,,
ESTAT:NRG_BAL_C(1.0),06/03/26 23:00:00,Annual,Gross available energy,Renewables and biofuels,Gigawatt-hour,Estonia,2010,9934.706,,
ESTAT:NRG_BAL_C(1.0),06/03/26 23:00:00,Annual,Gross available energy,Renewables and biofuels,Gigawatt-hour,Estonia,2011,9724.594,,
ESTAT:NRG_BAL_C(1.0),06/03/26 23:00:00,Annual,Gross available energy,Renewables and biofuels,Gigawatt-hour,Estonia,2012,10018.575,,
ESTAT:NRG_BAL_C(1.0),06/03/26 23:00:00,Annual,Gross available energy,Renewables and biofuels,Gigawatt-hour,Estonia,2013,9898.738,,
ESTAT:NRG_BAL_C(1.0),06/03/26 23:00:00,Annual,Gross available energy,Renewables and biofuels,Gigawatt-hour,Estonia,2014,9981.381,,
ESTAT:NRG_BAL_C(1.0),06/03/26 23:00:00,Annual,Gross available energy,Renewables and biofuels,Gigawatt-hour,Estonia,2015,10859.989,,
ESTAT:NRG_BAL_C(1.0),06/03/26 23:00:00,Annual,Gross available energy,Renewables and biofuels,Gigawatt-hour,Estonia,2016,11642.399,,
ESTAT:NRG_BAL_C(1.0),06/03/26 23:00:00,Annual,Gross available energy,Renewables and biofuels,Gigawatt-hour,Estonia,2017,12510.145,,
ESTAT:NRG_BAL_C(1.0),06/03/26 23:00:00,Annual,Gross available energy,Renewables and biofuels,Gigawatt-hour,Estonia,2018,13445.316,,
ESTAT:NRG_BAL_C(1.0),06/03/26 23:00:00,Annual,Gross available energy,Renewables and biofuels,Gigawatt-hour,Estonia,2019,13716.158,,
ESTAT:NRG_BAL_C(1.0),06/03/26 23:00:00,Annual,Gross available energy,Renewables and biofuels,Gigawatt-hour,Estonia,2020,15347.297,,
ESTAT:NRG_BAL_C(1.0),06/03/26 23:00:00,Annual,Gross available energy,Renewables and biofuels,Gigawatt-hour,Estonia,2021,15349.915,,
ESTAT:NRG_BAL_C(1.0),06/03/26 23:00:00,Annual,Gross available energy,Renewables and biofuels,Gigawatt-hour,Estonia,2022,15355.135,,
ESTAT:NRG_BAL_C(1.0),06/03/26 23:00:00,Annual,Gross available energy,Renewables and biofuels,Gigawatt-hour,Estonia,2023,16273.538,,
ESTAT:NRG_BAL_C(1.0),06/03/26 23:00:00,Annual,Gross available energy,Renewables and biofuels,Gigawatt-hour,Estonia,2024,18831.812,,
ESTAT:NRG_BAL_C(1.0),06/03/26 23:00:00,Annual,Gross available energy,Renewables and biofuels,Gigawatt-hour,Greece,2005,19823.204,,
ESTAT:NRG_BAL_C(1.0),06/03/26 23:00:00,Annual,Gross available energy,Renewables and biofuels,Gigawatt-hour,Greece,2006,21496.894,,
ESTAT:NRG_BAL_C(1.0),06/03/26 23:00:00,Annual,Gross available energy,Renewables and biofuels,Gigawatt-hour,Greece,2007,20429.914,,
ESTAT:NRG_BAL_C(1.0),06/03/26 23:00:00,Annual,Gross available energy,Renewables and biofuels,Gigawatt-hour,Greece,2008,20419.102,,
ESTAT:NRG_BAL_C(1.0),06/03/26 23:00:00,Annual,Gross available energy,Renewables and biofuels,Gigawatt-hour,Greece,2009,22357.858,,
ESTAT:NRG_BAL_C(1.0),06/03/26 23:00:00,Annual,Gross available energy,Renewables and biofuels,Gigawatt-hour,Greece,2010,25477.127,,
ESTAT:NRG_BAL_C(1.0),06/03/26 23:00:00,Annual,Gross available energy,Renewables and biofuels,Gigawatt-hour,Greece,2011,25570.470,,
ESTAT:NRG_BAL_C(1.0),06/03/26 23:00:00,Annual,Gross available energy,Renewables and biofuels,Gigawatt-hour,Greece,2012,29155.129,,
ESTAT:NRG_BAL_C(1.0),06/03/26 23:00:00,Annual,Gross available energy,Renewables and biofuels,Gigawatt-hour,Greece,2013,31122.859,,
ESTAT:NRG_BAL_C(1.0),06/03/26 23:00:00,Annual,Gross available energy,Renewables and biofuels,Gigawatt-hour,Greece,2014,29144.202,,
ESTAT:NRG_BAL_C(1.0),06/03/26 23:00:00,Annual,Gross available energy,Renewables and biofuels,Gigawatt-hour,Greece,2015,33033.996,,
ESTAT:NRG_BAL_C(1.0),06/03/26 23:00:00,Annual,Gross available energy,Renewables and biofuels,Gigawatt-hour,Greece,2016,31448.717,,
ESTAT:NRG_BAL_C(1.0),06/03/26 23:00:00,Annual,Gross available energy,Renewables and biofuels,Gigawatt-hour,Greece,2017,33906.215,,
ESTAT:NRG_BAL_C(1.0),06/03/26 23:00:00,Annual,Gross available energy,Renewables and biofuels,Gigawatt-hour,Greece,2018,36530.589,,
ESTAT:NRG_BAL_C(1.0),06/03/26 23:00:00,Annual,Gross available energy,Renewables and biofuels,Gigawatt-hour,Greece,2019,36887.243,,
ESTAT:NRG_BAL_C(1.0),06/03/26 23:00:00,Annual,Gross available energy,Renewables and biofuels,Gigawatt-hour,Greece,2020,38960.470,,
ESTAT:NRG_BAL_C(1.0),06/03/26 23:00:00,Annual,Gross available energy,Renewables and biofuels,Gigawatt-hour,Greece,2021,44636.374,,
ESTAT:NRG_BAL_C(1.0),06/03/26 23:00:00,Annual,Gross available energy,Renewables and biofuels,Gigawatt-hour,Greece,2022,42752.157,,
ESTAT:NRG_BAL_C(1.0),06/03/26 23:00:00,Annual,Gross available energy,Renewables and biofuels,Gigawatt-hour,Greece,2023,46437.881,,
ESTAT:NRG_BAL_C(1.0),06/03/26 23:00:00,Annual,Gross available energy,Renewables and biofuels,Gigawatt-hour,Greece,2024,52623.346,,
ESTAT:NRG_BAL_C(1.0),06/03/26 23:00:00,Annual,Gross available energy,Renewables and biofuels,Gigawatt-hour,Spain,2005,97610.127,,
ESTAT:NRG_BAL_C(1.0),06/03/26 23:00:00,Annual,Gross available energy,Renewables and biofuels,Gigawatt-hour,Spain,2006,106494.869,,
ESTAT:NRG_BAL_C(1.0),06/03/26 23:00:00,Annual,Gross available energy,Renewables and biofuels,Gigawatt-hour,Spain,2007,116308.348,,
ESTAT:NRG_BAL_C(1.0),06/03/26 23:00:00,Annual,Gross available energy,Renewables and biofuels,Gigawatt-hour,Spain,2008,122641.483,,
ESTAT:NRG_BAL_C(1.0),06/03/26 23:00:00,Annual,Gross available energy,Renewables and biofuels,Gigawatt-hour,Spain,2009,146130.821,,
ESTAT:NRG_BAL_C(1.0),06/03/26 23:00:00,Annual,Gross available energy,Renewables and biofuels,Gigawatt-hour,Spain,2010,174965.728,,
ESTAT:NRG_BAL_C(1.0),06/03/26 23:00:00,Annual,Gross available energy,Renewables and biofuels,Gigawatt-hour,Spain,2011,172289.550,,
ESTAT:NRG_BAL_C(1.0),06/03/26 23:00:00,Annual,Gross available energy,Renewables and biofuels,Gigawatt-hour,Spain,2012,187513.931,,
ESTAT:NRG_BAL_C(1.0),06/03/26 23:00:00,Annual,Gross available energy,Renewables and biofuels,Gigawatt-hour,Spain,2013,206037.249,,
ESTAT:NRG_BAL_C(1.0),06/03/26 23:00:00,Annual,Gross available energy,Renewables and biofuels,Gigawatt-hour,Spain,2014,210088.022,,
ESTAT:NRG_BAL_C(1.0),06/03/26 23:00:00,Annual,Gross available energy,Renewables and biofuels,Gigawatt-hour,Spain,2015,197801.383,,
ESTAT:NRG_BAL_C(1.0),06/03/26 23:00:00,Annual,Gross available energy,Renewables and biofuels,Gigawatt-hour,Spain,2016,203349.238,,
ESTAT:NRG_BAL_C(1.0),06/03/26 23:00:00,Annual,Gross available energy,Renewables and biofuels,Gigawatt-hour,Spain,2017,192947.593,,
ESTAT:NRG_BAL_C(1.0),06/03/26 23:00:00,Annual,Gross available energy,Renewables and biofuels,Gigawatt-hour,Spain,2018,211238.288,,
ESTAT:NRG_BAL_C(1.0),06/03/26 23:00:00,Annual,Gross available energy,Renewables and biofuels,Gigawatt-hour,Spain,2019,213591.358,,
ESTAT:NRG_BAL_C(1.0),06/03/26 23:00:00,Annual,Gross available energy,Renewables and biofuels,Gigawatt-hour,Spain,2020,222011.282,,
ESTAT:NRG_BAL_C(1.0),06/03/26 23:00:00,Annual,Gross available energy,Renewables and biofuels,Gigawatt-hour,Spain,2021,232000.922,,
ESTAT:NRG_BAL_C(1.0),06/03/26 23:00:00,Annual,Gross available energy,Renewables and biofuels,Gigawatt-hour,Spain,2022,230683.862,,
ESTAT:NRG_BAL_C(1.0),06/03/26 23:00:00,Annual,Gross available energy,Renewables and biofuels,Gigawatt-hour,Spain,2023,263614.523,,
ESTAT:NRG_BAL_C(1.0),06/03/26 23:00:00,Annual,Gross available energy,Renewables and biofuels,Gigawatt-hour,Spain,2024,278320.943,,
ESTAT:NRG_BAL_C(1.0),06/03/26 23:00:00,Annual,Gross available energy,Renewables and biofuels,Gigawatt-hour,Finland,2005,94037.406,,
ESTAT:NRG_BAL_C(1.0),06/03/26 23:00:00,Annual,Gross available energy,Renewables and biofuels,Gigawatt-hour,Finland,2006,101072.989,,
ESTAT:NRG_BAL_C(1.0),06/03/26 23:00:00,Annual,Gross available energy,Renewables and biofuels,Gigawatt-hour,Finland,2007,100680.302,,
ESTAT:NRG_BAL_C(1.0),06/03/26 23:00:00,Annual,Gross available energy,Renewables and biofuels,Gigawatt-hour,Finland,2008,105737.067,,
ESTAT:NRG_BAL_C(1.0),06/03/26 23:00:00,Annual,Gross available energy,Renewables and biofuels,Gigawatt-hour,Finland,2009,93028.742,,
ESTAT:NRG_BAL_C(1.0),06/03/26 23:00:00,Annual,Gross available energy,Renewables and biofuels,Gigawatt-hour,Finland,2010,108081.475,,
ESTAT:NRG_BAL_C(1.0),06/03/26 23:00:00,Annual,Gross available energy,Renewables and biofuels,Gigawatt-hour,Finland,2011,105802.511,,
ESTAT:NRG_BAL_C(1.0),06/03/26 23:00:00,Annual,Gross available energy,Renewables and biofuels,Gigawatt-hour,Finland,2012,115767.576,,
ESTAT:NRG_BAL_C(1.0),06/03/26 23:00:00,Annual,Gross available energy,Renewables and biofuels,Gigawatt-hour,Finland,2013,114689.468,,
ESTAT:NRG_BAL_C(1.0),06/03/26 23:00:00,Annual,Gross available energy,Renewables and biofuels,Gigawatt-hour,Finland,2014,119512.492,,
ESTAT:NRG_BAL_C(1.0),06/03/26 23:00:00,Annual,Gross available energy,Renewables and biofuels,Gigawatt-hour,Finland,2015,121987.195,,
ESTAT:NRG_BAL_C(1.0),06/03/26 23:00:00,Annual,Gross available energy,Renewables and biofuels,Gigawatt-hour,Finland,2016,123688.319,,
ESTAT:NRG_BAL_C(1.0),06/03/26 23:00:00,Annual,Gross available energy,Renewables and biofuels,Gigawatt-hour,Finland,2017,137051.350,,
ESTAT:NRG_BAL_C(1.0),06/03/26 23:00:00,Annual,Gross available energy,Renewables and biofuels,Gigawatt-hour,Finland,2018,140225.313,,
ESTAT:NRG_BAL_C(1.0),06/03/26 23:00:00,Annual,Gross available energy,Renewables and biofuels,Gigawatt-hour,Finland,2019,142037.275,,
ESTAT:NRG_BAL_C(1.0),06/03/26 23:00:00,Annual,Gross available energy,Renewables and biofuels,Gigawatt-hour,Finland,2020,139739.666,,
ESTAT:NRG_BAL_C(1.0),06/03/26 23:00:00,Annual,Gross available energy,Renewables and biofuels,Gigawatt-hour,Finland,2021,159446.595,,
ESTAT:NRG_BAL_C(1.0),06/03/26 23:00:00,Annual,Gross available energy,Renewables and biofuels,Gigawatt-hour,Finland,2022,150209.756,,
ESTAT:NRG_BAL_C(1.0),06/03/26 23:00:00,Annual,Gross available energy,Renewables and biofuels,Gigawatt-hour,Finland,2023,154525.451,,
ESTAT:NRG_BAL_C(1.0),06/03/26 23:00:00,Annual,Gross available energy,Renewables and biofuels,Gigawatt-hour,Finland,2024,156875.545,,
ESTAT:NRG_BAL_C(1.0),06/03/26 23:00:00,Annual,Gross available energy,Renewables and biofuels,Gigawatt-hour,France,2005,184032.106,,
ESTAT:NRG_BAL_C(1.0),06/03/26 23:00:00,Annual,Gross available energy,Renewables and biofuels,Gigawatt-hour,France,2006,181558.144,,
ESTAT:NRG_BAL_C(1.0),06/03/26 23:00:00,Annual,Gross available energy,Renewables and biofuels,Gigawatt-hour,France,2007,198188.909,,
ESTAT:NRG_BAL_C(1.0),06/03/26 23:00:00,Annual,Gross available energy,Renewables and biofuels,Gigawatt-hour,France,2008,225510.243,,
ESTAT:NRG_BAL_C(1.0),06/03/26 23:00:00,Annual,Gross available energy,Renewables and biofuels,Gigawatt-hour,France,2009,230052.746,,
ESTAT:NRG_BAL_C(1.0),06/03/26 23:00:00,Annual,Gross available energy,Renewables and biofuels,Gigawatt-hour,France,2010,258039.237,,
ESTAT:NRG_BAL_C(1.0),06/03/26 23:00:00,Annual,Gross available energy,Renewables and biofuels,Gigawatt-hour,France,2011,226484.356,,
ESTAT:NRG_BAL_C(1.0),06/03/26 23:00:00,Annual,Gross available energy,Renewables and biofuels,Gigawatt-hour,France,2012,268555.131,,
ESTAT:NRG_BAL_C(1.0),06/03/26 23:00:00,Annual,Gross available energy,Renewables and biofuels,Gigawatt-hour,France,2013,300150.858,,
ESTAT:NRG_BAL_C(1.0),06/03/26 23:00:00,Annual,Gross available energy,Renewables and biofuels,Gigawatt-hour,France,2014,275577.640,,
ESTAT:NRG_BAL_C(1.0),06/03/26 23:00:00,Annual,Gross available energy,Renewables and biofuels,Gigawatt-hour,France,2015,286572.869,,
ESTAT:NRG_BAL_C(1.0),06/03/26 23:00:00,Annual,Gross available energy,Renewables and biofuels,Gigawatt-hour,France,2016,311018.286,,
ESTAT:NRG_BAL_C(1.0),06/03/26 23:00:00,Annual,Gross available energy,Renewables and biofuels,Gigawatt-hour,France,2017,307520.692,,
ESTAT:NRG_BAL_C(1.0),06/03/26 23:00:00,Annual,Gross available energy,Renewables and biofuels,Gigawatt-hour,France,2018,332385.036,,
ESTAT:NRG_BAL_C(1.0),06/03/26 23:00:00,Annual,Gross available energy,Renewables and biofuels,Gigawatt-hour,France,2019,337603.989,,
ESTAT:NRG_BAL_C(1.0),06/03/26 23:00:00,Annual,Gross available energy,Renewables and biofuels,Gigawatt-hour,France,2020,337939.983,,
ESTAT:NRG_BAL_C(1.0),06/03/26 23:00:00,Annual,Gross available energy,Renewables and biofuels,Gigawatt-hour,France,2021,366787.192,,
ESTAT:NRG_BAL_C(1.0),06/03/26 23:00:00,Annual,Gross available energy,Renewables and biofuels,Gigawatt-hour,France,2022,355981.532,,
ESTAT:NRG_BAL_C(1.0),06/03/26 23:00:00,Annual,Gross available energy,Renewables and biofuels,Gigawatt-hour,France,2023,394495.239,,
ESTAT:NRG_BAL_C(1.0),06/03/26 23:00:00,Annual,Gross available energy,Renewables and biofuels,Gigawatt-hour,France,2024,414782.351,,
ESTAT:NRG_BAL_C(1.0),06/03/26 23:00:00,Annual,Gross available energy,Renewables and biofuels,Gigawatt-hour,Croatia,2005,21639.333,,
ESTAT:NRG_BAL_C(1.0),06/03/26 23:00:00,Annual,Gross available energy,Renewables and biofuels,Gigawatt-hour,Croatia,2006,20213.139,,
ESTAT:NRG_BAL_C(1.0),06/03/26 23:00:00,Annual,Gross available energy,Renewables and biofuels,Gigawatt-hour,Croatia,2007,17972.117,,
ESTAT:NRG_BAL_C(1.0),06/03/26 23:00:00,Annual,Gross available energy,Renewables and biofuels,Gigawatt-hour,Croatia,2008,19094.802,,
ESTAT:NRG_BAL_C(1.0),06/03/26 23:00:00,Annual,Gross available energy,Renewables and biofuels,Gigawatt-hour,Croatia,2009,21419.075,,
ESTAT:NRG_BAL_C(1.0),06/03/26 23:00:00,Annual,Gross available energy,Renewables and biofuels,Gigawatt-hour,Croatia,2010,24183.023,,
ESTAT:NRG_BAL_C(1.0),06/03/26 23:00:00,Annual,Gross available energy,Renewables and biofuels,Gigawatt-hour,Croatia,2011,19985.183,,
ESTAT:NRG_BAL_C(1.0),06/03/26 23:00:00,Annual,Gross available energy,Renewables and biofuels,Gigawatt-hour,Croatia,2012,20497.308,,
ESTAT:NRG_BAL_C(1.0),06/03/26 23:00:00,Annual,Gross available energy,Renewables and biofuels,Gigawatt-hour,Croatia,2013,24391.742,,
ESTAT:NRG_BAL_C(1.0),06/03/26 23:00:00,Annual,Gross available energy,Renewables and biofuels,Gigawatt-hour,Croatia,2014,23458.085,,
ESTAT:NRG_BAL_C(1.0),06/03/26 23:00:00,Annual,Gross available energy,Renewables and biofuels,Gigawatt-hour,Croatia,2015,22967.351,,
ESTAT:NRG_BAL_C(1.0),06/03/26 23:00:00,Annual,Gross available energy,Renewables and biofuels,Gigawatt-hour,Croatia,2016,23469.213,,
ESTAT:NRG_BAL_C(1.0),06/03/26 23:00:00,Annual,Gross available energy,Renewables and biofuels,Gigawatt-hour,Croatia,2017,22215.733,,
ESTAT:NRG_BAL_C(1.0),06/03/26 23:00:00,Annual,Gross available energy,Renewables and biofuels,Gigawatt-hour,Croatia,2018,25393.785,,
ESTAT:NRG_BAL_C(1.0),06/03/26 23:00:00,Annual,Gross available energy,Renewables and biofuels,Gigawatt-hour,Croatia,2019,24845.560,,
ESTAT:NRG_BAL_C(1.0),06/03/26 23:00:00,Annual,Gross available energy,Renewables and biofuels,Gigawatt-hour,Croatia,2020,25500.324,,
ESTAT:NRG_BAL_C(1.0),06/03/26 23:00:00,Annual,Gross available energy,Renewables and biofuels,Gigawatt-hour,Croatia,2021,29218.455,,
ESTAT:NRG_BAL_C(1.0),06/03/26 23:00:00,Annual,Gross available energy,Renewables and biofuels,Gigawatt-hour,Croatia,2022,25885.563,,
ESTAT:NRG_BAL_C(1.0),06/03/26 23:00:00,Annual,Gross available energy,Renewables and biofuels,Gigawatt-hour,Croatia,2023,28155.657,,
ESTAT:NRG_BAL_C(1.0),06/03/26 23:00:00,Annual,Gross available energy,Renewables and biofuels,Gigawatt-hour,Croatia,2024,27683.347,,
ESTAT:NRG_BAL_C(1.0),06/03/26 23:00:00,Annual,Gross available energy,Renewables and biofuels,Gigawatt-hour,Hungary,2005,19651.192,,
ESTAT:NRG_BAL_C(1.0),06/03/26 23:00:00,Annual,Gross available energy,Renewables and biofuels,Gigawatt-hour,Hungary,2006,19823.999,,
ESTAT:NRG_BAL_C(1.0),06/03/26 23:00:00,Annual,Gross available energy,Renewables and biofuels,Gigawatt-hour,Hungary,2007,21900.460,,
ESTAT:NRG_BAL_C(1.0),06/03/26 23:00:00,Annual,Gross available energy,Renewables and biofuels,Gigawatt-hour,Hungary,2008,23175.357,,
ESTAT:NRG_BAL_C(1.0),06/03/26 23:00:00,Annual,Gross available energy,Renewables and biofuels,Gigawatt-hour,Hungary,2009,29569.809,,
ESTAT:NRG_BAL_C(1.0),06/03/26 23:00:00,Annual,Gross available energy,Renewables and biofuels,Gigawatt-hour,Hungary,2010,32302.582,,
ESTAT:NRG_BAL_C(1.0),06/03/26 23:00:00,Annual,Gross available energy,Renewables and biofuels,Gigawatt-hour,Hungary,2011,33569.056,,
ESTAT:NRG_BAL_C(1.0),06/03/26 23:00:00,Annual,Gross available energy,Renewables and biofuels,Gigawatt-hour,Hungary,2012,34340.561,,
ESTAT:NRG_BAL_C(1.0),06/03/26 23:00:00,Annual,Gross available energy,Renewables and biofuels,Gigawatt-hour,Hungary,2013,36187.255,,
ESTAT:NRG_BAL_C(1.0),06/03/26 23:00:00,Annual,Gross available energy,Renewables and biofuels,Gigawatt-hour,Hungary,2014,33262.656,,
ESTAT:NRG_BAL_C(1.0),06/03/26 23:00:00,Annual,Gross available energy,Renewables and biofuels,Gigawatt-hour,Hungary,2015,35117.527,,
ESTAT:NRG_BAL_C(1.0),06/03/26 23:00:00,Annual,Gross available energy,Renewables and biofuels,Gigawatt-hour,Hungary,2016,34949.618,,
ESTAT:NRG_BAL_C(1.0),06/03/26 23:00:00,Annual,Gross available energy,Renewables and biofuels,Gigawatt-hour,Hungary,2017,34582.306,,
ESTAT:NRG_BAL_C(1.0),06/03/26 23:00:00,Annual,Gross available energy,Renewables and biofuels,Gigawatt-hour,Hungary,2018,32558.417,,
ESTAT:NRG_BAL_C(1.0),06/03/26 23:00:00,Annual,Gross available energy,Renewables and biofuels,Gigawatt-hour,Hungary,2019,32915.639,,
ESTAT:NRG_BAL_C(1.0),06/03/26 23:00:00,Annual,Gross available energy,Renewables and biofuels,Gigawatt-hour,Hungary,2020,34490.694,,
ESTAT:NRG_BAL_C(1.0),06/03/26 23:00:00,Annual,Gross available energy,Renewables and biofuels,Gigawatt-hour,Hungary,2021,37660.528,,
ESTAT:NRG_BAL_C(1.0),06/03/26 23:00:00,Annual,Gross available energy,Renewables and biofuels,Gigawatt-hour,Hungary,2022,38546.333,,
ESTAT:NRG_BAL_C(1.0),06/03/26 23:00:00,Annual,Gross available energy,Renewables and biofuels,Gigawatt-hour,Hungary,2023,38691.528,,
ESTAT:NRG_BAL_C(1.0),06/03/26 23:00:00,Annual,Gross available energy,Renewables and biofuels,Gigawatt-hour,Hungary,2024,41882.972,,
ESTAT:NRG_BAL_C(1.0),06/03/26 23:00:00,Annual,Gross available energy,Renewables and biofuels,Gigawatt-hour,Ireland,2005,4325.632,,
ESTAT:NRG_BAL_C(1.0),06/03/26 23:00:00,Annual,Gross available energy,Renewables and biofuels,Gigawatt-hour,Ireland,2006,5026.413,,
ESTAT:NRG_BAL_C(1.0),06/03/26 23:00:00,Annual,Gross available energy,Renewables and biofuels,Gigawatt-hour,Ireland,2007,5704.717,,
ESTAT:NRG_BAL_C(1.0),06/03/26 23:00:00,Annual,Gross available energy,Renewables and biofuels,Gigawatt-hour,Ireland,2008,6881.304,,
ESTAT:NRG_BAL_C(1.0),06/03/26 23:00:00,Annual,Gross available energy,Renewables and biofuels,Gigawatt-hour,Ireland,2009,7926.901,,
ESTAT:NRG_BAL_C(1.0),06/03/26 23:00:00,Annual,Gross available energy,Renewables and biofuels,Gigawatt-hour,Ireland,2010,7936.296,,
ESTAT:NRG_BAL_C(1.0),06/03/26 23:00:00,Annual,Gross available energy,Renewables and biofuels,Gigawatt-hour,Ireland,2011,9564.147,,
ESTAT:NRG_BAL_C(1.0),06/03/26 23:00:00,Annual,Gross available energy,Renewables and biofuels,Gigawatt-hour,Ireland,2012,9619.781,,
ESTAT:NRG_BAL_C(1.0),06/03/26 23:00:00,Annual,Gross available energy,Renewables and biofuels,Gigawatt-hour,Ireland,2013,10399.176,,
ESTAT:NRG_BAL_C(1.0),06/03/26 23:00:00,Annual,Gross available energy,Renewables and biofuels,Gigawatt-hour,Ireland,2014,11761.087,,
ESTAT:NRG_BAL_C(1.0),06/03/26 23:00:00,Annual,Gross available energy,Renewables and biofuels,Gigawatt-hour,Ireland,2015,13334.408,,
ESTAT:NRG_BAL_C(1.0),06/03/26 23:00:00,Annual,Gross available energy,Renewables and biofuels,Gigawatt-hour,Ireland,2016,13309.054,,
ESTAT:NRG_BAL_C(1.0),06/03/26 23:00:00,Annual,Gross available energy,Renewables and biofuels,Gigawatt-hour,Ireland,2017,15663.045,,
ESTAT:NRG_BAL_C(1.0),06/03/26 23:00:00,Annual,Gross available energy,Renewables and biofuels,Gigawatt-hour,Ireland,2018,17299.550,,
ESTAT:NRG_BAL_C(1.0),06/03/26 23:00:00,Annual,Gross available energy,Renewables and biofuels,Gigawatt-hour,Ireland,2019,19199.412,,
ESTAT:NRG_BAL_C(1.0),06/03/26 23:00:00,Annual,Gross available energy,Renewables and biofuels,Gigawatt-hour,Ireland,2020,21035.671,,
ESTAT:NRG_BAL_C(1.0),06/03/26 23:00:00,Annual,Gross available energy,Renewables and biofuels,Gigawatt-hour,Ireland,2021,19107.316,,
ESTAT:NRG_BAL_C(1.0),06/03/26 23:00:00,Annual,Gross available energy,Renewables and biofuels,Gigawatt-hour,Ireland,2022,21421.905,,
ESTAT:NRG_BAL_C(1.0),06/03/26 23:00:00,Annual,Gross available energy,Renewables and biofuels,Gigawatt-hour,Ireland,2023,23087.949,,
ESTAT:NRG_BAL_C(1.0),06/03/26 23:00:00,Annual,Gross available energy,Renewables and biofuels,Gigawatt-hour,Ireland,2024,24304.454,,
ESTAT:NRG_BAL_C(1.0),06/03/26 23:00:00,Annual,Gross available energy,Renewables and biofuels,Gigawatt-hour,Italy,2005,164061.132,,
ESTAT:NRG_BAL_C(1.0),06/03/26 23:00:00,Annual,Gross available energy,Renewables and biofuels,Gigawatt-hour,Italy,2006,178247.102,,
ESTAT:NRG_BAL_C(1.0),06/03/26 23:00:00,Annual,Gross available energy,Renewables and biofuels,Gigawatt-hour,Italy,2007,197081.928,,
ESTAT:NRG_BAL_C(1.0),06/03/26 23:00:00,Annual,Gross available energy,Renewables and biofuels,Gigawatt-hour,Italy,2008,229194.493,,
ESTAT:NRG_BAL_C(1.0),06/03/26 23:00:00,Annual,Gross available energy,Renewables and biofuels,Gigawatt-hour,Italy,2009,244538.860,,
ESTAT:NRG_BAL_C(1.0),06/03/26 23:00:00,Annual,Gross available energy,Renewables and biofuels,Gigawatt-hour,Italy,2010,254281.837,,
ESTAT:NRG_BAL_C(1.0),06/03/26 23:00:00,Annual,Gross available energy,Renewables and biofuels,Gigawatt-hour,Italy,2011,244530.670,,
ESTAT:NRG_BAL_C(1.0),06/03/26 23:00:00,Annual,Gross available energy,Renewables and biofuels,Gigawatt-hour,Italy,2012,277779.523,,
ESTAT:NRG_BAL_C(1.0),06/03/26 23:00:00,Annual,Gross available energy,Renewables and biofuels,Gigawatt-hour,Italy,2013,306690.385,,
ESTAT:NRG_BAL_C(1.0),06/03/26 23:00:00,Annual,Gross available energy,Renewables and biofuels,Gigawatt-hour,Italy,2014,308337.946,,
ESTAT:NRG_BAL_C(1.0),06/03/26 23:00:00,Annual,Gross available energy,Renewables and biofuels,Gigawatt-hour,Italy,2015,305505.034,,
ESTAT:NRG_BAL_C(1.0),06/03/26 23:00:00,Annual,Gross available energy,Renewables and biofuels,Gigawatt-hour,Italy,2016,302588.425,,
ESTAT:NRG_BAL_C(1.0),06/03/26 23:00:00,Annual,Gross available energy,Renewables and biofuels,Gigawatt-hour,Italy,2017,335189.332,,
ESTAT:NRG_BAL_C(1.0),06/03/26 23:00:00,Annual,Gross available energy,Renewables and biofuels,Gigawatt-hour,Italy,2018,340546.403,,
ESTAT:NRG_BAL_C(1.0),06/03/26 23:00:00,Annual,Gross available energy,Renewables and biofuels,Gigawatt-hour,Italy,2019,343226.049,,
ESTAT:NRG_BAL_C(1.0),06/03/26 23:00:00,Annual,Gross available energy,Renewables and biofuels,Gigawatt-hour,Italy,2020,341278.697,,
ESTAT:NRG_BAL_C(1.0),06/03/26 23:00:00,Annual,Gross available energy,Renewables and biofuels,Gigawatt-hour,Italy,2021,350293.561,,
ESTAT:NRG_BAL_C(1.0),06/03/26 23:00:00,Annual,Gross available energy,Renewables and biofuels,Gigawatt-hour,Italy,2022,320310.304,,
ESTAT:NRG_BAL_C(1.0),06/03/26 23:00:00,Annual,Gross available energy,Renewables and biofuels,Gigawatt-hour,Italy,2023,327638.350,,
ESTAT:NRG_BAL_C(1.0),06/03/26 23:00:00,Annual,Gross available energy,Renewables and biofuels,Gigawatt-hour,Italy,2024,346073.014,,
ESTAT:NRG_BAL_C(1.0),06/03/26 23:00:00,Annual,Gross available energy,Renewables and biofuels,Gigawatt-hour,Lithuania,2005,10247.444,,
ESTAT:NRG_BAL_C(1.0),06/03/26 23:00:00,Annual,Gross available energy,Renewables and biofuels,Gigawatt-hour,Lithuania,2006,10824.611,,
ESTAT:NRG_BAL_C(1.0),06/03/26 23:00:00,Annual,Gross available energy,Renewables and biofuels,Gigawatt-hour,Lithuania,2007,11211.444,,
ESTAT:NRG_BAL_C(1.0),06/03/26 23:00:00,Annual,Gross available energy,Renewables and biofuels,Gigawatt-hour,Lithuania,2008,11875.389,,
ESTAT:NRG_BAL_C(1.0),06/03/26 23:00:00,Annual,Gross available energy,Renewables and biofuels,Gigawatt-hour,Lithuania,2009,12234.722,,
ESTAT:NRG_BAL_C(1.0),06/03/26 23:00:00,Annual,Gross available energy,Renewables and biofuels,Gigawatt-hour,Lithuania,2010,12385.333,,
ESTAT:NRG_BAL_C(1.0),06/03/26 23:00:00,Annual,Gross available energy,Renewables and biofuels,Gigawatt-hour,Lithuania,2011,12288.278,,
ESTAT:NRG_BAL_C(1.0),06/03/26 23:00:00,Annual,Gross available energy,Renewables and biofuels,Gigawatt-hour,Lithuania,2012,13506.389,,
ESTAT:NRG_BAL_C(1.0),06/03/26 23:00:00,Annual,Gross available energy,Renewables and biofuels,Gigawatt-hour,Lithuania,2013,14098.722,,
ESTAT:NRG_BAL_C(1.0),06/03/26 23:00:00,Annual,Gross available energy,Renewables and biofuels,Gigawatt-hour,Lithuania,2014,14851.833,,
ESTAT:NRG_BAL_C(1.0),06/03/26 23:00:00,Annual,Gross available energy,Renewables and biofuels,Gigawatt-hour,Lithuania,2015,16502.222,,
ESTAT:NRG_BAL_C(1.0),06/03/26 23:00:00,Annual,Gross available energy,Renewables and biofuels,Gigawatt-hour,Lithuania,2016,17030.389,,
ESTAT:NRG_BAL_C(1.0),06/03/26 23:00:00,Annual,Gross available energy,Renewables and biofuels,Gigawatt-hour,Lithuania,2017,18298.589,,
ESTAT:NRG_BAL_C(1.0),06/03/26 23:00:00,Annual,Gross available energy,Renewables and biofuels,Gigawatt-hour,Lithuania,2018,18473.122,,
ESTAT:NRG_BAL_C(1.0),06/03/26 23:00:00,Annual,Gross available energy,Renewables and biofuels,Gigawatt-hour,Lithuania,2019,18481.483,,
ESTAT:NRG_BAL_C(1.0),06/03/26 23:00:00,Annual,Gross available energy,Renewables and biofuels,Gigawatt-hour,Lithuania,2020,19255.100,,
ESTAT:NRG_BAL_C(1.0),06/03/26 23:00:00,Annual,Gross available energy,Renewables and biofuels,Gigawatt-hour,Lithuania,2021,21798.644,,
ESTAT:NRG_BAL_C(1.0),06/03/26 23:00:00,Annual,Gross available energy,Renewables and biofuels,Gigawatt-hour,Lithuania,2022,20840.128,,
ESTAT:NRG_BAL_C(1.0),06/03/26 23:00:00,Annual,Gross available energy,Renewables and biofuels,Gigawatt-hour,Lithuania,2023,22932.544,,
ESTAT:NRG_BAL_C(1.0),06/03/26 23:00:00,Annual,Gross available energy,Renewables and biofuels,Gigawatt-hour,Lithuania,2024,26579.517,,
ESTAT:NRG_BAL_C(1.0),06/03/26 23:00:00,Annual,Gross available energy,Renewables and biofuels,Gigawatt-hour,Luxembourg,2005,829.341,,
ESTAT:NRG_BAL_C(1.0),06/03/26 23:00:00,Annual,Gross available energy,Renewables and biofuels,Gigawatt-hour,Luxembourg,2006,881.647,,
ESTAT:NRG_BAL_C(1.0),06/03/26 23:00:00,Annual,Gross available energy,Renewables and biofuels,Gigawatt-hour,Luxembourg,2007,1497.846,,
ESTAT:NRG_BAL_C(1.0),06/03/26 23:00:00,Annual,Gross available energy,Renewables and biofuels,Gigawatt-hour,Luxembourg,2008,1552.146,,
ESTAT:NRG_BAL_C(1.0),06/03/26 23:00:00,Annual,Gross available energy,Renewables and biofuels,Gigawatt-hour,Luxembourg,2009,1455.145,,
ESTAT:NRG_BAL_C(1.0),06/03/26 23:00:00,Annual,Gross available energy,Renewables and biofuels,Gigawatt-hour,Luxembourg,2010,1503.708,,
ESTAT:NRG_BAL_C(1.0),06/03/26 23:00:00,Annual,Gross available energy,Renewables and biofuels,Gigawatt-hour,Luxembourg,2011,1474.417,,
ESTAT:NRG_BAL_C(1.0),06/03/26 23:00:00,Annual,Gross available energy,Renewables and biofuels,Gigawatt-hour,Luxembourg,2012,1609.443,,
ESTAT:NRG_BAL_C(1.0),06/03/26 23:00:00,Annual,Gross available energy,Renewables and biofuels,Gigawatt-hour,Luxembourg,2013,1801.030,,
ESTAT:NRG_BAL_C(1.0),06/03/26 23:00:00,Annual,Gross available energy,Renewables and biofuels,Gigawatt-hour,Luxembourg,2014,2197.141,,
ESTAT:NRG_BAL_C(1.0),06/03/26 23:00:00,Annual,Gross available energy,Renewables and biofuels,Gigawatt-hour,Luxembourg,2015,2421.669,,
ESTAT:NRG_BAL_C(1.0),06/03/26 23:00:00,Annual,Gross available energy,Renewables and biofuels,Gigawatt-hour,Luxembourg,2016,2582.004,,
ESTAT:NRG_BAL_C(1.0),06/03/26 23:00:00,Annual,Gross available energy,Renewables and biofuels,Gigawatt-hour,Luxembourg,2017,3089.466,,
ESTAT:NRG_BAL_C(1.0),06/03/26 23:00:00,Annual,Gross available energy,Renewables and biofuels,Gigawatt-hour,Luxembourg,2018,3437.806,,
ESTAT:NRG_BAL_C(1.0),06/03/26 23:00:00,Annual,Gross available energy,Renewables and biofuels,Gigawatt-hour,Luxembourg,2019,3752.598,,
ESTAT:NRG_BAL_C(1.0),06/03/26 23:00:00,Annual,Gross available energy,Renewables and biofuels,Gigawatt-hour,Luxembourg,2020,4645.040,,
ESTAT:NRG_BAL_C(1.0),06/03/26 23:00:00,Annual,Gross available energy,Renewables and biofuels,Gigawatt-hour,Luxembourg,2021,4743.134,,
ESTAT:NRG_BAL_C(1.0),06/03/26 23:00:00,Annual,Gross available energy,Renewables and biofuels,Gigawatt-hour,Luxembourg,2022,4608.005,,
ESTAT:NRG_BAL_C(1.0),06/03/26 23:00:00,Annual,Gross available energy,Renewables and biofuels,Gigawatt-hour,Luxembourg,2023,4730.815,,
ESTAT:NRG_BAL_C(1.0),06/03/26 23:00:00,Annual,Gross available energy,Renewables and biofuels,Gigawatt-hour,Luxembourg,2024,5360.108,,
ESTAT:NRG_BAL_C(1.0),06/03/26 23:00:00,Annual,Gross available energy,Renewables and biofuels,Gigawatt-hour,Latvia,2005,17168.976,,
ESTAT:NRG_BAL_C(1.0),06/03/26 23:00:00,Annual,Gross available energy,Renewables and biofuels,Gigawatt-hour,Latvia,2006,16640.692,,
ESTAT:NRG_BAL_C(1.0),06/03/26 23:00:00,Annual,Gross available energy,Renewables and biofuels,Gigawatt-hour,Latvia,2007,16362.394,,
ESTAT:NRG_BAL_C(1.0),06/03/26 23:00:00,Annual,Gross available energy,Renewables and biofuels,Gigawatt-hour,Latvia,2008,16020.010,,
ESTAT:NRG_BAL_C(1.0),06/03/26 23:00:00,Annual,Gross available energy,Renewables and biofuels,Gigawatt-hour,Latvia,2009,18223.190,,
ESTAT:NRG_BAL_C(1.0),06/03/26 23:00:00,Annual,Gross available energy,Renewables and biofuels,Gigawatt-hour,Latvia,2010,16682.040,,
ESTAT:NRG_BAL_C(1.0),06/03/26 23:00:00,Annual,Gross available energy,Renewables and biofuels,Gigawatt-hour,Latvia,2011,16487.132,,
ESTAT:NRG_BAL_C(1.0),06/03/26 23:00:00,Annual,Gross available energy,Renewables and biofuels,Gigawatt-hour,Latvia,2012,19206.145,,
ESTAT:NRG_BAL_C(1.0),06/03/26 23:00:00,Annual,Gross available energy,Renewables and biofuels,Gigawatt-hour,Latvia,2013,18740.297,,
ESTAT:NRG_BAL_C(1.0),06/03/26 23:00:00,Annual,Gross available energy,Renewables and biofuels,Gigawatt-hour,Latvia,2014,18763.450,,
ESTAT:NRG_BAL_C(1.0),06/03/26 23:00:00,Annual,Gross available energy,Renewables and biofuels,Gigawatt-hour,Latvia,2015,17876.725,,
ESTAT:NRG_BAL_C(1.0),06/03/26 23:00:00,Annual,Gross available energy,Renewables and biofuels,Gigawatt-hour,Latvia,2016,18884.292,,
ESTAT:NRG_BAL_C(1.0),06/03/26 23:00:00,Annual,Gross available energy,Renewables and biofuels,Gigawatt-hour,Latvia,2017,22502.540,,
ESTAT:NRG_BAL_C(1.0),06/03/26 23:00:00,Annual,Gross available energy,Renewables and biofuels,Gigawatt-hour,Latvia,2018,21656.331,,
ESTAT:NRG_BAL_C(1.0),06/03/26 23:00:00,Annual,Gross available energy,Renewables and biofuels,Gigawatt-hour,Latvia,2019,21167.490,,
ESTAT:NRG_BAL_C(1.0),06/03/26 23:00:00,Annual,Gross available energy,Renewables and biofuels,Gigawatt-hour,Latvia,2020,21037.006,,
ESTAT:NRG_BAL_C(1.0),06/03/26 23:00:00,Annual,Gross available energy,Renewables and biofuels,Gigawatt-hour,Latvia,2021,22133.432,,
ESTAT:NRG_BAL_C(1.0),06/03/26 23:00:00,Annual,Gross available energy,Renewables and biofuels,Gigawatt-hour,Latvia,2022,22238.353,,
ESTAT:NRG_BAL_C(1.0),06/03/26 23:00:00,Annual,Gross available energy,Renewables and biofuels,Gigawatt-hour,Latvia,2023,22980.212,,
ESTAT:NRG_BAL_C(1.0),06/03/26 23:00:00,Annual,Gross available energy,Renewables and biofuels,Gigawatt-hour,Latvia,2024,23211.247,,
ESTAT:NRG_BAL_C(1.0),06/03/26 23:00:00,Annual,Gross available energy,Renewables and biofuels,Gigawatt-hour,Malta,2005,6.111,,
ESTAT:NRG_BAL_C(1.0),06/03/26 23:00:00,Annual,Gross available energy,Renewables and biofuels,Gigawatt-hour,Malta,2006,7.500,,
ESTAT:NRG_BAL_C(1.0),06/03/26 23:00:00,Annual,Gross available energy,Renewables and biofuels,Gigawatt-hour,Malta,2007,9.167,,
ESTAT:NRG_BAL_C(1.0),06/03/26 23:00:00,Annual,Gross available energy,Renewables and biofuels,Gigawatt-hour,Malta,2008,10.556,,
ESTAT:NRG_BAL_C(1.0),06/03/26 23:00:00,Annual,Gross available energy,Renewables and biofuels,Gigawatt-hour,Malta,2009,10.833,,
ESTAT:NRG_BAL_C(1.0),06/03/26 23:00:00,Annual,Gross available energy,Renewables and biofuels,Gigawatt-hour,Malta,2010,58.830,,
ESTAT:NRG_BAL_C(1.0),06/03/26 23:00:00,Annual,Gross available energy,Renewables and biofuels,Gigawatt-hour,Malta,2011,96.078,,
ESTAT:NRG_BAL_C(1.0),06/03/26 23:00:00,Annual,Gross available energy,Renewables and biofuels,Gigawatt-hour,Malta,2012,137.420,,
ESTAT:NRG_BAL_C(1.0),06/03/26 23:00:00,Annual,Gross available energy,Renewables and biofuels,Gigawatt-hour,Malta,2013,147.876,,
ESTAT:NRG_BAL_C(1.0),06/03/26 23:00:00,Annual,Gross available energy,Renewables and biofuels,Gigawatt-hour,Malta,2014,215.973,,
ESTAT:NRG_BAL_C(1.0),06/03/26 23:00:00,Annual,Gross available energy,Renewables and biofuels,Gigawatt-hour,Malta,2015,245.525,,
ESTAT:NRG_BAL_C(1.0),06/03/26 23:00:00,Annual,Gross available energy,Renewables and biofuels,Gigawatt-hour,Malta,2016,285.971,,
ESTAT:NRG_BAL_C(1.0),06/03/26 23:00:00,Annual,Gross available energy,Renewables and biofuels,Gigawatt-hour,Malta,2017,454.199,,
ESTAT:NRG_BAL_C(1.0),06/03/26 23:00:00,Annual,Gross available energy,Renewables and biofuels,Gigawatt-hour,Malta,2018,526.939,,
ESTAT:NRG_BAL_C(1.0),06/03/26 23:00:00,Annual,Gross available energy,Renewables and biofuels,Gigawatt-hour,Malta,2019,569.185,,
ESTAT:NRG_BAL_C(1.0),06/03/26 23:00:00,Annual,Gross available energy,Renewables and biofuels,Gigawatt-hour,Malta,2020,667.709,,
ESTAT:NRG_BAL_C(1.0),06/03/26 23:00:00,Annual,Gross available energy,Renewables and biofuels,Gigawatt-hour,Malta,2021,672.919,,
ESTAT:NRG_BAL_C(1.0),06/03/26 23:00:00,Annual,Gross available energy,Renewables and biofuels,Gigawatt-hour,Malta,2022,755.154,,
ESTAT:NRG_BAL_C(1.0),06/03/26 23:00:00,Annual,Gross available energy,Renewables and biofuels,Gigawatt-hour,Malta,2023,806.704,,
ESTAT:NRG_BAL_C(1.0),06/03/26 23:00:00,Annual,Gross available energy,Renewables and biofuels,Gigawatt-hour,Malta,2024,848.416,,
ESTAT:NRG_BAL_C(1.0),06/03/26 23:00:00,Annual,Gross available energy,Renewables and biofuels,Gigawatt-hour,Netherlands,2005,26405.639,,
ESTAT:NRG_BAL_C(1.0),06/03/26 23:00:00,Annual,Gross available energy,Renewables and biofuels,Gigawatt-hour,Netherlands,2006,28185.043,,
ESTAT:NRG_BAL_C(1.0),06/03/26 23:00:00,Annual,Gross available energy,Renewables and biofuels,Gigawatt-hour,Netherlands,2007,29488.651,,
ESTAT:NRG_BAL_C(1.0),06/03/26 23:00:00,Annual,Gross available energy,Renewables and biofuels,Gigawatt-hour,Netherlands,2008,34183.402,,
ESTAT:NRG_BAL_C(1.0),06/03/26 23:00:00,Annual,Gross available energy,Renewables and biofuels,Gigawatt-hour,Netherlands,2009,38518.194,,
ESTAT:NRG_BAL_C(1.0),06/03/26 23:00:00,Annual,Gross available energy,Renewables and biofuels,Gigawatt-hour,Netherlands,2010,38549.418,,
ESTAT:NRG_BAL_C(1.0),06/03/26 23:00:00,Annual,Gross available energy,Renewables and biofuels,Gigawatt-hour,Netherlands,2011,40878.192,,
ESTAT:NRG_BAL_C(1.0),06/03/26 23:00:00,Annual,Gross available energy,Renewables and biofuels,Gigawatt-hour,Netherlands,2012,42108.160,,
ESTAT:NRG_BAL_C(1.0),06/03/26 23:00:00,Annual,Gross available energy,Renewables and biofuels,Gigawatt-hour,Netherlands,2013,40907.987,,
ESTAT:NRG_BAL_C(1.0),06/03/26 23:00:00,Annual,Gross available energy,Renewables and biofuels,Gigawatt-hour,Netherlands,2014,40940.298,,
ESTAT:NRG_BAL_C(1.0),06/03/26 23:00:00,Annual,Gross available energy,Renewables and biofuels,Gigawatt-hour,Netherlands,2015,43375.795,,
ESTAT:NRG_BAL_C(1.0),06/03/26 23:00:00,Annual,Gross available energy,Renewables and biofuels,Gigawatt-hour,Netherlands,2016,44725.247,,
ESTAT:NRG_BAL_C(1.0),06/03/26 23:00:00,Annual,Gross available energy,Renewables and biofuels,Gigawatt-hour,Netherlands,2017,48947.530,,
ESTAT:NRG_BAL_C(1.0),06/03/26 23:00:00,Annual,Gross available energy,Renewables and biofuels,Gigawatt-hour,Netherlands,2018,54057.119,,
ESTAT:NRG_BAL_C(1.0),06/03/26 23:00:00,Annual,Gross available energy,Renewables and biofuels,Gigawatt-hour,Netherlands,2019,63810.532,,
ESTAT:NRG_BAL_C(1.0),06/03/26 23:00:00,Annual,Gross available energy,Renewables and biofuels,Gigawatt-hour,Netherlands,2020,81506.580,,
ESTAT:NRG_BAL_C(1.0),06/03/26 23:00:00,Annual,Gross available energy,Renewables and biofuels,Gigawatt-hour,Netherlands,2021,94451.803,,
ESTAT:NRG_BAL_C(1.0),06/03/26 23:00:00,Annual,Gross available energy,Renewables and biofuels,Gigawatt-hour,Netherlands,2022,104393.341,,
ESTAT:NRG_BAL_C(1.0),06/03/26 23:00:00,Annual,Gross available energy,Renewables and biofuels,Gigawatt-hour,Netherlands,2023,109416.680,,
ESTAT:NRG_BAL_C(1.0),06/03/26 23:00:00,Annual,Gross available energy,Renewables and biofuels,Gigawatt-hour,Netherlands,2024,118036.446,,
ESTAT:NRG_BAL_C(1.0),06/03/26 23:00:00,Annual,Gross available energy,Renewables and biofuels,Gigawatt-hour,Poland,2005,52178.160,,
ESTAT:NRG_BAL_C(1.0),06/03/26 23:00:00,Annual,Gross available energy,Renewables and biofuels,Gigawatt-hour,Poland,2006,54602.199,,
ESTAT:NRG_BAL_C(1.0),06/03/26 23:00:00,Annual,Gross available energy,Renewables and biofuels,Gigawatt-hour,Poland,2007,56100.156,,
ESTAT:NRG_BAL_C(1.0),06/03/26 23:00:00,Annual,Gross available energy,Renewables and biofuels,Gigawatt-hour,Poland,2008,64655.973,,
ESTAT:NRG_BAL_C(1.0),06/03/26 23:00:00,Annual,Gross available energy,Renewables and biofuels,Gigawatt-hour,Poland,2009,73029.636,,
ESTAT:NRG_BAL_C(1.0),06/03/26 23:00:00,Annual,Gross available energy,Renewables and biofuels,Gigawatt-hour,Poland,2010,85063.667,,
ESTAT:NRG_BAL_C(1.0),06/03/26 23:00:00,Annual,Gross available energy,Renewables and biofuels,Gigawatt-hour,Poland,2011,92953.477,,
ESTAT:NRG_BAL_C(1.0),06/03/26 23:00:00,Annual,Gross available energy,Renewables and biofuels,Gigawatt-hour,Poland,2012,100922.070,,
ESTAT:NRG_BAL_C(1.0),06/03/26 23:00:00,Annual,Gross available energy,Renewables and biofuels,Gigawatt-hour,Poland,2013,100658.689,,
ESTAT:NRG_BAL_C(1.0),06/03/26 23:00:00,Annual,Gross available energy,Renewables and biofuels,Gigawatt-hour,Poland,2014,101386.924,,
ESTAT:NRG_BAL_C(1.0),06/03/26 23:00:00,Annual,Gross available energy,Renewables and biofuels,Gigawatt-hour,Poland,2015,105869.207,,
ESTAT:NRG_BAL_C(1.0),06/03/26 23:00:00,Annual,Gross available energy,Renewables and biofuels,Gigawatt-hour,Poland,2016,103619.724,,
ESTAT:NRG_BAL_C(1.0),06/03/26 23:00:00,Annual,Gross available energy,Renewables and biofuels,Gigawatt-hour,Poland,2017,105218.913,,
ESTAT:NRG_BAL_C(1.0),06/03/26 23:00:00,Annual,Gross available energy,Renewables and biofuels,Gigawatt-hour,Poland,2018,142875.170,,
ESTAT:NRG_BAL_C(1.0),06/03/26 23:00:00,Annual,Gross available energy,Renewables and biofuels,Gigawatt-hour,Poland,2019,147723.892,,
ESTAT:NRG_BAL_C(1.0),06/03/26 23:00:00,Annual,Gross available energy,Renewables and biofuels,Gigawatt-hour,Poland,2020,150618.113,,
ESTAT:NRG_BAL_C(1.0),06/03/26 23:00:00,Annual,Gross available energy,Renewables and biofuels,Gigawatt-hour,Poland,2021,151960.119,,
ESTAT:NRG_BAL_C(1.0),06/03/26 23:00:00,Annual,Gross available energy,Renewables and biofuels,Gigawatt-hour,Poland,2022,156554.584,,
ESTAT:NRG_BAL_C(1.0),06/03/26 23:00:00,Annual,Gross available energy,Renewables and biofuels,Gigawatt-hour,Poland,2023,162807.576,,
ESTAT:NRG_BAL_C(1.0),06/03/26 23:00:00,Annual,Gross available energy,Renewables and biofuels,Gigawatt-hour,Poland,2024,171880.103,,
ESTAT:NRG_BAL_C(1.0),06/03/26 23:00:00,Annual,Gross available energy,Renewables and biofuels,Gigawatt-hour,Portugal,2005,40408.593,,
ESTAT:NRG_BAL_C(1.0),06/03/26 23:00:00,Annual,Gross available energy,Renewables and biofuels,Gigawatt-hour,Portugal,2006,48991.770,,
ESTAT:NRG_BAL_C(1.0),06/03/26 23:00:00,Annual,Gross available energy,Renewables and biofuels,Gigawatt-hour,Portugal,2007,52109.908,,
ESTAT:NRG_BAL_C(1.0),06/03/26 23:00:00,Annual,Gross available energy,Renewables and biofuels,Gigawatt-hour,Portugal,2008,50350.586,,
ESTAT:NRG_BAL_C(1.0),06/03/26 23:00:00,Annual,Gross available energy,Renewables and biofuels,Gigawatt-hour,Portugal,2009,55656.877,,
ESTAT:NRG_BAL_C(1.0),06/03/26 23:00:00,Annual,Gross available energy,Renewables and biofuels,Gigawatt-hour,Portugal,2010,63489.983,,
ESTAT:NRG_BAL_C(1.0),06/03/26 23:00:00,Annual,Gross available energy,Renewables and biofuels,Gigawatt-hour,Portugal,2011,59753.491,,
ESTAT:NRG_BAL_C(1.0),06/03/26 23:00:00,Annual,Gross available energy,Renewables and biofuels,Gigawatt-hour,Portugal,2012,50642.853,,
ESTAT:NRG_BAL_C(1.0),06/03/26 23:00:00,Annual,Gross available energy,Renewables and biofuels,Gigawatt-hour,Portugal,2013,61649.626,,
ESTAT:NRG_BAL_C(1.0),06/03/26 23:00:00,Annual,Gross available energy,Renewables and biofuels,Gigawatt-hour,Portugal,2014,71032.344,,
ESTAT:NRG_BAL_C(1.0),06/03/26 23:00:00,Annual,Gross available energy,Renewables and biofuels,Gigawatt-hour,Portugal,2015,64738.278,,
ESTAT:NRG_BAL_C(1.0),06/03/26 23:00:00,Annual,Gross available energy,Renewables and biofuels,Gigawatt-hour,Portugal,2016,72452.164,,
ESTAT:NRG_BAL_C(1.0),06/03/26 23:00:00,Annual,Gross available energy,Renewables and biofuels,Gigawatt-hour,Portugal,2017,63456.638,,
ESTAT:NRG_BAL_C(1.0),06/03/26 23:00:00,Annual,Gross available energy,Renewables and biofuels,Gigawatt-hour,Portugal,2018,71048.021,,
ESTAT:NRG_BAL_C(1.0),06/03/26 23:00:00,Annual,Gross available energy,Renewables and biofuels,Gigawatt-hour,Portugal,2019,70478.944,,
ESTAT:NRG_BAL_C(1.0),06/03/26 23:00:00,Annual,Gross available energy,Renewables and biofuels,Gigawatt-hour,Portugal,2020,74077.195,,
ESTAT:NRG_BAL_C(1.0),06/03/26 23:00:00,Annual,Gross available energy,Renewables and biofuels,Gigawatt-hour,Portugal,2021,77186.572,,
ESTAT:NRG_BAL_C(1.0),06/03/26 23:00:00,Annual,Gross available energy,Renewables and biofuels,Gigawatt-hour,Portugal,2022,75811.493,,
ESTAT:NRG_BAL_C(1.0),06/03/26 23:00:00,Annual,Gross available energy,Renewables and biofuels,Gigawatt-hour,Portugal,2023,82719.757,,
ESTAT:NRG_BAL_C(1.0),06/03/26 23:00:00,Annual,Gross available energy,Renewables and biofuels,Gigawatt-hour,Portugal,2024,89000.969,,
ESTAT:NRG_BAL_C(1.0),06/03/26 23:00:00,Annual,Gross available energy,Renewables and biofuels,Gigawatt-hour,Romania,2005,57456.247,,
ESTAT:NRG_BAL_C(1.0),06/03/26 23:00:00,Annual,Gross available energy,Renewables and biofuels,Gigawatt-hour,Romania,2006,55601.732,,
ESTAT:NRG_BAL_C(1.0),06/03/26 23:00:00,Annual,Gross available energy,Renewables and biofuels,Gigawatt-hour,Romania,2007,55216.753,,
ESTAT:NRG_BAL_C(1.0),06/03/26 23:00:00,Annual,Gross available energy,Renewables and biofuels,Gigawatt-hour,Romania,2008,62143.360,,
ESTAT:NRG_BAL_C(1.0),06/03/26 23:00:00,Annual,Gross available energy,Renewables and biofuels,Gigawatt-hour,Romania,2009,61273.069,,
ESTAT:NRG_BAL_C(1.0),06/03/26 23:00:00,Annual,Gross available energy,Renewables and biofuels,Gigawatt-hour,Romania,2010,68158.663,,
ESTAT:NRG_BAL_C(1.0),06/03/26 23:00:00,Annual,Gross available energy,Renewables and biofuels,Gigawatt-hour,Romania,2011,58933.883,,
ESTAT:NRG_BAL_C(1.0),06/03/26 23:00:00,Annual,Gross available energy,Renewables and biofuels,Gigawatt-hour,Romania,2012,60418.756,,
ESTAT:NRG_BAL_C(1.0),06/03/26 23:00:00,Annual,Gross available energy,Renewables and biofuels,Gigawatt-hour,Romania,2013,64557.658,,
ESTAT:NRG_BAL_C(1.0),06/03/26 23:00:00,Annual,Gross available energy,Renewables and biofuels,Gigawatt-hour,Romania,2014,71217.952,,
ESTAT:NRG_BAL_C(1.0),06/03/26 23:00:00,Annual,Gross available energy,Renewables and biofuels,Gigawatt-hour,Romania,2015,69467.385,,
ESTAT:NRG_BAL_C(1.0),06/03/26 23:00:00,Annual,Gross available energy,Renewables and biofuels,Gigawatt-hour,Romania,2016,72022.596,,
ESTAT:NRG_BAL_C(1.0),06/03/26 23:00:00,Annual,Gross available energy,Renewables and biofuels,Gigawatt-hour,Romania,2017,70267.682,,
ESTAT:NRG_BAL_C(1.0),06/03/26 23:00:00,Annual,Gross available energy,Renewables and biofuels,Gigawatt-hour,Romania,2018,70217.280,,
ESTAT:NRG_BAL_C(1.0),06/03/26 23:00:00,Annual,Gross available energy,Renewables and biofuels,Gigawatt-hour,Romania,2019,69926.994,,
ESTAT:NRG_BAL_C(1.0),06/03/26 23:00:00,Annual,Gross available energy,Renewables and biofuels,Gigawatt-hour,Romania,2020,69654.420,,
ESTAT:NRG_BAL_C(1.0),06/03/26 23:00:00,Annual,Gross available energy,Renewables and biofuels,Gigawatt-hour,Romania,2021,74388.441,,
ESTAT:NRG_BAL_C(1.0),06/03/26 23:00:00,Annual,Gross available energy,Renewables and biofuels,Gigawatt-hour,Romania,2022,69876.885,,
ESTAT:NRG_BAL_C(1.0),06/03/26 23:00:00,Annual,Gross available energy,Renewables and biofuels,Gigawatt-hour,Romania,2023,73072.079,,
ESTAT:NRG_BAL_C(1.0),06/03/26 23:00:00,Annual,Gross available energy,Renewables and biofuels,Gigawatt-hour,Romania,2024,69210.611,,
ESTAT:NRG_BAL_C(1.0),06/03/26 23:00:00,Annual,Gross available energy,Renewables and biofuels,Gigawatt-hour,Sweden,2005,169605.842,,
ESTAT:NRG_BAL_C(1.0),06/03/26 23:00:00,Annual,Gross available energy,Renewables and biofuels,Gigawatt-hour,Sweden,2006,164752.505,,
ESTAT:NRG_BAL_C(1.0),06/03/26 23:00:00,Annual,Gross available energy,Renewables and biofuels,Gigawatt-hour,Sweden,2007,173957.942,,
ESTAT:NRG_BAL_C(1.0),06/03/26 23:00:00,Annual,Gross available energy,Renewables and biofuels,Gigawatt-hour,Sweden,2008,178704.054,,
ESTAT:NRG_BAL_C(1.0),06/03/26 23:00:00,Annual,Gross available energy,Renewables and biofuels,Gigawatt-hour,Sweden,2009,181116.185,,
ESTAT:NRG_BAL_C(1.0),06/03/26 23:00:00,Annual,Gross available energy,Renewables and biofuels,Gigawatt-hour,Sweden,2010,194825.494,,
ESTAT:NRG_BAL_C(1.0),06/03/26 23:00:00,Annual,Gross available energy,Renewables and biofuels,Gigawatt-hour,Sweden,2011,204871.776,,
ESTAT:NRG_BAL_C(1.0),06/03/26 23:00:00,Annual,Gross available energy,Renewables and biofuels,Gigawatt-hour,Sweden,2012,230092.186,,
ESTAT:NRG_BAL_C(1.0),06/03/26 23:00:00,Annual,Gross available energy,Renewables and biofuels,Gigawatt-hour,Sweden,2013,213600.376,,
ESTAT:NRG_BAL_C(1.0),06/03/26 23:00:00,Annual,Gross available energy,Renewables and biofuels,Gigawatt-hour,Sweden,2014,215423.598,,
ESTAT:NRG_BAL_C(1.0),06/03/26 23:00:00,Annual,Gross available energy,Renewables and biofuels,Gigawatt-hour,Sweden,2015,237988.894,,
ESTAT:NRG_BAL_C(1.0),06/03/26 23:00:00,Annual,Gross available energy,Renewables and biofuels,Gigawatt-hour,Sweden,2016,230255.988,,
ESTAT:NRG_BAL_C(1.0),06/03/26 23:00:00,Annual,Gross available energy,Renewables and biofuels,Gigawatt-hour,Sweden,2017,245233.661,,
ESTAT:NRG_BAL_C(1.0),06/03/26 23:00:00,Annual,Gross available energy,Renewables and biofuels,Gigawatt-hour,Sweden,2018,234857.646,,
ESTAT:NRG_BAL_C(1.0),06/03/26 23:00:00,Annual,Gross available energy,Renewables and biofuels,Gigawatt-hour,Sweden,2019,248904.512,,
ESTAT:NRG_BAL_C(1.0),06/03/26 23:00:00,Annual,Gross available energy,Renewables and biofuels,Gigawatt-hour,Sweden,2020,262540.027,,
ESTAT:NRG_BAL_C(1.0),06/03/26 23:00:00,Annual,Gross available energy,Renewables and biofuels,Gigawatt-hour,Sweden,2021,278756.874,,
ESTAT:NRG_BAL_C(1.0),06/03/26 23:00:00,Annual,Gross available energy,Renewables and biofuels,Gigawatt-hour,Sweden,2022,276749.434,,
ESTAT:NRG_BAL_C(1.0),06/03/26 23:00:00,Annual,Gross available energy,Renewables and biofuels,Gigawatt-hour,Sweden,2023,274078.382,,
ESTAT:NRG_BAL_C(1.0),06/03/26 23:00:00,Annual,Gross available energy,Renewables and biofuels,Gigawatt-hour,Sweden,2024,265640.367,,
ESTAT:NRG_BAL_C(1.0),06/03/26 23:00:00,Annual,Gross available energy,Renewables and biofuels,Gigawatt-hour,Slovenia,2005,11800.088,,
ESTAT:NRG_BAL_C(1.0),06/03/26 23:00:00,Annual,Gross available energy,Renewables and biofuels,Gigawatt-hour,Slovenia,2006,11025.998,,
ESTAT:NRG_BAL_C(1.0),06/03/26 23:00:00,Annual,Gross available energy,Renewables and biofuels,Gigawatt-hour,Slovenia,2007,11543.974,,
ESTAT:NRG_BAL_C(1.0),06/03/26 23:00:00,Annual,Gross available energy,Renewables and biofuels,Gigawatt-hour,Slovenia,2008,12757.256,,
ESTAT:NRG_BAL_C(1.0),06/03/26 23:00:00,Annual,Gross available energy,Renewables and biofuels,Gigawatt-hour,Slovenia,2009,12996.506,,
ESTAT:NRG_BAL_C(1.0),06/03/26 23:00:00,Annual,Gross available energy,Renewables and biofuels,Gigawatt-hour,Slovenia,2010,13524.483,,
ESTAT:NRG_BAL_C(1.0),06/03/26 23:00:00,Annual,Gross available energy,Renewables and biofuels,Gigawatt-hour,Slovenia,2011,12556.799,,
ESTAT:NRG_BAL_C(1.0),06/03/26 23:00:00,Annual,Gross available energy,Renewables and biofuels,Gigawatt-hour,Slovenia,2012,12913.049,,
ESTAT:NRG_BAL_C(1.0),06/03/26 23:00:00,Annual,Gross available energy,Renewables and biofuels,Gigawatt-hour,Slovenia,2013,14173.370,,
ESTAT:NRG_BAL_C(1.0),06/03/26 23:00:00,Annual,Gross available energy,Renewables and biofuels,Gigawatt-hour,Slovenia,2014,14601.760,,
ESTAT:NRG_BAL_C(1.0),06/03/26 23:00:00,Annual,Gross available energy,Renewables and biofuels,Gigawatt-hour,Slovenia,2015,13014.846,,
ESTAT:NRG_BAL_C(1.0),06/03/26 23:00:00,Annual,Gross available energy,Renewables and biofuels,Gigawatt-hour,Slovenia,2016,13693.016,,
ESTAT:NRG_BAL_C(1.0),06/03/26 23:00:00,Annual,Gross available energy,Renewables and biofuels,Gigawatt-hour,Slovenia,2017,12964.684,,
ESTAT:NRG_BAL_C(1.0),06/03/26 23:00:00,Annual,Gross available energy,Renewables and biofuels,Gigawatt-hour,Slovenia,2018,13587.881,,
ESTAT:NRG_BAL_C(1.0),06/03/26 23:00:00,Annual,Gross available energy,Renewables and biofuels,Gigawatt-hour,Slovenia,2019,13516.541,,
ESTAT:NRG_BAL_C(1.0),06/03/26 23:00:00,Annual,Gross available energy,Renewables and biofuels,Gigawatt-hour,Slovenia,2020,13897.625,,
ESTAT:NRG_BAL_C(1.0),06/03/26 23:00:00,Annual,Gross available energy,Renewables and biofuels,Gigawatt-hour,Slovenia,2021,14659.225,,
ESTAT:NRG_BAL_C(1.0),06/03/26 23:00:00,Annual,Gross available energy,Renewables and biofuels,Gigawatt-hour,Slovenia,2022,12218.043,,
ESTAT:NRG_BAL_C(1.0),06/03/26 23:00:00,Annual,Gross available energy,Renewables and biofuels,Gigawatt-hour,Slovenia,2023,14529.494,,
ESTAT:NRG_BAL_C(1.0),06/03/26 23:00:00,Annual,Gross available energy,Renewables and biofuels,Gigawatt-hour,Slovenia,2024,14949.773,,
ESTAT:NRG_BAL_C(1.0),06/03/26 23:00:00,Annual,Gross available energy,Renewables and biofuels,Gigawatt-hour,Slovakia,2005,9403.474,,
ESTAT:NRG_BAL_C(1.0),06/03/26 23:00:00,Annual,Gross available energy,Renewables and biofuels,Gigawatt-hour,Slovakia,2006,9709.228,,
ESTAT:NRG_BAL_C(1.0),06/03/26 23:00:00,Annual,Gross available energy,Renewables and biofuels,Gigawatt-hour,Slovakia,2007,10963.954,,
ESTAT:NRG_BAL_C(1.0),06/03/26 23:00:00,Annual,Gross available energy,Renewables and biofuels,Gigawatt-hour,Slovakia,2008,10915.563,,
ESTAT:NRG_BAL_C(1.0),06/03/26 23:00:00,Annual,Gross available energy,Renewables and biofuels,Gigawatt-hour,Slovakia,2009,13154.311,,
ESTAT:NRG_BAL_C(1.0),06/03/26 23:00:00,Annual,Gross available energy,Renewables and biofuels,Gigawatt-hour,Slovakia,2010,23740.999,,
ESTAT:NRG_BAL_C(1.0),06/03/26 23:00:00,Annual,Gross available energy,Renewables and biofuels,Gigawatt-hour,Slovakia,2011,22817.906,,
ESTAT:NRG_BAL_C(1.0),06/03/26 23:00:00,Annual,Gross available energy,Renewables and biofuels,Gigawatt-hour,Slovakia,2012,24529.750,,
ESTAT:NRG_BAL_C(1.0),06/03/26 23:00:00,Annual,Gross available energy,Renewables and biofuels,Gigawatt-hour,Slovakia,2013,24481.443,,
ESTAT:NRG_BAL_C(1.0),06/03/26 23:00:00,Annual,Gross available energy,Renewables and biofuels,Gigawatt-hour,Slovakia,2014,20853.575,,
ESTAT:NRG_BAL_C(1.0),06/03/26 23:00:00,Annual,Gross available energy,Renewables and biofuels,Gigawatt-hour,Slovakia,2015,25137.222,,
ESTAT:NRG_BAL_C(1.0),06/03/26 23:00:00,Annual,Gross available energy,Renewables and biofuels,Gigawatt-hour,Slovakia,2016,25996.495,,
ESTAT:NRG_BAL_C(1.0),06/03/26 23:00:00,Annual,Gross available energy,Renewables and biofuels,Gigawatt-hour,Slovakia,2017,25904.670,,
ESTAT:NRG_BAL_C(1.0),06/03/26 23:00:00,Annual,Gross available energy,Renewables and biofuels,Gigawatt-hour,Slovakia,2018,24071.576,,
ESTAT:NRG_BAL_C(1.0),06/03/26 23:00:00,Annual,Gross available energy,Renewables and biofuels,Gigawatt-hour,Slovakia,2019,25560.549,,
ESTAT:NRG_BAL_C(1.0),06/03/26 23:00:00,Annual,Gross available energy,Renewables and biofuels,Gigawatt-hour,Slovakia,2020,24969.878,,
ESTAT:NRG_BAL_C(1.0),06/03/26 23:00:00,Annual,Gross available energy,Renewables and biofuels,Gigawatt-hour,Slovakia,2021,27040.336,,
ESTAT:NRG_BAL_C(1.0),06/03/26 23:00:00,Annual,Gross available energy,Renewables and biofuels,Gigawatt-hour,Slovakia,2022,25078.019,,
ESTAT:NRG_BAL_C(1.0),06/03/26 23:00:00,Annual,Gross available energy,Renewables and biofuels,Gigawatt-hour,Slovakia,2023,23901.563,,
ESTAT:NRG_BAL_C(1.0),06/03/26 23:00:00,Annual,Gross available energy,Renewables and biofuels,Gigawatt-hour,Slovakia,2024,23835.842,,
ESTAT:NRG_BAL_C(1.0),06/03/26 23:00:00,Annual,Gross available energy,Hydro,Gigawatt-hour,Austria,2005,37095.138,,
ESTAT:NRG_BAL_C(1.0),06/03/26 23:00:00,Annual,Gross available energy,Hydro,Gigawatt-hour,Austria,2006,35656.085,,
ESTAT:NRG_BAL_C(1.0),06/03/26 23:00:00,Annual,Gross available energy,Hydro,Gigawatt-hour,Austria,2007,37054.453,,
ESTAT:NRG_BAL_C(1.0),06/03/26 23:00:00,Annual,Gross available energy,Hydro,Gigawatt-hour,Austria,2008,38329.491,,
ESTAT:NRG_BAL_C(1.0),06/03/26 23:00:00,Annual,Gross available energy,Hydro,Gigawatt-hour,Austria,2009,40896.304,,
ESTAT:NRG_BAL_C(1.0),06/03/26 23:00:00,Annual,Gross available energy,Hydro,Gigawatt-hour,Austria,2010,38363.418,,
ESTAT:NRG_BAL_C(1.0),06/03/26 23:00:00,Annual,Gross available energy,Hydro,Gigawatt-hour,Austria,2011,34237.171,,
ESTAT:NRG_BAL_C(1.0),06/03/26 23:00:00,Annual,Gross available energy,Hydro,Gigawatt-hour,Austria,2012,43847.698,,
ESTAT:NRG_BAL_C(1.0),06/03/26 23:00:00,Annual,Gross available energy,Hydro,Gigawatt-hour,Austria,2013,42016.720,,
ESTAT:NRG_BAL_C(1.0),06/03/26 23:00:00,Annual,Gross available energy,Hydro,Gigawatt-hour,Austria,2014,41007.237,,
ESTAT:NRG_BAL_C(1.0),06/03/26 23:00:00,Annual,Gross available energy,Hydro,Gigawatt-hour,Austria,2015,37156.866,,
ESTAT:NRG_BAL_C(1.0),06/03/26 23:00:00,Annual,Gross available energy,Hydro,Gigawatt-hour,Austria,2016,39971.337,,
ESTAT:NRG_BAL_C(1.0),06/03/26 23:00:00,Annual,Gross available energy,Hydro,Gigawatt-hour,Austria,2017,38293.750,,
ESTAT:NRG_BAL_C(1.0),06/03/26 23:00:00,Annual,Gross available energy,Hydro,Gigawatt-hour,Austria,2018,37637.911,,
ESTAT:NRG_BAL_C(1.0),06/03/26 23:00:00,Annual,Gross available energy,Hydro,Gigawatt-hour,Austria,2019,40825.970,,
ESTAT:NRG_BAL_C(1.0),06/03/26 23:00:00,Annual,Gross available energy,Hydro,Gigawatt-hour,Austria,2020,41998.029,,
ESTAT:NRG_BAL_C(1.0),06/03/26 23:00:00,Annual,Gross available energy,Hydro,Gigawatt-hour,Austria,2021,38751.330,,
ESTAT:NRG_BAL_C(1.0),06/03/26 23:00:00,Annual,Gross available energy,Hydro,Gigawatt-hour,Austria,2022,34625.110,,
ESTAT:NRG_BAL_C(1.0),06/03/26 23:00:00,Annual,Gross available energy,Hydro,Gigawatt-hour,Austria,2023,40672.636,,
ESTAT:NRG_BAL_C(1.0),06/03/26 23:00:00,Annual,Gross available energy,Hydro,Gigawatt-hour,Austria,2024,45707.084,,
ESTAT:NRG_BAL_C(1.0),06/03/26 23:00:00,Annual,Gross available energy,Hydro,Gigawatt-hour,Belgium,2005,288.000,,
ESTAT:NRG_BAL_C(1.0),06/03/26 23:00:00,Annual,Gross available energy,Hydro,Gigawatt-hour,Belgium,2006,359.000,,
ESTAT:NRG_BAL_C(1.0),06/03/26 23:00:00,Annual,Gross available energy,Hydro,Gigawatt-hour,Belgium,2007,389.000,,
ESTAT:NRG_BAL_C(1.0),06/03/26 23:00:00,Annual,Gross available energy,Hydro,Gigawatt-hour,Belgium,2008,410.000,,
ESTAT:NRG_BAL_C(1.0),06/03/26 23:00:00,Annual,Gross available energy,Hydro,Gigawatt-hour,Belgium,2009,328.000,,
ESTAT:NRG_BAL_C(1.0),06/03/26 23:00:00,Annual,Gross available energy,Hydro,Gigawatt-hour,Belgium,2010,312.000,,
ESTAT:NRG_BAL_C(1.0),06/03/26 23:00:00,Annual,Gross available energy,Hydro,Gigawatt-hour,Belgium,2011,196.000,,
ESTAT:NRG_BAL_C(1.0),06/03/26 23:00:00,Annual,Gross available energy,Hydro,Gigawatt-hour,Belgium,2012,357.000,,
ESTAT:NRG_BAL_C(1.0),06/03/26 23:00:00,Annual,Gross available energy,Hydro,Gigawatt-hour,Belgium,2013,380.000,,
ESTAT:NRG_BAL_C(1.0),06/03/26 23:00:00,Annual,Gross available energy,Hydro,Gigawatt-hour,Belgium,2014,292.200,,
ESTAT:NRG_BAL_C(1.0),06/03/26 23:00:00,Annual,Gross available energy,Hydro,Gigawatt-hour,Belgium,2015,318.400,,
ESTAT:NRG_BAL_C(1.0),06/03/26 23:00:00,Annual,Gross available energy,Hydro,Gigawatt-hour,Belgium,2016,370.000,,
ESTAT:NRG_BAL_C(1.0),06/03/26 23:00:00,Annual,Gross available energy,Hydro,Gigawatt-hour,Belgium,2017,270.100,,
ESTAT:NRG_BAL_C(1.0),06/03/26 23:00:00,Annual,Gross available energy,Hydro,Gigawatt-hour,Belgium,2018,292.300,,
ESTAT:NRG_BAL_C(1.0),06/03/26 23:00:00,Annual,Gross available energy,Hydro,Gigawatt-hour,Belgium,2019,301.000,,
ESTAT:NRG_BAL_C(1.0),06/03/26 23:00:00,Annual,Gross available energy,Hydro,Gigawatt-hour,Belgium,2020,266.900,,
ESTAT:NRG_BAL_C(1.0),06/03/26 23:00:00,Annual,Gross available energy,Hydro,Gigawatt-hour,Belgium,2021,418.100,,
ESTAT:NRG_BAL_C(1.0),06/03/26 23:00:00,Annual,Gross available energy,Hydro,Gigawatt-hour,Belgium,2022,271.100,,
ESTAT:NRG_BAL_C(1.0),06/03/26 23:00:00,Annual,Gross available energy,Hydro,Gigawatt-hour,Belgium,2023,402.300,,
ESTAT:NRG_BAL_C(1.0),06/03/26 23:00:00,Annual,Gross available energy,Hydro,Gigawatt-hour,Belgium,2024,545.700,,
ESTAT:NRG_BAL_C(1.0),06/03/26 23:00:00,Annual,Gross available energy,Hydro,Gigawatt-hour,Bulgaria,2005,4297.428,,
ESTAT:NRG_BAL_C(1.0),06/03/26 23:00:00,Annual,Gross available energy,Hydro,Gigawatt-hour,Bulgaria,2006,4212.974,,
ESTAT:NRG_BAL_C(1.0),06/03/26 23:00:00,Annual,Gross available energy,Hydro,Gigawatt-hour,Bulgaria,2007,2829.847,,
ESTAT:NRG_BAL_C(1.0),06/03/26 23:00:00,Annual,Gross available energy,Hydro,Gigawatt-hour,Bulgaria,2008,2792.710,,
ESTAT:NRG_BAL_C(1.0),06/03/26 23:00:00,Annual,Gross available energy,Hydro,Gigawatt-hour,Bulgaria,2009,3431.712,,
ESTAT:NRG_BAL_C(1.0),06/03/26 23:00:00,Annual,Gross available energy,Hydro,Gigawatt-hour,Bulgaria,2010,5031.341,,
ESTAT:NRG_BAL_C(1.0),06/03/26 23:00:00,Annual,Gross available energy,Hydro,Gigawatt-hour,Bulgaria,2011,2871.581,,
ESTAT:NRG_BAL_C(1.0),06/03/26 23:00:00,Annual,Gross available energy,Hydro,Gigawatt-hour,Bulgaria,2012,3177.636,,
ESTAT:NRG_BAL_C(1.0),06/03/26 23:00:00,Annual,Gross available energy,Hydro,Gigawatt-hour,Bulgaria,2013,4036.138,,
ESTAT:NRG_BAL_C(1.0),06/03/26 23:00:00,Annual,Gross available energy,Hydro,Gigawatt-hour,Bulgaria,2014,4601.629,,
ESTAT:NRG_BAL_C(1.0),06/03/26 23:00:00,Annual,Gross available energy,Hydro,Gigawatt-hour,Bulgaria,2015,5654.542,,
ESTAT:NRG_BAL_C(1.0),06/03/26 23:00:00,Annual,Gross available energy,Hydro,Gigawatt-hour,Bulgaria,2016,3879.842,,
ESTAT:NRG_BAL_C(1.0),06/03/26 23:00:00,Annual,Gross available energy,Hydro,Gigawatt-hour,Bulgaria,2017,2828.103,,
ESTAT:NRG_BAL_C(1.0),06/03/26 23:00:00,Annual,Gross available energy,Hydro,Gigawatt-hour,Bulgaria,2018,5146.578,,
ESTAT:NRG_BAL_C(1.0),06/03/26 23:00:00,Annual,Gross available energy,Hydro,Gigawatt-hour,Bulgaria,2019,2929.499,,
ESTAT:NRG_BAL_C(1.0),06/03/26 23:00:00,Annual,Gross available energy,Hydro,Gigawatt-hour,Bulgaria,2020,2820.398,,
ESTAT:NRG_BAL_C(1.0),06/03/26 23:00:00,Annual,Gross available energy,Hydro,Gigawatt-hour,Bulgaria,2021,4819.205,,
ESTAT:NRG_BAL_C(1.0),06/03/26 23:00:00,Annual,Gross available energy,Hydro,Gigawatt-hour,Bulgaria,2022,3803.279,,
ESTAT:NRG_BAL_C(1.0),06/03/26 23:00:00,Annual,Gross available energy,Hydro,Gigawatt-hour,Bulgaria,2023,3080.132,,
ESTAT:NRG_BAL_C(1.0),06/03/26 23:00:00,Annual,Gross available energy,Hydro,Gigawatt-hour,Bulgaria,2024,2787.148,,
ESTAT:NRG_BAL_C(1.0),06/03/26 23:00:00,Annual,Gross available energy,Hydro,Gigawatt-hour,Cyprus,2005,0.000,,
ESTAT:NRG_BAL_C(1.0),06/03/26 23:00:00,Annual,Gross available energy,Hydro,Gigawatt-hour,Cyprus,2006,0.000,,
ESTAT:NRG_BAL_C(1.0),06/03/26 23:00:00,Annual,Gross available energy,Hydro,Gigawatt-hour,Cyprus,2007,0.000,,
ESTAT:NRG_BAL_C(1.0),06/03/26 23:00:00,Annual,Gross available energy,Hydro,Gigawatt-hour,Cyprus,2008,0.000,,
ESTAT:NRG_BAL_C(1.0),06/03/26 23:00:00,Annual,Gross available energy,Hydro,Gigawatt-hour,Cyprus,2009,0.000,,
ESTAT:NRG_BAL_C(1.0),06/03/26 23:00:00,Annual,Gross available energy,Hydro,Gigawatt-hour,Cyprus,2010,0.000,,
ESTAT:NRG_BAL_C(1.0),06/03/26 23:00:00,Annual,Gross available energy,Hydro,Gigawatt-hour,Cyprus,2011,0.000,,
ESTAT:NRG_BAL_C(1.0),06/03/26 23:00:00,Annual,Gross available energy,Hydro,Gigawatt-hour,Cyprus,2012,0.000,,
ESTAT:NRG_BAL_C(1.0),06/03/26 23:00:00,Annual,Gross available energy,Hydro,Gigawatt-hour,Cyprus,2013,0.000,,
ESTAT:NRG_BAL_C(1.0),06/03/26 23:00:00,Annual,Gross available energy,Hydro,Gigawatt-hour,Cyprus,2014,0.000,,
ESTAT:NRG_BAL_C(1.0),06/03/26 23:00:00,Annual,Gross available energy,Hydro,Gigawatt-hour,Cyprus,2015,0.000,,
ESTAT:NRG_BAL_C(1.0),06/03/26 23:00:00,Annual,Gross available energy,Hydro,Gigawatt-hour,Cyprus,2016,0.000,,
ESTAT:NRG_BAL_C(1.0),06/03/26 23:00:00,Annual,Gross available energy,Hydro,Gigawatt-hour,Cyprus,2017,0.000,,
ESTAT:NRG_BAL_C(1.0),06/03/26 23:00:00,Annual,Gross available energy,Hydro,Gigawatt-hour,Cyprus,2018,0.000,,
ESTAT:NRG_BAL_C(1.0),06/03/26 23:00:00,Annual,Gross available energy,Hydro,Gigawatt-hour,Cyprus,2019,0.000,,
ESTAT:NRG_BAL_C(1.0),06/03/26 23:00:00,Annual,Gross available energy,Hydro,Gigawatt-hour,Cyprus,2020,0.000,,
ESTAT:NRG_BAL_C(1.0),06/03/26 23:00:00,Annual,Gross available energy,Hydro,Gigawatt-hour,Cyprus,2021,0.000,,
ESTAT:NRG_BAL_C(1.0),06/03/26 23:00:00,Annual,Gross available energy,Hydro,Gigawatt-hour,Cyprus,2022,0.000,,
ESTAT:NRG_BAL_C(1.0),06/03/26 23:00:00,Annual,Gross available energy,Hydro,Gigawatt-hour,Cyprus,2023,0.000,,
ESTAT:NRG_BAL_C(1.0),06/03/26 23:00:00,Annual,Gross available energy,Hydro,Gigawatt-hour,Cyprus,2024,0.000,,
ESTAT:NRG_BAL_C(1.0),06/03/26 23:00:00,Annual,Gross available energy,Hydro,Gigawatt-hour,Czechia,2005,2379.910,,
ESTAT:NRG_BAL_C(1.0),06/03/26 23:00:00,Annual,Gross available energy,Hydro,Gigawatt-hour,Czechia,2006,2550.300,,
ESTAT:NRG_BAL_C(1.0),06/03/26 23:00:00,Annual,Gross available energy,Hydro,Gigawatt-hour,Czechia,2007,2089.409,,
ESTAT:NRG_BAL_C(1.0),06/03/26 23:00:00,Annual,Gross available energy,Hydro,Gigawatt-hour,Czechia,2008,2024.335,,
ESTAT:NRG_BAL_C(1.0),06/03/26 23:00:00,Annual,Gross available energy,Hydro,Gigawatt-hour,Czechia,2009,2429.607,,
ESTAT:NRG_BAL_C(1.0),06/03/26 23:00:00,Annual,Gross available energy,Hydro,Gigawatt-hour,Czechia,2010,2789.474,,
ESTAT:NRG_BAL_C(1.0),06/03/26 23:00:00,Annual,Gross available energy,Hydro,Gigawatt-hour,Czechia,2011,1963.016,,
ESTAT:NRG_BAL_C(1.0),06/03/26 23:00:00,Annual,Gross available energy,Hydro,Gigawatt-hour,Czechia,2012,2129.143,,
ESTAT:NRG_BAL_C(1.0),06/03/26 23:00:00,Annual,Gross available energy,Hydro,Gigawatt-hour,Czechia,2013,2734.507,,
ESTAT:NRG_BAL_C(1.0),06/03/26 23:00:00,Annual,Gross available energy,Hydro,Gigawatt-hour,Czechia,2014,1908.749,,
ESTAT:NRG_BAL_C(1.0),06/03/26 23:00:00,Annual,Gross available energy,Hydro,Gigawatt-hour,Czechia,2015,1794.769,,
ESTAT:NRG_BAL_C(1.0),06/03/26 23:00:00,Annual,Gross available energy,Hydro,Gigawatt-hour,Czechia,2016,2000.036,,
ESTAT:NRG_BAL_C(1.0),06/03/26 23:00:00,Annual,Gross available energy,Hydro,Gigawatt-hour,Czechia,2017,1869.464,,
ESTAT:NRG_BAL_C(1.0),06/03/26 23:00:00,Annual,Gross available energy,Hydro,Gigawatt-hour,Czechia,2018,1628.830,,
ESTAT:NRG_BAL_C(1.0),06/03/26 23:00:00,Annual,Gross available energy,Hydro,Gigawatt-hour,Czechia,2019,2008.029,,
ESTAT:NRG_BAL_C(1.0),06/03/26 23:00:00,Annual,Gross available energy,Hydro,Gigawatt-hour,Czechia,2020,2143.884,,
ESTAT:NRG_BAL_C(1.0),06/03/26 23:00:00,Annual,Gross available energy,Hydro,Gigawatt-hour,Czechia,2021,2408.520,,
ESTAT:NRG_BAL_C(1.0),06/03/26 23:00:00,Annual,Gross available energy,Hydro,Gigawatt-hour,Czechia,2022,2093.465,,
ESTAT:NRG_BAL_C(1.0),06/03/26 23:00:00,Annual,Gross available energy,Hydro,Gigawatt-hour,Czechia,2023,2362.978,,
ESTAT:NRG_BAL_C(1.0),06/03/26 23:00:00,Annual,Gross available energy,Hydro,Gigawatt-hour,Czechia,2024,2662.820,,
ESTAT:NRG_BAL_C(1.0),06/03/26 23:00:00,Annual,Gross available energy,Hydro,Gigawatt-hour,Germany,2005,19638.000,,
ESTAT:NRG_BAL_C(1.0),06/03/26 23:00:00,Annual,Gross available energy,Hydro,Gigawatt-hour,Germany,2006,20031.000,,
ESTAT:NRG_BAL_C(1.0),06/03/26 23:00:00,Annual,Gross available energy,Hydro,Gigawatt-hour,Germany,2007,21169.000,,
ESTAT:NRG_BAL_C(1.0),06/03/26 23:00:00,Annual,Gross available energy,Hydro,Gigawatt-hour,Germany,2008,20443.000,,
ESTAT:NRG_BAL_C(1.0),06/03/26 23:00:00,Annual,Gross available energy,Hydro,Gigawatt-hour,Germany,2009,19031.000,,
ESTAT:NRG_BAL_C(1.0),06/03/26 23:00:00,Annual,Gross available energy,Hydro,Gigawatt-hour,Germany,2010,20953.000,,
ESTAT:NRG_BAL_C(1.0),06/03/26 23:00:00,Annual,Gross available energy,Hydro,Gigawatt-hour,Germany,2011,17672.000,,
ESTAT:NRG_BAL_C(1.0),06/03/26 23:00:00,Annual,Gross available energy,Hydro,Gigawatt-hour,Germany,2012,21755.000,,
ESTAT:NRG_BAL_C(1.0),06/03/26 23:00:00,Annual,Gross available energy,Hydro,Gigawatt-hour,Germany,2013,22998.000,,
ESTAT:NRG_BAL_C(1.0),06/03/26 23:00:00,Annual,Gross available energy,Hydro,Gigawatt-hour,Germany,2014,19587.000,,
ESTAT:NRG_BAL_C(1.0),06/03/26 23:00:00,Annual,Gross available energy,Hydro,Gigawatt-hour,Germany,2015,18976.000,,
ESTAT:NRG_BAL_C(1.0),06/03/26 23:00:00,Annual,Gross available energy,Hydro,Gigawatt-hour,Germany,2016,20546.000,,
ESTAT:NRG_BAL_C(1.0),06/03/26 23:00:00,Annual,Gross available energy,Hydro,Gigawatt-hour,Germany,2017,20150.000,,
ESTAT:NRG_BAL_C(1.0),06/03/26 23:00:00,Annual,Gross available energy,Hydro,Gigawatt-hour,Germany,2018,17693.000,,
ESTAT:NRG_BAL_C(1.0),06/03/26 23:00:00,Annual,Gross available energy,Hydro,Gigawatt-hour,Germany,2019,19731.000,,
ESTAT:NRG_BAL_C(1.0),06/03/26 23:00:00,Annual,Gross available energy,Hydro,Gigawatt-hour,Germany,2020,18721.000,,
ESTAT:NRG_BAL_C(1.0),06/03/26 23:00:00,Annual,Gross available energy,Hydro,Gigawatt-hour,Germany,2021,19657.000,,
ESTAT:NRG_BAL_C(1.0),06/03/26 23:00:00,Annual,Gross available energy,Hydro,Gigawatt-hour,Germany,2022,17624.000,,
ESTAT:NRG_BAL_C(1.0),06/03/26 23:00:00,Annual,Gross available energy,Hydro,Gigawatt-hour,Germany,2023,21244.000,,
ESTAT:NRG_BAL_C(1.0),06/03/26 23:00:00,Annual,Gross available energy,Hydro,Gigawatt-hour,Germany,2024,23825.000,,
ESTAT:NRG_BAL_C(1.0),06/03/26 23:00:00,Annual,Gross available energy,Hydro,Gigawatt-hour,Denmark,2005,23.000,,
ESTAT:NRG_BAL_C(1.0),06/03/26 23:00:00,Annual,Gross available energy,Hydro,Gigawatt-hour,Denmark,2006,23.000,,
ESTAT:NRG_BAL_C(1.0),06/03/26 23:00:00,Annual,Gross available energy,Hydro,Gigawatt-hour,Denmark,2007,28.000,,
ESTAT:NRG_BAL_C(1.0),06/03/26 23:00:00,Annual,Gross available energy,Hydro,Gigawatt-hour,Denmark,2008,26.000,,
ESTAT:NRG_BAL_C(1.0),06/03/26 23:00:00,Annual,Gross available energy,Hydro,Gigawatt-hour,Denmark,2009,19.000,,
ESTAT:NRG_BAL_C(1.0),06/03/26 23:00:00,Annual,Gross available energy,Hydro,Gigawatt-hour,Denmark,2010,20.642,,
ESTAT:NRG_BAL_C(1.0),06/03/26 23:00:00,Annual,Gross available energy,Hydro,Gigawatt-hour,Denmark,2011,16.868,,
ESTAT:NRG_BAL_C(1.0),06/03/26 23:00:00,Annual,Gross available energy,Hydro,Gigawatt-hour,Denmark,2012,17.476,,
ESTAT:NRG_BAL_C(1.0),06/03/26 23:00:00,Annual,Gross available energy,Hydro,Gigawatt-hour,Denmark,2013,13.419,,
ESTAT:NRG_BAL_C(1.0),06/03/26 23:00:00,Annual,Gross available energy,Hydro,Gigawatt-hour,Denmark,2014,15.104,,
ESTAT:NRG_BAL_C(1.0),06/03/26 23:00:00,Annual,Gross available energy,Hydro,Gigawatt-hour,Denmark,2015,18.030,,
ESTAT:NRG_BAL_C(1.0),06/03/26 23:00:00,Annual,Gross available energy,Hydro,Gigawatt-hour,Denmark,2016,19.272,,
ESTAT:NRG_BAL_C(1.0),06/03/26 23:00:00,Annual,Gross available energy,Hydro,Gigawatt-hour,Denmark,2017,17.871,,
ESTAT:NRG_BAL_C(1.0),06/03/26 23:00:00,Annual,Gross available energy,Hydro,Gigawatt-hour,Denmark,2018,14.862,,
ESTAT:NRG_BAL_C(1.0),06/03/26 23:00:00,Annual,Gross available energy,Hydro,Gigawatt-hour,Denmark,2019,16.955,,
ESTAT:NRG_BAL_C(1.0),06/03/26 23:00:00,Annual,Gross available energy,Hydro,Gigawatt-hour,Denmark,2020,17.064,,
ESTAT:NRG_BAL_C(1.0),06/03/26 23:00:00,Annual,Gross available energy,Hydro,Gigawatt-hour,Denmark,2021,16.294,,
ESTAT:NRG_BAL_C(1.0),06/03/26 23:00:00,Annual,Gross available energy,Hydro,Gigawatt-hour,Denmark,2022,14.947,,
ESTAT:NRG_BAL_C(1.0),06/03/26 23:00:00,Annual,Gross available energy,Hydro,Gigawatt-hour,Denmark,2023,19.628,,
ESTAT:NRG_BAL_C(1.0),06/03/26 23:00:00,Annual,Gross available energy,Hydro,Gigawatt-hour,Denmark,2024,22.562,,
ESTAT:NRG_BAL_C(1.0),06/03/26 23:00:00,Annual,Gross available energy,Hydro,Gigawatt-hour,Estonia,2005,22.000,,
ESTAT:NRG_BAL_C(1.0),06/03/26 23:00:00,Annual,Gross available energy,Hydro,Gigawatt-hour,Estonia,2006,13.500,,
ESTAT:NRG_BAL_C(1.0),06/03/26 23:00:00,Annual,Gross available energy,Hydro,Gigawatt-hour,Estonia,2007,21.822,,
ESTAT:NRG_BAL_C(1.0),06/03/26 23:00:00,Annual,Gross available energy,Hydro,Gigawatt-hour,Estonia,2008,27.908,,
ESTAT:NRG_BAL_C(1.0),06/03/26 23:00:00,Annual,Gross available energy,Hydro,Gigawatt-hour,Estonia,2009,31.988,,
ESTAT:NRG_BAL_C(1.0),06/03/26 23:00:00,Annual,Gross available energy,Hydro,Gigawatt-hour,Estonia,2010,26.881,,
ESTAT:NRG_BAL_C(1.0),06/03/26 23:00:00,Annual,Gross available energy,Hydro,Gigawatt-hour,Estonia,2011,30.028,,
ESTAT:NRG_BAL_C(1.0),06/03/26 23:00:00,Annual,Gross available energy,Hydro,Gigawatt-hour,Estonia,2012,42.058,,
ESTAT:NRG_BAL_C(1.0),06/03/26 23:00:00,Annual,Gross available energy,Hydro,Gigawatt-hour,Estonia,2013,25.532,,
ESTAT:NRG_BAL_C(1.0),06/03/26 23:00:00,Annual,Gross available energy,Hydro,Gigawatt-hour,Estonia,2014,27.034,,
ESTAT:NRG_BAL_C(1.0),06/03/26 23:00:00,Annual,Gross available energy,Hydro,Gigawatt-hour,Estonia,2015,26.600,,
ESTAT:NRG_BAL_C(1.0),06/03/26 23:00:00,Annual,Gross available energy,Hydro,Gigawatt-hour,Estonia,2016,35.000,,
ESTAT:NRG_BAL_C(1.0),06/03/26 23:00:00,Annual,Gross available energy,Hydro,Gigawatt-hour,Estonia,2017,26.000,,
ESTAT:NRG_BAL_C(1.0),06/03/26 23:00:00,Annual,Gross available energy,Hydro,Gigawatt-hour,Estonia,2018,15.000,,
ESTAT:NRG_BAL_C(1.0),06/03/26 23:00:00,Annual,Gross available energy,Hydro,Gigawatt-hour,Estonia,2019,19.000,,
ESTAT:NRG_BAL_C(1.0),06/03/26 23:00:00,Annual,Gross available energy,Hydro,Gigawatt-hour,Estonia,2020,30.000,,
ESTAT:NRG_BAL_C(1.0),06/03/26 23:00:00,Annual,Gross available energy,Hydro,Gigawatt-hour,Estonia,2021,23.000,,
ESTAT:NRG_BAL_C(1.0),06/03/26 23:00:00,Annual,Gross available energy,Hydro,Gigawatt-hour,Estonia,2022,23.000,,
ESTAT:NRG_BAL_C(1.0),06/03/26 23:00:00,Annual,Gross available energy,Hydro,Gigawatt-hour,Estonia,2023,24.000,,
ESTAT:NRG_BAL_C(1.0),06/03/26 23:00:00,Annual,Gross available energy,Hydro,Gigawatt-hour,Estonia,2024,30.045,,
ESTAT:NRG_BAL_C(1.0),06/03/26 23:00:00,Annual,Gross available energy,Hydro,Gigawatt-hour,Greece,2005,5017.271,,
ESTAT:NRG_BAL_C(1.0),06/03/26 23:00:00,Annual,Gross available energy,Hydro,Gigawatt-hour,Greece,2006,5864.849,,
ESTAT:NRG_BAL_C(1.0),06/03/26 23:00:00,Annual,Gross available energy,Hydro,Gigawatt-hour,Greece,2007,2591.422,,
ESTAT:NRG_BAL_C(1.0),06/03/26 23:00:00,Annual,Gross available energy,Hydro,Gigawatt-hour,Greece,2008,3312.288,,
ESTAT:NRG_BAL_C(1.0),06/03/26 23:00:00,Annual,Gross available energy,Hydro,Gigawatt-hour,Greece,2009,5352.558,,
ESTAT:NRG_BAL_C(1.0),06/03/26 23:00:00,Annual,Gross available energy,Hydro,Gigawatt-hour,Greece,2010,7474.753,,
ESTAT:NRG_BAL_C(1.0),06/03/26 23:00:00,Annual,Gross available energy,Hydro,Gigawatt-hour,Greece,2011,4011.165,,
ESTAT:NRG_BAL_C(1.0),06/03/26 23:00:00,Annual,Gross available energy,Hydro,Gigawatt-hour,Greece,2012,4392.525,,
ESTAT:NRG_BAL_C(1.0),06/03/26 23:00:00,Annual,Gross available energy,Hydro,Gigawatt-hour,Greece,2013,6346.921,,
ESTAT:NRG_BAL_C(1.0),06/03/26 23:00:00,Annual,Gross available energy,Hydro,Gigawatt-hour,Greece,2014,4478.322,,
ESTAT:NRG_BAL_C(1.0),06/03/26 23:00:00,Annual,Gross available energy,Hydro,Gigawatt-hour,Greece,2015,6098.194,,
ESTAT:NRG_BAL_C(1.0),06/03/26 23:00:00,Annual,Gross available energy,Hydro,Gigawatt-hour,Greece,2016,5542.638,,
ESTAT:NRG_BAL_C(1.0),06/03/26 23:00:00,Annual,Gross available energy,Hydro,Gigawatt-hour,Greece,2017,3962.547,,
ESTAT:NRG_BAL_C(1.0),06/03/26 23:00:00,Annual,Gross available energy,Hydro,Gigawatt-hour,Greece,2018,5743.448,,
ESTAT:NRG_BAL_C(1.0),06/03/26 23:00:00,Annual,Gross available energy,Hydro,Gigawatt-hour,Greece,2019,3999.598,,
ESTAT:NRG_BAL_C(1.0),06/03/26 23:00:00,Annual,Gross available energy,Hydro,Gigawatt-hour,Greece,2020,3343.687,,
ESTAT:NRG_BAL_C(1.0),06/03/26 23:00:00,Annual,Gross available energy,Hydro,Gigawatt-hour,Greece,2021,5903.439,,
ESTAT:NRG_BAL_C(1.0),06/03/26 23:00:00,Annual,Gross available energy,Hydro,Gigawatt-hour,Greece,2022,3855.192,,
ESTAT:NRG_BAL_C(1.0),06/03/26 23:00:00,Annual,Gross available energy,Hydro,Gigawatt-hour,Greece,2023,3815.328,,
ESTAT:NRG_BAL_C(1.0),06/03/26 23:00:00,Annual,Gross available energy,Hydro,Gigawatt-hour,Greece,2024,3581.680,,
ESTAT:NRG_BAL_C(1.0),06/03/26 23:00:00,Annual,Gross available energy,Hydro,Gigawatt-hour,Spain,2005,18393.000,,
ESTAT:NRG_BAL_C(1.0),06/03/26 23:00:00,Annual,Gross available energy,Hydro,Gigawatt-hour,Spain,2006,25959.000,,
ESTAT:NRG_BAL_C(1.0),06/03/26 23:00:00,Annual,Gross available energy,Hydro,Gigawatt-hour,Spain,2007,27309.000,,
ESTAT:NRG_BAL_C(1.0),06/03/26 23:00:00,Annual,Gross available energy,Hydro,Gigawatt-hour,Spain,2008,23364.000,,
ESTAT:NRG_BAL_C(1.0),06/03/26 23:00:00,Annual,Gross available energy,Hydro,Gigawatt-hour,Spain,2009,26411.000,,
ESTAT:NRG_BAL_C(1.0),06/03/26 23:00:00,Annual,Gross available energy,Hydro,Gigawatt-hour,Spain,2010,42304.000,,
ESTAT:NRG_BAL_C(1.0),06/03/26 23:00:00,Annual,Gross available energy,Hydro,Gigawatt-hour,Spain,2011,30596.000,,
ESTAT:NRG_BAL_C(1.0),06/03/26 23:00:00,Annual,Gross available energy,Hydro,Gigawatt-hour,Spain,2012,20545.000,,
ESTAT:NRG_BAL_C(1.0),06/03/26 23:00:00,Annual,Gross available energy,Hydro,Gigawatt-hour,Spain,2013,36865.017,,
ESTAT:NRG_BAL_C(1.0),06/03/26 23:00:00,Annual,Gross available energy,Hydro,Gigawatt-hour,Spain,2014,39168.487,,
ESTAT:NRG_BAL_C(1.0),06/03/26 23:00:00,Annual,Gross available energy,Hydro,Gigawatt-hour,Spain,2015,28140.000,,
ESTAT:NRG_BAL_C(1.0),06/03/26 23:00:00,Annual,Gross available energy,Hydro,Gigawatt-hour,Spain,2016,36395.357,,
ESTAT:NRG_BAL_C(1.0),06/03/26 23:00:00,Annual,Gross available energy,Hydro,Gigawatt-hour,Spain,2017,18322.000,,
ESTAT:NRG_BAL_C(1.0),06/03/26 23:00:00,Annual,Gross available energy,Hydro,Gigawatt-hour,Spain,2018,34334.000,,
ESTAT:NRG_BAL_C(1.0),06/03/26 23:00:00,Annual,Gross available energy,Hydro,Gigawatt-hour,Spain,2019,24646.000,,
ESTAT:NRG_BAL_C(1.0),06/03/26 23:00:00,Annual,Gross available energy,Hydro,Gigawatt-hour,Spain,2020,30507.000,,
ESTAT:NRG_BAL_C(1.0),06/03/26 23:00:00,Annual,Gross available energy,Hydro,Gigawatt-hour,Spain,2021,29626.000,,
ESTAT:NRG_BAL_C(1.0),06/03/26 23:00:00,Annual,Gross available energy,Hydro,Gigawatt-hour,Spain,2022,17590.000,,
ESTAT:NRG_BAL_C(1.0),06/03/26 23:00:00,Annual,Gross available energy,Hydro,Gigawatt-hour,Spain,2023,24996.000,,
ESTAT:NRG_BAL_C(1.0),06/03/26 23:00:00,Annual,Gross available energy,Hydro,Gigawatt-hour,Spain,2024,34414.726,,
ESTAT:NRG_BAL_C(1.0),06/03/26 23:00:00,Annual,Gross available energy,Hydro,Gigawatt-hour,Finland,2005,13784.000,,
ESTAT:NRG_BAL_C(1.0),06/03/26 23:00:00,Annual,Gross available energy,Hydro,Gigawatt-hour,Finland,2006,11493.691,,
ESTAT:NRG_BAL_C(1.0),06/03/26 23:00:00,Annual,Gross available energy,Hydro,Gigawatt-hour,Finland,2007,14177.206,,
ESTAT:NRG_BAL_C(1.0),06/03/26 23:00:00,Annual,Gross available energy,Hydro,Gigawatt-hour,Finland,2008,17112.132,,
ESTAT:NRG_BAL_C(1.0),06/03/26 23:00:00,Annual,Gross available energy,Hydro,Gigawatt-hour,Finland,2009,12686.030,,
ESTAT:NRG_BAL_C(1.0),06/03/26 23:00:00,Annual,Gross available energy,Hydro,Gigawatt-hour,Finland,2010,12921.994,,
ESTAT:NRG_BAL_C(1.0),06/03/26 23:00:00,Annual,Gross available energy,Hydro,Gigawatt-hour,Finland,2011,12445.039,,
ESTAT:NRG_BAL_C(1.0),06/03/26 23:00:00,Annual,Gross available energy,Hydro,Gigawatt-hour,Finland,2012,16859.128,,
ESTAT:NRG_BAL_C(1.0),06/03/26 23:00:00,Annual,Gross available energy,Hydro,Gigawatt-hour,Finland,2013,12838.601,,
ESTAT:NRG_BAL_C(1.0),06/03/26 23:00:00,Annual,Gross available energy,Hydro,Gigawatt-hour,Finland,2014,13397.044,,
ESTAT:NRG_BAL_C(1.0),06/03/26 23:00:00,Annual,Gross available energy,Hydro,Gigawatt-hour,Finland,2015,16768.698,,
ESTAT:NRG_BAL_C(1.0),06/03/26 23:00:00,Annual,Gross available energy,Hydro,Gigawatt-hour,Finland,2016,15799.127,,
ESTAT:NRG_BAL_C(1.0),06/03/26 23:00:00,Annual,Gross available energy,Hydro,Gigawatt-hour,Finland,2017,14771.469,,
ESTAT:NRG_BAL_C(1.0),06/03/26 23:00:00,Annual,Gross available energy,Hydro,Gigawatt-hour,Finland,2018,13301.104,,
ESTAT:NRG_BAL_C(1.0),06/03/26 23:00:00,Annual,Gross available energy,Hydro,Gigawatt-hour,Finland,2019,12420.475,,
ESTAT:NRG_BAL_C(1.0),06/03/26 23:00:00,Annual,Gross available energy,Hydro,Gigawatt-hour,Finland,2020,15883.341,,
ESTAT:NRG_BAL_C(1.0),06/03/26 23:00:00,Annual,Gross available energy,Hydro,Gigawatt-hour,Finland,2021,15791.129,,
ESTAT:NRG_BAL_C(1.0),06/03/26 23:00:00,Annual,Gross available energy,Hydro,Gigawatt-hour,Finland,2022,13491.760,,
ESTAT:NRG_BAL_C(1.0),06/03/26 23:00:00,Annual,Gross available energy,Hydro,Gigawatt-hour,Finland,2023,15200.385,,
ESTAT:NRG_BAL_C(1.0),06/03/26 23:00:00,Annual,Gross available energy,Hydro,Gigawatt-hour,Finland,2024,14299.241,,
ESTAT:NRG_BAL_C(1.0),06/03/26 23:00:00,Annual,Gross available energy,Hydro,Gigawatt-hour,France,2005,50139.149,,
ESTAT:NRG_BAL_C(1.0),06/03/26 23:00:00,Annual,Gross available energy,Hydro,Gigawatt-hour,France,2006,54877.946,,
ESTAT:NRG_BAL_C(1.0),06/03/26 23:00:00,Annual,Gross available energy,Hydro,Gigawatt-hour,France,2007,55989.950,,
ESTAT:NRG_BAL_C(1.0),06/03/26 23:00:00,Annual,Gross available energy,Hydro,Gigawatt-hour,France,2008,62158.522,,
ESTAT:NRG_BAL_C(1.0),06/03/26 23:00:00,Annual,Gross available energy,Hydro,Gigawatt-hour,France,2009,55494.548,,
ESTAT:NRG_BAL_C(1.0),06/03/26 23:00:00,Annual,Gross available energy,Hydro,Gigawatt-hour,France,2010,61202.190,,
ESTAT:NRG_BAL_C(1.0),06/03/26 23:00:00,Annual,Gross available energy,Hydro,Gigawatt-hour,France,2011,45743.862,,
ESTAT:NRG_BAL_C(1.0),06/03/26 23:00:00,Annual,Gross available energy,Hydro,Gigawatt-hour,France,2012,59830.634,,
ESTAT:NRG_BAL_C(1.0),06/03/26 23:00:00,Annual,Gross available energy,Hydro,Gigawatt-hour,France,2013,71920.432,,
ESTAT:NRG_BAL_C(1.0),06/03/26 23:00:00,Annual,Gross available energy,Hydro,Gigawatt-hour,France,2014,63772.627,,
ESTAT:NRG_BAL_C(1.0),06/03/26 23:00:00,Annual,Gross available energy,Hydro,Gigawatt-hour,France,2015,55556.272,,
ESTAT:NRG_BAL_C(1.0),06/03/26 23:00:00,Annual,Gross available energy,Hydro,Gigawatt-hour,France,2016,60839.210,,
ESTAT:NRG_BAL_C(1.0),06/03/26 23:00:00,Annual,Gross available energy,Hydro,Gigawatt-hour,France,2017,50001.257,,
ESTAT:NRG_BAL_C(1.0),06/03/26 23:00:00,Annual,Gross available energy,Hydro,Gigawatt-hour,France,2018,65111.426,,
ESTAT:NRG_BAL_C(1.0),06/03/26 23:00:00,Annual,Gross available energy,Hydro,Gigawatt-hour,France,2019,56913.549,,
ESTAT:NRG_BAL_C(1.0),06/03/26 23:00:00,Annual,Gross available energy,Hydro,Gigawatt-hour,France,2020,62523.508,,
ESTAT:NRG_BAL_C(1.0),06/03/26 23:00:00,Annual,Gross available energy,Hydro,Gigawatt-hour,France,2021,59537.246,,
ESTAT:NRG_BAL_C(1.0),06/03/26 23:00:00,Annual,Gross available energy,Hydro,Gigawatt-hour,France,2022,45555.248,,
ESTAT:NRG_BAL_C(1.0),06/03/26 23:00:00,Annual,Gross available energy,Hydro,Gigawatt-hour,France,2023,55895.181,,
ESTAT:NRG_BAL_C(1.0),06/03/26 23:00:00,Annual,Gross available energy,Hydro,Gigawatt-hour,France,2024,71115.895,,
ESTAT:NRG_BAL_C(1.0),06/03/26 23:00:00,Annual,Gross available energy,Hydro,Gigawatt-hour,Croatia,2005,7035.500,,
ESTAT:NRG_BAL_C(1.0),06/03/26 23:00:00,Annual,Gross available energy,Hydro,Gigawatt-hour,Croatia,2006,6617.000,,
ESTAT:NRG_BAL_C(1.0),06/03/26 23:00:00,Annual,Gross available energy,Hydro,Gigawatt-hour,Croatia,2007,4699.800,,
ESTAT:NRG_BAL_C(1.0),06/03/26 23:00:00,Annual,Gross available energy,Hydro,Gigawatt-hour,Croatia,2008,5780.000,,
ESTAT:NRG_BAL_C(1.0),06/03/26 23:00:00,Annual,Gross available energy,Hydro,Gigawatt-hour,Croatia,2009,7408.401,,
ESTAT:NRG_BAL_C(1.0),06/03/26 23:00:00,Annual,Gross available energy,Hydro,Gigawatt-hour,Croatia,2010,9126.203,,
ESTAT:NRG_BAL_C(1.0),06/03/26 23:00:00,Annual,Gross available energy,Hydro,Gigawatt-hour,Croatia,2011,5031.887,,
ESTAT:NRG_BAL_C(1.0),06/03/26 23:00:00,Annual,Gross available energy,Hydro,Gigawatt-hour,Croatia,2012,4836.900,,
ESTAT:NRG_BAL_C(1.0),06/03/26 23:00:00,Annual,Gross available energy,Hydro,Gigawatt-hour,Croatia,2013,8621.700,,
ESTAT:NRG_BAL_C(1.0),06/03/26 23:00:00,Annual,Gross available energy,Hydro,Gigawatt-hour,Croatia,2014,9006.120,,
ESTAT:NRG_BAL_C(1.0),06/03/26 23:00:00,Annual,Gross available energy,Hydro,Gigawatt-hour,Croatia,2015,6390.636,,
ESTAT:NRG_BAL_C(1.0),06/03/26 23:00:00,Annual,Gross available energy,Hydro,Gigawatt-hour,Croatia,2016,6852.099,,
ESTAT:NRG_BAL_C(1.0),06/03/26 23:00:00,Annual,Gross available energy,Hydro,Gigawatt-hour,Croatia,2017,5307.400,,
ESTAT:NRG_BAL_C(1.0),06/03/26 23:00:00,Annual,Gross available energy,Hydro,Gigawatt-hour,Croatia,2018,7700.900,,
ESTAT:NRG_BAL_C(1.0),06/03/26 23:00:00,Annual,Gross available energy,Hydro,Gigawatt-hour,Croatia,2019,5826.100,,
ESTAT:NRG_BAL_C(1.0),06/03/26 23:00:00,Annual,Gross available energy,Hydro,Gigawatt-hour,Croatia,2020,5662.400,,
ESTAT:NRG_BAL_C(1.0),06/03/26 23:00:00,Annual,Gross available energy,Hydro,Gigawatt-hour,Croatia,2021,7127.700,,
ESTAT:NRG_BAL_C(1.0),06/03/26 23:00:00,Annual,Gross available energy,Hydro,Gigawatt-hour,Croatia,2022,5459.700,,
ESTAT:NRG_BAL_C(1.0),06/03/26 23:00:00,Annual,Gross available energy,Hydro,Gigawatt-hour,Croatia,2023,8160.500,,
ESTAT:NRG_BAL_C(1.0),06/03/26 23:00:00,Annual,Gross available energy,Hydro,Gigawatt-hour,Croatia,2024,6727.000,,
ESTAT:NRG_BAL_C(1.0),06/03/26 23:00:00,Annual,Gross available energy,Hydro,Gigawatt-hour,Hungary,2005,202.153,,
ESTAT:NRG_BAL_C(1.0),06/03/26 23:00:00,Annual,Gross available energy,Hydro,Gigawatt-hour,Hungary,2006,185.746,,
ESTAT:NRG_BAL_C(1.0),06/03/26 23:00:00,Annual,Gross available energy,Hydro,Gigawatt-hour,Hungary,2007,209.993,,
ESTAT:NRG_BAL_C(1.0),06/03/26 23:00:00,Annual,Gross available energy,Hydro,Gigawatt-hour,Hungary,2008,212.951,,
ESTAT:NRG_BAL_C(1.0),06/03/26 23:00:00,Annual,Gross available energy,Hydro,Gigawatt-hour,Hungary,2009,228.285,,
ESTAT:NRG_BAL_C(1.0),06/03/26 23:00:00,Annual,Gross available energy,Hydro,Gigawatt-hour,Hungary,2010,188.384,,
ESTAT:NRG_BAL_C(1.0),06/03/26 23:00:00,Annual,Gross available energy,Hydro,Gigawatt-hour,Hungary,2011,222.030,,
ESTAT:NRG_BAL_C(1.0),06/03/26 23:00:00,Annual,Gross available energy,Hydro,Gigawatt-hour,Hungary,2012,212.939,,
ESTAT:NRG_BAL_C(1.0),06/03/26 23:00:00,Annual,Gross available energy,Hydro,Gigawatt-hour,Hungary,2013,213.125,,
ESTAT:NRG_BAL_C(1.0),06/03/26 23:00:00,Annual,Gross available energy,Hydro,Gigawatt-hour,Hungary,2014,301.477,,
ESTAT:NRG_BAL_C(1.0),06/03/26 23:00:00,Annual,Gross available energy,Hydro,Gigawatt-hour,Hungary,2015,233.711,,
ESTAT:NRG_BAL_C(1.0),06/03/26 23:00:00,Annual,Gross available energy,Hydro,Gigawatt-hour,Hungary,2016,259.315,,
ESTAT:NRG_BAL_C(1.0),06/03/26 23:00:00,Annual,Gross available energy,Hydro,Gigawatt-hour,Hungary,2017,220.000,,
ESTAT:NRG_BAL_C(1.0),06/03/26 23:00:00,Annual,Gross available energy,Hydro,Gigawatt-hour,Hungary,2018,222.000,,
ESTAT:NRG_BAL_C(1.0),06/03/26 23:00:00,Annual,Gross available energy,Hydro,Gigawatt-hour,Hungary,2019,219.000,,
ESTAT:NRG_BAL_C(1.0),06/03/26 23:00:00,Annual,Gross available energy,Hydro,Gigawatt-hour,Hungary,2020,244.000,,
ESTAT:NRG_BAL_C(1.0),06/03/26 23:00:00,Annual,Gross available energy,Hydro,Gigawatt-hour,Hungary,2021,212.000,,
ESTAT:NRG_BAL_C(1.0),06/03/26 23:00:00,Annual,Gross available energy,Hydro,Gigawatt-hour,Hungary,2022,178.000,,
ESTAT:NRG_BAL_C(1.0),06/03/26 23:00:00,Annual,Gross available energy,Hydro,Gigawatt-hour,Hungary,2023,222.000,,
ESTAT:NRG_BAL_C(1.0),06/03/26 23:00:00,Annual,Gross available energy,Hydro,Gigawatt-hour,Hungary,2024,231.000,,
ESTAT:NRG_BAL_C(1.0),06/03/26 23:00:00,Annual,Gross available energy,Hydro,Gigawatt-hour,Ireland,2005,631.260,,
ESTAT:NRG_BAL_C(1.0),06/03/26 23:00:00,Annual,Gross available energy,Hydro,Gigawatt-hour,Ireland,2006,724.273,,
ESTAT:NRG_BAL_C(1.0),06/03/26 23:00:00,Annual,Gross available energy,Hydro,Gigawatt-hour,Ireland,2007,666.576,,
ESTAT:NRG_BAL_C(1.0),06/03/26 23:00:00,Annual,Gross available energy,Hydro,Gigawatt-hour,Ireland,2008,968.323,,
ESTAT:NRG_BAL_C(1.0),06/03/26 23:00:00,Annual,Gross available energy,Hydro,Gigawatt-hour,Ireland,2009,901.734,,
ESTAT:NRG_BAL_C(1.0),06/03/26 23:00:00,Annual,Gross available energy,Hydro,Gigawatt-hour,Ireland,2010,599.231,,
ESTAT:NRG_BAL_C(1.0),06/03/26 23:00:00,Annual,Gross available energy,Hydro,Gigawatt-hour,Ireland,2011,706.687,,
ESTAT:NRG_BAL_C(1.0),06/03/26 23:00:00,Annual,Gross available energy,Hydro,Gigawatt-hour,Ireland,2012,802.349,,
ESTAT:NRG_BAL_C(1.0),06/03/26 23:00:00,Annual,Gross available energy,Hydro,Gigawatt-hour,Ireland,2013,599.497,,
ESTAT:NRG_BAL_C(1.0),06/03/26 23:00:00,Annual,Gross available energy,Hydro,Gigawatt-hour,Ireland,2014,708.654,,
ESTAT:NRG_BAL_C(1.0),06/03/26 23:00:00,Annual,Gross available energy,Hydro,Gigawatt-hour,Ireland,2015,806.490,,
ESTAT:NRG_BAL_C(1.0),06/03/26 23:00:00,Annual,Gross available energy,Hydro,Gigawatt-hour,Ireland,2016,681.025,,
ESTAT:NRG_BAL_C(1.0),06/03/26 23:00:00,Annual,Gross available energy,Hydro,Gigawatt-hour,Ireland,2017,691.603,,
ESTAT:NRG_BAL_C(1.0),06/03/26 23:00:00,Annual,Gross available energy,Hydro,Gigawatt-hour,Ireland,2018,694.090,,
ESTAT:NRG_BAL_C(1.0),06/03/26 23:00:00,Annual,Gross available energy,Hydro,Gigawatt-hour,Ireland,2019,886.584,,
ESTAT:NRG_BAL_C(1.0),06/03/26 23:00:00,Annual,Gross available energy,Hydro,Gigawatt-hour,Ireland,2020,932.655,,
ESTAT:NRG_BAL_C(1.0),06/03/26 23:00:00,Annual,Gross available energy,Hydro,Gigawatt-hour,Ireland,2021,749.420,,
ESTAT:NRG_BAL_C(1.0),06/03/26 23:00:00,Annual,Gross available energy,Hydro,Gigawatt-hour,Ireland,2022,701.202,,
ESTAT:NRG_BAL_C(1.0),06/03/26 23:00:00,Annual,Gross available energy,Hydro,Gigawatt-hour,Ireland,2023,942.751,,
ESTAT:NRG_BAL_C(1.0),06/03/26 23:00:00,Annual,Gross available energy,Hydro,Gigawatt-hour,Ireland,2024,766.112,,
ESTAT:NRG_BAL_C(1.0),06/03/26 23:00:00,Annual,Gross available energy,Hydro,Gigawatt-hour,Italy,2005,36066.733,,
ESTAT:NRG_BAL_C(1.0),06/03/26 23:00:00,Annual,Gross available energy,Hydro,Gigawatt-hour,Italy,2006,36994.311,,
ESTAT:NRG_BAL_C(1.0),06/03/26 23:00:00,Annual,Gross available energy,Hydro,Gigawatt-hour,Italy,2007,32815.227,,
ESTAT:NRG_BAL_C(1.0),06/03/26 23:00:00,Annual,Gross available energy,Hydro,Gigawatt-hour,Italy,2008,41622.960,,
ESTAT:NRG_BAL_C(1.0),06/03/26 23:00:00,Annual,Gross available energy,Hydro,Gigawatt-hour,Italy,2009,49137.482,,
ESTAT:NRG_BAL_C(1.0),06/03/26 23:00:00,Annual,Gross available energy,Hydro,Gigawatt-hour,Italy,2010,51116.764,,
ESTAT:NRG_BAL_C(1.0),06/03/26 23:00:00,Annual,Gross available energy,Hydro,Gigawatt-hour,Italy,2011,45822.721,,
ESTAT:NRG_BAL_C(1.0),06/03/26 23:00:00,Annual,Gross available energy,Hydro,Gigawatt-hour,Italy,2012,41874.893,,
ESTAT:NRG_BAL_C(1.0),06/03/26 23:00:00,Annual,Gross available energy,Hydro,Gigawatt-hour,Italy,2013,52773.395,,
ESTAT:NRG_BAL_C(1.0),06/03/26 23:00:00,Annual,Gross available energy,Hydro,Gigawatt-hour,Italy,2014,58545.441,,
ESTAT:NRG_BAL_C(1.0),06/03/26 23:00:00,Annual,Gross available energy,Hydro,Gigawatt-hour,Italy,2015,45537.324,,
ESTAT:NRG_BAL_C(1.0),06/03/26 23:00:00,Annual,Gross available energy,Hydro,Gigawatt-hour,Italy,2016,42431.756,,
ESTAT:NRG_BAL_C(1.0),06/03/26 23:00:00,Annual,Gross available energy,Hydro,Gigawatt-hour,Italy,2017,36198.710,,
ESTAT:NRG_BAL_C(1.0),06/03/26 23:00:00,Annual,Gross available energy,Hydro,Gigawatt-hour,Italy,2018,48786.414,,
ESTAT:NRG_BAL_C(1.0),06/03/26 23:00:00,Annual,Gross available energy,Hydro,Gigawatt-hour,Italy,2019,46318.533,,
ESTAT:NRG_BAL_C(1.0),06/03/26 23:00:00,Annual,Gross available energy,Hydro,Gigawatt-hour,Italy,2020,47551.784,,
ESTAT:NRG_BAL_C(1.0),06/03/26 23:00:00,Annual,Gross available energy,Hydro,Gigawatt-hour,Italy,2021,45388.164,,
ESTAT:NRG_BAL_C(1.0),06/03/26 23:00:00,Annual,Gross available energy,Hydro,Gigawatt-hour,Italy,2022,28397.575,,
ESTAT:NRG_BAL_C(1.0),06/03/26 23:00:00,Annual,Gross available energy,Hydro,Gigawatt-hour,Italy,2023,40517.259,,
ESTAT:NRG_BAL_C(1.0),06/03/26 23:00:00,Annual,Gross available energy,Hydro,Gigawatt-hour,Italy,2024,53130.800,,
ESTAT:NRG_BAL_C(1.0),06/03/26 23:00:00,Annual,Gross available energy,Hydro,Gigawatt-hour,Lithuania,2005,451.000,,
ESTAT:NRG_BAL_C(1.0),06/03/26 23:00:00,Annual,Gross available energy,Hydro,Gigawatt-hour,Lithuania,2006,397.000,,
ESTAT:NRG_BAL_C(1.0),06/03/26 23:00:00,Annual,Gross available energy,Hydro,Gigawatt-hour,Lithuania,2007,421.000,,
ESTAT:NRG_BAL_C(1.0),06/03/26 23:00:00,Annual,Gross available energy,Hydro,Gigawatt-hour,Lithuania,2008,402.000,,
ESTAT:NRG_BAL_C(1.0),06/03/26 23:00:00,Annual,Gross available energy,Hydro,Gigawatt-hour,Lithuania,2009,424.000,,
ESTAT:NRG_BAL_C(1.0),06/03/26 23:00:00,Annual,Gross available energy,Hydro,Gigawatt-hour,Lithuania,2010,540.000,,
ESTAT:NRG_BAL_C(1.0),06/03/26 23:00:00,Annual,Gross available energy,Hydro,Gigawatt-hour,Lithuania,2011,480.000,,
ESTAT:NRG_BAL_C(1.0),06/03/26 23:00:00,Annual,Gross available energy,Hydro,Gigawatt-hour,Lithuania,2012,423.000,,
ESTAT:NRG_BAL_C(1.0),06/03/26 23:00:00,Annual,Gross available energy,Hydro,Gigawatt-hour,Lithuania,2013,521.000,,
ESTAT:NRG_BAL_C(1.0),06/03/26 23:00:00,Annual,Gross available energy,Hydro,Gigawatt-hour,Lithuania,2014,399.000,,
ESTAT:NRG_BAL_C(1.0),06/03/26 23:00:00,Annual,Gross available energy,Hydro,Gigawatt-hour,Lithuania,2015,349.000,,
ESTAT:NRG_BAL_C(1.0),06/03/26 23:00:00,Annual,Gross available energy,Hydro,Gigawatt-hour,Lithuania,2016,454.000,,
ESTAT:NRG_BAL_C(1.0),06/03/26 23:00:00,Annual,Gross available energy,Hydro,Gigawatt-hour,Lithuania,2017,602.400,,
ESTAT:NRG_BAL_C(1.0),06/03/26 23:00:00,Annual,Gross available energy,Hydro,Gigawatt-hour,Lithuania,2018,431.000,,
ESTAT:NRG_BAL_C(1.0),06/03/26 23:00:00,Annual,Gross available energy,Hydro,Gigawatt-hour,Lithuania,2019,345.400,,
ESTAT:NRG_BAL_C(1.0),06/03/26 23:00:00,Annual,Gross available energy,Hydro,Gigawatt-hour,Lithuania,2020,300.600,,
ESTAT:NRG_BAL_C(1.0),06/03/26 23:00:00,Annual,Gross available energy,Hydro,Gigawatt-hour,Lithuania,2021,383.700,,
ESTAT:NRG_BAL_C(1.0),06/03/26 23:00:00,Annual,Gross available energy,Hydro,Gigawatt-hour,Lithuania,2022,464.400,,
ESTAT:NRG_BAL_C(1.0),06/03/26 23:00:00,Annual,Gross available energy,Hydro,Gigawatt-hour,Lithuania,2023,450.200,,
ESTAT:NRG_BAL_C(1.0),06/03/26 23:00:00,Annual,Gross available energy,Hydro,Gigawatt-hour,Lithuania,2024,436.500,,
ESTAT:NRG_BAL_C(1.0),06/03/26 23:00:00,Annual,Gross available energy,Hydro,Gigawatt-hour,Luxembourg,2005,92.939,,
ESTAT:NRG_BAL_C(1.0),06/03/26 23:00:00,Annual,Gross available energy,Hydro,Gigawatt-hour,Luxembourg,2006,111.312,,
ESTAT:NRG_BAL_C(1.0),06/03/26 23:00:00,Annual,Gross available energy,Hydro,Gigawatt-hour,Luxembourg,2007,116.702,,
ESTAT:NRG_BAL_C(1.0),06/03/26 23:00:00,Annual,Gross available energy,Hydro,Gigawatt-hour,Luxembourg,2008,132.114,,
ESTAT:NRG_BAL_C(1.0),06/03/26 23:00:00,Annual,Gross available energy,Hydro,Gigawatt-hour,Luxembourg,2009,105.839,,
ESTAT:NRG_BAL_C(1.0),06/03/26 23:00:00,Annual,Gross available energy,Hydro,Gigawatt-hour,Luxembourg,2010,107.661,,
ESTAT:NRG_BAL_C(1.0),06/03/26 23:00:00,Annual,Gross available energy,Hydro,Gigawatt-hour,Luxembourg,2011,63.000,,
ESTAT:NRG_BAL_C(1.0),06/03/26 23:00:00,Annual,Gross available energy,Hydro,Gigawatt-hour,Luxembourg,2012,98.302,,
ESTAT:NRG_BAL_C(1.0),06/03/26 23:00:00,Annual,Gross available energy,Hydro,Gigawatt-hour,Luxembourg,2013,119.195,,
ESTAT:NRG_BAL_C(1.0),06/03/26 23:00:00,Annual,Gross available energy,Hydro,Gigawatt-hour,Luxembourg,2014,107.788,,
ESTAT:NRG_BAL_C(1.0),06/03/26 23:00:00,Annual,Gross available energy,Hydro,Gigawatt-hour,Luxembourg,2015,99.253,,
ESTAT:NRG_BAL_C(1.0),06/03/26 23:00:00,Annual,Gross available energy,Hydro,Gigawatt-hour,Luxembourg,2016,115.411,,
ESTAT:NRG_BAL_C(1.0),06/03/26 23:00:00,Annual,Gross available energy,Hydro,Gigawatt-hour,Luxembourg,2017,85.649,,
ESTAT:NRG_BAL_C(1.0),06/03/26 23:00:00,Annual,Gross available energy,Hydro,Gigawatt-hour,Luxembourg,2018,92.778,,
ESTAT:NRG_BAL_C(1.0),06/03/26 23:00:00,Annual,Gross available energy,Hydro,Gigawatt-hour,Luxembourg,2019,106.915,,
ESTAT:NRG_BAL_C(1.0),06/03/26 23:00:00,Annual,Gross available energy,Hydro,Gigawatt-hour,Luxembourg,2020,91.602,,
ESTAT:NRG_BAL_C(1.0),06/03/26 23:00:00,Annual,Gross available energy,Hydro,Gigawatt-hour,Luxembourg,2021,106.812,,
ESTAT:NRG_BAL_C(1.0),06/03/26 23:00:00,Annual,Gross available energy,Hydro,Gigawatt-hour,Luxembourg,2022,64.091,,
ESTAT:NRG_BAL_C(1.0),06/03/26 23:00:00,Annual,Gross available energy,Hydro,Gigawatt-hour,Luxembourg,2023,89.616,,
ESTAT:NRG_BAL_C(1.0),06/03/26 23:00:00,Annual,Gross available energy,Hydro,Gigawatt-hour,Luxembourg,2024,105.181,,
ESTAT:NRG_BAL_C(1.0),06/03/26 23:00:00,Annual,Gross available energy,Hydro,Gigawatt-hour,Latvia,2005,3325.289,,
ESTAT:NRG_BAL_C(1.0),06/03/26 23:00:00,Annual,Gross available energy,Hydro,Gigawatt-hour,Latvia,2006,2698.324,,
ESTAT:NRG_BAL_C(1.0),06/03/26 23:00:00,Annual,Gross available energy,Hydro,Gigawatt-hour,Latvia,2007,2733.395,,
ESTAT:NRG_BAL_C(1.0),06/03/26 23:00:00,Annual,Gross available energy,Hydro,Gigawatt-hour,Latvia,2008,3109.038,,
ESTAT:NRG_BAL_C(1.0),06/03/26 23:00:00,Annual,Gross available energy,Hydro,Gigawatt-hour,Latvia,2009,3457.102,,
ESTAT:NRG_BAL_C(1.0),06/03/26 23:00:00,Annual,Gross available energy,Hydro,Gigawatt-hour,Latvia,2010,3520.506,,
ESTAT:NRG_BAL_C(1.0),06/03/26 23:00:00,Annual,Gross available energy,Hydro,Gigawatt-hour,Latvia,2011,2886.968,,
ESTAT:NRG_BAL_C(1.0),06/03/26 23:00:00,Annual,Gross available energy,Hydro,Gigawatt-hour,Latvia,2012,3706.957,,
ESTAT:NRG_BAL_C(1.0),06/03/26 23:00:00,Annual,Gross available energy,Hydro,Gigawatt-hour,Latvia,2013,2912.008,,
ESTAT:NRG_BAL_C(1.0),06/03/26 23:00:00,Annual,Gross available energy,Hydro,Gigawatt-hour,Latvia,2014,1993.639,,
ESTAT:NRG_BAL_C(1.0),06/03/26 23:00:00,Annual,Gross available energy,Hydro,Gigawatt-hour,Latvia,2015,1860.355,,
ESTAT:NRG_BAL_C(1.0),06/03/26 23:00:00,Annual,Gross available energy,Hydro,Gigawatt-hour,Latvia,2016,2529.521,,
ESTAT:NRG_BAL_C(1.0),06/03/26 23:00:00,Annual,Gross available energy,Hydro,Gigawatt-hour,Latvia,2017,4380.620,,
ESTAT:NRG_BAL_C(1.0),06/03/26 23:00:00,Annual,Gross available energy,Hydro,Gigawatt-hour,Latvia,2018,2431.569,,
ESTAT:NRG_BAL_C(1.0),06/03/26 23:00:00,Annual,Gross available energy,Hydro,Gigawatt-hour,Latvia,2019,2107.554,,
ESTAT:NRG_BAL_C(1.0),06/03/26 23:00:00,Annual,Gross available energy,Hydro,Gigawatt-hour,Latvia,2020,2603.042,,
ESTAT:NRG_BAL_C(1.0),06/03/26 23:00:00,Annual,Gross available energy,Hydro,Gigawatt-hour,Latvia,2021,2707.796,,
ESTAT:NRG_BAL_C(1.0),06/03/26 23:00:00,Annual,Gross available energy,Hydro,Gigawatt-hour,Latvia,2022,2749.823,,
ESTAT:NRG_BAL_C(1.0),06/03/26 23:00:00,Annual,Gross available energy,Hydro,Gigawatt-hour,Latvia,2023,3794.456,,
ESTAT:NRG_BAL_C(1.0),06/03/26 23:00:00,Annual,Gross available energy,Hydro,Gigawatt-hour,Latvia,2024,3208.793,,
ESTAT:NRG_BAL_C(1.0),06/03/26 23:00:00,Annual,Gross available energy,Hydro,Gigawatt-hour,Malta,2005,0.000,,
ESTAT:NRG_BAL_C(1.0),06/03/26 23:00:00,Annual,Gross available energy,Hydro,Gigawatt-hour,Malta,2006,0.000,,
ESTAT:NRG_BAL_C(1.0),06/03/26 23:00:00,Annual,Gross available energy,Hydro,Gigawatt-hour,Malta,2007,0.000,,
ESTAT:NRG_BAL_C(1.0),06/03/26 23:00:00,Annual,Gross available energy,Hydro,Gigawatt-hour,Malta,2008,0.000,,
ESTAT:NRG_BAL_C(1.0),06/03/26 23:00:00,Annual,Gross available energy,Hydro,Gigawatt-hour,Malta,2009,0.000,,
ESTAT:NRG_BAL_C(1.0),06/03/26 23:00:00,Annual,Gross available energy,Hydro,Gigawatt-hour,Malta,2010,0.000,,
ESTAT:NRG_BAL_C(1.0),06/03/26 23:00:00,Annual,Gross available energy,Hydro,Gigawatt-hour,Malta,2011,0.000,,
ESTAT:NRG_BAL_C(1.0),06/03/26 23:00:00,Annual,Gross available energy,Hydro,Gigawatt-hour,Malta,2012,0.000,,
ESTAT:NRG_BAL_C(1.0),06/03/26 23:00:00,Annual,Gross available energy,Hydro,Gigawatt-hour,Malta,2013,0.000,,
ESTAT:NRG_BAL_C(1.0),06/03/26 23:00:00,Annual,Gross available energy,Hydro,Gigawatt-hour,Malta,2014,0.000,,
ESTAT:NRG_BAL_C(1.0),06/03/26 23:00:00,Annual,Gross available energy,Hydro,Gigawatt-hour,Malta,2015,0.000,,
ESTAT:NRG_BAL_C(1.0),06/03/26 23:00:00,Annual,Gross available energy,Hydro,Gigawatt-hour,Malta,2016,0.000,,
ESTAT:NRG_BAL_C(1.0),06/03/26 23:00:00,Annual,Gross available energy,Hydro,Gigawatt-hour,Malta,2017,0.000,,
ESTAT:NRG_BAL_C(1.0),06/03/26 23:00:00,Annual,Gross available energy,Hydro,Gigawatt-hour,Malta,2018,0.000,,
ESTAT:NRG_BAL_C(1.0),06/03/26 23:00:00,Annual,Gross available energy,Hydro,Gigawatt-hour,Malta,2019,0.000,,
ESTAT:NRG_BAL_C(1.0),06/03/26 23:00:00,Annual,Gross available energy,Hydro,Gigawatt-hour,Malta,2020,0.000,,
ESTAT:NRG_BAL_C(1.0),06/03/26 23:00:00,Annual,Gross available energy,Hydro,Gigawatt-hour,Malta,2021,0.000,,
ESTAT:NRG_BAL_C(1.0),06/03/26 23:00:00,Annual,Gross available energy,Hydro,Gigawatt-hour,Malta,2022,0.000,,
ESTAT:NRG_BAL_C(1.0),06/03/26 23:00:00,Annual,Gross available energy,Hydro,Gigawatt-hour,Malta,2023,0.000,,
ESTAT:NRG_BAL_C(1.0),06/03/26 23:00:00,Annual,Gross available energy,Hydro,Gigawatt-hour,Malta,2024,0.000,,
ESTAT:NRG_BAL_C(1.0),06/03/26 23:00:00,Annual,Gross available energy,Hydro,Gigawatt-hour,Netherlands,2005,88.000,,
ESTAT:NRG_BAL_C(1.0),06/03/26 23:00:00,Annual,Gross available energy,Hydro,Gigawatt-hour,Netherlands,2006,106.000,,
ESTAT:NRG_BAL_C(1.0),06/03/26 23:00:00,Annual,Gross available energy,Hydro,Gigawatt-hour,Netherlands,2007,107.000,,
ESTAT:NRG_BAL_C(1.0),06/03/26 23:00:00,Annual,Gross available energy,Hydro,Gigawatt-hour,Netherlands,2008,102.000,,
ESTAT:NRG_BAL_C(1.0),06/03/26 23:00:00,Annual,Gross available energy,Hydro,Gigawatt-hour,Netherlands,2009,98.000,,
ESTAT:NRG_BAL_C(1.0),06/03/26 23:00:00,Annual,Gross available energy,Hydro,Gigawatt-hour,Netherlands,2010,105.000,,
ESTAT:NRG_BAL_C(1.0),06/03/26 23:00:00,Annual,Gross available energy,Hydro,Gigawatt-hour,Netherlands,2011,57.000,,
ESTAT:NRG_BAL_C(1.0),06/03/26 23:00:00,Annual,Gross available energy,Hydro,Gigawatt-hour,Netherlands,2012,104.388,,
ESTAT:NRG_BAL_C(1.0),06/03/26 23:00:00,Annual,Gross available energy,Hydro,Gigawatt-hour,Netherlands,2013,114.312,,
ESTAT:NRG_BAL_C(1.0),06/03/26 23:00:00,Annual,Gross available energy,Hydro,Gigawatt-hour,Netherlands,2014,112.200,,
ESTAT:NRG_BAL_C(1.0),06/03/26 23:00:00,Annual,Gross available energy,Hydro,Gigawatt-hour,Netherlands,2015,92.700,,
ESTAT:NRG_BAL_C(1.0),06/03/26 23:00:00,Annual,Gross available energy,Hydro,Gigawatt-hour,Netherlands,2016,100.079,,
ESTAT:NRG_BAL_C(1.0),06/03/26 23:00:00,Annual,Gross available energy,Hydro,Gigawatt-hour,Netherlands,2017,60.757,,
ESTAT:NRG_BAL_C(1.0),06/03/26 23:00:00,Annual,Gross available energy,Hydro,Gigawatt-hour,Netherlands,2018,72.348,,
ESTAT:NRG_BAL_C(1.0),06/03/26 23:00:00,Annual,Gross available energy,Hydro,Gigawatt-hour,Netherlands,2019,74.182,,
ESTAT:NRG_BAL_C(1.0),06/03/26 23:00:00,Annual,Gross available energy,Hydro,Gigawatt-hour,Netherlands,2020,46.066,,
ESTAT:NRG_BAL_C(1.0),06/03/26 23:00:00,Annual,Gross available energy,Hydro,Gigawatt-hour,Netherlands,2021,88.240,,
ESTAT:NRG_BAL_C(1.0),06/03/26 23:00:00,Annual,Gross available energy,Hydro,Gigawatt-hour,Netherlands,2022,49.998,,
ESTAT:NRG_BAL_C(1.0),06/03/26 23:00:00,Annual,Gross available energy,Hydro,Gigawatt-hour,Netherlands,2023,69.369,,
ESTAT:NRG_BAL_C(1.0),06/03/26 23:00:00,Annual,Gross available energy,Hydro,Gigawatt-hour,Netherlands,2024,85.391,,
ESTAT:NRG_BAL_C(1.0),06/03/26 23:00:00,Annual,Gross available energy,Hydro,Gigawatt-hour,Poland,2005,2200.885,,
ESTAT:NRG_BAL_C(1.0),06/03/26 23:00:00,Annual,Gross available energy,Hydro,Gigawatt-hour,Poland,2006,2042.085,,
ESTAT:NRG_BAL_C(1.0),06/03/26 23:00:00,Annual,Gross available energy,Hydro,Gigawatt-hour,Poland,2007,2352.138,,
ESTAT:NRG_BAL_C(1.0),06/03/26 23:00:00,Annual,Gross available energy,Hydro,Gigawatt-hour,Poland,2008,2152.160,,
ESTAT:NRG_BAL_C(1.0),06/03/26 23:00:00,Annual,Gross available energy,Hydro,Gigawatt-hour,Poland,2009,2375.131,,
ESTAT:NRG_BAL_C(1.0),06/03/26 23:00:00,Annual,Gross available energy,Hydro,Gigawatt-hour,Poland,2010,2919.942,,
ESTAT:NRG_BAL_C(1.0),06/03/26 23:00:00,Annual,Gross available energy,Hydro,Gigawatt-hour,Poland,2011,2331.379,,
ESTAT:NRG_BAL_C(1.0),06/03/26 23:00:00,Annual,Gross available energy,Hydro,Gigawatt-hour,Poland,2012,2036.754,,
ESTAT:NRG_BAL_C(1.0),06/03/26 23:00:00,Annual,Gross available energy,Hydro,Gigawatt-hour,Poland,2013,2438.873,,
ESTAT:NRG_BAL_C(1.0),06/03/26 23:00:00,Annual,Gross available energy,Hydro,Gigawatt-hour,Poland,2014,2182.450,,
ESTAT:NRG_BAL_C(1.0),06/03/26 23:00:00,Annual,Gross available energy,Hydro,Gigawatt-hour,Poland,2015,1832.196,,
ESTAT:NRG_BAL_C(1.0),06/03/26 23:00:00,Annual,Gross available energy,Hydro,Gigawatt-hour,Poland,2016,2139.446,,
ESTAT:NRG_BAL_C(1.0),06/03/26 23:00:00,Annual,Gross available energy,Hydro,Gigawatt-hour,Poland,2017,2559.581,,
ESTAT:NRG_BAL_C(1.0),06/03/26 23:00:00,Annual,Gross available energy,Hydro,Gigawatt-hour,Poland,2018,1969.997,,
ESTAT:NRG_BAL_C(1.0),06/03/26 23:00:00,Annual,Gross available energy,Hydro,Gigawatt-hour,Poland,2019,1958.416,,
ESTAT:NRG_BAL_C(1.0),06/03/26 23:00:00,Annual,Gross available energy,Hydro,Gigawatt-hour,Poland,2020,2118.337,,
ESTAT:NRG_BAL_C(1.0),06/03/26 23:00:00,Annual,Gross available energy,Hydro,Gigawatt-hour,Poland,2021,2339.182,,
ESTAT:NRG_BAL_C(1.0),06/03/26 23:00:00,Annual,Gross available energy,Hydro,Gigawatt-hour,Poland,2022,1968.187,,
ESTAT:NRG_BAL_C(1.0),06/03/26 23:00:00,Annual,Gross available energy,Hydro,Gigawatt-hour,Poland,2023,2409.511,,
ESTAT:NRG_BAL_C(1.0),06/03/26 23:00:00,Annual,Gross available energy,Hydro,Gigawatt-hour,Poland,2024,2114.529,,
ESTAT:NRG_BAL_C(1.0),06/03/26 23:00:00,Annual,Gross available energy,Hydro,Gigawatt-hour,Portugal,2005,4730.663,,
ESTAT:NRG_BAL_C(1.0),06/03/26 23:00:00,Annual,Gross available energy,Hydro,Gigawatt-hour,Portugal,2006,11002.179,,
ESTAT:NRG_BAL_C(1.0),06/03/26 23:00:00,Annual,Gross available energy,Hydro,Gigawatt-hour,Portugal,2007,10091.972,,
ESTAT:NRG_BAL_C(1.0),06/03/26 23:00:00,Annual,Gross available energy,Hydro,Gigawatt-hour,Portugal,2008,6799.047,,
ESTAT:NRG_BAL_C(1.0),06/03/26 23:00:00,Annual,Gross available energy,Hydro,Gigawatt-hour,Portugal,2009,8284.267,,
ESTAT:NRG_BAL_C(1.0),06/03/26 23:00:00,Annual,Gross available energy,Hydro,Gigawatt-hour,Portugal,2010,16147.897,,
ESTAT:NRG_BAL_C(1.0),06/03/26 23:00:00,Annual,Gross available energy,Hydro,Gigawatt-hour,Portugal,2011,11539.213,,
ESTAT:NRG_BAL_C(1.0),06/03/26 23:00:00,Annual,Gross available energy,Hydro,Gigawatt-hour,Portugal,2012,5622.715,,
ESTAT:NRG_BAL_C(1.0),06/03/26 23:00:00,Annual,Gross available energy,Hydro,Gigawatt-hour,Portugal,2013,13730.418,,
ESTAT:NRG_BAL_C(1.0),06/03/26 23:00:00,Annual,Gross available energy,Hydro,Gigawatt-hour,Portugal,2014,15568.913,,
ESTAT:NRG_BAL_C(1.0),06/03/26 23:00:00,Annual,Gross available energy,Hydro,Gigawatt-hour,Portugal,2015,8660.506,,
ESTAT:NRG_BAL_C(1.0),06/03/26 23:00:00,Annual,Gross available energy,Hydro,Gigawatt-hour,Portugal,2016,15723.323,,
ESTAT:NRG_BAL_C(1.0),06/03/26 23:00:00,Annual,Gross available energy,Hydro,Gigawatt-hour,Portugal,2017,5896.883,,
ESTAT:NRG_BAL_C(1.0),06/03/26 23:00:00,Annual,Gross available energy,Hydro,Gigawatt-hour,Portugal,2018,12393.349,,
ESTAT:NRG_BAL_C(1.0),06/03/26 23:00:00,Annual,Gross available energy,Hydro,Gigawatt-hour,Portugal,2019,8817.714,,
ESTAT:NRG_BAL_C(1.0),06/03/26 23:00:00,Annual,Gross available energy,Hydro,Gigawatt-hour,Portugal,2020,12082.581,,
ESTAT:NRG_BAL_C(1.0),06/03/26 23:00:00,Annual,Gross available energy,Hydro,Gigawatt-hour,Portugal,2021,11907.543,,
ESTAT:NRG_BAL_C(1.0),06/03/26 23:00:00,Annual,Gross available energy,Hydro,Gigawatt-hour,Portugal,2022,6536.022,,
ESTAT:NRG_BAL_C(1.0),06/03/26 23:00:00,Annual,Gross available energy,Hydro,Gigawatt-hour,Portugal,2023,12039.301,,
ESTAT:NRG_BAL_C(1.0),06/03/26 23:00:00,Annual,Gross available energy,Hydro,Gigawatt-hour,Portugal,2024,14892.597,,
ESTAT:NRG_BAL_C(1.0),06/03/26 23:00:00,Annual,Gross available energy,Hydro,Gigawatt-hour,Romania,2005,20206.853,,
ESTAT:NRG_BAL_C(1.0),06/03/26 23:00:00,Annual,Gross available energy,Hydro,Gigawatt-hour,Romania,2006,18355.343,,
ESTAT:NRG_BAL_C(1.0),06/03/26 23:00:00,Annual,Gross available energy,Hydro,Gigawatt-hour,Romania,2007,15965.963,,
ESTAT:NRG_BAL_C(1.0),06/03/26 23:00:00,Annual,Gross available energy,Hydro,Gigawatt-hour,Romania,2008,17195.750,,
ESTAT:NRG_BAL_C(1.0),06/03/26 23:00:00,Annual,Gross available energy,Hydro,Gigawatt-hour,Romania,2009,15533.516,,
ESTAT:NRG_BAL_C(1.0),06/03/26 23:00:00,Annual,Gross available energy,Hydro,Gigawatt-hour,Romania,2010,19882.884,,
ESTAT:NRG_BAL_C(1.0),06/03/26 23:00:00,Annual,Gross available energy,Hydro,Gigawatt-hour,Romania,2011,14727.658,,
ESTAT:NRG_BAL_C(1.0),06/03/26 23:00:00,Annual,Gross available energy,Hydro,Gigawatt-hour,Romania,2012,12066.294,,
ESTAT:NRG_BAL_C(1.0),06/03/26 23:00:00,Annual,Gross available energy,Hydro,Gigawatt-hour,Romania,2013,14956.214,,
ESTAT:NRG_BAL_C(1.0),06/03/26 23:00:00,Annual,Gross available energy,Hydro,Gigawatt-hour,Romania,2014,18804.575,,
ESTAT:NRG_BAL_C(1.0),06/03/26 23:00:00,Annual,Gross available energy,Hydro,Gigawatt-hour,Romania,2015,16632.077,,
ESTAT:NRG_BAL_C(1.0),06/03/26 23:00:00,Annual,Gross available energy,Hydro,Gigawatt-hour,Romania,2016,18028.207,,
ESTAT:NRG_BAL_C(1.0),06/03/26 23:00:00,Annual,Gross available energy,Hydro,Gigawatt-hour,Romania,2017,14494.457,,
ESTAT:NRG_BAL_C(1.0),06/03/26 23:00:00,Annual,Gross available energy,Hydro,Gigawatt-hour,Romania,2018,17664.206,,
ESTAT:NRG_BAL_C(1.0),06/03/26 23:00:00,Annual,Gross available energy,Hydro,Gigawatt-hour,Romania,2019,15580.622,,
ESTAT:NRG_BAL_C(1.0),06/03/26 23:00:00,Annual,Gross available energy,Hydro,Gigawatt-hour,Romania,2020,15381.243,,
ESTAT:NRG_BAL_C(1.0),06/03/26 23:00:00,Annual,Gross available energy,Hydro,Gigawatt-hour,Romania,2021,17411.941,,
ESTAT:NRG_BAL_C(1.0),06/03/26 23:00:00,Annual,Gross available energy,Hydro,Gigawatt-hour,Romania,2022,13976.673,,
ESTAT:NRG_BAL_C(1.0),06/03/26 23:00:00,Annual,Gross available energy,Hydro,Gigawatt-hour,Romania,2023,18137.022,,
ESTAT:NRG_BAL_C(1.0),06/03/26 23:00:00,Annual,Gross available energy,Hydro,Gigawatt-hour,Romania,2024,14192.604,,
ESTAT:NRG_BAL_C(1.0),06/03/26 23:00:00,Annual,Gross available energy,Hydro,Gigawatt-hour,Sweden,2005,72803.000,,
ESTAT:NRG_BAL_C(1.0),06/03/26 23:00:00,Annual,Gross available energy,Hydro,Gigawatt-hour,Sweden,2006,61722.206,,
ESTAT:NRG_BAL_C(1.0),06/03/26 23:00:00,Annual,Gross available energy,Hydro,Gigawatt-hour,Sweden,2007,66158.923,,
ESTAT:NRG_BAL_C(1.0),06/03/26 23:00:00,Annual,Gross available energy,Hydro,Gigawatt-hour,Sweden,2008,69069.322,,
ESTAT:NRG_BAL_C(1.0),06/03/26 23:00:00,Annual,Gross available energy,Hydro,Gigawatt-hour,Sweden,2009,65851.684,,
ESTAT:NRG_BAL_C(1.0),06/03/26 23:00:00,Annual,Gross available energy,Hydro,Gigawatt-hour,Sweden,2010,66397.788,,
ESTAT:NRG_BAL_C(1.0),06/03/26 23:00:00,Annual,Gross available energy,Hydro,Gigawatt-hour,Sweden,2011,66434.000,,
ESTAT:NRG_BAL_C(1.0),06/03/26 23:00:00,Annual,Gross available energy,Hydro,Gigawatt-hour,Sweden,2012,78932.000,,
ESTAT:NRG_BAL_C(1.0),06/03/26 23:00:00,Annual,Gross available energy,Hydro,Gigawatt-hour,Sweden,2013,61360.863,,
ESTAT:NRG_BAL_C(1.0),06/03/26 23:00:00,Annual,Gross available energy,Hydro,Gigawatt-hour,Sweden,2014,63762.967,,
ESTAT:NRG_BAL_C(1.0),06/03/26 23:00:00,Annual,Gross available energy,Hydro,Gigawatt-hour,Sweden,2015,75312.482,,
ESTAT:NRG_BAL_C(1.0),06/03/26 23:00:00,Annual,Gross available energy,Hydro,Gigawatt-hour,Sweden,2016,62017.560,,
ESTAT:NRG_BAL_C(1.0),06/03/26 23:00:00,Annual,Gross available energy,Hydro,Gigawatt-hour,Sweden,2017,65143.000,,
ESTAT:NRG_BAL_C(1.0),06/03/26 23:00:00,Annual,Gross available energy,Hydro,Gigawatt-hour,Sweden,2018,62210.000,,
ESTAT:NRG_BAL_C(1.0),06/03/26 23:00:00,Annual,Gross available energy,Hydro,Gigawatt-hour,Sweden,2019,65371.000,,
ESTAT:NRG_BAL_C(1.0),06/03/26 23:00:00,Annual,Gross available energy,Hydro,Gigawatt-hour,Sweden,2020,72389.000,,
ESTAT:NRG_BAL_C(1.0),06/03/26 23:00:00,Annual,Gross available energy,Hydro,Gigawatt-hour,Sweden,2021,73885.000,,
ESTAT:NRG_BAL_C(1.0),06/03/26 23:00:00,Annual,Gross available energy,Hydro,Gigawatt-hour,Sweden,2022,69871.000,,
ESTAT:NRG_BAL_C(1.0),06/03/26 23:00:00,Annual,Gross available energy,Hydro,Gigawatt-hour,Sweden,2023,66187.000,,
ESTAT:NRG_BAL_C(1.0),06/03/26 23:00:00,Annual,Gross available energy,Hydro,Gigawatt-hour,Sweden,2024,64615.000,,
ESTAT:NRG_BAL_C(1.0),06/03/26 23:00:00,Annual,Gross available energy,Hydro,Gigawatt-hour,Slovenia,2005,3460.965,,
ESTAT:NRG_BAL_C(1.0),06/03/26 23:00:00,Annual,Gross available energy,Hydro,Gigawatt-hour,Slovenia,2006,3590.917,,
ESTAT:NRG_BAL_C(1.0),06/03/26 23:00:00,Annual,Gross available energy,Hydro,Gigawatt-hour,Slovenia,2007,3265.976,,
ESTAT:NRG_BAL_C(1.0),06/03/26 23:00:00,Annual,Gross available energy,Hydro,Gigawatt-hour,Slovenia,2008,4017.863,,
ESTAT:NRG_BAL_C(1.0),06/03/26 23:00:00,Annual,Gross available energy,Hydro,Gigawatt-hour,Slovenia,2009,4714.589,,
ESTAT:NRG_BAL_C(1.0),06/03/26 23:00:00,Annual,Gross available energy,Hydro,Gigawatt-hour,Slovenia,2010,4517.955,,
ESTAT:NRG_BAL_C(1.0),06/03/26 23:00:00,Annual,Gross available energy,Hydro,Gigawatt-hour,Slovenia,2011,3561.916,,
ESTAT:NRG_BAL_C(1.0),06/03/26 23:00:00,Annual,Gross available energy,Hydro,Gigawatt-hour,Slovenia,2012,3898.866,,
ESTAT:NRG_BAL_C(1.0),06/03/26 23:00:00,Annual,Gross available energy,Hydro,Gigawatt-hour,Slovenia,2013,4629.432,,
ESTAT:NRG_BAL_C(1.0),06/03/26 23:00:00,Annual,Gross available energy,Hydro,Gigawatt-hour,Slovenia,2014,6091.554,,
ESTAT:NRG_BAL_C(1.0),06/03/26 23:00:00,Annual,Gross available energy,Hydro,Gigawatt-hour,Slovenia,2015,3807.104,,
ESTAT:NRG_BAL_C(1.0),06/03/26 23:00:00,Annual,Gross available energy,Hydro,Gigawatt-hour,Slovenia,2016,4503.277,,
ESTAT:NRG_BAL_C(1.0),06/03/26 23:00:00,Annual,Gross available energy,Hydro,Gigawatt-hour,Slovenia,2017,3868.344,,
ESTAT:NRG_BAL_C(1.0),06/03/26 23:00:00,Annual,Gross available energy,Hydro,Gigawatt-hour,Slovenia,2018,4704.320,,
ESTAT:NRG_BAL_C(1.0),06/03/26 23:00:00,Annual,Gross available energy,Hydro,Gigawatt-hour,Slovenia,2019,4479.396,,
ESTAT:NRG_BAL_C(1.0),06/03/26 23:00:00,Annual,Gross available energy,Hydro,Gigawatt-hour,Slovenia,2020,4934.060,,
ESTAT:NRG_BAL_C(1.0),06/03/26 23:00:00,Annual,Gross available energy,Hydro,Gigawatt-hour,Slovenia,2021,4712.511,,
ESTAT:NRG_BAL_C(1.0),06/03/26 23:00:00,Annual,Gross available energy,Hydro,Gigawatt-hour,Slovenia,2022,3148.507,,
ESTAT:NRG_BAL_C(1.0),06/03/26 23:00:00,Annual,Gross available energy,Hydro,Gigawatt-hour,Slovenia,2023,5020.766,,
ESTAT:NRG_BAL_C(1.0),06/03/26 23:00:00,Annual,Gross available energy,Hydro,Gigawatt-hour,Slovenia,2024,5335.883,,
ESTAT:NRG_BAL_C(1.0),06/03/26 23:00:00,Annual,Gross available energy,Hydro,Gigawatt-hour,Slovakia,2005,4638.000,,
ESTAT:NRG_BAL_C(1.0),06/03/26 23:00:00,Annual,Gross available energy,Hydro,Gigawatt-hour,Slovakia,2006,4399.000,,
ESTAT:NRG_BAL_C(1.0),06/03/26 23:00:00,Annual,Gross available energy,Hydro,Gigawatt-hour,Slovakia,2007,4451.000,,
ESTAT:NRG_BAL_C(1.0),06/03/26 23:00:00,Annual,Gross available energy,Hydro,Gigawatt-hour,Slovakia,2008,4039.332,,
ESTAT:NRG_BAL_C(1.0),06/03/26 23:00:00,Annual,Gross available energy,Hydro,Gigawatt-hour,Slovakia,2009,4367.561,,
ESTAT:NRG_BAL_C(1.0),06/03/26 23:00:00,Annual,Gross available energy,Hydro,Gigawatt-hour,Slovakia,2010,5255.000,,
ESTAT:NRG_BAL_C(1.0),06/03/26 23:00:00,Annual,Gross available energy,Hydro,Gigawatt-hour,Slovakia,2011,3778.187,,
ESTAT:NRG_BAL_C(1.0),06/03/26 23:00:00,Annual,Gross available energy,Hydro,Gigawatt-hour,Slovakia,2012,4103.000,,
ESTAT:NRG_BAL_C(1.0),06/03/26 23:00:00,Annual,Gross available energy,Hydro,Gigawatt-hour,Slovakia,2013,4848.000,,
ESTAT:NRG_BAL_C(1.0),06/03/26 23:00:00,Annual,Gross available energy,Hydro,Gigawatt-hour,Slovakia,2014,4209.000,,
ESTAT:NRG_BAL_C(1.0),06/03/26 23:00:00,Annual,Gross available energy,Hydro,Gigawatt-hour,Slovakia,2015,3866.000,,
ESTAT:NRG_BAL_C(1.0),06/03/26 23:00:00,Annual,Gross available energy,Hydro,Gigawatt-hour,Slovakia,2016,4359.000,,
ESTAT:NRG_BAL_C(1.0),06/03/26 23:00:00,Annual,Gross available energy,Hydro,Gigawatt-hour,Slovakia,2017,4324.000,,
ESTAT:NRG_BAL_C(1.0),06/03/26 23:00:00,Annual,Gross available energy,Hydro,Gigawatt-hour,Slovakia,2018,3590.000,,
ESTAT:NRG_BAL_C(1.0),06/03/26 23:00:00,Annual,Gross available energy,Hydro,Gigawatt-hour,Slovakia,2019,4356.000,,
ESTAT:NRG_BAL_C(1.0),06/03/26 23:00:00,Annual,Gross available energy,Hydro,Gigawatt-hour,Slovakia,2020,4517.000,,
ESTAT:NRG_BAL_C(1.0),06/03/26 23:00:00,Annual,Gross available energy,Hydro,Gigawatt-hour,Slovakia,2021,4258.000,,
ESTAT:NRG_BAL_C(1.0),06/03/26 23:00:00,Annual,Gross available energy,Hydro,Gigawatt-hour,Slovakia,2022,3678.000,,
ESTAT:NRG_BAL_C(1.0),06/03/26 23:00:00,Annual,Gross available energy,Hydro,Gigawatt-hour,Slovakia,2023,4686.000,,
ESTAT:NRG_BAL_C(1.0),06/03/26 23:00:00,Annual,Gross available energy,Hydro,Gigawatt-hour,Slovakia,2024,4826.000,,
ESTAT:NRG_BAL_C(1.0),06/03/26 23:00:00,Annual,Gross available energy,Wind,Gigawatt-hour,Austria,2005,1331.277,,
ESTAT:NRG_BAL_C(1.0),06/03/26 23:00:00,Annual,Gross available energy,Wind,Gigawatt-hour,Austria,2006,1752.793,,
ESTAT:NRG_BAL_C(1.0),06/03/26 23:00:00,Annual,Gross available energy,Wind,Gigawatt-hour,Austria,2007,2037.185,,
ESTAT:NRG_BAL_C(1.0),06/03/26 23:00:00,Annual,Gross available energy,Wind,Gigawatt-hour,Austria,2008,2011.257,,
ESTAT:NRG_BAL_C(1.0),06/03/26 23:00:00,Annual,Gross available energy,Wind,Gigawatt-hour,Austria,2009,1954.040,,
ESTAT:NRG_BAL_C(1.0),06/03/26 23:00:00,Annual,Gross available energy,Wind,Gigawatt-hour,Austria,2010,2063.914,,
ESTAT:NRG_BAL_C(1.0),06/03/26 23:00:00,Annual,Gross available energy,Wind,Gigawatt-hour,Austria,2011,1936.196,,
ESTAT:NRG_BAL_C(1.0),06/03/26 23:00:00,Annual,Gross available energy,Wind,Gigawatt-hour,Austria,2012,2462.864,,
ESTAT:NRG_BAL_C(1.0),06/03/26 23:00:00,Annual,Gross available energy,Wind,Gigawatt-hour,Austria,2013,3152.433,,
ESTAT:NRG_BAL_C(1.0),06/03/26 23:00:00,Annual,Gross available energy,Wind,Gigawatt-hour,Austria,2014,3845.675,,
ESTAT:NRG_BAL_C(1.0),06/03/26 23:00:00,Annual,Gross available energy,Wind,Gigawatt-hour,Austria,2015,4840.321,,
ESTAT:NRG_BAL_C(1.0),06/03/26 23:00:00,Annual,Gross available energy,Wind,Gigawatt-hour,Austria,2016,5234.838,,
ESTAT:NRG_BAL_C(1.0),06/03/26 23:00:00,Annual,Gross available energy,Wind,Gigawatt-hour,Austria,2017,6571.511,,
ESTAT:NRG_BAL_C(1.0),06/03/26 23:00:00,Annual,Gross available energy,Wind,Gigawatt-hour,Austria,2018,6030.429,,
ESTAT:NRG_BAL_C(1.0),06/03/26 23:00:00,Annual,Gross available energy,Wind,Gigawatt-hour,Austria,2019,7450.076,,
ESTAT:NRG_BAL_C(1.0),06/03/26 23:00:00,Annual,Gross available energy,Wind,Gigawatt-hour,Austria,2020,6791.530,,
ESTAT:NRG_BAL_C(1.0),06/03/26 23:00:00,Annual,Gross available energy,Wind,Gigawatt-hour,Austria,2021,6740.042,,
ESTAT:NRG_BAL_C(1.0),06/03/26 23:00:00,Annual,Gross available energy,Wind,Gigawatt-hour,Austria,2022,7241.650,,
ESTAT:NRG_BAL_C(1.0),06/03/26 23:00:00,Annual,Gross available energy,Wind,Gigawatt-hour,Austria,2023,8036.705,,
ESTAT:NRG_BAL_C(1.0),06/03/26 23:00:00,Annual,Gross available energy,Wind,Gigawatt-hour,Austria,2024,9257.422,,
ESTAT:NRG_BAL_C(1.0),06/03/26 23:00:00,Annual,Gross available energy,Wind,Gigawatt-hour,Belgium,2005,227.000,,
ESTAT:NRG_BAL_C(1.0),06/03/26 23:00:00,Annual,Gross available energy,Wind,Gigawatt-hour,Belgium,2006,366.000,,
ESTAT:NRG_BAL_C(1.0),06/03/26 23:00:00,Annual,Gross available energy,Wind,Gigawatt-hour,Belgium,2007,491.000,,
ESTAT:NRG_BAL_C(1.0),06/03/26 23:00:00,Annual,Gross available energy,Wind,Gigawatt-hour,Belgium,2008,637.000,,
ESTAT:NRG_BAL_C(1.0),06/03/26 23:00:00,Annual,Gross available energy,Wind,Gigawatt-hour,Belgium,2009,996.000,,
ESTAT:NRG_BAL_C(1.0),06/03/26 23:00:00,Annual,Gross available energy,Wind,Gigawatt-hour,Belgium,2010,1295.900,,
ESTAT:NRG_BAL_C(1.0),06/03/26 23:00:00,Annual,Gross available energy,Wind,Gigawatt-hour,Belgium,2011,2318.500,,
ESTAT:NRG_BAL_C(1.0),06/03/26 23:00:00,Annual,Gross available energy,Wind,Gigawatt-hour,Belgium,2012,2759.300,,
ESTAT:NRG_BAL_C(1.0),06/03/26 23:00:00,Annual,Gross available energy,Wind,Gigawatt-hour,Belgium,2013,3665.000,,
ESTAT:NRG_BAL_C(1.0),06/03/26 23:00:00,Annual,Gross available energy,Wind,Gigawatt-hour,Belgium,2014,4615.300,,
ESTAT:NRG_BAL_C(1.0),06/03/26 23:00:00,Annual,Gross available energy,Wind,Gigawatt-hour,Belgium,2015,5574.000,,
ESTAT:NRG_BAL_C(1.0),06/03/26 23:00:00,Annual,Gross available energy,Wind,Gigawatt-hour,Belgium,2016,5419.500,,
ESTAT:NRG_BAL_C(1.0),06/03/26 23:00:00,Annual,Gross available energy,Wind,Gigawatt-hour,Belgium,2017,6520.700,,
ESTAT:NRG_BAL_C(1.0),06/03/26 23:00:00,Annual,Gross available energy,Wind,Gigawatt-hour,Belgium,2018,7574.100,,
ESTAT:NRG_BAL_C(1.0),06/03/26 23:00:00,Annual,Gross available energy,Wind,Gigawatt-hour,Belgium,2019,9755.400,,
ESTAT:NRG_BAL_C(1.0),06/03/26 23:00:00,Annual,Gross available energy,Wind,Gigawatt-hour,Belgium,2020,12818.600,,
ESTAT:NRG_BAL_C(1.0),06/03/26 23:00:00,Annual,Gross available energy,Wind,Gigawatt-hour,Belgium,2021,11997.600,,
ESTAT:NRG_BAL_C(1.0),06/03/26 23:00:00,Annual,Gross available energy,Wind,Gigawatt-hour,Belgium,2022,12352.600,,
ESTAT:NRG_BAL_C(1.0),06/03/26 23:00:00,Annual,Gross available energy,Wind,Gigawatt-hour,Belgium,2023,15443.900,,
ESTAT:NRG_BAL_C(1.0),06/03/26 23:00:00,Annual,Gross available energy,Wind,Gigawatt-hour,Belgium,2024,13824.500,,
ESTAT:NRG_BAL_C(1.0),06/03/26 23:00:00,Annual,Gross available energy,Wind,Gigawatt-hour,Bulgaria,2005,4.587,,
ESTAT:NRG_BAL_C(1.0),06/03/26 23:00:00,Annual,Gross available energy,Wind,Gigawatt-hour,Bulgaria,2006,20.047,,
ESTAT:NRG_BAL_C(1.0),06/03/26 23:00:00,Annual,Gross available energy,Wind,Gigawatt-hour,Bulgaria,2007,46.802,,
ESTAT:NRG_BAL_C(1.0),06/03/26 23:00:00,Annual,Gross available energy,Wind,Gigawatt-hour,Bulgaria,2008,121.758,,
ESTAT:NRG_BAL_C(1.0),06/03/26 23:00:00,Annual,Gross available energy,Wind,Gigawatt-hour,Bulgaria,2009,237.009,,
ESTAT:NRG_BAL_C(1.0),06/03/26 23:00:00,Annual,Gross available energy,Wind,Gigawatt-hour,Bulgaria,2010,681.369,,
ESTAT:NRG_BAL_C(1.0),06/03/26 23:00:00,Annual,Gross available energy,Wind,Gigawatt-hour,Bulgaria,2011,861.095,,
ESTAT:NRG_BAL_C(1.0),06/03/26 23:00:00,Annual,Gross available energy,Wind,Gigawatt-hour,Bulgaria,2012,1220.898,,
ESTAT:NRG_BAL_C(1.0),06/03/26 23:00:00,Annual,Gross available energy,Wind,Gigawatt-hour,Bulgaria,2013,1373.512,,
ESTAT:NRG_BAL_C(1.0),06/03/26 23:00:00,Annual,Gross available energy,Wind,Gigawatt-hour,Bulgaria,2014,1330.577,,
ESTAT:NRG_BAL_C(1.0),06/03/26 23:00:00,Annual,Gross available energy,Wind,Gigawatt-hour,Bulgaria,2015,1451.511,,
ESTAT:NRG_BAL_C(1.0),06/03/26 23:00:00,Annual,Gross available energy,Wind,Gigawatt-hour,Bulgaria,2016,1424.970,,
ESTAT:NRG_BAL_C(1.0),06/03/26 23:00:00,Annual,Gross available energy,Wind,Gigawatt-hour,Bulgaria,2017,1504.064,,
ESTAT:NRG_BAL_C(1.0),06/03/26 23:00:00,Annual,Gross available energy,Wind,Gigawatt-hour,Bulgaria,2018,1318.123,,
ESTAT:NRG_BAL_C(1.0),06/03/26 23:00:00,Annual,Gross available energy,Wind,Gigawatt-hour,Bulgaria,2019,1316.988,,
ESTAT:NRG_BAL_C(1.0),06/03/26 23:00:00,Annual,Gross available energy,Wind,Gigawatt-hour,Bulgaria,2020,1477.131,,
ESTAT:NRG_BAL_C(1.0),06/03/26 23:00:00,Annual,Gross available energy,Wind,Gigawatt-hour,Bulgaria,2021,1433.561,,
ESTAT:NRG_BAL_C(1.0),06/03/26 23:00:00,Annual,Gross available energy,Wind,Gigawatt-hour,Bulgaria,2022,1499.125,,
ESTAT:NRG_BAL_C(1.0),06/03/26 23:00:00,Annual,Gross available energy,Wind,Gigawatt-hour,Bulgaria,2023,1583.852,,
ESTAT:NRG_BAL_C(1.0),06/03/26 23:00:00,Annual,Gross available energy,Wind,Gigawatt-hour,Bulgaria,2024,1377.086,,
ESTAT:NRG_BAL_C(1.0),06/03/26 23:00:00,Annual,Gross available energy,Wind,Gigawatt-hour,Cyprus,2005,0.355,,
ESTAT:NRG_BAL_C(1.0),06/03/26 23:00:00,Annual,Gross available energy,Wind,Gigawatt-hour,Cyprus,2006,0.355,,
ESTAT:NRG_BAL_C(1.0),06/03/26 23:00:00,Annual,Gross available energy,Wind,Gigawatt-hour,Cyprus,2007,0.355,,
ESTAT:NRG_BAL_C(1.0),06/03/26 23:00:00,Annual,Gross available energy,Wind,Gigawatt-hour,Cyprus,2008,0.355,,
ESTAT:NRG_BAL_C(1.0),06/03/26 23:00:00,Annual,Gross available energy,Wind,Gigawatt-hour,Cyprus,2009,0.355,,
ESTAT:NRG_BAL_C(1.0),06/03/26 23:00:00,Annual,Gross available energy,Wind,Gigawatt-hour,Cyprus,2010,31.725,,
ESTAT:NRG_BAL_C(1.0),06/03/26 23:00:00,Annual,Gross available energy,Wind,Gigawatt-hour,Cyprus,2011,114.665,,
ESTAT:NRG_BAL_C(1.0),06/03/26 23:00:00,Annual,Gross available energy,Wind,Gigawatt-hour,Cyprus,2012,185.478,,
ESTAT:NRG_BAL_C(1.0),06/03/26 23:00:00,Annual,Gross available energy,Wind,Gigawatt-hour,Cyprus,2013,231.040,,
ESTAT:NRG_BAL_C(1.0),06/03/26 23:00:00,Annual,Gross available energy,Wind,Gigawatt-hour,Cyprus,2014,182.850,,
ESTAT:NRG_BAL_C(1.0),06/03/26 23:00:00,Annual,Gross available energy,Wind,Gigawatt-hour,Cyprus,2015,221.857,,
ESTAT:NRG_BAL_C(1.0),06/03/26 23:00:00,Annual,Gross available energy,Wind,Gigawatt-hour,Cyprus,2016,226.701,,
ESTAT:NRG_BAL_C(1.0),06/03/26 23:00:00,Annual,Gross available energy,Wind,Gigawatt-hour,Cyprus,2017,211.448,,
ESTAT:NRG_BAL_C(1.0),06/03/26 23:00:00,Annual,Gross available energy,Wind,Gigawatt-hour,Cyprus,2018,221.040,,
ESTAT:NRG_BAL_C(1.0),06/03/26 23:00:00,Annual,Gross available energy,Wind,Gigawatt-hour,Cyprus,2019,238.565,,
ESTAT:NRG_BAL_C(1.0),06/03/26 23:00:00,Annual,Gross available energy,Wind,Gigawatt-hour,Cyprus,2020,240.408,,
ESTAT:NRG_BAL_C(1.0),06/03/26 23:00:00,Annual,Gross available energy,Wind,Gigawatt-hour,Cyprus,2021,246.478,,
ESTAT:NRG_BAL_C(1.0),06/03/26 23:00:00,Annual,Gross available energy,Wind,Gigawatt-hour,Cyprus,2022,224.266,,
ESTAT:NRG_BAL_C(1.0),06/03/26 23:00:00,Annual,Gross available energy,Wind,Gigawatt-hour,Cyprus,2023,208.477,,
ESTAT:NRG_BAL_C(1.0),06/03/26 23:00:00,Annual,Gross available energy,Wind,Gigawatt-hour,Cyprus,2024,202.649,,
ESTAT:NRG_BAL_C(1.0),06/03/26 23:00:00,Annual,Gross available energy,Wind,Gigawatt-hour,Czechia,2005,21.280,,
ESTAT:NRG_BAL_C(1.0),06/03/26 23:00:00,Annual,Gross available energy,Wind,Gigawatt-hour,Czechia,2006,49.400,,
ESTAT:NRG_BAL_C(1.0),06/03/26 23:00:00,Annual,Gross available energy,Wind,Gigawatt-hour,Czechia,2007,125.100,,
ESTAT:NRG_BAL_C(1.0),06/03/26 23:00:00,Annual,Gross available energy,Wind,Gigawatt-hour,Czechia,2008,244.661,,
ESTAT:NRG_BAL_C(1.0),06/03/26 23:00:00,Annual,Gross available energy,Wind,Gigawatt-hour,Czechia,2009,288.067,,
ESTAT:NRG_BAL_C(1.0),06/03/26 23:00:00,Annual,Gross available energy,Wind,Gigawatt-hour,Czechia,2010,335.493,,
ESTAT:NRG_BAL_C(1.0),06/03/26 23:00:00,Annual,Gross available energy,Wind,Gigawatt-hour,Czechia,2011,397.003,,
ESTAT:NRG_BAL_C(1.0),06/03/26 23:00:00,Annual,Gross available energy,Wind,Gigawatt-hour,Czechia,2012,415.817,,
ESTAT:NRG_BAL_C(1.0),06/03/26 23:00:00,Annual,Gross available energy,Wind,Gigawatt-hour,Czechia,2013,480.519,,
ESTAT:NRG_BAL_C(1.0),06/03/26 23:00:00,Annual,Gross available energy,Wind,Gigawatt-hour,Czechia,2014,476.544,,
ESTAT:NRG_BAL_C(1.0),06/03/26 23:00:00,Annual,Gross available energy,Wind,Gigawatt-hour,Czechia,2015,572.612,,
ESTAT:NRG_BAL_C(1.0),06/03/26 23:00:00,Annual,Gross available energy,Wind,Gigawatt-hour,Czechia,2016,496.957,,
ESTAT:NRG_BAL_C(1.0),06/03/26 23:00:00,Annual,Gross available energy,Wind,Gigawatt-hour,Czechia,2017,591.038,,
ESTAT:NRG_BAL_C(1.0),06/03/26 23:00:00,Annual,Gross available energy,Wind,Gigawatt-hour,Czechia,2018,609.330,,
ESTAT:NRG_BAL_C(1.0),06/03/26 23:00:00,Annual,Gross available energy,Wind,Gigawatt-hour,Czechia,2019,700.014,,
ESTAT:NRG_BAL_C(1.0),06/03/26 23:00:00,Annual,Gross available energy,Wind,Gigawatt-hour,Czechia,2020,699.083,,
ESTAT:NRG_BAL_C(1.0),06/03/26 23:00:00,Annual,Gross available energy,Wind,Gigawatt-hour,Czechia,2021,601.534,,
ESTAT:NRG_BAL_C(1.0),06/03/26 23:00:00,Annual,Gross available energy,Wind,Gigawatt-hour,Czechia,2022,641.331,,
ESTAT:NRG_BAL_C(1.0),06/03/26 23:00:00,Annual,Gross available energy,Wind,Gigawatt-hour,Czechia,2023,701.641,,
ESTAT:NRG_BAL_C(1.0),06/03/26 23:00:00,Annual,Gross available energy,Wind,Gigawatt-hour,Czechia,2024,716.810,,
ESTAT:NRG_BAL_C(1.0),06/03/26 23:00:00,Annual,Gross available energy,Wind,Gigawatt-hour,Germany,2005,27774.000,,
ESTAT:NRG_BAL_C(1.0),06/03/26 23:00:00,Annual,Gross available energy,Wind,Gigawatt-hour,Germany,2006,31324.000,,
ESTAT:NRG_BAL_C(1.0),06/03/26 23:00:00,Annual,Gross available energy,Wind,Gigawatt-hour,Germany,2007,40507.000,,
ESTAT:NRG_BAL_C(1.0),06/03/26 23:00:00,Annual,Gross available energy,Wind,Gigawatt-hour,Germany,2008,41385.000,,
ESTAT:NRG_BAL_C(1.0),06/03/26 23:00:00,Annual,Gross available energy,Wind,Gigawatt-hour,Germany,2009,39420.000,,
ESTAT:NRG_BAL_C(1.0),06/03/26 23:00:00,Annual,Gross available energy,Wind,Gigawatt-hour,Germany,2010,38547.000,,
ESTAT:NRG_BAL_C(1.0),06/03/26 23:00:00,Annual,Gross available energy,Wind,Gigawatt-hour,Germany,2011,49858.000,,
ESTAT:NRG_BAL_C(1.0),06/03/26 23:00:00,Annual,Gross available energy,Wind,Gigawatt-hour,Germany,2012,51680.000,,
ESTAT:NRG_BAL_C(1.0),06/03/26 23:00:00,Annual,Gross available energy,Wind,Gigawatt-hour,Germany,2013,52737.000,,
ESTAT:NRG_BAL_C(1.0),06/03/26 23:00:00,Annual,Gross available energy,Wind,Gigawatt-hour,Germany,2014,58497.000,,
ESTAT:NRG_BAL_C(1.0),06/03/26 23:00:00,Annual,Gross available energy,Wind,Gigawatt-hour,Germany,2015,80624.000,,
ESTAT:NRG_BAL_C(1.0),06/03/26 23:00:00,Annual,Gross available energy,Wind,Gigawatt-hour,Germany,2016,79924.000,,
ESTAT:NRG_BAL_C(1.0),06/03/26 23:00:00,Annual,Gross available energy,Wind,Gigawatt-hour,Germany,2017,105693.000,,
ESTAT:NRG_BAL_C(1.0),06/03/26 23:00:00,Annual,Gross available energy,Wind,Gigawatt-hour,Germany,2018,109951.000,,
ESTAT:NRG_BAL_C(1.0),06/03/26 23:00:00,Annual,Gross available energy,Wind,Gigawatt-hour,Germany,2019,125894.000,,
ESTAT:NRG_BAL_C(1.0),06/03/26 23:00:00,Annual,Gross available energy,Wind,Gigawatt-hour,Germany,2020,132102.000,,
ESTAT:NRG_BAL_C(1.0),06/03/26 23:00:00,Annual,Gross available energy,Wind,Gigawatt-hour,Germany,2021,114169.000,,
ESTAT:NRG_BAL_C(1.0),06/03/26 23:00:00,Annual,Gross available energy,Wind,Gigawatt-hour,Germany,2022,124816.000,,
ESTAT:NRG_BAL_C(1.0),06/03/26 23:00:00,Annual,Gross available energy,Wind,Gigawatt-hour,Germany,2023,141764.000,,
ESTAT:NRG_BAL_C(1.0),06/03/26 23:00:00,Annual,Gross available energy,Wind,Gigawatt-hour,Germany,2024,138914.000,,
ESTAT:NRG_BAL_C(1.0),06/03/26 23:00:00,Annual,Gross available energy,Wind,Gigawatt-hour,Denmark,2005,6614.000,,
ESTAT:NRG_BAL_C(1.0),06/03/26 23:00:00,Annual,Gross available energy,Wind,Gigawatt-hour,Denmark,2006,6108.000,,
ESTAT:NRG_BAL_C(1.0),06/03/26 23:00:00,Annual,Gross available energy,Wind,Gigawatt-hour,Denmark,2007,7171.000,,
ESTAT:NRG_BAL_C(1.0),06/03/26 23:00:00,Annual,Gross available energy,Wind,Gigawatt-hour,Denmark,2008,6928.000,,
ESTAT:NRG_BAL_C(1.0),06/03/26 23:00:00,Annual,Gross available energy,Wind,Gigawatt-hour,Denmark,2009,6721.000,,
ESTAT:NRG_BAL_C(1.0),06/03/26 23:00:00,Annual,Gross available energy,Wind,Gigawatt-hour,Denmark,2010,7809.422,,
ESTAT:NRG_BAL_C(1.0),06/03/26 23:00:00,Annual,Gross available energy,Wind,Gigawatt-hour,Denmark,2011,9774.184,,
ESTAT:NRG_BAL_C(1.0),06/03/26 23:00:00,Annual,Gross available energy,Wind,Gigawatt-hour,Denmark,2012,10269.940,,
ESTAT:NRG_BAL_C(1.0),06/03/26 23:00:00,Annual,Gross available energy,Wind,Gigawatt-hour,Denmark,2013,11123.273,,
ESTAT:NRG_BAL_C(1.0),06/03/26 23:00:00,Annual,Gross available energy,Wind,Gigawatt-hour,Denmark,2014,13078.504,,
ESTAT:NRG_BAL_C(1.0),06/03/26 23:00:00,Annual,Gross available energy,Wind,Gigawatt-hour,Denmark,2015,14133.092,,
ESTAT:NRG_BAL_C(1.0),06/03/26 23:00:00,Annual,Gross available energy,Wind,Gigawatt-hour,Denmark,2016,12781.731,,
ESTAT:NRG_BAL_C(1.0),06/03/26 23:00:00,Annual,Gross available energy,Wind,Gigawatt-hour,Denmark,2017,14780.000,,
ESTAT:NRG_BAL_C(1.0),06/03/26 23:00:00,Annual,Gross available energy,Wind,Gigawatt-hour,Denmark,2018,13901.955,,
ESTAT:NRG_BAL_C(1.0),06/03/26 23:00:00,Annual,Gross available energy,Wind,Gigawatt-hour,Denmark,2019,16149.833,,
ESTAT:NRG_BAL_C(1.0),06/03/26 23:00:00,Annual,Gross available energy,Wind,Gigawatt-hour,Denmark,2020,16330.214,,
ESTAT:NRG_BAL_C(1.0),06/03/26 23:00:00,Annual,Gross available energy,Wind,Gigawatt-hour,Denmark,2021,16054.467,,
ESTAT:NRG_BAL_C(1.0),06/03/26 23:00:00,Annual,Gross available energy,Wind,Gigawatt-hour,Denmark,2022,19048.160,,
ESTAT:NRG_BAL_C(1.0),06/03/26 23:00:00,Annual,Gross available energy,Wind,Gigawatt-hour,Denmark,2023,19434.295,,
ESTAT:NRG_BAL_C(1.0),06/03/26 23:00:00,Annual,Gross available energy,Wind,Gigawatt-hour,Denmark,2024,20552.836,,
ESTAT:NRG_BAL_C(1.0),06/03/26 23:00:00,Annual,Gross available energy,Wind,Gigawatt-hour,Estonia,2005,54.000,,
ESTAT:NRG_BAL_C(1.0),06/03/26 23:00:00,Annual,Gross available energy,Wind,Gigawatt-hour,Estonia,2006,76.299,,
ESTAT:NRG_BAL_C(1.0),06/03/26 23:00:00,Annual,Gross available energy,Wind,Gigawatt-hour,Estonia,2007,90.783,,
ESTAT:NRG_BAL_C(1.0),06/03/26 23:00:00,Annual,Gross available energy,Wind,Gigawatt-hour,Estonia,2008,133.453,,
ESTAT:NRG_BAL_C(1.0),06/03/26 23:00:00,Annual,Gross available energy,Wind,Gigawatt-hour,Estonia,2009,195.553,,
ESTAT:NRG_BAL_C(1.0),06/03/26 23:00:00,Annual,Gross available energy,Wind,Gigawatt-hour,Estonia,2010,276.992,,
ESTAT:NRG_BAL_C(1.0),06/03/26 23:00:00,Annual,Gross available energy,Wind,Gigawatt-hour,Estonia,2011,368.659,,
ESTAT:NRG_BAL_C(1.0),06/03/26 23:00:00,Annual,Gross available energy,Wind,Gigawatt-hour,Estonia,2012,433.517,,
ESTAT:NRG_BAL_C(1.0),06/03/26 23:00:00,Annual,Gross available energy,Wind,Gigawatt-hour,Estonia,2013,529.039,,
ESTAT:NRG_BAL_C(1.0),06/03/26 23:00:00,Annual,Gross available energy,Wind,Gigawatt-hour,Estonia,2014,603.680,,
ESTAT:NRG_BAL_C(1.0),06/03/26 23:00:00,Annual,Gross available energy,Wind,Gigawatt-hour,Estonia,2015,715.000,,
ESTAT:NRG_BAL_C(1.0),06/03/26 23:00:00,Annual,Gross available energy,Wind,Gigawatt-hour,Estonia,2016,594.000,,
ESTAT:NRG_BAL_C(1.0),06/03/26 23:00:00,Annual,Gross available energy,Wind,Gigawatt-hour,Estonia,2017,723.000,,
ESTAT:NRG_BAL_C(1.0),06/03/26 23:00:00,Annual,Gross available energy,Wind,Gigawatt-hour,Estonia,2018,636.000,,
ESTAT:NRG_BAL_C(1.0),06/03/26 23:00:00,Annual,Gross available energy,Wind,Gigawatt-hour,Estonia,2019,687.000,,
ESTAT:NRG_BAL_C(1.0),06/03/26 23:00:00,Annual,Gross available energy,Wind,Gigawatt-hour,Estonia,2020,844.000,,
ESTAT:NRG_BAL_C(1.0),06/03/26 23:00:00,Annual,Gross available energy,Wind,Gigawatt-hour,Estonia,2021,733.000,,
ESTAT:NRG_BAL_C(1.0),06/03/26 23:00:00,Annual,Gross available energy,Wind,Gigawatt-hour,Estonia,2022,668.000,,
ESTAT:NRG_BAL_C(1.0),06/03/26 23:00:00,Annual,Gross available energy,Wind,Gigawatt-hour,Estonia,2023,683.000,,
ESTAT:NRG_BAL_C(1.0),06/03/26 23:00:00,Annual,Gross available energy,Wind,Gigawatt-hour,Estonia,2024,1166.079,,
ESTAT:NRG_BAL_C(1.0),06/03/26 23:00:00,Annual,Gross available energy,Wind,Gigawatt-hour,Greece,2005,1266.452,,
ESTAT:NRG_BAL_C(1.0),06/03/26 23:00:00,Annual,Gross available energy,Wind,Gigawatt-hour,Greece,2006,1699.353,,
ESTAT:NRG_BAL_C(1.0),06/03/26 23:00:00,Annual,Gross available energy,Wind,Gigawatt-hour,Greece,2007,1818.000,,
ESTAT:NRG_BAL_C(1.0),06/03/26 23:00:00,Annual,Gross available energy,Wind,Gigawatt-hour,Greece,2008,2242.000,,
ESTAT:NRG_BAL_C(1.0),06/03/26 23:00:00,Annual,Gross available energy,Wind,Gigawatt-hour,Greece,2009,2543.000,,
ESTAT:NRG_BAL_C(1.0),06/03/26 23:00:00,Annual,Gross available energy,Wind,Gigawatt-hour,Greece,2010,2713.937,,
ESTAT:NRG_BAL_C(1.0),06/03/26 23:00:00,Annual,Gross available energy,Wind,Gigawatt-hour,Greece,2011,3315.227,,
ESTAT:NRG_BAL_C(1.0),06/03/26 23:00:00,Annual,Gross available energy,Wind,Gigawatt-hour,Greece,2012,3850.157,,
ESTAT:NRG_BAL_C(1.0),06/03/26 23:00:00,Annual,Gross available energy,Wind,Gigawatt-hour,Greece,2013,4139.136,,
ESTAT:NRG_BAL_C(1.0),06/03/26 23:00:00,Annual,Gross available energy,Wind,Gigawatt-hour,Greece,2014,3688.575,,
ESTAT:NRG_BAL_C(1.0),06/03/26 23:00:00,Annual,Gross available energy,Wind,Gigawatt-hour,Greece,2015,4621.019,,
ESTAT:NRG_BAL_C(1.0),06/03/26 23:00:00,Annual,Gross available energy,Wind,Gigawatt-hour,Greece,2016,5145.896,,
ESTAT:NRG_BAL_C(1.0),06/03/26 23:00:00,Annual,Gross available energy,Wind,Gigawatt-hour,Greece,2017,5536.987,,
ESTAT:NRG_BAL_C(1.0),06/03/26 23:00:00,Annual,Gross available energy,Wind,Gigawatt-hour,Greece,2018,6300.259,,
ESTAT:NRG_BAL_C(1.0),06/03/26 23:00:00,Annual,Gross available energy,Wind,Gigawatt-hour,Greece,2019,7266.347,,
ESTAT:NRG_BAL_C(1.0),06/03/26 23:00:00,Annual,Gross available energy,Wind,Gigawatt-hour,Greece,2020,9310.104,,
ESTAT:NRG_BAL_C(1.0),06/03/26 23:00:00,Annual,Gross available energy,Wind,Gigawatt-hour,Greece,2021,10482.981,,
ESTAT:NRG_BAL_C(1.0),06/03/26 23:00:00,Annual,Gross available energy,Wind,Gigawatt-hour,Greece,2022,10883.250,,
ESTAT:NRG_BAL_C(1.0),06/03/26 23:00:00,Annual,Gross available energy,Wind,Gigawatt-hour,Greece,2023,11021.764,,
ESTAT:NRG_BAL_C(1.0),06/03/26 23:00:00,Annual,Gross available energy,Wind,Gigawatt-hour,Greece,2024,12136.202,,
ESTAT:NRG_BAL_C(1.0),06/03/26 23:00:00,Annual,Gross available energy,Wind,Gigawatt-hour,Spain,2005,21176.000,,
ESTAT:NRG_BAL_C(1.0),06/03/26 23:00:00,Annual,Gross available energy,Wind,Gigawatt-hour,Spain,2006,23297.000,,
ESTAT:NRG_BAL_C(1.0),06/03/26 23:00:00,Annual,Gross available energy,Wind,Gigawatt-hour,Spain,2007,27568.000,,
ESTAT:NRG_BAL_C(1.0),06/03/26 23:00:00,Annual,Gross available energy,Wind,Gigawatt-hour,Spain,2008,32946.000,,
ESTAT:NRG_BAL_C(1.0),06/03/26 23:00:00,Annual,Gross available energy,Wind,Gigawatt-hour,Spain,2009,38117.000,,
ESTAT:NRG_BAL_C(1.0),06/03/26 23:00:00,Annual,Gross available energy,Wind,Gigawatt-hour,Spain,2010,44271.000,,
ESTAT:NRG_BAL_C(1.0),06/03/26 23:00:00,Annual,Gross available energy,Wind,Gigawatt-hour,Spain,2011,42918.000,,
ESTAT:NRG_BAL_C(1.0),06/03/26 23:00:00,Annual,Gross available energy,Wind,Gigawatt-hour,Spain,2012,49472.000,,
ESTAT:NRG_BAL_C(1.0),06/03/26 23:00:00,Annual,Gross available energy,Wind,Gigawatt-hour,Spain,2013,55646.000,,
ESTAT:NRG_BAL_C(1.0),06/03/26 23:00:00,Annual,Gross available energy,Wind,Gigawatt-hour,Spain,2014,52013.000,,
ESTAT:NRG_BAL_C(1.0),06/03/26 23:00:00,Annual,Gross available energy,Wind,Gigawatt-hour,Spain,2015,49325.000,,
ESTAT:NRG_BAL_C(1.0),06/03/26 23:00:00,Annual,Gross available energy,Wind,Gigawatt-hour,Spain,2016,48905.000,,
ESTAT:NRG_BAL_C(1.0),06/03/26 23:00:00,Annual,Gross available energy,Wind,Gigawatt-hour,Spain,2017,49127.000,,
ESTAT:NRG_BAL_C(1.0),06/03/26 23:00:00,Annual,Gross available energy,Wind,Gigawatt-hour,Spain,2018,50896.000,,
ESTAT:NRG_BAL_C(1.0),06/03/26 23:00:00,Annual,Gross available energy,Wind,Gigawatt-hour,Spain,2019,55647.000,,
ESTAT:NRG_BAL_C(1.0),06/03/26 23:00:00,Annual,Gross available energy,Wind,Gigawatt-hour,Spain,2020,56444.000,,
ESTAT:NRG_BAL_C(1.0),06/03/26 23:00:00,Annual,Gross available energy,Wind,Gigawatt-hour,Spain,2021,62061.000,,
ESTAT:NRG_BAL_C(1.0),06/03/26 23:00:00,Annual,Gross available energy,Wind,Gigawatt-hour,Spain,2022,62784.000,,
ESTAT:NRG_BAL_C(1.0),06/03/26 23:00:00,Annual,Gross available energy,Wind,Gigawatt-hour,Spain,2023,64275.000,,
ESTAT:NRG_BAL_C(1.0),06/03/26 23:00:00,Annual,Gross available energy,Wind,Gigawatt-hour,Spain,2024,62089.787,,
ESTAT:NRG_BAL_C(1.0),06/03/26 23:00:00,Annual,Gross available energy,Wind,Gigawatt-hour,Finland,2005,169.942,,
ESTAT:NRG_BAL_C(1.0),06/03/26 23:00:00,Annual,Gross available energy,Wind,Gigawatt-hour,Finland,2006,155.641,,
ESTAT:NRG_BAL_C(1.0),06/03/26 23:00:00,Annual,Gross available energy,Wind,Gigawatt-hour,Finland,2007,188.408,,
ESTAT:NRG_BAL_C(1.0),06/03/26 23:00:00,Annual,Gross available energy,Wind,Gigawatt-hour,Finland,2008,260.520,,
ESTAT:NRG_BAL_C(1.0),06/03/26 23:00:00,Annual,Gross available energy,Wind,Gigawatt-hour,Finland,2009,276.624,,
ESTAT:NRG_BAL_C(1.0),06/03/26 23:00:00,Annual,Gross available energy,Wind,Gigawatt-hour,Finland,2010,294.317,,
ESTAT:NRG_BAL_C(1.0),06/03/26 23:00:00,Annual,Gross available energy,Wind,Gigawatt-hour,Finland,2011,481.393,,
ESTAT:NRG_BAL_C(1.0),06/03/26 23:00:00,Annual,Gross available energy,Wind,Gigawatt-hour,Finland,2012,494.323,,
ESTAT:NRG_BAL_C(1.0),06/03/26 23:00:00,Annual,Gross available energy,Wind,Gigawatt-hour,Finland,2013,773.692,,
ESTAT:NRG_BAL_C(1.0),06/03/26 23:00:00,Annual,Gross available energy,Wind,Gigawatt-hour,Finland,2014,1107.172,,
ESTAT:NRG_BAL_C(1.0),06/03/26 23:00:00,Annual,Gross available energy,Wind,Gigawatt-hour,Finland,2015,2327.359,,
ESTAT:NRG_BAL_C(1.0),06/03/26 23:00:00,Annual,Gross available energy,Wind,Gigawatt-hour,Finland,2016,3068.041,,
ESTAT:NRG_BAL_C(1.0),06/03/26 23:00:00,Annual,Gross available energy,Wind,Gigawatt-hour,Finland,2017,4795.192,,
ESTAT:NRG_BAL_C(1.0),06/03/26 23:00:00,Annual,Gross available energy,Wind,Gigawatt-hour,Finland,2018,5838.668,,
ESTAT:NRG_BAL_C(1.0),06/03/26 23:00:00,Annual,Gross available energy,Wind,Gigawatt-hour,Finland,2019,6024.746,,
ESTAT:NRG_BAL_C(1.0),06/03/26 23:00:00,Annual,Gross available energy,Wind,Gigawatt-hour,Finland,2020,8255.676,,
ESTAT:NRG_BAL_C(1.0),06/03/26 23:00:00,Annual,Gross available energy,Wind,Gigawatt-hour,Finland,2021,8506.734,,
ESTAT:NRG_BAL_C(1.0),06/03/26 23:00:00,Annual,Gross available energy,Wind,Gigawatt-hour,Finland,2022,12021.995,,
ESTAT:NRG_BAL_C(1.0),06/03/26 23:00:00,Annual,Gross available energy,Wind,Gigawatt-hour,Finland,2023,15043.174,,
ESTAT:NRG_BAL_C(1.0),06/03/26 23:00:00,Annual,Gross available energy,Wind,Gigawatt-hour,Finland,2024,21046.257,,
ESTAT:NRG_BAL_C(1.0),06/03/26 23:00:00,Annual,Gross available energy,Wind,Gigawatt-hour,France,2005,962.570,,
ESTAT:NRG_BAL_C(1.0),06/03/26 23:00:00,Annual,Gross available energy,Wind,Gigawatt-hour,France,2006,2182.580,,
ESTAT:NRG_BAL_C(1.0),06/03/26 23:00:00,Annual,Gross available energy,Wind,Gigawatt-hour,France,2007,4070.110,,
ESTAT:NRG_BAL_C(1.0),06/03/26 23:00:00,Annual,Gross available energy,Wind,Gigawatt-hour,France,2008,5694.210,,
ESTAT:NRG_BAL_C(1.0),06/03/26 23:00:00,Annual,Gross available energy,Wind,Gigawatt-hour,France,2009,7911.570,,
ESTAT:NRG_BAL_C(1.0),06/03/26 23:00:00,Annual,Gross available energy,Wind,Gigawatt-hour,France,2010,9944.990,,
ESTAT:NRG_BAL_C(1.0),06/03/26 23:00:00,Annual,Gross available energy,Wind,Gigawatt-hour,France,2011,12624.101,,
ESTAT:NRG_BAL_C(1.0),06/03/26 23:00:00,Annual,Gross available energy,Wind,Gigawatt-hour,France,2012,15488.163,,
ESTAT:NRG_BAL_C(1.0),06/03/26 23:00:00,Annual,Gross available energy,Wind,Gigawatt-hour,France,2013,16466.332,,
ESTAT:NRG_BAL_C(1.0),06/03/26 23:00:00,Annual,Gross available energy,Wind,Gigawatt-hour,France,2014,17677.323,,
ESTAT:NRG_BAL_C(1.0),06/03/26 23:00:00,Annual,Gross available energy,Wind,Gigawatt-hour,France,2015,21857.757,,
ESTAT:NRG_BAL_C(1.0),06/03/26 23:00:00,Annual,Gross available energy,Wind,Gigawatt-hour,France,2016,21817.332,,
ESTAT:NRG_BAL_C(1.0),06/03/26 23:00:00,Annual,Gross available energy,Wind,Gigawatt-hour,France,2017,25111.670,,
ESTAT:NRG_BAL_C(1.0),06/03/26 23:00:00,Annual,Gross available energy,Wind,Gigawatt-hour,France,2018,29182.240,,
ESTAT:NRG_BAL_C(1.0),06/03/26 23:00:00,Annual,Gross available energy,Wind,Gigawatt-hour,France,2019,35458.502,,
ESTAT:NRG_BAL_C(1.0),06/03/26 23:00:00,Annual,Gross available energy,Wind,Gigawatt-hour,France,2020,40707.599,,
ESTAT:NRG_BAL_C(1.0),06/03/26 23:00:00,Annual,Gross available energy,Wind,Gigawatt-hour,France,2021,37693.415,,
ESTAT:NRG_BAL_C(1.0),06/03/26 23:00:00,Annual,Gross available energy,Wind,Gigawatt-hour,France,2022,38975.853,,
ESTAT:NRG_BAL_C(1.0),06/03/26 23:00:00,Annual,Gross available energy,Wind,Gigawatt-hour,France,2023,51457.201,,
ESTAT:NRG_BAL_C(1.0),06/03/26 23:00:00,Annual,Gross available energy,Wind,Gigawatt-hour,France,2024,47499.378,,
ESTAT:NRG_BAL_C(1.0),06/03/26 23:00:00,Annual,Gross available energy,Wind,Gigawatt-hour,Croatia,2005,10.000,,
ESTAT:NRG_BAL_C(1.0),06/03/26 23:00:00,Annual,Gross available energy,Wind,Gigawatt-hour,Croatia,2006,19.000,,
ESTAT:NRG_BAL_C(1.0),06/03/26 23:00:00,Annual,Gross available energy,Wind,Gigawatt-hour,Croatia,2007,34.900,,
ESTAT:NRG_BAL_C(1.0),06/03/26 23:00:00,Annual,Gross available energy,Wind,Gigawatt-hour,Croatia,2008,39.900,,
ESTAT:NRG_BAL_C(1.0),06/03/26 23:00:00,Annual,Gross available energy,Wind,Gigawatt-hour,Croatia,2009,54.200,,
ESTAT:NRG_BAL_C(1.0),06/03/26 23:00:00,Annual,Gross available energy,Wind,Gigawatt-hour,Croatia,2010,139.100,,
ESTAT:NRG_BAL_C(1.0),06/03/26 23:00:00,Annual,Gross available energy,Wind,Gigawatt-hour,Croatia,2011,201.000,,
ESTAT:NRG_BAL_C(1.0),06/03/26 23:00:00,Annual,Gross available energy,Wind,Gigawatt-hour,Croatia,2012,328.746,,
ESTAT:NRG_BAL_C(1.0),06/03/26 23:00:00,Annual,Gross available energy,Wind,Gigawatt-hour,Croatia,2013,517.287,,
ESTAT:NRG_BAL_C(1.0),06/03/26 23:00:00,Annual,Gross available energy,Wind,Gigawatt-hour,Croatia,2014,729.970,,
ESTAT:NRG_BAL_C(1.0),06/03/26 23:00:00,Annual,Gross available energy,Wind,Gigawatt-hour,Croatia,2015,796.295,,
ESTAT:NRG_BAL_C(1.0),06/03/26 23:00:00,Annual,Gross available energy,Wind,Gigawatt-hour,Croatia,2016,1014.248,,
ESTAT:NRG_BAL_C(1.0),06/03/26 23:00:00,Annual,Gross available energy,Wind,Gigawatt-hour,Croatia,2017,1204.000,,
ESTAT:NRG_BAL_C(1.0),06/03/26 23:00:00,Annual,Gross available energy,Wind,Gigawatt-hour,Croatia,2018,1335.400,,
ESTAT:NRG_BAL_C(1.0),06/03/26 23:00:00,Annual,Gross available energy,Wind,Gigawatt-hour,Croatia,2019,1467.300,,
ESTAT:NRG_BAL_C(1.0),06/03/26 23:00:00,Annual,Gross available energy,Wind,Gigawatt-hour,Croatia,2020,1720.700,,
ESTAT:NRG_BAL_C(1.0),06/03/26 23:00:00,Annual,Gross available energy,Wind,Gigawatt-hour,Croatia,2021,2061.800,,
ESTAT:NRG_BAL_C(1.0),06/03/26 23:00:00,Annual,Gross available energy,Wind,Gigawatt-hour,Croatia,2022,2137.800,,
ESTAT:NRG_BAL_C(1.0),06/03/26 23:00:00,Annual,Gross available energy,Wind,Gigawatt-hour,Croatia,2023,2586.500,,
ESTAT:NRG_BAL_C(1.0),06/03/26 23:00:00,Annual,Gross available energy,Wind,Gigawatt-hour,Croatia,2024,2576.600,,
ESTAT:NRG_BAL_C(1.0),06/03/26 23:00:00,Annual,Gross available energy,Wind,Gigawatt-hour,Hungary,2005,10.095,,
ESTAT:NRG_BAL_C(1.0),06/03/26 23:00:00,Annual,Gross available energy,Wind,Gigawatt-hour,Hungary,2006,43.364,,
ESTAT:NRG_BAL_C(1.0),06/03/26 23:00:00,Annual,Gross available energy,Wind,Gigawatt-hour,Hungary,2007,110.000,,
ESTAT:NRG_BAL_C(1.0),06/03/26 23:00:00,Annual,Gross available energy,Wind,Gigawatt-hour,Hungary,2008,204.828,,
ESTAT:NRG_BAL_C(1.0),06/03/26 23:00:00,Annual,Gross available energy,Wind,Gigawatt-hour,Hungary,2009,330.930,,
ESTAT:NRG_BAL_C(1.0),06/03/26 23:00:00,Annual,Gross available energy,Wind,Gigawatt-hour,Hungary,2010,533.792,,
ESTAT:NRG_BAL_C(1.0),06/03/26 23:00:00,Annual,Gross available energy,Wind,Gigawatt-hour,Hungary,2011,625.693,,
ESTAT:NRG_BAL_C(1.0),06/03/26 23:00:00,Annual,Gross available energy,Wind,Gigawatt-hour,Hungary,2012,769.992,,
ESTAT:NRG_BAL_C(1.0),06/03/26 23:00:00,Annual,Gross available energy,Wind,Gigawatt-hour,Hungary,2013,717.510,,
ESTAT:NRG_BAL_C(1.0),06/03/26 23:00:00,Annual,Gross available energy,Wind,Gigawatt-hour,Hungary,2014,656.540,,
ESTAT:NRG_BAL_C(1.0),06/03/26 23:00:00,Annual,Gross available energy,Wind,Gigawatt-hour,Hungary,2015,693.323,,
ESTAT:NRG_BAL_C(1.0),06/03/26 23:00:00,Annual,Gross available energy,Wind,Gigawatt-hour,Hungary,2016,683.692,,
ESTAT:NRG_BAL_C(1.0),06/03/26 23:00:00,Annual,Gross available energy,Wind,Gigawatt-hour,Hungary,2017,758.000,,
ESTAT:NRG_BAL_C(1.0),06/03/26 23:00:00,Annual,Gross available energy,Wind,Gigawatt-hour,Hungary,2018,607.000,,
ESTAT:NRG_BAL_C(1.0),06/03/26 23:00:00,Annual,Gross available energy,Wind,Gigawatt-hour,Hungary,2019,729.000,,
ESTAT:NRG_BAL_C(1.0),06/03/26 23:00:00,Annual,Gross available energy,Wind,Gigawatt-hour,Hungary,2020,655.000,,
ESTAT:NRG_BAL_C(1.0),06/03/26 23:00:00,Annual,Gross available energy,Wind,Gigawatt-hour,Hungary,2021,664.000,,
ESTAT:NRG_BAL_C(1.0),06/03/26 23:00:00,Annual,Gross available energy,Wind,Gigawatt-hour,Hungary,2022,610.000,,
ESTAT:NRG_BAL_C(1.0),06/03/26 23:00:00,Annual,Gross available energy,Wind,Gigawatt-hour,Hungary,2023,646.000,,
ESTAT:NRG_BAL_C(1.0),06/03/26 23:00:00,Annual,Gross available energy,Wind,Gigawatt-hour,Hungary,2024,659.000,,
ESTAT:NRG_BAL_C(1.0),06/03/26 23:00:00,Annual,Gross available energy,Wind,Gigawatt-hour,Ireland,2005,1130.368,,
ESTAT:NRG_BAL_C(1.0),06/03/26 23:00:00,Annual,Gross available energy,Wind,Gigawatt-hour,Ireland,2006,1648.967,,
ESTAT:NRG_BAL_C(1.0),06/03/26 23:00:00,Annual,Gross available energy,Wind,Gigawatt-hour,Ireland,2007,1990.880,,
ESTAT:NRG_BAL_C(1.0),06/03/26 23:00:00,Annual,Gross available energy,Wind,Gigawatt-hour,Ireland,2008,2450.019,,
ESTAT:NRG_BAL_C(1.0),06/03/26 23:00:00,Annual,Gross available energy,Wind,Gigawatt-hour,Ireland,2009,3004.274,,
ESTAT:NRG_BAL_C(1.0),06/03/26 23:00:00,Annual,Gross available energy,Wind,Gigawatt-hour,Ireland,2010,2861.382,,
ESTAT:NRG_BAL_C(1.0),06/03/26 23:00:00,Annual,Gross available energy,Wind,Gigawatt-hour,Ireland,2011,4453.028,,
ESTAT:NRG_BAL_C(1.0),06/03/26 23:00:00,Annual,Gross available energy,Wind,Gigawatt-hour,Ireland,2012,4076.868,,
ESTAT:NRG_BAL_C(1.0),06/03/26 23:00:00,Annual,Gross available energy,Wind,Gigawatt-hour,Ireland,2013,4616.707,,
ESTAT:NRG_BAL_C(1.0),06/03/26 23:00:00,Annual,Gross available energy,Wind,Gigawatt-hour,Ireland,2014,5224.982,,
ESTAT:NRG_BAL_C(1.0),06/03/26 23:00:00,Annual,Gross available energy,Wind,Gigawatt-hour,Ireland,2015,6681.507,,
ESTAT:NRG_BAL_C(1.0),06/03/26 23:00:00,Annual,Gross available energy,Wind,Gigawatt-hour,Ireland,2016,6248.551,,
ESTAT:NRG_BAL_C(1.0),06/03/26 23:00:00,Annual,Gross available energy,Wind,Gigawatt-hour,Ireland,2017,7567.004,,
ESTAT:NRG_BAL_C(1.0),06/03/26 23:00:00,Annual,Gross available energy,Wind,Gigawatt-hour,Ireland,2018,8782.527,,
ESTAT:NRG_BAL_C(1.0),06/03/26 23:00:00,Annual,Gross available energy,Wind,Gigawatt-hour,Ireland,2019,10184.945,,
ESTAT:NRG_BAL_C(1.0),06/03/26 23:00:00,Annual,Gross available energy,Wind,Gigawatt-hour,Ireland,2020,11740.253,,
ESTAT:NRG_BAL_C(1.0),06/03/26 23:00:00,Annual,Gross available energy,Wind,Gigawatt-hour,Ireland,2021,9939.705,,
ESTAT:NRG_BAL_C(1.0),06/03/26 23:00:00,Annual,Gross available energy,Wind,Gigawatt-hour,Ireland,2022,11393.491,,
ESTAT:NRG_BAL_C(1.0),06/03/26 23:00:00,Annual,Gross available energy,Wind,Gigawatt-hour,Ireland,2023,11863.352,,
ESTAT:NRG_BAL_C(1.0),06/03/26 23:00:00,Annual,Gross available energy,Wind,Gigawatt-hour,Ireland,2024,11649.561,,
ESTAT:NRG_BAL_C(1.0),06/03/26 23:00:00,Annual,Gross available energy,Wind,Gigawatt-hour,Italy,2005,2343.399,,
ESTAT:NRG_BAL_C(1.0),06/03/26 23:00:00,Annual,Gross available energy,Wind,Gigawatt-hour,Italy,2006,2970.735,,
ESTAT:NRG_BAL_C(1.0),06/03/26 23:00:00,Annual,Gross available energy,Wind,Gigawatt-hour,Italy,2007,4034.359,,
ESTAT:NRG_BAL_C(1.0),06/03/26 23:00:00,Annual,Gross available energy,Wind,Gigawatt-hour,Italy,2008,4861.317,,
ESTAT:NRG_BAL_C(1.0),06/03/26 23:00:00,Annual,Gross available energy,Wind,Gigawatt-hour,Italy,2009,6542.859,,
ESTAT:NRG_BAL_C(1.0),06/03/26 23:00:00,Annual,Gross available energy,Wind,Gigawatt-hour,Italy,2010,9125.918,,
ESTAT:NRG_BAL_C(1.0),06/03/26 23:00:00,Annual,Gross available energy,Wind,Gigawatt-hour,Italy,2011,9856.375,,
ESTAT:NRG_BAL_C(1.0),06/03/26 23:00:00,Annual,Gross available energy,Wind,Gigawatt-hour,Italy,2012,13407.127,,
ESTAT:NRG_BAL_C(1.0),06/03/26 23:00:00,Annual,Gross available energy,Wind,Gigawatt-hour,Italy,2013,14896.962,,
ESTAT:NRG_BAL_C(1.0),06/03/26 23:00:00,Annual,Gross available energy,Wind,Gigawatt-hour,Italy,2014,15178.310,,
ESTAT:NRG_BAL_C(1.0),06/03/26 23:00:00,Annual,Gross available energy,Wind,Gigawatt-hour,Italy,2015,14843.882,,
ESTAT:NRG_BAL_C(1.0),06/03/26 23:00:00,Annual,Gross available energy,Wind,Gigawatt-hour,Italy,2016,17688.670,,
ESTAT:NRG_BAL_C(1.0),06/03/26 23:00:00,Annual,Gross available energy,Wind,Gigawatt-hour,Italy,2017,17741.909,,
ESTAT:NRG_BAL_C(1.0),06/03/26 23:00:00,Annual,Gross available energy,Wind,Gigawatt-hour,Italy,2018,17716.434,,
ESTAT:NRG_BAL_C(1.0),06/03/26 23:00:00,Annual,Gross available energy,Wind,Gigawatt-hour,Italy,2019,20202.042,,
ESTAT:NRG_BAL_C(1.0),06/03/26 23:00:00,Annual,Gross available energy,Wind,Gigawatt-hour,Italy,2020,18761.557,,
ESTAT:NRG_BAL_C(1.0),06/03/26 23:00:00,Annual,Gross available energy,Wind,Gigawatt-hour,Italy,2021,20927.303,,
ESTAT:NRG_BAL_C(1.0),06/03/26 23:00:00,Annual,Gross available energy,Wind,Gigawatt-hour,Italy,2022,20494.178,,
ESTAT:NRG_BAL_C(1.0),06/03/26 23:00:00,Annual,Gross available energy,Wind,Gigawatt-hour,Italy,2023,23640.472,,
ESTAT:NRG_BAL_C(1.0),06/03/26 23:00:00,Annual,Gross available energy,Wind,Gigawatt-hour,Italy,2024,22321.895,,
ESTAT:NRG_BAL_C(1.0),06/03/26 23:00:00,Annual,Gross available energy,Wind,Gigawatt-hour,Lithuania,2005,2.000,,
ESTAT:NRG_BAL_C(1.0),06/03/26 23:00:00,Annual,Gross available energy,Wind,Gigawatt-hour,Lithuania,2006,14.000,,
ESTAT:NRG_BAL_C(1.0),06/03/26 23:00:00,Annual,Gross available energy,Wind,Gigawatt-hour,Lithuania,2007,106.000,,
ESTAT:NRG_BAL_C(1.0),06/03/26 23:00:00,Annual,Gross available energy,Wind,Gigawatt-hour,Lithuania,2008,131.000,,
ESTAT:NRG_BAL_C(1.0),06/03/26 23:00:00,Annual,Gross available energy,Wind,Gigawatt-hour,Lithuania,2009,158.000,,
ESTAT:NRG_BAL_C(1.0),06/03/26 23:00:00,Annual,Gross available energy,Wind,Gigawatt-hour,Lithuania,2010,224.000,,
ESTAT:NRG_BAL_C(1.0),06/03/26 23:00:00,Annual,Gross available energy,Wind,Gigawatt-hour,Lithuania,2011,475.000,,
ESTAT:NRG_BAL_C(1.0),06/03/26 23:00:00,Annual,Gross available energy,Wind,Gigawatt-hour,Lithuania,2012,540.000,,
ESTAT:NRG_BAL_C(1.0),06/03/26 23:00:00,Annual,Gross available energy,Wind,Gigawatt-hour,Lithuania,2013,603.000,,
ESTAT:NRG_BAL_C(1.0),06/03/26 23:00:00,Annual,Gross available energy,Wind,Gigawatt-hour,Lithuania,2014,639.000,,
ESTAT:NRG_BAL_C(1.0),06/03/26 23:00:00,Annual,Gross available energy,Wind,Gigawatt-hour,Lithuania,2015,810.000,,
ESTAT:NRG_BAL_C(1.0),06/03/26 23:00:00,Annual,Gross available energy,Wind,Gigawatt-hour,Lithuania,2016,1136.000,,
ESTAT:NRG_BAL_C(1.0),06/03/26 23:00:00,Annual,Gross available energy,Wind,Gigawatt-hour,Lithuania,2017,1363.800,,
ESTAT:NRG_BAL_C(1.0),06/03/26 23:00:00,Annual,Gross available energy,Wind,Gigawatt-hour,Lithuania,2018,1144.000,,
ESTAT:NRG_BAL_C(1.0),06/03/26 23:00:00,Annual,Gross available energy,Wind,Gigawatt-hour,Lithuania,2019,1499.400,,
ESTAT:NRG_BAL_C(1.0),06/03/26 23:00:00,Annual,Gross available energy,Wind,Gigawatt-hour,Lithuania,2020,1551.700,,
ESTAT:NRG_BAL_C(1.0),06/03/26 23:00:00,Annual,Gross available energy,Wind,Gigawatt-hour,Lithuania,2021,1361.700,,
ESTAT:NRG_BAL_C(1.0),06/03/26 23:00:00,Annual,Gross available energy,Wind,Gigawatt-hour,Lithuania,2022,1512.400,,
ESTAT:NRG_BAL_C(1.0),06/03/26 23:00:00,Annual,Gross available energy,Wind,Gigawatt-hour,Lithuania,2023,2536.100,,
ESTAT:NRG_BAL_C(1.0),06/03/26 23:00:00,Annual,Gross available energy,Wind,Gigawatt-hour,Lithuania,2024,3448.200,,
ESTAT:NRG_BAL_C(1.0),06/03/26 23:00:00,Annual,Gross available energy,Wind,Gigawatt-hour,Luxembourg,2005,52.251,,
ESTAT:NRG_BAL_C(1.0),06/03/26 23:00:00,Annual,Gross available energy,Wind,Gigawatt-hour,Luxembourg,2006,57.986,,
ESTAT:NRG_BAL_C(1.0),06/03/26 23:00:00,Annual,Gross available energy,Wind,Gigawatt-hour,Luxembourg,2007,64.286,,
ESTAT:NRG_BAL_C(1.0),06/03/26 23:00:00,Annual,Gross available energy,Wind,Gigawatt-hour,Luxembourg,2008,60.589,,
ESTAT:NRG_BAL_C(1.0),06/03/26 23:00:00,Annual,Gross available energy,Wind,Gigawatt-hour,Luxembourg,2009,63.472,,
ESTAT:NRG_BAL_C(1.0),06/03/26 23:00:00,Annual,Gross available energy,Wind,Gigawatt-hour,Luxembourg,2010,55.083,,
ESTAT:NRG_BAL_C(1.0),06/03/26 23:00:00,Annual,Gross available energy,Wind,Gigawatt-hour,Luxembourg,2011,64.050,,
ESTAT:NRG_BAL_C(1.0),06/03/26 23:00:00,Annual,Gross available energy,Wind,Gigawatt-hour,Luxembourg,2012,77.466,,
ESTAT:NRG_BAL_C(1.0),06/03/26 23:00:00,Annual,Gross available energy,Wind,Gigawatt-hour,Luxembourg,2013,83.027,,
ESTAT:NRG_BAL_C(1.0),06/03/26 23:00:00,Annual,Gross available energy,Wind,Gigawatt-hour,Luxembourg,2014,79.876,,
ESTAT:NRG_BAL_C(1.0),06/03/26 23:00:00,Annual,Gross available energy,Wind,Gigawatt-hour,Luxembourg,2015,101.848,,
ESTAT:NRG_BAL_C(1.0),06/03/26 23:00:00,Annual,Gross available energy,Wind,Gigawatt-hour,Luxembourg,2016,101.486,,
ESTAT:NRG_BAL_C(1.0),06/03/26 23:00:00,Annual,Gross available energy,Wind,Gigawatt-hour,Luxembourg,2017,234.823,,
ESTAT:NRG_BAL_C(1.0),06/03/26 23:00:00,Annual,Gross available energy,Wind,Gigawatt-hour,Luxembourg,2018,254.575,,
ESTAT:NRG_BAL_C(1.0),06/03/26 23:00:00,Annual,Gross available energy,Wind,Gigawatt-hour,Luxembourg,2019,281.283,,
ESTAT:NRG_BAL_C(1.0),06/03/26 23:00:00,Annual,Gross available energy,Wind,Gigawatt-hour,Luxembourg,2020,351.135,,
ESTAT:NRG_BAL_C(1.0),06/03/26 23:00:00,Annual,Gross available energy,Wind,Gigawatt-hour,Luxembourg,2021,314.313,,
ESTAT:NRG_BAL_C(1.0),06/03/26 23:00:00,Annual,Gross available energy,Wind,Gigawatt-hour,Luxembourg,2022,312.221,,
ESTAT:NRG_BAL_C(1.0),06/03/26 23:00:00,Annual,Gross available energy,Wind,Gigawatt-hour,Luxembourg,2023,495.289,,
ESTAT:NRG_BAL_C(1.0),06/03/26 23:00:00,Annual,Gross available energy,Wind,Gigawatt-hour,Luxembourg,2024,466.796,,
ESTAT:NRG_BAL_C(1.0),06/03/26 23:00:00,Annual,Gross available energy,Wind,Gigawatt-hour,Latvia,2005,46.854,,
ESTAT:NRG_BAL_C(1.0),06/03/26 23:00:00,Annual,Gross available energy,Wind,Gigawatt-hour,Latvia,2006,46.212,,
ESTAT:NRG_BAL_C(1.0),06/03/26 23:00:00,Annual,Gross available energy,Wind,Gigawatt-hour,Latvia,2007,52.929,,
ESTAT:NRG_BAL_C(1.0),06/03/26 23:00:00,Annual,Gross available energy,Wind,Gigawatt-hour,Latvia,2008,59.100,,
ESTAT:NRG_BAL_C(1.0),06/03/26 23:00:00,Annual,Gross available energy,Wind,Gigawatt-hour,Latvia,2009,50.089,,
ESTAT:NRG_BAL_C(1.0),06/03/26 23:00:00,Annual,Gross available energy,Wind,Gigawatt-hour,Latvia,2010,49.057,,
ESTAT:NRG_BAL_C(1.0),06/03/26 23:00:00,Annual,Gross available energy,Wind,Gigawatt-hour,Latvia,2011,70.894,,
ESTAT:NRG_BAL_C(1.0),06/03/26 23:00:00,Annual,Gross available energy,Wind,Gigawatt-hour,Latvia,2012,114.266,,
ESTAT:NRG_BAL_C(1.0),06/03/26 23:00:00,Annual,Gross available energy,Wind,Gigawatt-hour,Latvia,2013,120.055,,
ESTAT:NRG_BAL_C(1.0),06/03/26 23:00:00,Annual,Gross available energy,Wind,Gigawatt-hour,Latvia,2014,139.712,,
ESTAT:NRG_BAL_C(1.0),06/03/26 23:00:00,Annual,Gross available energy,Wind,Gigawatt-hour,Latvia,2015,147.135,,
ESTAT:NRG_BAL_C(1.0),06/03/26 23:00:00,Annual,Gross available energy,Wind,Gigawatt-hour,Latvia,2016,127.889,,
ESTAT:NRG_BAL_C(1.0),06/03/26 23:00:00,Annual,Gross available energy,Wind,Gigawatt-hour,Latvia,2017,150.000,,
ESTAT:NRG_BAL_C(1.0),06/03/26 23:00:00,Annual,Gross available energy,Wind,Gigawatt-hour,Latvia,2018,122.038,,
ESTAT:NRG_BAL_C(1.0),06/03/26 23:00:00,Annual,Gross available energy,Wind,Gigawatt-hour,Latvia,2019,153.999,,
ESTAT:NRG_BAL_C(1.0),06/03/26 23:00:00,Annual,Gross available energy,Wind,Gigawatt-hour,Latvia,2020,176.842,,
ESTAT:NRG_BAL_C(1.0),06/03/26 23:00:00,Annual,Gross available energy,Wind,Gigawatt-hour,Latvia,2021,141.436,,
ESTAT:NRG_BAL_C(1.0),06/03/26 23:00:00,Annual,Gross available energy,Wind,Gigawatt-hour,Latvia,2022,190.183,,
ESTAT:NRG_BAL_C(1.0),06/03/26 23:00:00,Annual,Gross available energy,Wind,Gigawatt-hour,Latvia,2023,270.757,,
ESTAT:NRG_BAL_C(1.0),06/03/26 23:00:00,Annual,Gross available energy,Wind,Gigawatt-hour,Latvia,2024,275.985,,
ESTAT:NRG_BAL_C(1.0),06/03/26 23:00:00,Annual,Gross available energy,Wind,Gigawatt-hour,Malta,2005,0.000,,
ESTAT:NRG_BAL_C(1.0),06/03/26 23:00:00,Annual,Gross available energy,Wind,Gigawatt-hour,Malta,2006,0.000,,
ESTAT:NRG_BAL_C(1.0),06/03/26 23:00:00,Annual,Gross available energy,Wind,Gigawatt-hour,Malta,2007,0.000,,
ESTAT:NRG_BAL_C(1.0),06/03/26 23:00:00,Annual,Gross available energy,Wind,Gigawatt-hour,Malta,2008,0.000,,
ESTAT:NRG_BAL_C(1.0),06/03/26 23:00:00,Annual,Gross available energy,Wind,Gigawatt-hour,Malta,2009,0.000,,
ESTAT:NRG_BAL_C(1.0),06/03/26 23:00:00,Annual,Gross available energy,Wind,Gigawatt-hour,Malta,2010,0.000,,
ESTAT:NRG_BAL_C(1.0),06/03/26 23:00:00,Annual,Gross available energy,Wind,Gigawatt-hour,Malta,2011,0.000,,
ESTAT:NRG_BAL_C(1.0),06/03/26 23:00:00,Annual,Gross available energy,Wind,Gigawatt-hour,Malta,2012,0.075,,
ESTAT:NRG_BAL_C(1.0),06/03/26 23:00:00,Annual,Gross available energy,Wind,Gigawatt-hour,Malta,2013,0.085,,
ESTAT:NRG_BAL_C(1.0),06/03/26 23:00:00,Annual,Gross available energy,Wind,Gigawatt-hour,Malta,2014,0.058,,
ESTAT:NRG_BAL_C(1.0),06/03/26 23:00:00,Annual,Gross available energy,Wind,Gigawatt-hour,Malta,2015,0.058,,
ESTAT:NRG_BAL_C(1.0),06/03/26 23:00:00,Annual,Gross available energy,Wind,Gigawatt-hour,Malta,2016,0.058,,
ESTAT:NRG_BAL_C(1.0),06/03/26 23:00:00,Annual,Gross available energy,Wind,Gigawatt-hour,Malta,2017,0.058,,
ESTAT:NRG_BAL_C(1.0),06/03/26 23:00:00,Annual,Gross available energy,Wind,Gigawatt-hour,Malta,2018,0.058,,
ESTAT:NRG_BAL_C(1.0),06/03/26 23:00:00,Annual,Gross available energy,Wind,Gigawatt-hour,Malta,2019,0.058,,
ESTAT:NRG_BAL_C(1.0),06/03/26 23:00:00,Annual,Gross available energy,Wind,Gigawatt-hour,Malta,2020,0.058,,
ESTAT:NRG_BAL_C(1.0),06/03/26 23:00:00,Annual,Gross available energy,Wind,Gigawatt-hour,Malta,2021,0.058,,
ESTAT:NRG_BAL_C(1.0),06/03/26 23:00:00,Annual,Gross available energy,Wind,Gigawatt-hour,Malta,2022,0.058,,
ESTAT:NRG_BAL_C(1.0),06/03/26 23:00:00,Annual,Gross available energy,Wind,Gigawatt-hour,Malta,2023,0.033,,
ESTAT:NRG_BAL_C(1.0),06/03/26 23:00:00,Annual,Gross available energy,Wind,Gigawatt-hour,Malta,2024,0.033,,
ESTAT:NRG_BAL_C(1.0),06/03/26 23:00:00,Annual,Gross available energy,Wind,Gigawatt-hour,Netherlands,2005,2066.655,,
ESTAT:NRG_BAL_C(1.0),06/03/26 23:00:00,Annual,Gross available energy,Wind,Gigawatt-hour,Netherlands,2006,2734.291,,
ESTAT:NRG_BAL_C(1.0),06/03/26 23:00:00,Annual,Gross available energy,Wind,Gigawatt-hour,Netherlands,2007,3438.026,,
ESTAT:NRG_BAL_C(1.0),06/03/26 23:00:00,Annual,Gross available energy,Wind,Gigawatt-hour,Netherlands,2008,4259.711,,
ESTAT:NRG_BAL_C(1.0),06/03/26 23:00:00,Annual,Gross available energy,Wind,Gigawatt-hour,Netherlands,2009,4580.623,,
ESTAT:NRG_BAL_C(1.0),06/03/26 23:00:00,Annual,Gross available energy,Wind,Gigawatt-hour,Netherlands,2010,3993.137,,
ESTAT:NRG_BAL_C(1.0),06/03/26 23:00:00,Annual,Gross available energy,Wind,Gigawatt-hour,Netherlands,2011,5100.171,,
ESTAT:NRG_BAL_C(1.0),06/03/26 23:00:00,Annual,Gross available energy,Wind,Gigawatt-hour,Netherlands,2012,4981.829,,
ESTAT:NRG_BAL_C(1.0),06/03/26 23:00:00,Annual,Gross available energy,Wind,Gigawatt-hour,Netherlands,2013,5627.147,,
ESTAT:NRG_BAL_C(1.0),06/03/26 23:00:00,Annual,Gross available energy,Wind,Gigawatt-hour,Netherlands,2014,5797.335,,
ESTAT:NRG_BAL_C(1.0),06/03/26 23:00:00,Annual,Gross available energy,Wind,Gigawatt-hour,Netherlands,2015,7549.858,,
ESTAT:NRG_BAL_C(1.0),06/03/26 23:00:00,Annual,Gross available energy,Wind,Gigawatt-hour,Netherlands,2016,8170.446,,
ESTAT:NRG_BAL_C(1.0),06/03/26 23:00:00,Annual,Gross available energy,Wind,Gigawatt-hour,Netherlands,2017,10568.801,,
ESTAT:NRG_BAL_C(1.0),06/03/26 23:00:00,Annual,Gross available energy,Wind,Gigawatt-hour,Netherlands,2018,10548.511,,
ESTAT:NRG_BAL_C(1.0),06/03/26 23:00:00,Annual,Gross available energy,Wind,Gigawatt-hour,Netherlands,2019,11507.927,,
ESTAT:NRG_BAL_C(1.0),06/03/26 23:00:00,Annual,Gross available energy,Wind,Gigawatt-hour,Netherlands,2020,15277.726,,
ESTAT:NRG_BAL_C(1.0),06/03/26 23:00:00,Annual,Gross available energy,Wind,Gigawatt-hour,Netherlands,2021,18123.359,,
ESTAT:NRG_BAL_C(1.0),06/03/26 23:00:00,Annual,Gross available energy,Wind,Gigawatt-hour,Netherlands,2022,21565.971,,
ESTAT:NRG_BAL_C(1.0),06/03/26 23:00:00,Annual,Gross available energy,Wind,Gigawatt-hour,Netherlands,2023,29634.139,,
ESTAT:NRG_BAL_C(1.0),06/03/26 23:00:00,Annual,Gross available energy,Wind,Gigawatt-hour,Netherlands,2024,33509.406,,
ESTAT:NRG_BAL_C(1.0),06/03/26 23:00:00,Annual,Gross available energy,Wind,Gigawatt-hour,Poland,2005,135.470,,
ESTAT:NRG_BAL_C(1.0),06/03/26 23:00:00,Annual,Gross available energy,Wind,Gigawatt-hour,Poland,2006,256.077,,
ESTAT:NRG_BAL_C(1.0),06/03/26 23:00:00,Annual,Gross available energy,Wind,Gigawatt-hour,Poland,2007,521.582,,
ESTAT:NRG_BAL_C(1.0),06/03/26 23:00:00,Annual,Gross available energy,Wind,Gigawatt-hour,Poland,2008,836.801,,
ESTAT:NRG_BAL_C(1.0),06/03/26 23:00:00,Annual,Gross available energy,Wind,Gigawatt-hour,Poland,2009,1077.278,,
ESTAT:NRG_BAL_C(1.0),06/03/26 23:00:00,Annual,Gross available energy,Wind,Gigawatt-hour,Poland,2010,1664.339,,
ESTAT:NRG_BAL_C(1.0),06/03/26 23:00:00,Annual,Gross available energy,Wind,Gigawatt-hour,Poland,2011,3204.548,,
ESTAT:NRG_BAL_C(1.0),06/03/26 23:00:00,Annual,Gross available energy,Wind,Gigawatt-hour,Poland,2012,4746.590,,
ESTAT:NRG_BAL_C(1.0),06/03/26 23:00:00,Annual,Gross available energy,Wind,Gigawatt-hour,Poland,2013,6003.806,,
ESTAT:NRG_BAL_C(1.0),06/03/26 23:00:00,Annual,Gross available energy,Wind,Gigawatt-hour,Poland,2014,7675.629,,
ESTAT:NRG_BAL_C(1.0),06/03/26 23:00:00,Annual,Gross available energy,Wind,Gigawatt-hour,Poland,2015,10858.365,,
ESTAT:NRG_BAL_C(1.0),06/03/26 23:00:00,Annual,Gross available energy,Wind,Gigawatt-hour,Poland,2016,12587.590,,
ESTAT:NRG_BAL_C(1.0),06/03/26 23:00:00,Annual,Gross available energy,Wind,Gigawatt-hour,Poland,2017,14909.041,,
ESTAT:NRG_BAL_C(1.0),06/03/26 23:00:00,Annual,Gross available energy,Wind,Gigawatt-hour,Poland,2018,12798.792,,
ESTAT:NRG_BAL_C(1.0),06/03/26 23:00:00,Annual,Gross available energy,Wind,Gigawatt-hour,Poland,2019,15106.759,,
ESTAT:NRG_BAL_C(1.0),06/03/26 23:00:00,Annual,Gross available energy,Wind,Gigawatt-hour,Poland,2020,15800.049,,
ESTAT:NRG_BAL_C(1.0),06/03/26 23:00:00,Annual,Gross available energy,Wind,Gigawatt-hour,Poland,2021,16233.547,,
ESTAT:NRG_BAL_C(1.0),06/03/26 23:00:00,Annual,Gross available energy,Wind,Gigawatt-hour,Poland,2022,19779.538,,
ESTAT:NRG_BAL_C(1.0),06/03/26 23:00:00,Annual,Gross available energy,Wind,Gigawatt-hour,Poland,2023,24176.356,,
ESTAT:NRG_BAL_C(1.0),06/03/26 23:00:00,Annual,Gross available energy,Wind,Gigawatt-hour,Poland,2024,24945.223,,
ESTAT:NRG_BAL_C(1.0),06/03/26 23:00:00,Annual,Gross available energy,Wind,Gigawatt-hour,Portugal,2005,1773.263,,
ESTAT:NRG_BAL_C(1.0),06/03/26 23:00:00,Annual,Gross available energy,Wind,Gigawatt-hour,Portugal,2006,2925.472,,
ESTAT:NRG_BAL_C(1.0),06/03/26 23:00:00,Annual,Gross available energy,Wind,Gigawatt-hour,Portugal,2007,4036.708,,
ESTAT:NRG_BAL_C(1.0),06/03/26 23:00:00,Annual,Gross available energy,Wind,Gigawatt-hour,Portugal,2008,5757.380,,
ESTAT:NRG_BAL_C(1.0),06/03/26 23:00:00,Annual,Gross available energy,Wind,Gigawatt-hour,Portugal,2009,7576.963,,
ESTAT:NRG_BAL_C(1.0),06/03/26 23:00:00,Annual,Gross available energy,Wind,Gigawatt-hour,Portugal,2010,9181.572,,
ESTAT:NRG_BAL_C(1.0),06/03/26 23:00:00,Annual,Gross available energy,Wind,Gigawatt-hour,Portugal,2011,9161.612,,
ESTAT:NRG_BAL_C(1.0),06/03/26 23:00:00,Annual,Gross available energy,Wind,Gigawatt-hour,Portugal,2012,10259.778,,
ESTAT:NRG_BAL_C(1.0),06/03/26 23:00:00,Annual,Gross available energy,Wind,Gigawatt-hour,Portugal,2013,12014.601,,
ESTAT:NRG_BAL_C(1.0),06/03/26 23:00:00,Annual,Gross available energy,Wind,Gigawatt-hour,Portugal,2014,12111.395,,
ESTAT:NRG_BAL_C(1.0),06/03/26 23:00:00,Annual,Gross available energy,Wind,Gigawatt-hour,Portugal,2015,11607.638,,
ESTAT:NRG_BAL_C(1.0),06/03/26 23:00:00,Annual,Gross available energy,Wind,Gigawatt-hour,Portugal,2016,12474.096,,
ESTAT:NRG_BAL_C(1.0),06/03/26 23:00:00,Annual,Gross available energy,Wind,Gigawatt-hour,Portugal,2017,12247.853,,
ESTAT:NRG_BAL_C(1.0),06/03/26 23:00:00,Annual,Gross available energy,Wind,Gigawatt-hour,Portugal,2018,12616.584,,
ESTAT:NRG_BAL_C(1.0),06/03/26 23:00:00,Annual,Gross available energy,Wind,Gigawatt-hour,Portugal,2019,13666.949,,
ESTAT:NRG_BAL_C(1.0),06/03/26 23:00:00,Annual,Gross available energy,Wind,Gigawatt-hour,Portugal,2020,12298.663,,
ESTAT:NRG_BAL_C(1.0),06/03/26 23:00:00,Annual,Gross available energy,Wind,Gigawatt-hour,Portugal,2021,13215.614,,
ESTAT:NRG_BAL_C(1.0),06/03/26 23:00:00,Annual,Gross available energy,Wind,Gigawatt-hour,Portugal,2022,13244.007,,
ESTAT:NRG_BAL_C(1.0),06/03/26 23:00:00,Annual,Gross available energy,Wind,Gigawatt-hour,Portugal,2023,13145.398,,
ESTAT:NRG_BAL_C(1.0),06/03/26 23:00:00,Annual,Gross available energy,Wind,Gigawatt-hour,Portugal,2024,14418.962,,
ESTAT:NRG_BAL_C(1.0),06/03/26 23:00:00,Annual,Gross available energy,Wind,Gigawatt-hour,Romania,2005,0.227,,
ESTAT:NRG_BAL_C(1.0),06/03/26 23:00:00,Annual,Gross available energy,Wind,Gigawatt-hour,Romania,2006,0.556,,
ESTAT:NRG_BAL_C(1.0),06/03/26 23:00:00,Annual,Gross available energy,Wind,Gigawatt-hour,Romania,2007,2.524,,
ESTAT:NRG_BAL_C(1.0),06/03/26 23:00:00,Annual,Gross available energy,Wind,Gigawatt-hour,Romania,2008,4.978,,
ESTAT:NRG_BAL_C(1.0),06/03/26 23:00:00,Annual,Gross available energy,Wind,Gigawatt-hour,Romania,2009,9.069,,
ESTAT:NRG_BAL_C(1.0),06/03/26 23:00:00,Annual,Gross available energy,Wind,Gigawatt-hour,Romania,2010,306.348,,
ESTAT:NRG_BAL_C(1.0),06/03/26 23:00:00,Annual,Gross available energy,Wind,Gigawatt-hour,Romania,2011,1387.200,,
ESTAT:NRG_BAL_C(1.0),06/03/26 23:00:00,Annual,Gross available energy,Wind,Gigawatt-hour,Romania,2012,2639.875,,
ESTAT:NRG_BAL_C(1.0),06/03/26 23:00:00,Annual,Gross available energy,Wind,Gigawatt-hour,Romania,2013,4520.210,,
ESTAT:NRG_BAL_C(1.0),06/03/26 23:00:00,Annual,Gross available energy,Wind,Gigawatt-hour,Romania,2014,6200.910,,
ESTAT:NRG_BAL_C(1.0),06/03/26 23:00:00,Annual,Gross available energy,Wind,Gigawatt-hour,Romania,2015,7062.930,,
ESTAT:NRG_BAL_C(1.0),06/03/26 23:00:00,Annual,Gross available energy,Wind,Gigawatt-hour,Romania,2016,6590.000,,
ESTAT:NRG_BAL_C(1.0),06/03/26 23:00:00,Annual,Gross available energy,Wind,Gigawatt-hour,Romania,2017,7406.702,,
ESTAT:NRG_BAL_C(1.0),06/03/26 23:00:00,Annual,Gross available energy,Wind,Gigawatt-hour,Romania,2018,6322.219,,
ESTAT:NRG_BAL_C(1.0),06/03/26 23:00:00,Annual,Gross available energy,Wind,Gigawatt-hour,Romania,2019,6772.809,,
ESTAT:NRG_BAL_C(1.0),06/03/26 23:00:00,Annual,Gross available energy,Wind,Gigawatt-hour,Romania,2020,6945.462,,
ESTAT:NRG_BAL_C(1.0),06/03/26 23:00:00,Annual,Gross available energy,Wind,Gigawatt-hour,Romania,2021,6575.550,,
ESTAT:NRG_BAL_C(1.0),06/03/26 23:00:00,Annual,Gross available energy,Wind,Gigawatt-hour,Romania,2022,6996.872,,
ESTAT:NRG_BAL_C(1.0),06/03/26 23:00:00,Annual,Gross available energy,Wind,Gigawatt-hour,Romania,2023,7548.000,,
ESTAT:NRG_BAL_C(1.0),06/03/26 23:00:00,Annual,Gross available energy,Wind,Gigawatt-hour,Romania,2024,6350.280,,
ESTAT:NRG_BAL_C(1.0),06/03/26 23:00:00,Annual,Gross available energy,Wind,Gigawatt-hour,Sweden,2005,935.000,,
ESTAT:NRG_BAL_C(1.0),06/03/26 23:00:00,Annual,Gross available energy,Wind,Gigawatt-hour,Sweden,2006,984.000,,
ESTAT:NRG_BAL_C(1.0),06/03/26 23:00:00,Annual,Gross available energy,Wind,Gigawatt-hour,Sweden,2007,1426.000,,
ESTAT:NRG_BAL_C(1.0),06/03/26 23:00:00,Annual,Gross available energy,Wind,Gigawatt-hour,Sweden,2008,1998.000,,
ESTAT:NRG_BAL_C(1.0),06/03/26 23:00:00,Annual,Gross available energy,Wind,Gigawatt-hour,Sweden,2009,2491.000,,
ESTAT:NRG_BAL_C(1.0),06/03/26 23:00:00,Annual,Gross available energy,Wind,Gigawatt-hour,Sweden,2010,3487.000,,
ESTAT:NRG_BAL_C(1.0),06/03/26 23:00:00,Annual,Gross available energy,Wind,Gigawatt-hour,Sweden,2011,6107.000,,
ESTAT:NRG_BAL_C(1.0),06/03/26 23:00:00,Annual,Gross available energy,Wind,Gigawatt-hour,Sweden,2012,7164.000,,
ESTAT:NRG_BAL_C(1.0),06/03/26 23:00:00,Annual,Gross available energy,Wind,Gigawatt-hour,Sweden,2013,9842.000,,
ESTAT:NRG_BAL_C(1.0),06/03/26 23:00:00,Annual,Gross available energy,Wind,Gigawatt-hour,Sweden,2014,11235.000,,
ESTAT:NRG_BAL_C(1.0),06/03/26 23:00:00,Annual,Gross available energy,Wind,Gigawatt-hour,Sweden,2015,16322.000,,
ESTAT:NRG_BAL_C(1.0),06/03/26 23:00:00,Annual,Gross available energy,Wind,Gigawatt-hour,Sweden,2016,15479.000,,
ESTAT:NRG_BAL_C(1.0),06/03/26 23:00:00,Annual,Gross available energy,Wind,Gigawatt-hour,Sweden,2017,17609.000,,
ESTAT:NRG_BAL_C(1.0),06/03/26 23:00:00,Annual,Gross available energy,Wind,Gigawatt-hour,Sweden,2018,16623.000,,
ESTAT:NRG_BAL_C(1.0),06/03/26 23:00:00,Annual,Gross available energy,Wind,Gigawatt-hour,Sweden,2019,19847.000,,
ESTAT:NRG_BAL_C(1.0),06/03/26 23:00:00,Annual,Gross available energy,Wind,Gigawatt-hour,Sweden,2020,27526.000,,
ESTAT:NRG_BAL_C(1.0),06/03/26 23:00:00,Annual,Gross available energy,Wind,Gigawatt-hour,Sweden,2021,27244.000,,
ESTAT:NRG_BAL_C(1.0),06/03/26 23:00:00,Annual,Gross available energy,Wind,Gigawatt-hour,Sweden,2022,33253.000,,
ESTAT:NRG_BAL_C(1.0),06/03/26 23:00:00,Annual,Gross available energy,Wind,Gigawatt-hour,Sweden,2023,34245.000,,
ESTAT:NRG_BAL_C(1.0),06/03/26 23:00:00,Annual,Gross available energy,Wind,Gigawatt-hour,Sweden,2024,40621.000,,
ESTAT:NRG_BAL_C(1.0),06/03/26 23:00:00,Annual,Gross available energy,Wind,Gigawatt-hour,Slovenia,2005,0.000,,
ESTAT:NRG_BAL_C(1.0),06/03/26 23:00:00,Annual,Gross available energy,Wind,Gigawatt-hour,Slovenia,2006,0.000,,
ESTAT:NRG_BAL_C(1.0),06/03/26 23:00:00,Annual,Gross available energy,Wind,Gigawatt-hour,Slovenia,2007,0.000,,
ESTAT:NRG_BAL_C(1.0),06/03/26 23:00:00,Annual,Gross available energy,Wind,Gigawatt-hour,Slovenia,2008,0.000,,
ESTAT:NRG_BAL_C(1.0),06/03/26 23:00:00,Annual,Gross available energy,Wind,Gigawatt-hour,Slovenia,2009,0.000,,
ESTAT:NRG_BAL_C(1.0),06/03/26 23:00:00,Annual,Gross available energy,Wind,Gigawatt-hour,Slovenia,2010,0.000,,
ESTAT:NRG_BAL_C(1.0),06/03/26 23:00:00,Annual,Gross available energy,Wind,Gigawatt-hour,Slovenia,2011,0.000,,
ESTAT:NRG_BAL_C(1.0),06/03/26 23:00:00,Annual,Gross available energy,Wind,Gigawatt-hour,Slovenia,2012,0.000,,
ESTAT:NRG_BAL_C(1.0),06/03/26 23:00:00,Annual,Gross available energy,Wind,Gigawatt-hour,Slovenia,2013,4.221,,
ESTAT:NRG_BAL_C(1.0),06/03/26 23:00:00,Annual,Gross available energy,Wind,Gigawatt-hour,Slovenia,2014,4.209,,
ESTAT:NRG_BAL_C(1.0),06/03/26 23:00:00,Annual,Gross available energy,Wind,Gigawatt-hour,Slovenia,2015,6.028,,
ESTAT:NRG_BAL_C(1.0),06/03/26 23:00:00,Annual,Gross available energy,Wind,Gigawatt-hour,Slovenia,2016,5.778,,
ESTAT:NRG_BAL_C(1.0),06/03/26 23:00:00,Annual,Gross available energy,Wind,Gigawatt-hour,Slovenia,2017,5.716,,
ESTAT:NRG_BAL_C(1.0),06/03/26 23:00:00,Annual,Gross available energy,Wind,Gigawatt-hour,Slovenia,2018,6.021,,
ESTAT:NRG_BAL_C(1.0),06/03/26 23:00:00,Annual,Gross available energy,Wind,Gigawatt-hour,Slovenia,2019,6.150,,
ESTAT:NRG_BAL_C(1.0),06/03/26 23:00:00,Annual,Gross available energy,Wind,Gigawatt-hour,Slovenia,2020,6.251,,
ESTAT:NRG_BAL_C(1.0),06/03/26 23:00:00,Annual,Gross available energy,Wind,Gigawatt-hour,Slovenia,2021,5.593,,
ESTAT:NRG_BAL_C(1.0),06/03/26 23:00:00,Annual,Gross available energy,Wind,Gigawatt-hour,Slovenia,2022,5.731,,
ESTAT:NRG_BAL_C(1.0),06/03/26 23:00:00,Annual,Gross available energy,Wind,Gigawatt-hour,Slovenia,2023,6.372,,
ESTAT:NRG_BAL_C(1.0),06/03/26 23:00:00,Annual,Gross available energy,Wind,Gigawatt-hour,Slovenia,2024,6.550,,
ESTAT:NRG_BAL_C(1.0),06/03/26 23:00:00,Annual,Gross available energy,Wind,Gigawatt-hour,Slovakia,2005,6.000,,
ESTAT:NRG_BAL_C(1.0),06/03/26 23:00:00,Annual,Gross available energy,Wind,Gigawatt-hour,Slovakia,2006,6.000,,
ESTAT:NRG_BAL_C(1.0),06/03/26 23:00:00,Annual,Gross available energy,Wind,Gigawatt-hour,Slovakia,2007,8.000,,
ESTAT:NRG_BAL_C(1.0),06/03/26 23:00:00,Annual,Gross available energy,Wind,Gigawatt-hour,Slovakia,2008,7.000,,
ESTAT:NRG_BAL_C(1.0),06/03/26 23:00:00,Annual,Gross available energy,Wind,Gigawatt-hour,Slovakia,2009,6.000,,
ESTAT:NRG_BAL_C(1.0),06/03/26 23:00:00,Annual,Gross available energy,Wind,Gigawatt-hour,Slovakia,2010,6.000,,
ESTAT:NRG_BAL_C(1.0),06/03/26 23:00:00,Annual,Gross available energy,Wind,Gigawatt-hour,Slovakia,2011,5.000,,
ESTAT:NRG_BAL_C(1.0),06/03/26 23:00:00,Annual,Gross available energy,Wind,Gigawatt-hour,Slovakia,2012,6.000,,
ESTAT:NRG_BAL_C(1.0),06/03/26 23:00:00,Annual,Gross available energy,Wind,Gigawatt-hour,Slovakia,2013,6.000,,
ESTAT:NRG_BAL_C(1.0),06/03/26 23:00:00,Annual,Gross available energy,Wind,Gigawatt-hour,Slovakia,2014,6.000,,
ESTAT:NRG_BAL_C(1.0),06/03/26 23:00:00,Annual,Gross available energy,Wind,Gigawatt-hour,Slovakia,2015,6.000,,
ESTAT:NRG_BAL_C(1.0),06/03/26 23:00:00,Annual,Gross available energy,Wind,Gigawatt-hour,Slovakia,2016,6.000,,
ESTAT:NRG_BAL_C(1.0),06/03/26 23:00:00,Annual,Gross available energy,Wind,Gigawatt-hour,Slovakia,2017,6.000,,
ESTAT:NRG_BAL_C(1.0),06/03/26 23:00:00,Annual,Gross available energy,Wind,Gigawatt-hour,Slovakia,2018,6.000,,
ESTAT:NRG_BAL_C(1.0),06/03/26 23:00:00,Annual,Gross available energy,Wind,Gigawatt-hour,Slovakia,2019,6.000,,
ESTAT:NRG_BAL_C(1.0),06/03/26 23:00:00,Annual,Gross available energy,Wind,Gigawatt-hour,Slovakia,2020,4.000,,
ESTAT:NRG_BAL_C(1.0),06/03/26 23:00:00,Annual,Gross available energy,Wind,Gigawatt-hour,Slovakia,2021,5.000,,
ESTAT:NRG_BAL_C(1.0),06/03/26 23:00:00,Annual,Gross available energy,Wind,Gigawatt-hour,Slovakia,2022,4.000,,
ESTAT:NRG_BAL_C(1.0),06/03/26 23:00:00,Annual,Gross available energy,Wind,Gigawatt-hour,Slovakia,2023,4.000,,
ESTAT:NRG_BAL_C(1.0),06/03/26 23:00:00,Annual,Gross available energy,Wind,Gigawatt-hour,Slovakia,2024,5.000,,
ESTAT:NRG_BAL_C(1.0),06/03/26 23:00:00,Annual,Gross available energy,Solar photovoltaic,Gigawatt-hour,Austria,2005,21.018,,
ESTAT:NRG_BAL_C(1.0),06/03/26 23:00:00,Annual,Gross available energy,Solar photovoltaic,Gigawatt-hour,Austria,2006,22.387,,
ESTAT:NRG_BAL_C(1.0),06/03/26 23:00:00,Annual,Gross available energy,Solar photovoltaic,Gigawatt-hour,Austria,2007,24.238,,
ESTAT:NRG_BAL_C(1.0),06/03/26 23:00:00,Annual,Gross available energy,Solar photovoltaic,Gigawatt-hour,Austria,2008,30.120,,
ESTAT:NRG_BAL_C(1.0),06/03/26 23:00:00,Annual,Gross available energy,Solar photovoltaic,Gigawatt-hour,Austria,2009,48.915,,
ESTAT:NRG_BAL_C(1.0),06/03/26 23:00:00,Annual,Gross available energy,Solar photovoltaic,Gigawatt-hour,Austria,2010,88.813,,
ESTAT:NRG_BAL_C(1.0),06/03/26 23:00:00,Annual,Gross available energy,Solar photovoltaic,Gigawatt-hour,Austria,2011,174.070,,
ESTAT:NRG_BAL_C(1.0),06/03/26 23:00:00,Annual,Gross available energy,Solar photovoltaic,Gigawatt-hour,Austria,2012,337.483,,
ESTAT:NRG_BAL_C(1.0),06/03/26 23:00:00,Annual,Gross available energy,Solar photovoltaic,Gigawatt-hour,Austria,2013,625.974,,
ESTAT:NRG_BAL_C(1.0),06/03/26 23:00:00,Annual,Gross available energy,Solar photovoltaic,Gigawatt-hour,Austria,2014,785.246,,
ESTAT:NRG_BAL_C(1.0),06/03/26 23:00:00,Annual,Gross available energy,Solar photovoltaic,Gigawatt-hour,Austria,2015,937.098,,
ESTAT:NRG_BAL_C(1.0),06/03/26 23:00:00,Annual,Gross available energy,Solar photovoltaic,Gigawatt-hour,Austria,2016,1096.016,,
ESTAT:NRG_BAL_C(1.0),06/03/26 23:00:00,Annual,Gross available energy,Solar photovoltaic,Gigawatt-hour,Austria,2017,1268.971,,
ESTAT:NRG_BAL_C(1.0),06/03/26 23:00:00,Annual,Gross available energy,Solar photovoltaic,Gigawatt-hour,Austria,2018,1455.132,,
ESTAT:NRG_BAL_C(1.0),06/03/26 23:00:00,Annual,Gross available energy,Solar photovoltaic,Gigawatt-hour,Austria,2019,1702.093,,
ESTAT:NRG_BAL_C(1.0),06/03/26 23:00:00,Annual,Gross available energy,Solar photovoltaic,Gigawatt-hour,Austria,2020,2042.934,,
ESTAT:NRG_BAL_C(1.0),06/03/26 23:00:00,Annual,Gross available energy,Solar photovoltaic,Gigawatt-hour,Austria,2021,2782.602,,
ESTAT:NRG_BAL_C(1.0),06/03/26 23:00:00,Annual,Gross available energy,Solar photovoltaic,Gigawatt-hour,Austria,2022,3791.704,,
ESTAT:NRG_BAL_C(1.0),06/03/26 23:00:00,Annual,Gross available energy,Solar photovoltaic,Gigawatt-hour,Austria,2023,6888.539,,
ESTAT:NRG_BAL_C(1.0),06/03/26 23:00:00,Annual,Gross available energy,Solar photovoltaic,Gigawatt-hour,Austria,2024,8143.267,,
ESTAT:NRG_BAL_C(1.0),06/03/26 23:00:00,Annual,Gross available energy,Solar photovoltaic,Gigawatt-hour,Belgium,2005,1.340,,
ESTAT:NRG_BAL_C(1.0),06/03/26 23:00:00,Annual,Gross available energy,Solar photovoltaic,Gigawatt-hour,Belgium,2006,1.623,,
ESTAT:NRG_BAL_C(1.0),06/03/26 23:00:00,Annual,Gross available energy,Solar photovoltaic,Gigawatt-hour,Belgium,2007,6.058,,
ESTAT:NRG_BAL_C(1.0),06/03/26 23:00:00,Annual,Gross available energy,Solar photovoltaic,Gigawatt-hour,Belgium,2008,41.388,,
ESTAT:NRG_BAL_C(1.0),06/03/26 23:00:00,Annual,Gross available energy,Solar photovoltaic,Gigawatt-hour,Belgium,2009,166.008,,
ESTAT:NRG_BAL_C(1.0),06/03/26 23:00:00,Annual,Gross available energy,Solar photovoltaic,Gigawatt-hour,Belgium,2010,583.900,,
ESTAT:NRG_BAL_C(1.0),06/03/26 23:00:00,Annual,Gross available energy,Solar photovoltaic,Gigawatt-hour,Belgium,2011,1212.300,,
ESTAT:NRG_BAL_C(1.0),06/03/26 23:00:00,Annual,Gross available energy,Solar photovoltaic,Gigawatt-hour,Belgium,2012,2153.700,,
ESTAT:NRG_BAL_C(1.0),06/03/26 23:00:00,Annual,Gross available energy,Solar photovoltaic,Gigawatt-hour,Belgium,2013,2640.000,,
ESTAT:NRG_BAL_C(1.0),06/03/26 23:00:00,Annual,Gross available energy,Solar photovoltaic,Gigawatt-hour,Belgium,2014,2886.400,,
ESTAT:NRG_BAL_C(1.0),06/03/26 23:00:00,Annual,Gross available energy,Solar photovoltaic,Gigawatt-hour,Belgium,2015,3056.500,,
ESTAT:NRG_BAL_C(1.0),06/03/26 23:00:00,Annual,Gross available energy,Solar photovoltaic,Gigawatt-hour,Belgium,2016,3095.400,,
ESTAT:NRG_BAL_C(1.0),06/03/26 23:00:00,Annual,Gross available energy,Solar photovoltaic,Gigawatt-hour,Belgium,2017,3308.000,,
ESTAT:NRG_BAL_C(1.0),06/03/26 23:00:00,Annual,Gross available energy,Solar photovoltaic,Gigawatt-hour,Belgium,2018,3903.536,,
ESTAT:NRG_BAL_C(1.0),06/03/26 23:00:00,Annual,Gross available energy,Solar photovoltaic,Gigawatt-hour,Belgium,2019,4252.395,,
ESTAT:NRG_BAL_C(1.0),06/03/26 23:00:00,Annual,Gross available energy,Solar photovoltaic,Gigawatt-hour,Belgium,2020,5112.691,,
ESTAT:NRG_BAL_C(1.0),06/03/26 23:00:00,Annual,Gross available energy,Solar photovoltaic,Gigawatt-hour,Belgium,2021,5623.000,,
ESTAT:NRG_BAL_C(1.0),06/03/26 23:00:00,Annual,Gross available energy,Solar photovoltaic,Gigawatt-hour,Belgium,2022,6880.600,,
ESTAT:NRG_BAL_C(1.0),06/03/26 23:00:00,Annual,Gross available energy,Solar photovoltaic,Gigawatt-hour,Belgium,2023,7834.500,,
ESTAT:NRG_BAL_C(1.0),06/03/26 23:00:00,Annual,Gross available energy,Solar photovoltaic,Gigawatt-hour,Belgium,2024,8562.100,,
ESTAT:NRG_BAL_C(1.0),06/03/26 23:00:00,Annual,Gross available energy,Solar photovoltaic,Gigawatt-hour,Bulgaria,2005,0.000,,
ESTAT:NRG_BAL_C(1.0),06/03/26 23:00:00,Annual,Gross available energy,Solar photovoltaic,Gigawatt-hour,Bulgaria,2006,0.000,,
ESTAT:NRG_BAL_C(1.0),06/03/26 23:00:00,Annual,Gross available energy,Solar photovoltaic,Gigawatt-hour,Bulgaria,2007,0.060,,
ESTAT:NRG_BAL_C(1.0),06/03/26 23:00:00,Annual,Gross available energy,Solar photovoltaic,Gigawatt-hour,Bulgaria,2008,0.167,,
ESTAT:NRG_BAL_C(1.0),06/03/26 23:00:00,Annual,Gross available energy,Solar photovoltaic,Gigawatt-hour,Bulgaria,2009,3.267,,
ESTAT:NRG_BAL_C(1.0),06/03/26 23:00:00,Annual,Gross available energy,Solar photovoltaic,Gigawatt-hour,Bulgaria,2010,14.865,,
ESTAT:NRG_BAL_C(1.0),06/03/26 23:00:00,Annual,Gross available energy,Solar photovoltaic,Gigawatt-hour,Bulgaria,2011,100.862,,
ESTAT:NRG_BAL_C(1.0),06/03/26 23:00:00,Annual,Gross available energy,Solar photovoltaic,Gigawatt-hour,Bulgaria,2012,778.696,,
ESTAT:NRG_BAL_C(1.0),06/03/26 23:00:00,Annual,Gross available energy,Solar photovoltaic,Gigawatt-hour,Bulgaria,2013,1391.987,,
ESTAT:NRG_BAL_C(1.0),06/03/26 23:00:00,Annual,Gross available energy,Solar photovoltaic,Gigawatt-hour,Bulgaria,2014,1256.651,,
ESTAT:NRG_BAL_C(1.0),06/03/26 23:00:00,Annual,Gross available energy,Solar photovoltaic,Gigawatt-hour,Bulgaria,2015,1381.661,,
ESTAT:NRG_BAL_C(1.0),06/03/26 23:00:00,Annual,Gross available energy,Solar photovoltaic,Gigawatt-hour,Bulgaria,2016,1387.990,,
ESTAT:NRG_BAL_C(1.0),06/03/26 23:00:00,Annual,Gross available energy,Solar photovoltaic,Gigawatt-hour,Bulgaria,2017,1402.970,,
ESTAT:NRG_BAL_C(1.0),06/03/26 23:00:00,Annual,Gross available energy,Solar photovoltaic,Gigawatt-hour,Bulgaria,2018,1342.788,,
ESTAT:NRG_BAL_C(1.0),06/03/26 23:00:00,Annual,Gross available energy,Solar photovoltaic,Gigawatt-hour,Bulgaria,2019,1417.286,,
ESTAT:NRG_BAL_C(1.0),06/03/26 23:00:00,Annual,Gross available energy,Solar photovoltaic,Gigawatt-hour,Bulgaria,2020,1468.720,,
ESTAT:NRG_BAL_C(1.0),06/03/26 23:00:00,Annual,Gross available energy,Solar photovoltaic,Gigawatt-hour,Bulgaria,2021,1466.598,,
ESTAT:NRG_BAL_C(1.0),06/03/26 23:00:00,Annual,Gross available energy,Solar photovoltaic,Gigawatt-hour,Bulgaria,2022,2093.838,,
ESTAT:NRG_BAL_C(1.0),06/03/26 23:00:00,Annual,Gross available energy,Solar photovoltaic,Gigawatt-hour,Bulgaria,2023,3520.709,,
ESTAT:NRG_BAL_C(1.0),06/03/26 23:00:00,Annual,Gross available energy,Solar photovoltaic,Gigawatt-hour,Bulgaria,2024,5489.148,,
ESTAT:NRG_BAL_C(1.0),06/03/26 23:00:00,Annual,Gross available energy,Solar photovoltaic,Gigawatt-hour,Cyprus,2005,0.566,,
ESTAT:NRG_BAL_C(1.0),06/03/26 23:00:00,Annual,Gross available energy,Solar photovoltaic,Gigawatt-hour,Cyprus,2006,1.002,,
ESTAT:NRG_BAL_C(1.0),06/03/26 23:00:00,Annual,Gross available energy,Solar photovoltaic,Gigawatt-hour,Cyprus,2007,1.743,,
ESTAT:NRG_BAL_C(1.0),06/03/26 23:00:00,Annual,Gross available energy,Solar photovoltaic,Gigawatt-hour,Cyprus,2008,2.555,,
ESTAT:NRG_BAL_C(1.0),06/03/26 23:00:00,Annual,Gross available energy,Solar photovoltaic,Gigawatt-hour,Cyprus,2009,3.835,,
ESTAT:NRG_BAL_C(1.0),06/03/26 23:00:00,Annual,Gross available energy,Solar photovoltaic,Gigawatt-hour,Cyprus,2010,6.393,,
ESTAT:NRG_BAL_C(1.0),06/03/26 23:00:00,Annual,Gross available energy,Solar photovoltaic,Gigawatt-hour,Cyprus,2011,11.937,,
ESTAT:NRG_BAL_C(1.0),06/03/26 23:00:00,Annual,Gross available energy,Solar photovoltaic,Gigawatt-hour,Cyprus,2012,21.545,,
ESTAT:NRG_BAL_C(1.0),06/03/26 23:00:00,Annual,Gross available energy,Solar photovoltaic,Gigawatt-hour,Cyprus,2013,47.105,,
ESTAT:NRG_BAL_C(1.0),06/03/26 23:00:00,Annual,Gross available energy,Solar photovoltaic,Gigawatt-hour,Cyprus,2014,83.590,,
ESTAT:NRG_BAL_C(1.0),06/03/26 23:00:00,Annual,Gross available energy,Solar photovoltaic,Gigawatt-hour,Cyprus,2015,126.659,,
ESTAT:NRG_BAL_C(1.0),06/03/26 23:00:00,Annual,Gross available energy,Solar photovoltaic,Gigawatt-hour,Cyprus,2016,145.937,,
ESTAT:NRG_BAL_C(1.0),06/03/26 23:00:00,Annual,Gross available energy,Solar photovoltaic,Gigawatt-hour,Cyprus,2017,172.013,,
ESTAT:NRG_BAL_C(1.0),06/03/26 23:00:00,Annual,Gross available energy,Solar photovoltaic,Gigawatt-hour,Cyprus,2018,199.493,,
ESTAT:NRG_BAL_C(1.0),06/03/26 23:00:00,Annual,Gross available energy,Solar photovoltaic,Gigawatt-hour,Cyprus,2019,218.267,,
ESTAT:NRG_BAL_C(1.0),06/03/26 23:00:00,Annual,Gross available energy,Solar photovoltaic,Gigawatt-hour,Cyprus,2020,295.608,,
ESTAT:NRG_BAL_C(1.0),06/03/26 23:00:00,Annual,Gross available energy,Solar photovoltaic,Gigawatt-hour,Cyprus,2021,468.338,,
ESTAT:NRG_BAL_C(1.0),06/03/26 23:00:00,Annual,Gross available energy,Solar photovoltaic,Gigawatt-hour,Cyprus,2022,601.859,,
ESTAT:NRG_BAL_C(1.0),06/03/26 23:00:00,Annual,Gross available energy,Solar photovoltaic,Gigawatt-hour,Cyprus,2023,830.523,,
ESTAT:NRG_BAL_C(1.0),06/03/26 23:00:00,Annual,Gross available energy,Solar photovoltaic,Gigawatt-hour,Cyprus,2024,1108.457,,
ESTAT:NRG_BAL_C(1.0),06/03/26 23:00:00,Annual,Gross available energy,Solar photovoltaic,Gigawatt-hour,Czechia,2005,0.414,,
ESTAT:NRG_BAL_C(1.0),06/03/26 23:00:00,Annual,Gross available energy,Solar photovoltaic,Gigawatt-hour,Czechia,2006,0.592,,
ESTAT:NRG_BAL_C(1.0),06/03/26 23:00:00,Annual,Gross available energy,Solar photovoltaic,Gigawatt-hour,Czechia,2007,2.127,,
ESTAT:NRG_BAL_C(1.0),06/03/26 23:00:00,Annual,Gross available energy,Solar photovoltaic,Gigawatt-hour,Czechia,2008,12.937,,
ESTAT:NRG_BAL_C(1.0),06/03/26 23:00:00,Annual,Gross available energy,Solar photovoltaic,Gigawatt-hour,Czechia,2009,88.807,,
ESTAT:NRG_BAL_C(1.0),06/03/26 23:00:00,Annual,Gross available energy,Solar photovoltaic,Gigawatt-hour,Czechia,2010,615.702,,
ESTAT:NRG_BAL_C(1.0),06/03/26 23:00:00,Annual,Gross available energy,Solar photovoltaic,Gigawatt-hour,Czechia,2011,2182.018,,
ESTAT:NRG_BAL_C(1.0),06/03/26 23:00:00,Annual,Gross available energy,Solar photovoltaic,Gigawatt-hour,Czechia,2012,2148.624,,
ESTAT:NRG_BAL_C(1.0),06/03/26 23:00:00,Annual,Gross available energy,Solar photovoltaic,Gigawatt-hour,Czechia,2013,2032.654,,
ESTAT:NRG_BAL_C(1.0),06/03/26 23:00:00,Annual,Gross available energy,Solar photovoltaic,Gigawatt-hour,Czechia,2014,2122.869,,
ESTAT:NRG_BAL_C(1.0),06/03/26 23:00:00,Annual,Gross available energy,Solar photovoltaic,Gigawatt-hour,Czechia,2015,2263.846,,
ESTAT:NRG_BAL_C(1.0),06/03/26 23:00:00,Annual,Gross available energy,Solar photovoltaic,Gigawatt-hour,Czechia,2016,2131.455,,
ESTAT:NRG_BAL_C(1.0),06/03/26 23:00:00,Annual,Gross available energy,Solar photovoltaic,Gigawatt-hour,Czechia,2017,2199.263,,
ESTAT:NRG_BAL_C(1.0),06/03/26 23:00:00,Annual,Gross available energy,Solar photovoltaic,Gigawatt-hour,Czechia,2018,2364.775,,
ESTAT:NRG_BAL_C(1.0),06/03/26 23:00:00,Annual,Gross available energy,Solar photovoltaic,Gigawatt-hour,Czechia,2019,2316.154,,
ESTAT:NRG_BAL_C(1.0),06/03/26 23:00:00,Annual,Gross available energy,Solar photovoltaic,Gigawatt-hour,Czechia,2020,2294.363,,
ESTAT:NRG_BAL_C(1.0),06/03/26 23:00:00,Annual,Gross available energy,Solar photovoltaic,Gigawatt-hour,Czechia,2021,2249.863,,
ESTAT:NRG_BAL_C(1.0),06/03/26 23:00:00,Annual,Gross available energy,Solar photovoltaic,Gigawatt-hour,Czechia,2022,2626.272,,
ESTAT:NRG_BAL_C(1.0),06/03/26 23:00:00,Annual,Gross available energy,Solar photovoltaic,Gigawatt-hour,Czechia,2023,2892.093,,
ESTAT:NRG_BAL_C(1.0),06/03/26 23:00:00,Annual,Gross available energy,Solar photovoltaic,Gigawatt-hour,Czechia,2024,3592.683,,
ESTAT:NRG_BAL_C(1.0),06/03/26 23:00:00,Annual,Gross available energy,Solar photovoltaic,Gigawatt-hour,Germany,2005,1282.000,,
ESTAT:NRG_BAL_C(1.0),06/03/26 23:00:00,Annual,Gross available energy,Solar photovoltaic,Gigawatt-hour,Germany,2006,2220.000,,
ESTAT:NRG_BAL_C(1.0),06/03/26 23:00:00,Annual,Gross available energy,Solar photovoltaic,Gigawatt-hour,Germany,2007,3075.000,,
ESTAT:NRG_BAL_C(1.0),06/03/26 23:00:00,Annual,Gross available energy,Solar photovoltaic,Gigawatt-hour,Germany,2008,4420.000,,
ESTAT:NRG_BAL_C(1.0),06/03/26 23:00:00,Annual,Gross available energy,Solar photovoltaic,Gigawatt-hour,Germany,2009,6583.000,,
ESTAT:NRG_BAL_C(1.0),06/03/26 23:00:00,Annual,Gross available energy,Solar photovoltaic,Gigawatt-hour,Germany,2010,11729.000,,
ESTAT:NRG_BAL_C(1.0),06/03/26 23:00:00,Annual,Gross available energy,Solar photovoltaic,Gigawatt-hour,Germany,2011,19599.000,,
ESTAT:NRG_BAL_C(1.0),06/03/26 23:00:00,Annual,Gross available energy,Solar photovoltaic,Gigawatt-hour,Germany,2012,26380.000,,
ESTAT:NRG_BAL_C(1.0),06/03/26 23:00:00,Annual,Gross available energy,Solar photovoltaic,Gigawatt-hour,Germany,2013,31010.000,,
ESTAT:NRG_BAL_C(1.0),06/03/26 23:00:00,Annual,Gross available energy,Solar photovoltaic,Gigawatt-hour,Germany,2014,36056.000,,
ESTAT:NRG_BAL_C(1.0),06/03/26 23:00:00,Annual,Gross available energy,Solar photovoltaic,Gigawatt-hour,Germany,2015,38726.000,,
ESTAT:NRG_BAL_C(1.0),06/03/26 23:00:00,Annual,Gross available energy,Solar photovoltaic,Gigawatt-hour,Germany,2016,38098.000,,
ESTAT:NRG_BAL_C(1.0),06/03/26 23:00:00,Annual,Gross available energy,Solar photovoltaic,Gigawatt-hour,Germany,2017,39401.000,,
ESTAT:NRG_BAL_C(1.0),06/03/26 23:00:00,Annual,Gross available energy,Solar photovoltaic,Gigawatt-hour,Germany,2018,43459.000,,
ESTAT:NRG_BAL_C(1.0),06/03/26 23:00:00,Annual,Gross available energy,Solar photovoltaic,Gigawatt-hour,Germany,2019,44383.000,,
ESTAT:NRG_BAL_C(1.0),06/03/26 23:00:00,Annual,Gross available energy,Solar photovoltaic,Gigawatt-hour,Germany,2020,49496.000,,
ESTAT:NRG_BAL_C(1.0),06/03/26 23:00:00,Annual,Gross available energy,Solar photovoltaic,Gigawatt-hour,Germany,2021,50472.000,,
ESTAT:NRG_BAL_C(1.0),06/03/26 23:00:00,Annual,Gross available energy,Solar photovoltaic,Gigawatt-hour,Germany,2022,61022.000,,
ESTAT:NRG_BAL_C(1.0),06/03/26 23:00:00,Annual,Gross available energy,Solar photovoltaic,Gigawatt-hour,Germany,2023,64299.000,,
ESTAT:NRG_BAL_C(1.0),06/03/26 23:00:00,Annual,Gross available energy,Solar photovoltaic,Gigawatt-hour,Germany,2024,75379.000,,
ESTAT:NRG_BAL_C(1.0),06/03/26 23:00:00,Annual,Gross available energy,Solar photovoltaic,Gigawatt-hour,Denmark,2005,2.000,,
ESTAT:NRG_BAL_C(1.0),06/03/26 23:00:00,Annual,Gross available energy,Solar photovoltaic,Gigawatt-hour,Denmark,2006,2.000,,
ESTAT:NRG_BAL_C(1.0),06/03/26 23:00:00,Annual,Gross available energy,Solar photovoltaic,Gigawatt-hour,Denmark,2007,2.000,,
ESTAT:NRG_BAL_C(1.0),06/03/26 23:00:00,Annual,Gross available energy,Solar photovoltaic,Gigawatt-hour,Denmark,2008,3.000,,
ESTAT:NRG_BAL_C(1.0),06/03/26 23:00:00,Annual,Gross available energy,Solar photovoltaic,Gigawatt-hour,Denmark,2009,4.000,,
ESTAT:NRG_BAL_C(1.0),06/03/26 23:00:00,Annual,Gross available energy,Solar photovoltaic,Gigawatt-hour,Denmark,2010,6.027,,
ESTAT:NRG_BAL_C(1.0),06/03/26 23:00:00,Annual,Gross available energy,Solar photovoltaic,Gigawatt-hour,Denmark,2011,14.940,,
ESTAT:NRG_BAL_C(1.0),06/03/26 23:00:00,Annual,Gross available energy,Solar photovoltaic,Gigawatt-hour,Denmark,2012,103.861,,
ESTAT:NRG_BAL_C(1.0),06/03/26 23:00:00,Annual,Gross available energy,Solar photovoltaic,Gigawatt-hour,Denmark,2013,517.541,,
ESTAT:NRG_BAL_C(1.0),06/03/26 23:00:00,Annual,Gross available energy,Solar photovoltaic,Gigawatt-hour,Denmark,2014,595.518,,
ESTAT:NRG_BAL_C(1.0),06/03/26 23:00:00,Annual,Gross available energy,Solar photovoltaic,Gigawatt-hour,Denmark,2015,604.262,,
ESTAT:NRG_BAL_C(1.0),06/03/26 23:00:00,Annual,Gross available energy,Solar photovoltaic,Gigawatt-hour,Denmark,2016,743.780,,
ESTAT:NRG_BAL_C(1.0),06/03/26 23:00:00,Annual,Gross available energy,Solar photovoltaic,Gigawatt-hour,Denmark,2017,751.485,,
ESTAT:NRG_BAL_C(1.0),06/03/26 23:00:00,Annual,Gross available energy,Solar photovoltaic,Gigawatt-hour,Denmark,2018,952.973,,
ESTAT:NRG_BAL_C(1.0),06/03/26 23:00:00,Annual,Gross available energy,Solar photovoltaic,Gigawatt-hour,Denmark,2019,963.269,,
ESTAT:NRG_BAL_C(1.0),06/03/26 23:00:00,Annual,Gross available energy,Solar photovoltaic,Gigawatt-hour,Denmark,2020,1180.532,,
ESTAT:NRG_BAL_C(1.0),06/03/26 23:00:00,Annual,Gross available energy,Solar photovoltaic,Gigawatt-hour,Denmark,2021,1308.929,,
ESTAT:NRG_BAL_C(1.0),06/03/26 23:00:00,Annual,Gross available energy,Solar photovoltaic,Gigawatt-hour,Denmark,2022,2384.925,,
ESTAT:NRG_BAL_C(1.0),06/03/26 23:00:00,Annual,Gross available energy,Solar photovoltaic,Gigawatt-hour,Denmark,2023,3658.140,,
ESTAT:NRG_BAL_C(1.0),06/03/26 23:00:00,Annual,Gross available energy,Solar photovoltaic,Gigawatt-hour,Denmark,2024,3776.202,,
ESTAT:NRG_BAL_C(1.0),06/03/26 23:00:00,Annual,Gross available energy,Solar photovoltaic,Gigawatt-hour,Estonia,2005,0.000,,
ESTAT:NRG_BAL_C(1.0),06/03/26 23:00:00,Annual,Gross available energy,Solar photovoltaic,Gigawatt-hour,Estonia,2006,0.000,,
ESTAT:NRG_BAL_C(1.0),06/03/26 23:00:00,Annual,Gross available energy,Solar photovoltaic,Gigawatt-hour,Estonia,2007,0.000,,
ESTAT:NRG_BAL_C(1.0),06/03/26 23:00:00,Annual,Gross available energy,Solar photovoltaic,Gigawatt-hour,Estonia,2008,0.000,,
ESTAT:NRG_BAL_C(1.0),06/03/26 23:00:00,Annual,Gross available energy,Solar photovoltaic,Gigawatt-hour,Estonia,2009,0.000,,
ESTAT:NRG_BAL_C(1.0),06/03/26 23:00:00,Annual,Gross available energy,Solar photovoltaic,Gigawatt-hour,Estonia,2010,0.000,,
ESTAT:NRG_BAL_C(1.0),06/03/26 23:00:00,Annual,Gross available energy,Solar photovoltaic,Gigawatt-hour,Estonia,2011,0.000,,
ESTAT:NRG_BAL_C(1.0),06/03/26 23:00:00,Annual,Gross available energy,Solar photovoltaic,Gigawatt-hour,Estonia,2012,0.000,,
ESTAT:NRG_BAL_C(1.0),06/03/26 23:00:00,Annual,Gross available energy,Solar photovoltaic,Gigawatt-hour,Estonia,2013,0.000,,
ESTAT:NRG_BAL_C(1.0),06/03/26 23:00:00,Annual,Gross available energy,Solar photovoltaic,Gigawatt-hour,Estonia,2014,0.000,,
ESTAT:NRG_BAL_C(1.0),06/03/26 23:00:00,Annual,Gross available energy,Solar photovoltaic,Gigawatt-hour,Estonia,2015,0.000,,
ESTAT:NRG_BAL_C(1.0),06/03/26 23:00:00,Annual,Gross available energy,Solar photovoltaic,Gigawatt-hour,Estonia,2016,9.677,,
ESTAT:NRG_BAL_C(1.0),06/03/26 23:00:00,Annual,Gross available energy,Solar photovoltaic,Gigawatt-hour,Estonia,2017,14.492,,
ESTAT:NRG_BAL_C(1.0),06/03/26 23:00:00,Annual,Gross available energy,Solar photovoltaic,Gigawatt-hour,Estonia,2018,30.802,,
ESTAT:NRG_BAL_C(1.0),06/03/26 23:00:00,Annual,Gross available energy,Solar photovoltaic,Gigawatt-hour,Estonia,2019,73.500,,
ESTAT:NRG_BAL_C(1.0),06/03/26 23:00:00,Annual,Gross available energy,Solar photovoltaic,Gigawatt-hour,Estonia,2020,245.132,,
ESTAT:NRG_BAL_C(1.0),06/03/26 23:00:00,Annual,Gross available energy,Solar photovoltaic,Gigawatt-hour,Estonia,2021,353.670,,
ESTAT:NRG_BAL_C(1.0),06/03/26 23:00:00,Annual,Gross available energy,Solar photovoltaic,Gigawatt-hour,Estonia,2022,596.000,,
ESTAT:NRG_BAL_C(1.0),06/03/26 23:00:00,Annual,Gross available energy,Solar photovoltaic,Gigawatt-hour,Estonia,2023,721.000,,
ESTAT:NRG_BAL_C(1.0),06/03/26 23:00:00,Annual,Gross available energy,Solar photovoltaic,Gigawatt-hour,Estonia,2024,1065.427,,
ESTAT:NRG_BAL_C(1.0),06/03/26 23:00:00,Annual,Gross available energy,Solar photovoltaic,Gigawatt-hour,Greece,2005,0.953,,
ESTAT:NRG_BAL_C(1.0),06/03/26 23:00:00,Annual,Gross available energy,Solar photovoltaic,Gigawatt-hour,Greece,2006,1.386,,
ESTAT:NRG_BAL_C(1.0),06/03/26 23:00:00,Annual,Gross available energy,Solar photovoltaic,Gigawatt-hour,Greece,2007,1.420,,
ESTAT:NRG_BAL_C(1.0),06/03/26 23:00:00,Annual,Gross available energy,Solar photovoltaic,Gigawatt-hour,Greece,2008,5.236,,
ESTAT:NRG_BAL_C(1.0),06/03/26 23:00:00,Annual,Gross available energy,Solar photovoltaic,Gigawatt-hour,Greece,2009,50.000,,
ESTAT:NRG_BAL_C(1.0),06/03/26 23:00:00,Annual,Gross available energy,Solar photovoltaic,Gigawatt-hour,Greece,2010,157.748,,
ESTAT:NRG_BAL_C(1.0),06/03/26 23:00:00,Annual,Gross available energy,Solar photovoltaic,Gigawatt-hour,Greece,2011,610.311,,
ESTAT:NRG_BAL_C(1.0),06/03/26 23:00:00,Annual,Gross available energy,Solar photovoltaic,Gigawatt-hour,Greece,2012,1693.986,,
ESTAT:NRG_BAL_C(1.0),06/03/26 23:00:00,Annual,Gross available energy,Solar photovoltaic,Gigawatt-hour,Greece,2013,3648.101,,
ESTAT:NRG_BAL_C(1.0),06/03/26 23:00:00,Annual,Gross available energy,Solar photovoltaic,Gigawatt-hour,Greece,2014,3791.885,,
ESTAT:NRG_BAL_C(1.0),06/03/26 23:00:00,Annual,Gross available energy,Solar photovoltaic,Gigawatt-hour,Greece,2015,3899.636,,
ESTAT:NRG_BAL_C(1.0),06/03/26 23:00:00,Annual,Gross available energy,Solar photovoltaic,Gigawatt-hour,Greece,2016,3929.716,,
ESTAT:NRG_BAL_C(1.0),06/03/26 23:00:00,Annual,Gross available energy,Solar photovoltaic,Gigawatt-hour,Greece,2017,3991.477,,
ESTAT:NRG_BAL_C(1.0),06/03/26 23:00:00,Annual,Gross available energy,Solar photovoltaic,Gigawatt-hour,Greece,2018,3790.652,,
ESTAT:NRG_BAL_C(1.0),06/03/26 23:00:00,Annual,Gross available energy,Solar photovoltaic,Gigawatt-hour,Greece,2019,4428.510,,
ESTAT:NRG_BAL_C(1.0),06/03/26 23:00:00,Annual,Gross available energy,Solar photovoltaic,Gigawatt-hour,Greece,2020,4446.854,,
ESTAT:NRG_BAL_C(1.0),06/03/26 23:00:00,Annual,Gross available energy,Solar photovoltaic,Gigawatt-hour,Greece,2021,5250.978,,
ESTAT:NRG_BAL_C(1.0),06/03/26 23:00:00,Annual,Gross available energy,Solar photovoltaic,Gigawatt-hour,Greece,2022,7139.715,,
ESTAT:NRG_BAL_C(1.0),06/03/26 23:00:00,Annual,Gross available energy,Solar photovoltaic,Gigawatt-hour,Greece,2023,8893.572,,
ESTAT:NRG_BAL_C(1.0),06/03/26 23:00:00,Annual,Gross available energy,Solar photovoltaic,Gigawatt-hour,Greece,2024,11258.411,,
ESTAT:NRG_BAL_C(1.0),06/03/26 23:00:00,Annual,Gross available energy,Solar photovoltaic,Gigawatt-hour,Spain,2005,47.979,,
ESTAT:NRG_BAL_C(1.0),06/03/26 23:00:00,Annual,Gross available energy,Solar photovoltaic,Gigawatt-hour,Spain,2006,124.968,,
ESTAT:NRG_BAL_C(1.0),06/03/26 23:00:00,Annual,Gross available energy,Solar photovoltaic,Gigawatt-hour,Spain,2007,507.198,,
ESTAT:NRG_BAL_C(1.0),06/03/26 23:00:00,Annual,Gross available energy,Solar photovoltaic,Gigawatt-hour,Spain,2008,2562.000,,
ESTAT:NRG_BAL_C(1.0),06/03/26 23:00:00,Annual,Gross available energy,Solar photovoltaic,Gigawatt-hour,Spain,2009,5961.000,,
ESTAT:NRG_BAL_C(1.0),06/03/26 23:00:00,Annual,Gross available energy,Solar photovoltaic,Gigawatt-hour,Spain,2010,6425.000,,
ESTAT:NRG_BAL_C(1.0),06/03/26 23:00:00,Annual,Gross available energy,Solar photovoltaic,Gigawatt-hour,Spain,2011,7440.000,,
ESTAT:NRG_BAL_C(1.0),06/03/26 23:00:00,Annual,Gross available energy,Solar photovoltaic,Gigawatt-hour,Spain,2012,8192.581,,
ESTAT:NRG_BAL_C(1.0),06/03/26 23:00:00,Annual,Gross available energy,Solar photovoltaic,Gigawatt-hour,Spain,2013,8326.097,,
ESTAT:NRG_BAL_C(1.0),06/03/26 23:00:00,Annual,Gross available energy,Solar photovoltaic,Gigawatt-hour,Spain,2014,8217.637,,
ESTAT:NRG_BAL_C(1.0),06/03/26 23:00:00,Annual,Gross available energy,Solar photovoltaic,Gigawatt-hour,Spain,2015,8266.217,,
ESTAT:NRG_BAL_C(1.0),06/03/26 23:00:00,Annual,Gross available energy,Solar photovoltaic,Gigawatt-hour,Spain,2016,8063.530,,
ESTAT:NRG_BAL_C(1.0),06/03/26 23:00:00,Annual,Gross available energy,Solar photovoltaic,Gigawatt-hour,Spain,2017,8514.000,,
ESTAT:NRG_BAL_C(1.0),06/03/26 23:00:00,Annual,Gross available energy,Solar photovoltaic,Gigawatt-hour,Spain,2018,7877.000,,
ESTAT:NRG_BAL_C(1.0),06/03/26 23:00:00,Annual,Gross available energy,Solar photovoltaic,Gigawatt-hour,Spain,2019,9420.000,,
ESTAT:NRG_BAL_C(1.0),06/03/26 23:00:00,Annual,Gross available energy,Solar photovoltaic,Gigawatt-hour,Spain,2020,15675.000,,
ESTAT:NRG_BAL_C(1.0),06/03/26 23:00:00,Annual,Gross available energy,Solar photovoltaic,Gigawatt-hour,Spain,2021,21922.000,,
ESTAT:NRG_BAL_C(1.0),06/03/26 23:00:00,Annual,Gross available energy,Solar photovoltaic,Gigawatt-hour,Spain,2022,31187.000,,
ESTAT:NRG_BAL_C(1.0),06/03/26 23:00:00,Annual,Gross available energy,Solar photovoltaic,Gigawatt-hour,Spain,2023,43421.000,,
ESTAT:NRG_BAL_C(1.0),06/03/26 23:00:00,Annual,Gross available energy,Solar photovoltaic,Gigawatt-hour,Spain,2024,53752.440,,
ESTAT:NRG_BAL_C(1.0),06/03/26 23:00:00,Annual,Gross available energy,Solar photovoltaic,Gigawatt-hour,Finland,2005,2.631,,
ESTAT:NRG_BAL_C(1.0),06/03/26 23:00:00,Annual,Gross available energy,Solar photovoltaic,Gigawatt-hour,Finland,2006,3.379,,
ESTAT:NRG_BAL_C(1.0),06/03/26 23:00:00,Annual,Gross available energy,Solar photovoltaic,Gigawatt-hour,Finland,2007,3.811,,
ESTAT:NRG_BAL_C(1.0),06/03/26 23:00:00,Annual,Gross available energy,Solar photovoltaic,Gigawatt-hour,Finland,2008,3.944,,
ESTAT:NRG_BAL_C(1.0),06/03/26 23:00:00,Annual,Gross available energy,Solar photovoltaic,Gigawatt-hour,Finland,2009,4.317,,
ESTAT:NRG_BAL_C(1.0),06/03/26 23:00:00,Annual,Gross available energy,Solar photovoltaic,Gigawatt-hour,Finland,2010,4.739,,
ESTAT:NRG_BAL_C(1.0),06/03/26 23:00:00,Annual,Gross available energy,Solar photovoltaic,Gigawatt-hour,Finland,2011,5.300,,
ESTAT:NRG_BAL_C(1.0),06/03/26 23:00:00,Annual,Gross available energy,Solar photovoltaic,Gigawatt-hour,Finland,2012,5.749,,
ESTAT:NRG_BAL_C(1.0),06/03/26 23:00:00,Annual,Gross available energy,Solar photovoltaic,Gigawatt-hour,Finland,2013,6.452,,
ESTAT:NRG_BAL_C(1.0),06/03/26 23:00:00,Annual,Gross available energy,Solar photovoltaic,Gigawatt-hour,Finland,2014,7.752,,
ESTAT:NRG_BAL_C(1.0),06/03/26 23:00:00,Annual,Gross available energy,Solar photovoltaic,Gigawatt-hour,Finland,2015,11.311,,
ESTAT:NRG_BAL_C(1.0),06/03/26 23:00:00,Annual,Gross available energy,Solar photovoltaic,Gigawatt-hour,Finland,2016,22.066,,
ESTAT:NRG_BAL_C(1.0),06/03/26 23:00:00,Annual,Gross available energy,Solar photovoltaic,Gigawatt-hour,Finland,2017,48.513,,
ESTAT:NRG_BAL_C(1.0),06/03/26 23:00:00,Annual,Gross available energy,Solar photovoltaic,Gigawatt-hour,Finland,2018,90.225,,
ESTAT:NRG_BAL_C(1.0),06/03/26 23:00:00,Annual,Gross available energy,Solar photovoltaic,Gigawatt-hour,Finland,2019,147.182,,
ESTAT:NRG_BAL_C(1.0),06/03/26 23:00:00,Annual,Gross available energy,Solar photovoltaic,Gigawatt-hour,Finland,2020,218.471,,
ESTAT:NRG_BAL_C(1.0),06/03/26 23:00:00,Annual,Gross available energy,Solar photovoltaic,Gigawatt-hour,Finland,2021,297.518,,
ESTAT:NRG_BAL_C(1.0),06/03/26 23:00:00,Annual,Gross available energy,Solar photovoltaic,Gigawatt-hour,Finland,2022,392.342,,
ESTAT:NRG_BAL_C(1.0),06/03/26 23:00:00,Annual,Gross available energy,Solar photovoltaic,Gigawatt-hour,Finland,2023,716.440,,
ESTAT:NRG_BAL_C(1.0),06/03/26 23:00:00,Annual,Gross available energy,Solar photovoltaic,Gigawatt-hour,Finland,2024,939.941,,
ESTAT:NRG_BAL_C(1.0),06/03/26 23:00:00,Annual,Gross available energy,Solar photovoltaic,Gigawatt-hour,France,2005,10.501,,
ESTAT:NRG_BAL_C(1.0),06/03/26 23:00:00,Annual,Gross available energy,Solar photovoltaic,Gigawatt-hour,France,2006,12.103,,
ESTAT:NRG_BAL_C(1.0),06/03/26 23:00:00,Annual,Gross available energy,Solar photovoltaic,Gigawatt-hour,France,2007,17.572,,
ESTAT:NRG_BAL_C(1.0),06/03/26 23:00:00,Annual,Gross available energy,Solar photovoltaic,Gigawatt-hour,France,2008,41.692,,
ESTAT:NRG_BAL_C(1.0),06/03/26 23:00:00,Annual,Gross available energy,Solar photovoltaic,Gigawatt-hour,France,2009,173.971,,
ESTAT:NRG_BAL_C(1.0),06/03/26 23:00:00,Annual,Gross available energy,Solar photovoltaic,Gigawatt-hour,France,2010,620.000,,
ESTAT:NRG_BAL_C(1.0),06/03/26 23:00:00,Annual,Gross available energy,Solar photovoltaic,Gigawatt-hour,France,2011,2333.809,,
ESTAT:NRG_BAL_C(1.0),06/03/26 23:00:00,Annual,Gross available energy,Solar photovoltaic,Gigawatt-hour,France,2012,4427.939,,
ESTAT:NRG_BAL_C(1.0),06/03/26 23:00:00,Annual,Gross available energy,Solar photovoltaic,Gigawatt-hour,France,2013,5193.598,,
ESTAT:NRG_BAL_C(1.0),06/03/26 23:00:00,Annual,Gross available energy,Solar photovoltaic,Gigawatt-hour,France,2014,6391.620,,
ESTAT:NRG_BAL_C(1.0),06/03/26 23:00:00,Annual,Gross available energy,Solar photovoltaic,Gigawatt-hour,France,2015,7753.821,,
ESTAT:NRG_BAL_C(1.0),06/03/26 23:00:00,Annual,Gross available energy,Solar photovoltaic,Gigawatt-hour,France,2016,8659.959,,
ESTAT:NRG_BAL_C(1.0),06/03/26 23:00:00,Annual,Gross available energy,Solar photovoltaic,Gigawatt-hour,France,2017,8865.682,,
ESTAT:NRG_BAL_C(1.0),06/03/26 23:00:00,Annual,Gross available energy,Solar photovoltaic,Gigawatt-hour,France,2018,11146.014,,
ESTAT:NRG_BAL_C(1.0),06/03/26 23:00:00,Annual,Gross available energy,Solar photovoltaic,Gigawatt-hour,France,2019,12024.928,,
ESTAT:NRG_BAL_C(1.0),06/03/26 23:00:00,Annual,Gross available energy,Solar photovoltaic,Gigawatt-hour,France,2020,13090.073,,
ESTAT:NRG_BAL_C(1.0),06/03/26 23:00:00,Annual,Gross available energy,Solar photovoltaic,Gigawatt-hour,France,2021,15282.073,,
ESTAT:NRG_BAL_C(1.0),06/03/26 23:00:00,Annual,Gross available energy,Solar photovoltaic,Gigawatt-hour,France,2022,19341.015,,
ESTAT:NRG_BAL_C(1.0),06/03/26 23:00:00,Annual,Gross available energy,Solar photovoltaic,Gigawatt-hour,France,2023,22588.318,,
ESTAT:NRG_BAL_C(1.0),06/03/26 23:00:00,Annual,Gross available energy,Solar photovoltaic,Gigawatt-hour,France,2024,24871.343,,
ESTAT:NRG_BAL_C(1.0),06/03/26 23:00:00,Annual,Gross available energy,Solar photovoltaic,Gigawatt-hour,Croatia,2005,0.000,,
ESTAT:NRG_BAL_C(1.0),06/03/26 23:00:00,Annual,Gross available energy,Solar photovoltaic,Gigawatt-hour,Croatia,2006,0.000,,
ESTAT:NRG_BAL_C(1.0),06/03/26 23:00:00,Annual,Gross available energy,Solar photovoltaic,Gigawatt-hour,Croatia,2007,0.000,,
ESTAT:NRG_BAL_C(1.0),06/03/26 23:00:00,Annual,Gross available energy,Solar photovoltaic,Gigawatt-hour,Croatia,2008,0.000,,
ESTAT:NRG_BAL_C(1.0),06/03/26 23:00:00,Annual,Gross available energy,Solar photovoltaic,Gigawatt-hour,Croatia,2009,0.091,,
ESTAT:NRG_BAL_C(1.0),06/03/26 23:00:00,Annual,Gross available energy,Solar photovoltaic,Gigawatt-hour,Croatia,2010,0.120,,
ESTAT:NRG_BAL_C(1.0),06/03/26 23:00:00,Annual,Gross available energy,Solar photovoltaic,Gigawatt-hour,Croatia,2011,0.137,,
ESTAT:NRG_BAL_C(1.0),06/03/26 23:00:00,Annual,Gross available energy,Solar photovoltaic,Gigawatt-hour,Croatia,2012,2.404,,
ESTAT:NRG_BAL_C(1.0),06/03/26 23:00:00,Annual,Gross available energy,Solar photovoltaic,Gigawatt-hour,Croatia,2013,11.283,,
ESTAT:NRG_BAL_C(1.0),06/03/26 23:00:00,Annual,Gross available energy,Solar photovoltaic,Gigawatt-hour,Croatia,2014,35.174,,
ESTAT:NRG_BAL_C(1.0),06/03/26 23:00:00,Annual,Gross available energy,Solar photovoltaic,Gigawatt-hour,Croatia,2015,57.264,,
ESTAT:NRG_BAL_C(1.0),06/03/26 23:00:00,Annual,Gross available energy,Solar photovoltaic,Gigawatt-hour,Croatia,2016,65.541,,
ESTAT:NRG_BAL_C(1.0),06/03/26 23:00:00,Annual,Gross available energy,Solar photovoltaic,Gigawatt-hour,Croatia,2017,78.700,,
ESTAT:NRG_BAL_C(1.0),06/03/26 23:00:00,Annual,Gross available energy,Solar photovoltaic,Gigawatt-hour,Croatia,2018,74.900,,
ESTAT:NRG_BAL_C(1.0),06/03/26 23:00:00,Annual,Gross available energy,Solar photovoltaic,Gigawatt-hour,Croatia,2019,83.100,,
ESTAT:NRG_BAL_C(1.0),06/03/26 23:00:00,Annual,Gross available energy,Solar photovoltaic,Gigawatt-hour,Croatia,2020,95.500,,
ESTAT:NRG_BAL_C(1.0),06/03/26 23:00:00,Annual,Gross available energy,Solar photovoltaic,Gigawatt-hour,Croatia,2021,148.900,,
ESTAT:NRG_BAL_C(1.0),06/03/26 23:00:00,Annual,Gross available energy,Solar photovoltaic,Gigawatt-hour,Croatia,2022,151.900,,
ESTAT:NRG_BAL_C(1.0),06/03/26 23:00:00,Annual,Gross available energy,Solar photovoltaic,Gigawatt-hour,Croatia,2023,413.100,,
ESTAT:NRG_BAL_C(1.0),06/03/26 23:00:00,Annual,Gross available energy,Solar photovoltaic,Gigawatt-hour,Croatia,2024,820.000,,
ESTAT:NRG_BAL_C(1.0),06/03/26 23:00:00,Annual,Gross available energy,Solar photovoltaic,Gigawatt-hour,Hungary,2005,0.000,,
ESTAT:NRG_BAL_C(1.0),06/03/26 23:00:00,Annual,Gross available energy,Solar photovoltaic,Gigawatt-hour,Hungary,2006,0.000,,
ESTAT:NRG_BAL_C(1.0),06/03/26 23:00:00,Annual,Gross available energy,Solar photovoltaic,Gigawatt-hour,Hungary,2007,0.300,,
ESTAT:NRG_BAL_C(1.0),06/03/26 23:00:00,Annual,Gross available energy,Solar photovoltaic,Gigawatt-hour,Hungary,2008,0.550,,
ESTAT:NRG_BAL_C(1.0),06/03/26 23:00:00,Annual,Gross available energy,Solar photovoltaic,Gigawatt-hour,Hungary,2009,0.650,,
ESTAT:NRG_BAL_C(1.0),06/03/26 23:00:00,Annual,Gross available energy,Solar photovoltaic,Gigawatt-hour,Hungary,2010,0.850,,
ESTAT:NRG_BAL_C(1.0),06/03/26 23:00:00,Annual,Gross available energy,Solar photovoltaic,Gigawatt-hour,Hungary,2011,1.444,,
ESTAT:NRG_BAL_C(1.0),06/03/26 23:00:00,Annual,Gross available energy,Solar photovoltaic,Gigawatt-hour,Hungary,2012,7.908,,
ESTAT:NRG_BAL_C(1.0),06/03/26 23:00:00,Annual,Gross available energy,Solar photovoltaic,Gigawatt-hour,Hungary,2013,24.620,,
ESTAT:NRG_BAL_C(1.0),06/03/26 23:00:00,Annual,Gross available energy,Solar photovoltaic,Gigawatt-hour,Hungary,2014,67.000,,
ESTAT:NRG_BAL_C(1.0),06/03/26 23:00:00,Annual,Gross available energy,Solar photovoltaic,Gigawatt-hour,Hungary,2015,141.000,,
ESTAT:NRG_BAL_C(1.0),06/03/26 23:00:00,Annual,Gross available energy,Solar photovoltaic,Gigawatt-hour,Hungary,2016,244.000,,
ESTAT:NRG_BAL_C(1.0),06/03/26 23:00:00,Annual,Gross available energy,Solar photovoltaic,Gigawatt-hour,Hungary,2017,349.000,,
ESTAT:NRG_BAL_C(1.0),06/03/26 23:00:00,Annual,Gross available energy,Solar photovoltaic,Gigawatt-hour,Hungary,2018,629.000,,
ESTAT:NRG_BAL_C(1.0),06/03/26 23:00:00,Annual,Gross available energy,Solar photovoltaic,Gigawatt-hour,Hungary,2019,1497.000,,
ESTAT:NRG_BAL_C(1.0),06/03/26 23:00:00,Annual,Gross available energy,Solar photovoltaic,Gigawatt-hour,Hungary,2020,2459.000,,
ESTAT:NRG_BAL_C(1.0),06/03/26 23:00:00,Annual,Gross available energy,Solar photovoltaic,Gigawatt-hour,Hungary,2021,3796.000,,
ESTAT:NRG_BAL_C(1.0),06/03/26 23:00:00,Annual,Gross available energy,Solar photovoltaic,Gigawatt-hour,Hungary,2022,4732.000,,
ESTAT:NRG_BAL_C(1.0),06/03/26 23:00:00,Annual,Gross available energy,Solar photovoltaic,Gigawatt-hour,Hungary,2023,6925.000,,
ESTAT:NRG_BAL_C(1.0),06/03/26 23:00:00,Annual,Gross available energy,Solar photovoltaic,Gigawatt-hour,Hungary,2024,9200.000,,
ESTAT:NRG_BAL_C(1.0),06/03/26 23:00:00,Annual,Gross available energy,Solar photovoltaic,Gigawatt-hour,Ireland,2005,0.000,,
ESTAT:NRG_BAL_C(1.0),06/03/26 23:00:00,Annual,Gross available energy,Solar photovoltaic,Gigawatt-hour,Ireland,2006,0.000,,
ESTAT:NRG_BAL_C(1.0),06/03/26 23:00:00,Annual,Gross available energy,Solar photovoltaic,Gigawatt-hour,Ireland,2007,0.000,,
ESTAT:NRG_BAL_C(1.0),06/03/26 23:00:00,Annual,Gross available energy,Solar photovoltaic,Gigawatt-hour,Ireland,2008,0.000,,
ESTAT:NRG_BAL_C(1.0),06/03/26 23:00:00,Annual,Gross available energy,Solar photovoltaic,Gigawatt-hour,Ireland,2009,0.424,,
ESTAT:NRG_BAL_C(1.0),06/03/26 23:00:00,Annual,Gross available energy,Solar photovoltaic,Gigawatt-hour,Ireland,2010,0.476,,
ESTAT:NRG_BAL_C(1.0),06/03/26 23:00:00,Annual,Gross available energy,Solar photovoltaic,Gigawatt-hour,Ireland,2011,0.542,,
ESTAT:NRG_BAL_C(1.0),06/03/26 23:00:00,Annual,Gross available energy,Solar photovoltaic,Gigawatt-hour,Ireland,2012,0.645,,
ESTAT:NRG_BAL_C(1.0),06/03/26 23:00:00,Annual,Gross available energy,Solar photovoltaic,Gigawatt-hour,Ireland,2013,0.828,,
ESTAT:NRG_BAL_C(1.0),06/03/26 23:00:00,Annual,Gross available energy,Solar photovoltaic,Gigawatt-hour,Ireland,2014,1.129,,
ESTAT:NRG_BAL_C(1.0),06/03/26 23:00:00,Annual,Gross available energy,Solar photovoltaic,Gigawatt-hour,Ireland,2015,2.046,,
ESTAT:NRG_BAL_C(1.0),06/03/26 23:00:00,Annual,Gross available energy,Solar photovoltaic,Gigawatt-hour,Ireland,2016,4.736,,
ESTAT:NRG_BAL_C(1.0),06/03/26 23:00:00,Annual,Gross available energy,Solar photovoltaic,Gigawatt-hour,Ireland,2017,9.951,,
ESTAT:NRG_BAL_C(1.0),06/03/26 23:00:00,Annual,Gross available energy,Solar photovoltaic,Gigawatt-hour,Ireland,2018,18.151,,
ESTAT:NRG_BAL_C(1.0),06/03/26 23:00:00,Annual,Gross available energy,Solar photovoltaic,Gigawatt-hour,Ireland,2019,33.811,,
ESTAT:NRG_BAL_C(1.0),06/03/26 23:00:00,Annual,Gross available energy,Solar photovoltaic,Gigawatt-hour,Ireland,2020,55.114,,
ESTAT:NRG_BAL_C(1.0),06/03/26 23:00:00,Annual,Gross available energy,Solar photovoltaic,Gigawatt-hour,Ireland,2021,84.647,,
ESTAT:NRG_BAL_C(1.0),06/03/26 23:00:00,Annual,Gross available energy,Solar photovoltaic,Gigawatt-hour,Ireland,2022,148.665,,
ESTAT:NRG_BAL_C(1.0),06/03/26 23:00:00,Annual,Gross available energy,Solar photovoltaic,Gigawatt-hour,Ireland,2023,646.482,,
ESTAT:NRG_BAL_C(1.0),06/03/26 23:00:00,Annual,Gross available energy,Solar photovoltaic,Gigawatt-hour,Ireland,2024,1093.092,,
ESTAT:NRG_BAL_C(1.0),06/03/26 23:00:00,Annual,Gross available energy,Solar photovoltaic,Gigawatt-hour,Italy,2005,31.000,,
ESTAT:NRG_BAL_C(1.0),06/03/26 23:00:00,Annual,Gross available energy,Solar photovoltaic,Gigawatt-hour,Italy,2006,35.000,,
ESTAT:NRG_BAL_C(1.0),06/03/26 23:00:00,Annual,Gross available energy,Solar photovoltaic,Gigawatt-hour,Italy,2007,38.953,,
ESTAT:NRG_BAL_C(1.0),06/03/26 23:00:00,Annual,Gross available energy,Solar photovoltaic,Gigawatt-hour,Italy,2008,192.965,,
ESTAT:NRG_BAL_C(1.0),06/03/26 23:00:00,Annual,Gross available energy,Solar photovoltaic,Gigawatt-hour,Italy,2009,676.481,,
ESTAT:NRG_BAL_C(1.0),06/03/26 23:00:00,Annual,Gross available energy,Solar photovoltaic,Gigawatt-hour,Italy,2010,1905.661,,
ESTAT:NRG_BAL_C(1.0),06/03/26 23:00:00,Annual,Gross available energy,Solar photovoltaic,Gigawatt-hour,Italy,2011,10795.723,,
ESTAT:NRG_BAL_C(1.0),06/03/26 23:00:00,Annual,Gross available energy,Solar photovoltaic,Gigawatt-hour,Italy,2012,18861.732,,
ESTAT:NRG_BAL_C(1.0),06/03/26 23:00:00,Annual,Gross available energy,Solar photovoltaic,Gigawatt-hour,Italy,2013,21588.622,,
ESTAT:NRG_BAL_C(1.0),06/03/26 23:00:00,Annual,Gross available energy,Solar photovoltaic,Gigawatt-hour,Italy,2014,22306.365,,
ESTAT:NRG_BAL_C(1.0),06/03/26 23:00:00,Annual,Gross available energy,Solar photovoltaic,Gigawatt-hour,Italy,2015,22942.192,,
ESTAT:NRG_BAL_C(1.0),06/03/26 23:00:00,Annual,Gross available energy,Solar photovoltaic,Gigawatt-hour,Italy,2016,22104.259,,
ESTAT:NRG_BAL_C(1.0),06/03/26 23:00:00,Annual,Gross available energy,Solar photovoltaic,Gigawatt-hour,Italy,2017,24377.711,,
ESTAT:NRG_BAL_C(1.0),06/03/26 23:00:00,Annual,Gross available energy,Solar photovoltaic,Gigawatt-hour,Italy,2018,22653.838,,
ESTAT:NRG_BAL_C(1.0),06/03/26 23:00:00,Annual,Gross available energy,Solar photovoltaic,Gigawatt-hour,Italy,2019,23688.900,,
ESTAT:NRG_BAL_C(1.0),06/03/26 23:00:00,Annual,Gross available energy,Solar photovoltaic,Gigawatt-hour,Italy,2020,24941.504,,
ESTAT:NRG_BAL_C(1.0),06/03/26 23:00:00,Annual,Gross available energy,Solar photovoltaic,Gigawatt-hour,Italy,2021,25038.990,,
ESTAT:NRG_BAL_C(1.0),06/03/26 23:00:00,Annual,Gross available energy,Solar photovoltaic,Gigawatt-hour,Italy,2022,28121.457,,
ESTAT:NRG_BAL_C(1.0),06/03/26 23:00:00,Annual,Gross available energy,Solar photovoltaic,Gigawatt-hour,Italy,2023,30711.082,,
ESTAT:NRG_BAL_C(1.0),06/03/26 23:00:00,Annual,Gross available energy,Solar photovoltaic,Gigawatt-hour,Italy,2024,35993.103,,
ESTAT:NRG_BAL_C(1.0),06/03/26 23:00:00,Annual,Gross available energy,Solar photovoltaic,Gigawatt-hour,Lithuania,2005,0.000,,
ESTAT:NRG_BAL_C(1.0),06/03/26 23:00:00,Annual,Gross available energy,Solar photovoltaic,Gigawatt-hour,Lithuania,2006,0.000,,
ESTAT:NRG_BAL_C(1.0),06/03/26 23:00:00,Annual,Gross available energy,Solar photovoltaic,Gigawatt-hour,Lithuania,2007,0.000,,
ESTAT:NRG_BAL_C(1.0),06/03/26 23:00:00,Annual,Gross available energy,Solar photovoltaic,Gigawatt-hour,Lithuania,2008,0.000,,
ESTAT:NRG_BAL_C(1.0),06/03/26 23:00:00,Annual,Gross available energy,Solar photovoltaic,Gigawatt-hour,Lithuania,2009,0.000,,
ESTAT:NRG_BAL_C(1.0),06/03/26 23:00:00,Annual,Gross available energy,Solar photovoltaic,Gigawatt-hour,Lithuania,2010,0.000,,
ESTAT:NRG_BAL_C(1.0),06/03/26 23:00:00,Annual,Gross available energy,Solar photovoltaic,Gigawatt-hour,Lithuania,2011,0.000,,
ESTAT:NRG_BAL_C(1.0),06/03/26 23:00:00,Annual,Gross available energy,Solar photovoltaic,Gigawatt-hour,Lithuania,2012,2.000,,
ESTAT:NRG_BAL_C(1.0),06/03/26 23:00:00,Annual,Gross available energy,Solar photovoltaic,Gigawatt-hour,Lithuania,2013,45.000,,
ESTAT:NRG_BAL_C(1.0),06/03/26 23:00:00,Annual,Gross available energy,Solar photovoltaic,Gigawatt-hour,Lithuania,2014,73.000,,
ESTAT:NRG_BAL_C(1.0),06/03/26 23:00:00,Annual,Gross available energy,Solar photovoltaic,Gigawatt-hour,Lithuania,2015,73.000,,
ESTAT:NRG_BAL_C(1.0),06/03/26 23:00:00,Annual,Gross available energy,Solar photovoltaic,Gigawatt-hour,Lithuania,2016,66.000,,
ESTAT:NRG_BAL_C(1.0),06/03/26 23:00:00,Annual,Gross available energy,Solar photovoltaic,Gigawatt-hour,Lithuania,2017,68.000,,
ESTAT:NRG_BAL_C(1.0),06/03/26 23:00:00,Annual,Gross available energy,Solar photovoltaic,Gigawatt-hour,Lithuania,2018,86.600,,
ESTAT:NRG_BAL_C(1.0),06/03/26 23:00:00,Annual,Gross available energy,Solar photovoltaic,Gigawatt-hour,Lithuania,2019,91.100,,
ESTAT:NRG_BAL_C(1.0),06/03/26 23:00:00,Annual,Gross available energy,Solar photovoltaic,Gigawatt-hour,Lithuania,2020,128.800,,
ESTAT:NRG_BAL_C(1.0),06/03/26 23:00:00,Annual,Gross available energy,Solar photovoltaic,Gigawatt-hour,Lithuania,2021,190.800,,
ESTAT:NRG_BAL_C(1.0),06/03/26 23:00:00,Annual,Gross available energy,Solar photovoltaic,Gigawatt-hour,Lithuania,2022,342.000,,
ESTAT:NRG_BAL_C(1.0),06/03/26 23:00:00,Annual,Gross available energy,Solar photovoltaic,Gigawatt-hour,Lithuania,2023,688.400,,
ESTAT:NRG_BAL_C(1.0),06/03/26 23:00:00,Annual,Gross available energy,Solar photovoltaic,Gigawatt-hour,Lithuania,2024,1397.200,,
ESTAT:NRG_BAL_C(1.0),06/03/26 23:00:00,Annual,Gross available energy,Solar photovoltaic,Gigawatt-hour,Luxembourg,2005,17.698,,
ESTAT:NRG_BAL_C(1.0),06/03/26 23:00:00,Annual,Gross available energy,Solar photovoltaic,Gigawatt-hour,Luxembourg,2006,21.114,,
ESTAT:NRG_BAL_C(1.0),06/03/26 23:00:00,Annual,Gross available energy,Solar photovoltaic,Gigawatt-hour,Luxembourg,2007,20.901,,
ESTAT:NRG_BAL_C(1.0),06/03/26 23:00:00,Annual,Gross available energy,Solar photovoltaic,Gigawatt-hour,Luxembourg,2008,20.031,,
ESTAT:NRG_BAL_C(1.0),06/03/26 23:00:00,Annual,Gross available energy,Solar photovoltaic,Gigawatt-hour,Luxembourg,2009,20.316,,
ESTAT:NRG_BAL_C(1.0),06/03/26 23:00:00,Annual,Gross available energy,Solar photovoltaic,Gigawatt-hour,Luxembourg,2010,21.148,,
ESTAT:NRG_BAL_C(1.0),06/03/26 23:00:00,Annual,Gross available energy,Solar photovoltaic,Gigawatt-hour,Luxembourg,2011,25.744,,
ESTAT:NRG_BAL_C(1.0),06/03/26 23:00:00,Annual,Gross available energy,Solar photovoltaic,Gigawatt-hour,Luxembourg,2012,38.277,,
ESTAT:NRG_BAL_C(1.0),06/03/26 23:00:00,Annual,Gross available energy,Solar photovoltaic,Gigawatt-hour,Luxembourg,2013,73.738,,
ESTAT:NRG_BAL_C(1.0),06/03/26 23:00:00,Annual,Gross available energy,Solar photovoltaic,Gigawatt-hour,Luxembourg,2014,94.741,,
ESTAT:NRG_BAL_C(1.0),06/03/26 23:00:00,Annual,Gross available energy,Solar photovoltaic,Gigawatt-hour,Luxembourg,2015,103.721,,
ESTAT:NRG_BAL_C(1.0),06/03/26 23:00:00,Annual,Gross available energy,Solar photovoltaic,Gigawatt-hour,Luxembourg,2016,100.288,,
ESTAT:NRG_BAL_C(1.0),06/03/26 23:00:00,Annual,Gross available energy,Solar photovoltaic,Gigawatt-hour,Luxembourg,2017,108.463,,
ESTAT:NRG_BAL_C(1.0),06/03/26 23:00:00,Annual,Gross available energy,Solar photovoltaic,Gigawatt-hour,Luxembourg,2018,118.725,,
ESTAT:NRG_BAL_C(1.0),06/03/26 23:00:00,Annual,Gross available energy,Solar photovoltaic,Gigawatt-hour,Luxembourg,2019,130.385,,
ESTAT:NRG_BAL_C(1.0),06/03/26 23:00:00,Annual,Gross available energy,Solar photovoltaic,Gigawatt-hour,Luxembourg,2020,161.261,,
ESTAT:NRG_BAL_C(1.0),06/03/26 23:00:00,Annual,Gross available energy,Solar photovoltaic,Gigawatt-hour,Luxembourg,2021,180.187,,
ESTAT:NRG_BAL_C(1.0),06/03/26 23:00:00,Annual,Gross available energy,Solar photovoltaic,Gigawatt-hour,Luxembourg,2022,276.268,,
ESTAT:NRG_BAL_C(1.0),06/03/26 23:00:00,Annual,Gross available energy,Solar photovoltaic,Gigawatt-hour,Luxembourg,2023,293.914,,
ESTAT:NRG_BAL_C(1.0),06/03/26 23:00:00,Annual,Gross available energy,Solar photovoltaic,Gigawatt-hour,Luxembourg,2024,359.596,,
ESTAT:NRG_BAL_C(1.0),06/03/26 23:00:00,Annual,Gross available energy,Solar photovoltaic,Gigawatt-hour,Latvia,2005,0.000,,
ESTAT:NRG_BAL_C(1.0),06/03/26 23:00:00,Annual,Gross available energy,Solar photovoltaic,Gigawatt-hour,Latvia,2006,0.000,,
ESTAT:NRG_BAL_C(1.0),06/03/26 23:00:00,Annual,Gross available energy,Solar photovoltaic,Gigawatt-hour,Latvia,2007,0.000,,
ESTAT:NRG_BAL_C(1.0),06/03/26 23:00:00,Annual,Gross available energy,Solar photovoltaic,Gigawatt-hour,Latvia,2008,0.000,,
ESTAT:NRG_BAL_C(1.0),06/03/26 23:00:00,Annual,Gross available energy,Solar photovoltaic,Gigawatt-hour,Latvia,2009,0.000,,
ESTAT:NRG_BAL_C(1.0),06/03/26 23:00:00,Annual,Gross available energy,Solar photovoltaic,Gigawatt-hour,Latvia,2010,0.000,,
ESTAT:NRG_BAL_C(1.0),06/03/26 23:00:00,Annual,Gross available energy,Solar photovoltaic,Gigawatt-hour,Latvia,2011,0.000,,
ESTAT:NRG_BAL_C(1.0),06/03/26 23:00:00,Annual,Gross available energy,Solar photovoltaic,Gigawatt-hour,Latvia,2012,0.010,,
ESTAT:NRG_BAL_C(1.0),06/03/26 23:00:00,Annual,Gross available energy,Solar photovoltaic,Gigawatt-hour,Latvia,2013,0.067,,
ESTAT:NRG_BAL_C(1.0),06/03/26 23:00:00,Annual,Gross available energy,Solar photovoltaic,Gigawatt-hour,Latvia,2014,0.099,,
ESTAT:NRG_BAL_C(1.0),06/03/26 23:00:00,Annual,Gross available energy,Solar photovoltaic,Gigawatt-hour,Latvia,2015,0.235,,
ESTAT:NRG_BAL_C(1.0),06/03/26 23:00:00,Annual,Gross available energy,Solar photovoltaic,Gigawatt-hour,Latvia,2016,0.382,,
ESTAT:NRG_BAL_C(1.0),06/03/26 23:00:00,Annual,Gross available energy,Solar photovoltaic,Gigawatt-hour,Latvia,2017,0.440,,
ESTAT:NRG_BAL_C(1.0),06/03/26 23:00:00,Annual,Gross available energy,Solar photovoltaic,Gigawatt-hour,Latvia,2018,1.273,,
ESTAT:NRG_BAL_C(1.0),06/03/26 23:00:00,Annual,Gross available energy,Solar photovoltaic,Gigawatt-hour,Latvia,2019,3.137,,
ESTAT:NRG_BAL_C(1.0),06/03/26 23:00:00,Annual,Gross available energy,Solar photovoltaic,Gigawatt-hour,Latvia,2020,4.847,,
ESTAT:NRG_BAL_C(1.0),06/03/26 23:00:00,Annual,Gross available energy,Solar photovoltaic,Gigawatt-hour,Latvia,2021,6.797,,
ESTAT:NRG_BAL_C(1.0),06/03/26 23:00:00,Annual,Gross available energy,Solar photovoltaic,Gigawatt-hour,Latvia,2022,75.163,,
ESTAT:NRG_BAL_C(1.0),06/03/26 23:00:00,Annual,Gross available energy,Solar photovoltaic,Gigawatt-hour,Latvia,2023,239.068,,
ESTAT:NRG_BAL_C(1.0),06/03/26 23:00:00,Annual,Gross available energy,Solar photovoltaic,Gigawatt-hour,Latvia,2024,536.379,,
ESTAT:NRG_BAL_C(1.0),06/03/26 23:00:00,Annual,Gross available energy,Solar photovoltaic,Gigawatt-hour,Malta,2005,0.000,,
ESTAT:NRG_BAL_C(1.0),06/03/26 23:00:00,Annual,Gross available energy,Solar photovoltaic,Gigawatt-hour,Malta,2006,0.000,,
ESTAT:NRG_BAL_C(1.0),06/03/26 23:00:00,Annual,Gross available energy,Solar photovoltaic,Gigawatt-hour,Malta,2007,0.000,,
ESTAT:NRG_BAL_C(1.0),06/03/26 23:00:00,Annual,Gross available energy,Solar photovoltaic,Gigawatt-hour,Malta,2008,0.000,,
ESTAT:NRG_BAL_C(1.0),06/03/26 23:00:00,Annual,Gross available energy,Solar photovoltaic,Gigawatt-hour,Malta,2009,0.000,,
ESTAT:NRG_BAL_C(1.0),06/03/26 23:00:00,Annual,Gross available energy,Solar photovoltaic,Gigawatt-hour,Malta,2010,0.680,,
ESTAT:NRG_BAL_C(1.0),06/03/26 23:00:00,Annual,Gross available energy,Solar photovoltaic,Gigawatt-hour,Malta,2011,4.990,,
ESTAT:NRG_BAL_C(1.0),06/03/26 23:00:00,Annual,Gross available energy,Solar photovoltaic,Gigawatt-hour,Malta,2012,16.690,,
ESTAT:NRG_BAL_C(1.0),06/03/26 23:00:00,Annual,Gross available energy,Solar photovoltaic,Gigawatt-hour,Malta,2013,29.470,,
ESTAT:NRG_BAL_C(1.0),06/03/26 23:00:00,Annual,Gross available energy,Solar photovoltaic,Gigawatt-hour,Malta,2014,68.380,,
ESTAT:NRG_BAL_C(1.0),06/03/26 23:00:00,Annual,Gross available energy,Solar photovoltaic,Gigawatt-hour,Malta,2015,94.990,,
ESTAT:NRG_BAL_C(1.0),06/03/26 23:00:00,Annual,Gross available energy,Solar photovoltaic,Gigawatt-hour,Malta,2016,127.885,,
ESTAT:NRG_BAL_C(1.0),06/03/26 23:00:00,Annual,Gross available energy,Solar photovoltaic,Gigawatt-hour,Malta,2017,162.261,,
ESTAT:NRG_BAL_C(1.0),06/03/26 23:00:00,Annual,Gross available energy,Solar photovoltaic,Gigawatt-hour,Malta,2018,189.981,,
ESTAT:NRG_BAL_C(1.0),06/03/26 23:00:00,Annual,Gross available energy,Solar photovoltaic,Gigawatt-hour,Malta,2019,195.386,,
ESTAT:NRG_BAL_C(1.0),06/03/26 23:00:00,Annual,Gross available energy,Solar photovoltaic,Gigawatt-hour,Malta,2020,236.866,,
ESTAT:NRG_BAL_C(1.0),06/03/26 23:00:00,Annual,Gross available energy,Solar photovoltaic,Gigawatt-hour,Malta,2021,255.754,,
ESTAT:NRG_BAL_C(1.0),06/03/26 23:00:00,Annual,Gross available energy,Solar photovoltaic,Gigawatt-hour,Malta,2022,288.972,,
ESTAT:NRG_BAL_C(1.0),06/03/26 23:00:00,Annual,Gross available energy,Solar photovoltaic,Gigawatt-hour,Malta,2023,308.621,,
ESTAT:NRG_BAL_C(1.0),06/03/26 23:00:00,Annual,Gross available energy,Solar photovoltaic,Gigawatt-hour,Malta,2024,326.676,,
ESTAT:NRG_BAL_C(1.0),06/03/26 23:00:00,Annual,Gross available energy,Solar photovoltaic,Gigawatt-hour,Netherlands,2005,35.426,,
ESTAT:NRG_BAL_C(1.0),06/03/26 23:00:00,Annual,Gross available energy,Solar photovoltaic,Gigawatt-hour,Netherlands,2006,36.543,,
ESTAT:NRG_BAL_C(1.0),06/03/26 23:00:00,Annual,Gross available energy,Solar photovoltaic,Gigawatt-hour,Netherlands,2007,37.565,,
ESTAT:NRG_BAL_C(1.0),06/03/26 23:00:00,Annual,Gross available energy,Solar photovoltaic,Gigawatt-hour,Netherlands,2008,39.610,,
ESTAT:NRG_BAL_C(1.0),06/03/26 23:00:00,Annual,Gross available energy,Solar photovoltaic,Gigawatt-hour,Netherlands,2009,44.900,,
ESTAT:NRG_BAL_C(1.0),06/03/26 23:00:00,Annual,Gross available energy,Solar photovoltaic,Gigawatt-hour,Netherlands,2010,55.872,,
ESTAT:NRG_BAL_C(1.0),06/03/26 23:00:00,Annual,Gross available energy,Solar photovoltaic,Gigawatt-hour,Netherlands,2011,104.471,,
ESTAT:NRG_BAL_C(1.0),06/03/26 23:00:00,Annual,Gross available energy,Solar photovoltaic,Gigawatt-hour,Netherlands,2012,190.644,,
ESTAT:NRG_BAL_C(1.0),06/03/26 23:00:00,Annual,Gross available energy,Solar photovoltaic,Gigawatt-hour,Netherlands,2013,409.998,,
ESTAT:NRG_BAL_C(1.0),06/03/26 23:00:00,Annual,Gross available energy,Solar photovoltaic,Gigawatt-hour,Netherlands,2014,725.161,,
ESTAT:NRG_BAL_C(1.0),06/03/26 23:00:00,Annual,Gross available energy,Solar photovoltaic,Gigawatt-hour,Netherlands,2015,1108.520,,
ESTAT:NRG_BAL_C(1.0),06/03/26 23:00:00,Annual,Gross available energy,Solar photovoltaic,Gigawatt-hour,Netherlands,2016,1601.808,,
ESTAT:NRG_BAL_C(1.0),06/03/26 23:00:00,Annual,Gross available energy,Solar photovoltaic,Gigawatt-hour,Netherlands,2017,2204.346,,
ESTAT:NRG_BAL_C(1.0),06/03/26 23:00:00,Annual,Gross available energy,Solar photovoltaic,Gigawatt-hour,Netherlands,2018,3707.792,,
ESTAT:NRG_BAL_C(1.0),06/03/26 23:00:00,Annual,Gross available energy,Solar photovoltaic,Gigawatt-hour,Netherlands,2019,5399.406,,
ESTAT:NRG_BAL_C(1.0),06/03/26 23:00:00,Annual,Gross available energy,Solar photovoltaic,Gigawatt-hour,Netherlands,2020,8567.013,,
ESTAT:NRG_BAL_C(1.0),06/03/26 23:00:00,Annual,Gross available energy,Solar photovoltaic,Gigawatt-hour,Netherlands,2021,11303.873,,
ESTAT:NRG_BAL_C(1.0),06/03/26 23:00:00,Annual,Gross available energy,Solar photovoltaic,Gigawatt-hour,Netherlands,2022,16656.805,,
ESTAT:NRG_BAL_C(1.0),06/03/26 23:00:00,Annual,Gross available energy,Solar photovoltaic,Gigawatt-hour,Netherlands,2023,19607.192,,
ESTAT:NRG_BAL_C(1.0),06/03/26 23:00:00,Annual,Gross available energy,Solar photovoltaic,Gigawatt-hour,Netherlands,2024,21822.202,,
ESTAT:NRG_BAL_C(1.0),06/03/26 23:00:00,Annual,Gross available energy,Solar photovoltaic,Gigawatt-hour,Poland,2005,0.000,,
ESTAT:NRG_BAL_C(1.0),06/03/26 23:00:00,Annual,Gross available energy,Solar photovoltaic,Gigawatt-hour,Poland,2006,0.000,,
ESTAT:NRG_BAL_C(1.0),06/03/26 23:00:00,Annual,Gross available energy,Solar photovoltaic,Gigawatt-hour,Poland,2007,0.000,,
ESTAT:NRG_BAL_C(1.0),06/03/26 23:00:00,Annual,Gross available energy,Solar photovoltaic,Gigawatt-hour,Poland,2008,0.000,,
ESTAT:NRG_BAL_C(1.0),06/03/26 23:00:00,Annual,Gross available energy,Solar photovoltaic,Gigawatt-hour,Poland,2009,0.000,,
ESTAT:NRG_BAL_C(1.0),06/03/26 23:00:00,Annual,Gross available energy,Solar photovoltaic,Gigawatt-hour,Poland,2010,0.000,,
ESTAT:NRG_BAL_C(1.0),06/03/26 23:00:00,Annual,Gross available energy,Solar photovoltaic,Gigawatt-hour,Poland,2011,0.175,,
ESTAT:NRG_BAL_C(1.0),06/03/26 23:00:00,Annual,Gross available energy,Solar photovoltaic,Gigawatt-hour,Poland,2012,1.141,,
ESTAT:NRG_BAL_C(1.0),06/03/26 23:00:00,Annual,Gross available energy,Solar photovoltaic,Gigawatt-hour,Poland,2013,1.482,,
ESTAT:NRG_BAL_C(1.0),06/03/26 23:00:00,Annual,Gross available energy,Solar photovoltaic,Gigawatt-hour,Poland,2014,6.891,,
ESTAT:NRG_BAL_C(1.0),06/03/26 23:00:00,Annual,Gross available energy,Solar photovoltaic,Gigawatt-hour,Poland,2015,56.639,,
ESTAT:NRG_BAL_C(1.0),06/03/26 23:00:00,Annual,Gross available energy,Solar photovoltaic,Gigawatt-hour,Poland,2016,123.875,,
ESTAT:NRG_BAL_C(1.0),06/03/26 23:00:00,Annual,Gross available energy,Solar photovoltaic,Gigawatt-hour,Poland,2017,165.463,,
ESTAT:NRG_BAL_C(1.0),06/03/26 23:00:00,Annual,Gross available energy,Solar photovoltaic,Gigawatt-hour,Poland,2018,300.488,,
ESTAT:NRG_BAL_C(1.0),06/03/26 23:00:00,Annual,Gross available energy,Solar photovoltaic,Gigawatt-hour,Poland,2019,710.673,,
ESTAT:NRG_BAL_C(1.0),06/03/26 23:00:00,Annual,Gross available energy,Solar photovoltaic,Gigawatt-hour,Poland,2020,1957.916,,
ESTAT:NRG_BAL_C(1.0),06/03/26 23:00:00,Annual,Gross available energy,Solar photovoltaic,Gigawatt-hour,Poland,2021,3934.448,,
ESTAT:NRG_BAL_C(1.0),06/03/26 23:00:00,Annual,Gross available energy,Solar photovoltaic,Gigawatt-hour,Poland,2022,8309.670,,
ESTAT:NRG_BAL_C(1.0),06/03/26 23:00:00,Annual,Gross available energy,Solar photovoltaic,Gigawatt-hour,Poland,2023,11107.089,,
ESTAT:NRG_BAL_C(1.0),06/03/26 23:00:00,Annual,Gross available energy,Solar photovoltaic,Gigawatt-hour,Poland,2024,17662.760,,
ESTAT:NRG_BAL_C(1.0),06/03/26 23:00:00,Annual,Gross available energy,Solar photovoltaic,Gigawatt-hour,Portugal,2005,3.000,,
ESTAT:NRG_BAL_C(1.0),06/03/26 23:00:00,Annual,Gross available energy,Solar photovoltaic,Gigawatt-hour,Portugal,2006,4.800,,
ESTAT:NRG_BAL_C(1.0),06/03/26 23:00:00,Annual,Gross available energy,Solar photovoltaic,Gigawatt-hour,Portugal,2007,24.000,,
ESTAT:NRG_BAL_C(1.0),06/03/26 23:00:00,Annual,Gross available energy,Solar photovoltaic,Gigawatt-hour,Portugal,2008,40.534,,
ESTAT:NRG_BAL_C(1.0),06/03/26 23:00:00,Annual,Gross available energy,Solar photovoltaic,Gigawatt-hour,Portugal,2009,160.000,,
ESTAT:NRG_BAL_C(1.0),06/03/26 23:00:00,Annual,Gross available energy,Solar photovoltaic,Gigawatt-hour,Portugal,2010,211.330,,
ESTAT:NRG_BAL_C(1.0),06/03/26 23:00:00,Annual,Gross available energy,Solar photovoltaic,Gigawatt-hour,Portugal,2011,279.929,,
ESTAT:NRG_BAL_C(1.0),06/03/26 23:00:00,Annual,Gross available energy,Solar photovoltaic,Gigawatt-hour,Portugal,2012,392.645,,
ESTAT:NRG_BAL_C(1.0),06/03/26 23:00:00,Annual,Gross available energy,Solar photovoltaic,Gigawatt-hour,Portugal,2013,479.140,,
ESTAT:NRG_BAL_C(1.0),06/03/26 23:00:00,Annual,Gross available energy,Solar photovoltaic,Gigawatt-hour,Portugal,2014,627.316,,
ESTAT:NRG_BAL_C(1.0),06/03/26 23:00:00,Annual,Gross available energy,Solar photovoltaic,Gigawatt-hour,Portugal,2015,796.155,,
ESTAT:NRG_BAL_C(1.0),06/03/26 23:00:00,Annual,Gross available energy,Solar photovoltaic,Gigawatt-hour,Portugal,2016,870.603,,
ESTAT:NRG_BAL_C(1.0),06/03/26 23:00:00,Annual,Gross available energy,Solar photovoltaic,Gigawatt-hour,Portugal,2017,991.546,,
ESTAT:NRG_BAL_C(1.0),06/03/26 23:00:00,Annual,Gross available energy,Solar photovoltaic,Gigawatt-hour,Portugal,2018,1005.897,,
ESTAT:NRG_BAL_C(1.0),06/03/26 23:00:00,Annual,Gross available energy,Solar photovoltaic,Gigawatt-hour,Portugal,2019,1342.252,,
ESTAT:NRG_BAL_C(1.0),06/03/26 23:00:00,Annual,Gross available energy,Solar photovoltaic,Gigawatt-hour,Portugal,2020,1715.590,,
ESTAT:NRG_BAL_C(1.0),06/03/26 23:00:00,Annual,Gross available energy,Solar photovoltaic,Gigawatt-hour,Portugal,2021,2237.164,,
ESTAT:NRG_BAL_C(1.0),06/03/26 23:00:00,Annual,Gross available energy,Solar photovoltaic,Gigawatt-hour,Portugal,2022,3519.034,,
ESTAT:NRG_BAL_C(1.0),06/03/26 23:00:00,Annual,Gross available energy,Solar photovoltaic,Gigawatt-hour,Portugal,2023,5160.143,,
ESTAT:NRG_BAL_C(1.0),06/03/26 23:00:00,Annual,Gross available energy,Solar photovoltaic,Gigawatt-hour,Portugal,2024,7088.010,,
ESTAT:NRG_BAL_C(1.0),06/03/26 23:00:00,Annual,Gross available energy,Solar photovoltaic,Gigawatt-hour,Romania,2005,0.000,,
ESTAT:NRG_BAL_C(1.0),06/03/26 23:00:00,Annual,Gross available energy,Solar photovoltaic,Gigawatt-hour,Romania,2006,0.000,,
ESTAT:NRG_BAL_C(1.0),06/03/26 23:00:00,Annual,Gross available energy,Solar photovoltaic,Gigawatt-hour,Romania,2007,0.000,,
ESTAT:NRG_BAL_C(1.0),06/03/26 23:00:00,Annual,Gross available energy,Solar photovoltaic,Gigawatt-hour,Romania,2008,0.008,,
ESTAT:NRG_BAL_C(1.0),06/03/26 23:00:00,Annual,Gross available energy,Solar photovoltaic,Gigawatt-hour,Romania,2009,0.025,,
ESTAT:NRG_BAL_C(1.0),06/03/26 23:00:00,Annual,Gross available energy,Solar photovoltaic,Gigawatt-hour,Romania,2010,0.036,,
ESTAT:NRG_BAL_C(1.0),06/03/26 23:00:00,Annual,Gross available energy,Solar photovoltaic,Gigawatt-hour,Romania,2011,1.427,,
ESTAT:NRG_BAL_C(1.0),06/03/26 23:00:00,Annual,Gross available energy,Solar photovoltaic,Gigawatt-hour,Romania,2012,7.998,,
ESTAT:NRG_BAL_C(1.0),06/03/26 23:00:00,Annual,Gross available energy,Solar photovoltaic,Gigawatt-hour,Romania,2013,420.162,,
ESTAT:NRG_BAL_C(1.0),06/03/26 23:00:00,Annual,Gross available energy,Solar photovoltaic,Gigawatt-hour,Romania,2014,1615.991,,
ESTAT:NRG_BAL_C(1.0),06/03/26 23:00:00,Annual,Gross available energy,Solar photovoltaic,Gigawatt-hour,Romania,2015,1982.000,,
ESTAT:NRG_BAL_C(1.0),06/03/26 23:00:00,Annual,Gross available energy,Solar photovoltaic,Gigawatt-hour,Romania,2016,1819.742,,
ESTAT:NRG_BAL_C(1.0),06/03/26 23:00:00,Annual,Gross available energy,Solar photovoltaic,Gigawatt-hour,Romania,2017,1855.674,,
ESTAT:NRG_BAL_C(1.0),06/03/26 23:00:00,Annual,Gross available energy,Solar photovoltaic,Gigawatt-hour,Romania,2018,1771.027,,
ESTAT:NRG_BAL_C(1.0),06/03/26 23:00:00,Annual,Gross available energy,Solar photovoltaic,Gigawatt-hour,Romania,2019,1777.615,,
ESTAT:NRG_BAL_C(1.0),06/03/26 23:00:00,Annual,Gross available energy,Solar photovoltaic,Gigawatt-hour,Romania,2020,1733.375,,
ESTAT:NRG_BAL_C(1.0),06/03/26 23:00:00,Annual,Gross available energy,Solar photovoltaic,Gigawatt-hour,Romania,2021,1703.350,,
ESTAT:NRG_BAL_C(1.0),06/03/26 23:00:00,Annual,Gross available energy,Solar photovoltaic,Gigawatt-hour,Romania,2022,1988.419,,
ESTAT:NRG_BAL_C(1.0),06/03/26 23:00:00,Annual,Gross available energy,Solar photovoltaic,Gigawatt-hour,Romania,2023,2227.050,,
ESTAT:NRG_BAL_C(1.0),06/03/26 23:00:00,Annual,Gross available energy,Solar photovoltaic,Gigawatt-hour,Romania,2024,3422.688,,
ESTAT:NRG_BAL_C(1.0),06/03/26 23:00:00,Annual,Gross available energy,Solar photovoltaic,Gigawatt-hour,Sweden,2005,2.127,,
ESTAT:NRG_BAL_C(1.0),06/03/26 23:00:00,Annual,Gross available energy,Solar photovoltaic,Gigawatt-hour,Sweden,2006,2.430,,
ESTAT:NRG_BAL_C(1.0),06/03/26 23:00:00,Annual,Gross available energy,Solar photovoltaic,Gigawatt-hour,Sweden,2007,3.139,,
ESTAT:NRG_BAL_C(1.0),06/03/26 23:00:00,Annual,Gross available energy,Solar photovoltaic,Gigawatt-hour,Sweden,2008,4.000,,
ESTAT:NRG_BAL_C(1.0),06/03/26 23:00:00,Annual,Gross available energy,Solar photovoltaic,Gigawatt-hour,Sweden,2009,7.000,,
ESTAT:NRG_BAL_C(1.0),06/03/26 23:00:00,Annual,Gross available energy,Solar photovoltaic,Gigawatt-hour,Sweden,2010,8.600,,
ESTAT:NRG_BAL_C(1.0),06/03/26 23:00:00,Annual,Gross available energy,Solar photovoltaic,Gigawatt-hour,Sweden,2011,11.000,,
ESTAT:NRG_BAL_C(1.0),06/03/26 23:00:00,Annual,Gross available energy,Solar photovoltaic,Gigawatt-hour,Sweden,2012,19.000,,
ESTAT:NRG_BAL_C(1.0),06/03/26 23:00:00,Annual,Gross available energy,Solar photovoltaic,Gigawatt-hour,Sweden,2013,35.000,,
ESTAT:NRG_BAL_C(1.0),06/03/26 23:00:00,Annual,Gross available energy,Solar photovoltaic,Gigawatt-hour,Sweden,2014,47.000,,
ESTAT:NRG_BAL_C(1.0),06/03/26 23:00:00,Annual,Gross available energy,Solar photovoltaic,Gigawatt-hour,Sweden,2015,97.000,,
ESTAT:NRG_BAL_C(1.0),06/03/26 23:00:00,Annual,Gross available energy,Solar photovoltaic,Gigawatt-hour,Sweden,2016,143.000,,
ESTAT:NRG_BAL_C(1.0),06/03/26 23:00:00,Annual,Gross available energy,Solar photovoltaic,Gigawatt-hour,Sweden,2017,230.000,,
ESTAT:NRG_BAL_C(1.0),06/03/26 23:00:00,Annual,Gross available energy,Solar photovoltaic,Gigawatt-hour,Sweden,2018,407.000,,
ESTAT:NRG_BAL_C(1.0),06/03/26 23:00:00,Annual,Gross available energy,Solar photovoltaic,Gigawatt-hour,Sweden,2019,679.000,,
ESTAT:NRG_BAL_C(1.0),06/03/26 23:00:00,Annual,Gross available energy,Solar photovoltaic,Gigawatt-hour,Sweden,2020,1051.000,,
ESTAT:NRG_BAL_C(1.0),06/03/26 23:00:00,Annual,Gross available energy,Solar photovoltaic,Gigawatt-hour,Sweden,2021,1526.000,,
ESTAT:NRG_BAL_C(1.0),06/03/26 23:00:00,Annual,Gross available energy,Solar photovoltaic,Gigawatt-hour,Sweden,2022,1980.000,,
ESTAT:NRG_BAL_C(1.0),06/03/26 23:00:00,Annual,Gross available energy,Solar photovoltaic,Gigawatt-hour,Sweden,2023,3114.000,,
ESTAT:NRG_BAL_C(1.0),06/03/26 23:00:00,Annual,Gross available energy,Solar photovoltaic,Gigawatt-hour,Sweden,2024,4163.000,,
ESTAT:NRG_BAL_C(1.0),06/03/26 23:00:00,Annual,Gross available energy,Solar photovoltaic,Gigawatt-hour,Slovenia,2005,0.035,,
ESTAT:NRG_BAL_C(1.0),06/03/26 23:00:00,Annual,Gross available energy,Solar photovoltaic,Gigawatt-hour,Slovenia,2006,0.143,,
ESTAT:NRG_BAL_C(1.0),06/03/26 23:00:00,Annual,Gross available energy,Solar photovoltaic,Gigawatt-hour,Slovenia,2007,0.432,,
ESTAT:NRG_BAL_C(1.0),06/03/26 23:00:00,Annual,Gross available energy,Solar photovoltaic,Gigawatt-hour,Slovenia,2008,0.737,,
ESTAT:NRG_BAL_C(1.0),06/03/26 23:00:00,Annual,Gross available energy,Solar photovoltaic,Gigawatt-hour,Slovenia,2009,3.974,,
ESTAT:NRG_BAL_C(1.0),06/03/26 23:00:00,Annual,Gross available energy,Solar photovoltaic,Gigawatt-hour,Slovenia,2010,12.861,,
ESTAT:NRG_BAL_C(1.0),06/03/26 23:00:00,Annual,Gross available energy,Solar photovoltaic,Gigawatt-hour,Slovenia,2011,65.704,,
ESTAT:NRG_BAL_C(1.0),06/03/26 23:00:00,Annual,Gross available energy,Solar photovoltaic,Gigawatt-hour,Slovenia,2012,162.806,,
ESTAT:NRG_BAL_C(1.0),06/03/26 23:00:00,Annual,Gross available energy,Solar photovoltaic,Gigawatt-hour,Slovenia,2013,215.064,,
ESTAT:NRG_BAL_C(1.0),06/03/26 23:00:00,Annual,Gross available energy,Solar photovoltaic,Gigawatt-hour,Slovenia,2014,256.819,,
ESTAT:NRG_BAL_C(1.0),06/03/26 23:00:00,Annual,Gross available energy,Solar photovoltaic,Gigawatt-hour,Slovenia,2015,274.232,,
ESTAT:NRG_BAL_C(1.0),06/03/26 23:00:00,Annual,Gross available energy,Solar photovoltaic,Gigawatt-hour,Slovenia,2016,267.472,,
ESTAT:NRG_BAL_C(1.0),06/03/26 23:00:00,Annual,Gross available energy,Solar photovoltaic,Gigawatt-hour,Slovenia,2017,283.867,,
ESTAT:NRG_BAL_C(1.0),06/03/26 23:00:00,Annual,Gross available energy,Solar photovoltaic,Gigawatt-hour,Slovenia,2018,254.961,,
ESTAT:NRG_BAL_C(1.0),06/03/26 23:00:00,Annual,Gross available energy,Solar photovoltaic,Gigawatt-hour,Slovenia,2019,303.039,,
ESTAT:NRG_BAL_C(1.0),06/03/26 23:00:00,Annual,Gross available energy,Solar photovoltaic,Gigawatt-hour,Slovenia,2020,368.196,,
ESTAT:NRG_BAL_C(1.0),06/03/26 23:00:00,Annual,Gross available energy,Solar photovoltaic,Gigawatt-hour,Slovenia,2021,453.113,,
ESTAT:NRG_BAL_C(1.0),06/03/26 23:00:00,Annual,Gross available energy,Solar photovoltaic,Gigawatt-hour,Slovenia,2022,645.587,,
ESTAT:NRG_BAL_C(1.0),06/03/26 23:00:00,Annual,Gross available energy,Solar photovoltaic,Gigawatt-hour,Slovenia,2023,984.359,,
ESTAT:NRG_BAL_C(1.0),06/03/26 23:00:00,Annual,Gross available energy,Solar photovoltaic,Gigawatt-hour,Slovenia,2024,1268.145,,
ESTAT:NRG_BAL_C(1.0),06/03/26 23:00:00,Annual,Gross available energy,Solar photovoltaic,Gigawatt-hour,Slovakia,2005,0.000,,
ESTAT:NRG_BAL_C(1.0),06/03/26 23:00:00,Annual,Gross available energy,Solar photovoltaic,Gigawatt-hour,Slovakia,2006,0.000,,
ESTAT:NRG_BAL_C(1.0),06/03/26 23:00:00,Annual,Gross available energy,Solar photovoltaic,Gigawatt-hour,Slovakia,2007,0.000,,
ESTAT:NRG_BAL_C(1.0),06/03/26 23:00:00,Annual,Gross available energy,Solar photovoltaic,Gigawatt-hour,Slovakia,2008,0.000,,
ESTAT:NRG_BAL_C(1.0),06/03/26 23:00:00,Annual,Gross available energy,Solar photovoltaic,Gigawatt-hour,Slovakia,2009,0.000,,
ESTAT:NRG_BAL_C(1.0),06/03/26 23:00:00,Annual,Gross available energy,Solar photovoltaic,Gigawatt-hour,Slovakia,2010,16.942,,
ESTAT:NRG_BAL_C(1.0),06/03/26 23:00:00,Annual,Gross available energy,Solar photovoltaic,Gigawatt-hour,Slovakia,2011,397.000,,
ESTAT:NRG_BAL_C(1.0),06/03/26 23:00:00,Annual,Gross available energy,Solar photovoltaic,Gigawatt-hour,Slovakia,2012,424.000,,
ESTAT:NRG_BAL_C(1.0),06/03/26 23:00:00,Annual,Gross available energy,Solar photovoltaic,Gigawatt-hour,Slovakia,2013,588.000,,
ESTAT:NRG_BAL_C(1.0),06/03/26 23:00:00,Annual,Gross available energy,Solar photovoltaic,Gigawatt-hour,Slovakia,2014,597.000,,
ESTAT:NRG_BAL_C(1.0),06/03/26 23:00:00,Annual,Gross available energy,Solar photovoltaic,Gigawatt-hour,Slovakia,2015,506.000,,
ESTAT:NRG_BAL_C(1.0),06/03/26 23:00:00,Annual,Gross available energy,Solar photovoltaic,Gigawatt-hour,Slovakia,2016,533.000,,
ESTAT:NRG_BAL_C(1.0),06/03/26 23:00:00,Annual,Gross available energy,Solar photovoltaic,Gigawatt-hour,Slovakia,2017,506.000,,
ESTAT:NRG_BAL_C(1.0),06/03/26 23:00:00,Annual,Gross available energy,Solar photovoltaic,Gigawatt-hour,Slovakia,2018,585.000,,
ESTAT:NRG_BAL_C(1.0),06/03/26 23:00:00,Annual,Gross available energy,Solar photovoltaic,Gigawatt-hour,Slovakia,2019,589.000,,
ESTAT:NRG_BAL_C(1.0),06/03/26 23:00:00,Annual,Gross available energy,Solar photovoltaic,Gigawatt-hour,Slovakia,2020,663.000,,
ESTAT:NRG_BAL_C(1.0),06/03/26 23:00:00,Annual,Gross available energy,Solar photovoltaic,Gigawatt-hour,Slovakia,2021,671.000,,
ESTAT:NRG_BAL_C(1.0),06/03/26 23:00:00,Annual,Gross available energy,Solar photovoltaic,Gigawatt-hour,Slovakia,2022,650.000,,
ESTAT:NRG_BAL_C(1.0),06/03/26 23:00:00,Annual,Gross available energy,Solar photovoltaic,Gigawatt-hour,Slovakia,2023,605.000,,
ESTAT:NRG_BAL_C(1.0),06/03/26 23:00:00,Annual,Gross available energy,Solar photovoltaic,Gigawatt-hour,Slovakia,2024,694.000,,
ESTAT:NRG_BAL_C(1.0),06/03/26 23:00:00,Annual,Primary production,Nuclear heat,Gigawatt-hour,Austria,2005,0.000,,
ESTAT:NRG_BAL_C(1.0),06/03/26 23:00:00,Annual,Primary production,Nuclear heat,Gigawatt-hour,Austria,2006,0.000,,
ESTAT:NRG_BAL_C(1.0),06/03/26 23:00:00,Annual,Primary production,Nuclear heat,Gigawatt-hour,Austria,2007,0.000,,
ESTAT:NRG_BAL_C(1.0),06/03/26 23:00:00,Annual,Primary production,Nuclear heat,Gigawatt-hour,Austria,2008,0.000,,
ESTAT:NRG_BAL_C(1.0),06/03/26 23:00:00,Annual,Primary production,Nuclear heat,Gigawatt-hour,Austria,2009,0.000,,
ESTAT:NRG_BAL_C(1.0),06/03/26 23:00:00,Annual,Primary production,Nuclear heat,Gigawatt-hour,Austria,2010,0.000,,
ESTAT:NRG_BAL_C(1.0),06/03/26 23:00:00,Annual,Primary production,Nuclear heat,Gigawatt-hour,Austria,2011,0.000,,
ESTAT:NRG_BAL_C(1.0),06/03/26 23:00:00,Annual,Primary production,Nuclear heat,Gigawatt-hour,Austria,2012,0.000,,
ESTAT:NRG_BAL_C(1.0),06/03/26 23:00:00,Annual,Primary production,Nuclear heat,Gigawatt-hour,Austria,2013,0.000,,
ESTAT:NRG_BAL_C(1.0),06/03/26 23:00:00,Annual,Primary production,Nuclear heat,Gigawatt-hour,Austria,2014,0.000,,
ESTAT:NRG_BAL_C(1.0),06/03/26 23:00:00,Annual,Primary production,Nuclear heat,Gigawatt-hour,Austria,2015,0.000,,
ESTAT:NRG_BAL_C(1.0),06/03/26 23:00:00,Annual,Primary production,Nuclear heat,Gigawatt-hour,Austria,2016,0.000,,
ESTAT:NRG_BAL_C(1.0),06/03/26 23:00:00,Annual,Primary production,Nuclear heat,Gigawatt-hour,Austria,2017,0.000,,
ESTAT:NRG_BAL_C(1.0),06/03/26 23:00:00,Annual,Primary production,Nuclear heat,Gigawatt-hour,Austria,2018,0.000,,
ESTAT:NRG_BAL_C(1.0),06/03/26 23:00:00,Annual,Primary production,Nuclear heat,Gigawatt-hour,Austria,2019,0.000,,
ESTAT:NRG_BAL_C(1.0),06/03/26 23:00:00,Annual,Primary production,Nuclear heat,Gigawatt-hour,Austria,2020,0.000,,
ESTAT:NRG_BAL_C(1.0),06/03/26 23:00:00,Annual,Primary production,Nuclear heat,Gigawatt-hour,Austria,2021,0.000,,
ESTAT:NRG_BAL_C(1.0),06/03/26 23:00:00,Annual,Primary production,Nuclear heat,Gigawatt-hour,Austria,2022,0.000,,
ESTAT:NRG_BAL_C(1.0),06/03/26 23:00:00,Annual,Primary production,Nuclear heat,Gigawatt-hour,Austria,2023,0.000,,
ESTAT:NRG_BAL_C(1.0),06/03/26 23:00:00,Annual,Primary production,Nuclear heat,Gigawatt-hour,Austria,2024,0.000,,
ESTAT:NRG_BAL_C(1.0),06/03/26 23:00:00,Annual,Primary production,Nuclear heat,Gigawatt-hour,Belgium,2005,142785.000,,
ESTAT:NRG_BAL_C(1.0),06/03/26 23:00:00,Annual,Primary production,Nuclear heat,Gigawatt-hour,Belgium,2006,139935.000,,
ESTAT:NRG_BAL_C(1.0),06/03/26 23:00:00,Annual,Primary production,Nuclear heat,Gigawatt-hour,Belgium,2007,144681.000,,
ESTAT:NRG_BAL_C(1.0),06/03/26 23:00:00,Annual,Primary production,Nuclear heat,Gigawatt-hour,Belgium,2008,136704.000,,
ESTAT:NRG_BAL_C(1.0),06/03/26 23:00:00,Annual,Primary production,Nuclear heat,Gigawatt-hour,Belgium,2009,137853.728,,
ESTAT:NRG_BAL_C(1.0),06/03/26 23:00:00,Annual,Primary production,Nuclear heat,Gigawatt-hour,Belgium,2010,135010.960,,
ESTAT:NRG_BAL_C(1.0),06/03/26 23:00:00,Annual,Primary production,Nuclear heat,Gigawatt-hour,Belgium,2011,136078.106,,
ESTAT:NRG_BAL_C(1.0),06/03/26 23:00:00,Annual,Primary production,Nuclear heat,Gigawatt-hour,Belgium,2012,113570.590,,
ESTAT:NRG_BAL_C(1.0),06/03/26 23:00:00,Annual,Primary production,Nuclear heat,Gigawatt-hour,Belgium,2013,120213.425,,
ESTAT:NRG_BAL_C(1.0),06/03/26 23:00:00,Annual,Primary production,Nuclear heat,Gigawatt-hour,Belgium,2014,95089.636,,
ESTAT:NRG_BAL_C(1.0),06/03/26 23:00:00,Annual,Primary production,Nuclear heat,Gigawatt-hour,Belgium,2015,73073.360,,
ESTAT:NRG_BAL_C(1.0),06/03/26 23:00:00,Annual,Primary production,Nuclear heat,Gigawatt-hour,Belgium,2016,123149.686,,
ESTAT:NRG_BAL_C(1.0),06/03/26 23:00:00,Annual,Primary production,Nuclear heat,Gigawatt-hour,Belgium,2017,119785.627,,
ESTAT:NRG_BAL_C(1.0),06/03/26 23:00:00,Annual,Primary production,Nuclear heat,Gigawatt-hour,Belgium,2018,80954.825,,
ESTAT:NRG_BAL_C(1.0),06/03/26 23:00:00,Annual,Primary production,Nuclear heat,Gigawatt-hour,Belgium,2019,123202.928,,
ESTAT:NRG_BAL_C(1.0),06/03/26 23:00:00,Annual,Primary production,Nuclear heat,Gigawatt-hour,Belgium,2020,97354.904,,
ESTAT:NRG_BAL_C(1.0),06/03/26 23:00:00,Annual,Primary production,Nuclear heat,Gigawatt-hour,Belgium,2021,142156.025,,
ESTAT:NRG_BAL_C(1.0),06/03/26 23:00:00,Annual,Primary production,Nuclear heat,Gigawatt-hour,Belgium,2022,124412.518,,
ESTAT:NRG_BAL_C(1.0),06/03/26 23:00:00,Annual,Primary production,Nuclear heat,Gigawatt-hour,Belgium,2023,92170.111,,
ESTAT:NRG_BAL_C(1.0),06/03/26 23:00:00,Annual,Primary production,Nuclear heat,Gigawatt-hour,Belgium,2024,87393.972,,
ESTAT:NRG_BAL_C(1.0),06/03/26 23:00:00,Annual,Primary production,Nuclear heat,Gigawatt-hour,Bulgaria,2005,56460.667,,
ESTAT:NRG_BAL_C(1.0),06/03/26 23:00:00,Annual,Primary production,Nuclear heat,Gigawatt-hour,Bulgaria,2006,58966.500,,
ESTAT:NRG_BAL_C(1.0),06/03/26 23:00:00,Annual,Primary production,Nuclear heat,Gigawatt-hour,Bulgaria,2007,44640.667,,
ESTAT:NRG_BAL_C(1.0),06/03/26 23:00:00,Annual,Primary production,Nuclear heat,Gigawatt-hour,Bulgaria,2008,48050.000,,
ESTAT:NRG_BAL_C(1.0),06/03/26 23:00:00,Annual,Primary production,Nuclear heat,Gigawatt-hour,Bulgaria,2009,45100.093,,
ESTAT:NRG_BAL_C(1.0),06/03/26 23:00:00,Annual,Primary production,Nuclear heat,Gigawatt-hour,Bulgaria,2010,44765.266,,
ESTAT:NRG_BAL_C(1.0),06/03/26 23:00:00,Annual,Primary production,Nuclear heat,Gigawatt-hour,Bulgaria,2011,47741.964,,
ESTAT:NRG_BAL_C(1.0),06/03/26 23:00:00,Annual,Primary production,Nuclear heat,Gigawatt-hour,Bulgaria,2012,46755.391,,
ESTAT:NRG_BAL_C(1.0),06/03/26 23:00:00,Annual,Primary production,Nuclear heat,Gigawatt-hour,Bulgaria,2013,42653.955,,
ESTAT:NRG_BAL_C(1.0),06/03/26 23:00:00,Annual,Primary production,Nuclear heat,Gigawatt-hour,Bulgaria,2014,47063.121,,
ESTAT:NRG_BAL_C(1.0),06/03/26 23:00:00,Annual,Primary production,Nuclear heat,Gigawatt-hour,Bulgaria,2015,45496.560,,
ESTAT:NRG_BAL_C(1.0),06/03/26 23:00:00,Annual,Primary production,Nuclear heat,Gigawatt-hour,Bulgaria,2016,46646.767,,
ESTAT:NRG_BAL_C(1.0),06/03/26 23:00:00,Annual,Primary production,Nuclear heat,Gigawatt-hour,Bulgaria,2017,45830.341,,
ESTAT:NRG_BAL_C(1.0),06/03/26 23:00:00,Annual,Primary production,Nuclear heat,Gigawatt-hour,Bulgaria,2018,48477.329,,
ESTAT:NRG_BAL_C(1.0),06/03/26 23:00:00,Annual,Primary production,Nuclear heat,Gigawatt-hour,Bulgaria,2019,50029.492,,
ESTAT:NRG_BAL_C(1.0),06/03/26 23:00:00,Annual,Primary production,Nuclear heat,Gigawatt-hour,Bulgaria,2020,50412.294,,
ESTAT:NRG_BAL_C(1.0),06/03/26 23:00:00,Annual,Primary production,Nuclear heat,Gigawatt-hour,Bulgaria,2021,49950.199,,
ESTAT:NRG_BAL_C(1.0),06/03/26 23:00:00,Annual,Primary production,Nuclear heat,Gigawatt-hour,Bulgaria,2022,49889.548,,
ESTAT:NRG_BAL_C(1.0),06/03/26 23:00:00,Annual,Primary production,Nuclear heat,Gigawatt-hour,Bulgaria,2023,49055.387,,
ESTAT:NRG_BAL_C(1.0),06/03/26 23:00:00,Annual,Primary production,Nuclear heat,Gigawatt-hour,Bulgaria,2024,47855.810,,
ESTAT:NRG_BAL_C(1.0),06/03/26 23:00:00,Annual,Primary production,Nuclear heat,Gigawatt-hour,Cyprus,2005,0.000,,
ESTAT:NRG_BAL_C(1.0),06/03/26 23:00:00,Annual,Primary production,Nuclear heat,Gigawatt-hour,Cyprus,2006,0.000,,
ESTAT:NRG_BAL_C(1.0),06/03/26 23:00:00,Annual,Primary production,Nuclear heat,Gigawatt-hour,Cyprus,2007,0.000,,
ESTAT:NRG_BAL_C(1.0),06/03/26 23:00:00,Annual,Primary production,Nuclear heat,Gigawatt-hour,Cyprus,2008,0.000,,
ESTAT:NRG_BAL_C(1.0),06/03/26 23:00:00,Annual,Primary production,Nuclear heat,Gigawatt-hour,Cyprus,2009,0.000,,
ESTAT:NRG_BAL_C(1.0),06/03/26 23:00:00,Annual,Primary production,Nuclear heat,Gigawatt-hour,Cyprus,2010,0.000,,
ESTAT:NRG_BAL_C(1.0),06/03/26 23:00:00,Annual,Primary production,Nuclear heat,Gigawatt-hour,Cyprus,2011,0.000,,
ESTAT:NRG_BAL_C(1.0),06/03/26 23:00:00,Annual,Primary production,Nuclear heat,Gigawatt-hour,Cyprus,2012,0.000,,
ESTAT:NRG_BAL_C(1.0),06/03/26 23:00:00,Annual,Primary production,Nuclear heat,Gigawatt-hour,Cyprus,2013,0.000,,
ESTAT:NRG_BAL_C(1.0),06/03/26 23:00:00,Annual,Primary production,Nuclear heat,Gigawatt-hour,Cyprus,2014,0.000,,
ESTAT:NRG_BAL_C(1.0),06/03/26 23:00:00,Annual,Primary production,Nuclear heat,Gigawatt-hour,Cyprus,2015,0.000,,
ESTAT:NRG_BAL_C(1.0),06/03/26 23:00:00,Annual,Primary production,Nuclear heat,Gigawatt-hour,Cyprus,2016,0.000,,
ESTAT:NRG_BAL_C(1.0),06/03/26 23:00:00,Annual,Primary production,Nuclear heat,Gigawatt-hour,Cyprus,2017,0.000,,
ESTAT:NRG_BAL_C(1.0),06/03/26 23:00:00,Annual,Primary production,Nuclear heat,Gigawatt-hour,Cyprus,2018,0.000,,
ESTAT:NRG_BAL_C(1.0),06/03/26 23:00:00,Annual,Primary production,Nuclear heat,Gigawatt-hour,Cyprus,2019,0.000,,
ESTAT:NRG_BAL_C(1.0),06/03/26 23:00:00,Annual,Primary production,Nuclear heat,Gigawatt-hour,Cyprus,2020,0.000,,
ESTAT:NRG_BAL_C(1.0),06/03/26 23:00:00,Annual,Primary production,Nuclear heat,Gigawatt-hour,Cyprus,2021,0.000,,
ESTAT:NRG_BAL_C(1.0),06/03/26 23:00:00,Annual,Primary production,Nuclear heat,Gigawatt-hour,Cyprus,2022,0.000,,
ESTAT:NRG_BAL_C(1.0),06/03/26 23:00:00,Annual,Primary production,Nuclear heat,Gigawatt-hour,Cyprus,2023,0.000,,
ESTAT:NRG_BAL_C(1.0),06/03/26 23:00:00,Annual,Primary production,Nuclear heat,Gigawatt-hour,Cyprus,2024,0.000,,
ESTAT:NRG_BAL_C(1.0),06/03/26 23:00:00,Annual,Primary production,Nuclear heat,Gigawatt-hour,Czechia,2005,75097.333,,
ESTAT:NRG_BAL_C(1.0),06/03/26 23:00:00,Annual,Primary production,Nuclear heat,Gigawatt-hour,Czechia,2006,79029.667,,
ESTAT:NRG_BAL_C(1.0),06/03/26 23:00:00,Annual,Primary production,Nuclear heat,Gigawatt-hour,Czechia,2007,79351.833,,
ESTAT:NRG_BAL_C(1.0),06/03/26 23:00:00,Annual,Primary production,Nuclear heat,Gigawatt-hour,Czechia,2008,80461.333,,
ESTAT:NRG_BAL_C(1.0),06/03/26 23:00:00,Annual,Primary production,Nuclear heat,Gigawatt-hour,Czechia,2009,81123.333,,
ESTAT:NRG_BAL_C(1.0),06/03/26 23:00:00,Annual,Primary production,Nuclear heat,Gigawatt-hour,Czechia,2010,83275.388,,
ESTAT:NRG_BAL_C(1.0),06/03/26 23:00:00,Annual,Primary production,Nuclear heat,Gigawatt-hour,Czechia,2011,83734.255,,
ESTAT:NRG_BAL_C(1.0),06/03/26 23:00:00,Annual,Primary production,Nuclear heat,Gigawatt-hour,Czechia,2012,89248.451,,
ESTAT:NRG_BAL_C(1.0),06/03/26 23:00:00,Annual,Primary production,Nuclear heat,Gigawatt-hour,Czechia,2013,90231.594,,
ESTAT:NRG_BAL_C(1.0),06/03/26 23:00:00,Annual,Primary production,Nuclear heat,Gigawatt-hour,Czechia,2014,88745.807,,
ESTAT:NRG_BAL_C(1.0),06/03/26 23:00:00,Annual,Primary production,Nuclear heat,Gigawatt-hour,Czechia,2015,77692.497,,
ESTAT:NRG_BAL_C(1.0),06/03/26 23:00:00,Annual,Primary production,Nuclear heat,Gigawatt-hour,Czechia,2016,69518.298,,
ESTAT:NRG_BAL_C(1.0),06/03/26 23:00:00,Annual,Primary production,Nuclear heat,Gigawatt-hour,Czechia,2017,81605.118,,
ESTAT:NRG_BAL_C(1.0),06/03/26 23:00:00,Annual,Primary production,Nuclear heat,Gigawatt-hour,Czechia,2018,86631.870,,
ESTAT:NRG_BAL_C(1.0),06/03/26 23:00:00,Annual,Primary production,Nuclear heat,Gigawatt-hour,Czechia,2019,87785.616,,
ESTAT:NRG_BAL_C(1.0),06/03/26 23:00:00,Annual,Primary production,Nuclear heat,Gigawatt-hour,Czechia,2020,87181.916,,
ESTAT:NRG_BAL_C(1.0),06/03/26 23:00:00,Annual,Primary production,Nuclear heat,Gigawatt-hour,Czechia,2021,88872.180,,
ESTAT:NRG_BAL_C(1.0),06/03/26 23:00:00,Annual,Primary production,Nuclear heat,Gigawatt-hour,Czechia,2022,89720.226,,
ESTAT:NRG_BAL_C(1.0),06/03/26 23:00:00,Annual,Primary production,Nuclear heat,Gigawatt-hour,Czechia,2023,88060.867,,
ESTAT:NRG_BAL_C(1.0),06/03/26 23:00:00,Annual,Primary production,Nuclear heat,Gigawatt-hour,Czechia,2024,86197.763,,
ESTAT:NRG_BAL_C(1.0),06/03/26 23:00:00,Annual,Primary production,Nuclear heat,Gigawatt-hour,Germany,2005,489165.000,,
ESTAT:NRG_BAL_C(1.0),06/03/26 23:00:00,Annual,Primary production,Nuclear heat,Gigawatt-hour,Germany,2006,501807.000,,
ESTAT:NRG_BAL_C(1.0),06/03/26 23:00:00,Annual,Primary production,Nuclear heat,Gigawatt-hour,Germany,2007,421602.000,,
ESTAT:NRG_BAL_C(1.0),06/03/26 23:00:00,Annual,Primary production,Nuclear heat,Gigawatt-hour,Germany,2008,445485.000,,
ESTAT:NRG_BAL_C(1.0),06/03/26 23:00:00,Annual,Primary production,Nuclear heat,Gigawatt-hour,Germany,2009,403947.116,,
ESTAT:NRG_BAL_C(1.0),06/03/26 23:00:00,Annual,Primary production,Nuclear heat,Gigawatt-hour,Germany,2010,421015.304,,
ESTAT:NRG_BAL_C(1.0),06/03/26 23:00:00,Annual,Primary production,Nuclear heat,Gigawatt-hour,Germany,2011,323397.736,,
ESTAT:NRG_BAL_C(1.0),06/03/26 23:00:00,Annual,Primary production,Nuclear heat,Gigawatt-hour,Germany,2012,297944.318,,
ESTAT:NRG_BAL_C(1.0),06/03/26 23:00:00,Annual,Primary production,Nuclear heat,Gigawatt-hour,Germany,2013,291357.086,,
ESTAT:NRG_BAL_C(1.0),06/03/26 23:00:00,Annual,Primary production,Nuclear heat,Gigawatt-hour,Germany,2014,290874.441,,
ESTAT:NRG_BAL_C(1.0),06/03/26 23:00:00,Annual,Primary production,Nuclear heat,Gigawatt-hour,Germany,2015,274890.686,,
ESTAT:NRG_BAL_C(1.0),06/03/26 23:00:00,Annual,Primary production,Nuclear heat,Gigawatt-hour,Germany,2016,253472.361,,
ESTAT:NRG_BAL_C(1.0),06/03/26 23:00:00,Annual,Primary production,Nuclear heat,Gigawatt-hour,Germany,2017,228584.161,,
ESTAT:NRG_BAL_C(1.0),06/03/26 23:00:00,Annual,Primary production,Nuclear heat,Gigawatt-hour,Germany,2018,227610.730,,
ESTAT:NRG_BAL_C(1.0),06/03/26 23:00:00,Annual,Primary production,Nuclear heat,Gigawatt-hour,Germany,2019,224831.160,,
ESTAT:NRG_BAL_C(1.0),06/03/26 23:00:00,Annual,Primary production,Nuclear heat,Gigawatt-hour,Germany,2020,192788.184,,
ESTAT:NRG_BAL_C(1.0),06/03/26 23:00:00,Annual,Primary production,Nuclear heat,Gigawatt-hour,Germany,2021,206648.697,,
ESTAT:NRG_BAL_C(1.0),06/03/26 23:00:00,Annual,Primary production,Nuclear heat,Gigawatt-hour,Germany,2022,103948.940,,
ESTAT:NRG_BAL_C(1.0),06/03/26 23:00:00,Annual,Primary production,Nuclear heat,Gigawatt-hour,Germany,2023,21620.170,,
ESTAT:NRG_BAL_C(1.0),06/03/26 23:00:00,Annual,Primary production,Nuclear heat,Gigawatt-hour,Germany,2024,0.000,,
ESTAT:NRG_BAL_C(1.0),06/03/26 23:00:00,Annual,Primary production,Nuclear heat,Gigawatt-hour,Denmark,2005,0.000,,
ESTAT:NRG_BAL_C(1.0),06/03/26 23:00:00,Annual,Primary production,Nuclear heat,Gigawatt-hour,Denmark,2006,0.000,,
ESTAT:NRG_BAL_C(1.0),06/03/26 23:00:00,Annual,Primary production,Nuclear heat,Gigawatt-hour,Denmark,2007,0.000,,
ESTAT:NRG_BAL_C(1.0),06/03/26 23:00:00,Annual,Primary production,Nuclear heat,Gigawatt-hour,Denmark,2008,0.000,,
ESTAT:NRG_BAL_C(1.0),06/03/26 23:00:00,Annual,Primary production,Nuclear heat,Gigawatt-hour,Denmark,2009,0.000,,
ESTAT:NRG_BAL_C(1.0),06/03/26 23:00:00,Annual,Primary production,Nuclear heat,Gigawatt-hour,Denmark,2010,0.000,,
ESTAT:NRG_BAL_C(1.0),06/03/26 23:00:00,Annual,Primary production,Nuclear heat,Gigawatt-hour,Denmark,2011,0.000,,
ESTAT:NRG_BAL_C(1.0),06/03/26 23:00:00,Annual,Primary production,Nuclear heat,Gigawatt-hour,Denmark,2012,0.000,,
ESTAT:NRG_BAL_C(1.0),06/03/26 23:00:00,Annual,Primary production,Nuclear heat,Gigawatt-hour,Denmark,2013,0.000,,
ESTAT:NRG_BAL_C(1.0),06/03/26 23:00:00,Annual,Primary production,Nuclear heat,Gigawatt-hour,Denmark,2014,0.000,,
ESTAT:NRG_BAL_C(1.0),06/03/26 23:00:00,Annual,Primary production,Nuclear heat,Gigawatt-hour,Denmark,2015,0.000,,
ESTAT:NRG_BAL_C(1.0),06/03/26 23:00:00,Annual,Primary production,Nuclear heat,Gigawatt-hour,Denmark,2016,0.000,,
ESTAT:NRG_BAL_C(1.0),06/03/26 23:00:00,Annual,Primary production,Nuclear heat,Gigawatt-hour,Denmark,2017,0.000,,
ESTAT:NRG_BAL_C(1.0),06/03/26 23:00:00,Annual,Primary production,Nuclear heat,Gigawatt-hour,Denmark,2018,0.000,,
ESTAT:NRG_BAL_C(1.0),06/03/26 23:00:00,Annual,Primary production,Nuclear heat,Gigawatt-hour,Denmark,2019,0.000,,
ESTAT:NRG_BAL_C(1.0),06/03/26 23:00:00,Annual,Primary production,Nuclear heat,Gigawatt-hour,Denmark,2020,0.000,,
ESTAT:NRG_BAL_C(1.0),06/03/26 23:00:00,Annual,Primary production,Nuclear heat,Gigawatt-hour,Denmark,2021,0.000,,
ESTAT:NRG_BAL_C(1.0),06/03/26 23:00:00,Annual,Primary production,Nuclear heat,Gigawatt-hour,Denmark,2022,0.000,,
ESTAT:NRG_BAL_C(1.0),06/03/26 23:00:00,Annual,Primary production,Nuclear heat,Gigawatt-hour,Denmark,2023,0.000,,
ESTAT:NRG_BAL_C(1.0),06/03/26 23:00:00,Annual,Primary production,Nuclear heat,Gigawatt-hour,Denmark,2024,0.000,,
ESTAT:NRG_BAL_C(1.0),06/03/26 23:00:00,Annual,Primary production,Nuclear heat,Gigawatt-hour,Estonia,2005,0.000,,
ESTAT:NRG_BAL_C(1.0),06/03/26 23:00:00,Annual,Primary production,Nuclear heat,Gigawatt-hour,Estonia,2006,0.000,,
ESTAT:NRG_BAL_C(1.0),06/03/26 23:00:00,Annual,Primary production,Nuclear heat,Gigawatt-hour,Estonia,2007,0.000,,
ESTAT:NRG_BAL_C(1.0),06/03/26 23:00:00,Annual,Primary production,Nuclear heat,Gigawatt-hour,Estonia,2008,0.000,,
ESTAT:NRG_BAL_C(1.0),06/03/26 23:00:00,Annual,Primary production,Nuclear heat,Gigawatt-hour,Estonia,2009,0.000,,
ESTAT:NRG_BAL_C(1.0),06/03/26 23:00:00,Annual,Primary production,Nuclear heat,Gigawatt-hour,Estonia,2010,0.000,,
ESTAT:NRG_BAL_C(1.0),06/03/26 23:00:00,Annual,Primary production,Nuclear heat,Gigawatt-hour,Estonia,2011,0.000,,
ESTAT:NRG_BAL_C(1.0),06/03/26 23:00:00,Annual,Primary production,Nuclear heat,Gigawatt-hour,Estonia,2012,0.000,,
ESTAT:NRG_BAL_C(1.0),06/03/26 23:00:00,Annual,Primary production,Nuclear heat,Gigawatt-hour,Estonia,2013,0.000,,
ESTAT:NRG_BAL_C(1.0),06/03/26 23:00:00,Annual,Primary production,Nuclear heat,Gigawatt-hour,Estonia,2014,0.000,,
ESTAT:NRG_BAL_C(1.0),06/03/26 23:00:00,Annual,Primary production,Nuclear heat,Gigawatt-hour,Estonia,2015,0.000,,
ESTAT:NRG_BAL_C(1.0),06/03/26 23:00:00,Annual,Primary production,Nuclear heat,Gigawatt-hour,Estonia,2016,0.000,,
ESTAT:NRG_BAL_C(1.0),06/03/26 23:00:00,Annual,Primary production,Nuclear heat,Gigawatt-hour,Estonia,2017,0.000,,
ESTAT:NRG_BAL_C(1.0),06/03/26 23:00:00,Annual,Primary production,Nuclear heat,Gigawatt-hour,Estonia,2018,0.000,,
ESTAT:NRG_BAL_C(1.0),06/03/26 23:00:00,Annual,Primary production,Nuclear heat,Gigawatt-hour,Estonia,2019,0.000,,
ESTAT:NRG_BAL_C(1.0),06/03/26 23:00:00,Annual,Primary production,Nuclear heat,Gigawatt-hour,Estonia,2020,0.000,,
ESTAT:NRG_BAL_C(1.0),06/03/26 23:00:00,Annual,Primary production,Nuclear heat,Gigawatt-hour,Estonia,2021,0.000,,
ESTAT:NRG_BAL_C(1.0),06/03/26 23:00:00,Annual,Primary production,Nuclear heat,Gigawatt-hour,Estonia,2022,0.000,,
ESTAT:NRG_BAL_C(1.0),06/03/26 23:00:00,Annual,Primary production,Nuclear heat,Gigawatt-hour,Estonia,2023,0.000,,
ESTAT:NRG_BAL_C(1.0),06/03/26 23:00:00,Annual,Primary production,Nuclear heat,Gigawatt-hour,Estonia,2024,0.000,,
ESTAT:NRG_BAL_C(1.0),06/03/26 23:00:00,Annual,Primary production,Nuclear heat,Gigawatt-hour,Greece,2005,0.000,,
ESTAT:NRG_BAL_C(1.0),06/03/26 23:00:00,Annual,Primary production,Nuclear heat,Gigawatt-hour,Greece,2006,0.000,,
ESTAT:NRG_BAL_C(1.0),06/03/26 23:00:00,Annual,Primary production,Nuclear heat,Gigawatt-hour,Greece,2007,0.000,,
ESTAT:NRG_BAL_C(1.0),06/03/26 23:00:00,Annual,Primary production,Nuclear heat,Gigawatt-hour,Greece,2008,0.000,,
ESTAT:NRG_BAL_C(1.0),06/03/26 23:00:00,Annual,Primary production,Nuclear heat,Gigawatt-hour,Greece,2009,0.000,,
ESTAT:NRG_BAL_C(1.0),06/03/26 23:00:00,Annual,Primary production,Nuclear heat,Gigawatt-hour,Greece,2010,0.000,,
ESTAT:NRG_BAL_C(1.0),06/03/26 23:00:00,Annual,Primary production,Nuclear heat,Gigawatt-hour,Greece,2011,0.000,,
ESTAT:NRG_BAL_C(1.0),06/03/26 23:00:00,Annual,Primary production,Nuclear heat,Gigawatt-hour,Greece,2012,0.000,,
ESTAT:NRG_BAL_C(1.0),06/03/26 23:00:00,Annual,Primary production,Nuclear heat,Gigawatt-hour,Greece,2013,0.000,,
ESTAT:NRG_BAL_C(1.0),06/03/26 23:00:00,Annual,Primary production,Nuclear heat,Gigawatt-hour,Greece,2014,0.000,,
ESTAT:NRG_BAL_C(1.0),06/03/26 23:00:00,Annual,Primary production,Nuclear heat,Gigawatt-hour,Greece,2015,0.000,,
ESTAT:NRG_BAL_C(1.0),06/03/26 23:00:00,Annual,Primary production,Nuclear heat,Gigawatt-hour,Greece,2016,0.000,,
ESTAT:NRG_BAL_C(1.0),06/03/26 23:00:00,Annual,Primary production,Nuclear heat,Gigawatt-hour,Greece,2017,0.000,,
ESTAT:NRG_BAL_C(1.0),06/03/26 23:00:00,Annual,Primary production,Nuclear heat,Gigawatt-hour,Greece,2018,0.000,,
ESTAT:NRG_BAL_C(1.0),06/03/26 23:00:00,Annual,Primary production,Nuclear heat,Gigawatt-hour,Greece,2019,0.000,,
ESTAT:NRG_BAL_C(1.0),06/03/26 23:00:00,Annual,Primary production,Nuclear heat,Gigawatt-hour,Greece,2020,0.000,,
ESTAT:NRG_BAL_C(1.0),06/03/26 23:00:00,Annual,Primary production,Nuclear heat,Gigawatt-hour,Greece,2021,0.000,,
ESTAT:NRG_BAL_C(1.0),06/03/26 23:00:00,Annual,Primary production,Nuclear heat,Gigawatt-hour,Greece,2022,0.000,,
ESTAT:NRG_BAL_C(1.0),06/03/26 23:00:00,Annual,Primary production,Nuclear heat,Gigawatt-hour,Greece,2023,0.000,,
ESTAT:NRG_BAL_C(1.0),06/03/26 23:00:00,Annual,Primary production,Nuclear heat,Gigawatt-hour,Greece,2024,0.000,,
ESTAT:NRG_BAL_C(1.0),06/03/26 23:00:00,Annual,Primary production,Nuclear heat,Gigawatt-hour,Spain,2005,172617.000,,
ESTAT:NRG_BAL_C(1.0),06/03/26 23:00:00,Annual,Primary production,Nuclear heat,Gigawatt-hour,Spain,2006,180378.000,,
ESTAT:NRG_BAL_C(1.0),06/03/26 23:00:00,Annual,Primary production,Nuclear heat,Gigawatt-hour,Spain,2007,165309.000,,
ESTAT:NRG_BAL_C(1.0),06/03/26 23:00:00,Annual,Primary production,Nuclear heat,Gigawatt-hour,Spain,2008,176919.000,,
ESTAT:NRG_BAL_C(1.0),06/03/26 23:00:00,Annual,Primary production,Nuclear heat,Gigawatt-hour,Spain,2009,160296.290,,
ESTAT:NRG_BAL_C(1.0),06/03/26 23:00:00,Annual,Primary production,Nuclear heat,Gigawatt-hour,Spain,2010,187647.724,,
ESTAT:NRG_BAL_C(1.0),06/03/26 23:00:00,Annual,Primary production,Nuclear heat,Gigawatt-hour,Spain,2011,174969.861,,
ESTAT:NRG_BAL_C(1.0),06/03/26 23:00:00,Annual,Primary production,Nuclear heat,Gigawatt-hour,Spain,2012,185969.515,,
ESTAT:NRG_BAL_C(1.0),06/03/26 23:00:00,Annual,Primary production,Nuclear heat,Gigawatt-hour,Spain,2013,171949.550,,
ESTAT:NRG_BAL_C(1.0),06/03/26 23:00:00,Annual,Primary production,Nuclear heat,Gigawatt-hour,Spain,2014,173648.693,,
ESTAT:NRG_BAL_C(1.0),06/03/26 23:00:00,Annual,Primary production,Nuclear heat,Gigawatt-hour,Spain,2015,173324.216,,
ESTAT:NRG_BAL_C(1.0),06/03/26 23:00:00,Annual,Primary production,Nuclear heat,Gigawatt-hour,Spain,2016,177623.827,,
ESTAT:NRG_BAL_C(1.0),06/03/26 23:00:00,Annual,Primary production,Nuclear heat,Gigawatt-hour,Spain,2017,175979.229,,
ESTAT:NRG_BAL_C(1.0),06/03/26 23:00:00,Annual,Primary production,Nuclear heat,Gigawatt-hour,Spain,2018,168388.444,,
ESTAT:NRG_BAL_C(1.0),06/03/26 23:00:00,Annual,Primary production,Nuclear heat,Gigawatt-hour,Spain,2019,176985.340,,
ESTAT:NRG_BAL_C(1.0),06/03/26 23:00:00,Annual,Primary production,Nuclear heat,Gigawatt-hour,Spain,2020,176473.620,,
ESTAT:NRG_BAL_C(1.0),06/03/26 23:00:00,Annual,Primary production,Nuclear heat,Gigawatt-hour,Spain,2021,171251.750,,
ESTAT:NRG_BAL_C(1.0),06/03/26 23:00:00,Annual,Primary production,Nuclear heat,Gigawatt-hour,Spain,2022,177880.850,,
ESTAT:NRG_BAL_C(1.0),06/03/26 23:00:00,Annual,Primary production,Nuclear heat,Gigawatt-hour,Spain,2023,171868.140,,
ESTAT:NRG_BAL_C(1.0),06/03/26 23:00:00,Annual,Primary production,Nuclear heat,Gigawatt-hour,Spain,2024,165273.930,,
ESTAT:NRG_BAL_C(1.0),06/03/26 23:00:00,Annual,Primary production,Nuclear heat,Gigawatt-hour,Finland,2005,69813.000,,
ESTAT:NRG_BAL_C(1.0),06/03/26 23:00:00,Annual,Primary production,Nuclear heat,Gigawatt-hour,Finland,2006,68718.000,,
ESTAT:NRG_BAL_C(1.0),06/03/26 23:00:00,Annual,Primary production,Nuclear heat,Gigawatt-hour,Finland,2007,70269.000,,
ESTAT:NRG_BAL_C(1.0),06/03/26 23:00:00,Annual,Primary production,Nuclear heat,Gigawatt-hour,Finland,2008,68874.000,,
ESTAT:NRG_BAL_C(1.0),06/03/26 23:00:00,Annual,Primary production,Nuclear heat,Gigawatt-hour,Finland,2009,67012.060,,
ESTAT:NRG_BAL_C(1.0),06/03/26 23:00:00,Annual,Primary production,Nuclear heat,Gigawatt-hour,Finland,2010,64720.950,,
ESTAT:NRG_BAL_C(1.0),06/03/26 23:00:00,Annual,Primary production,Nuclear heat,Gigawatt-hour,Finland,2011,65442.010,,
ESTAT:NRG_BAL_C(1.0),06/03/26 23:00:00,Annual,Primary production,Nuclear heat,Gigawatt-hour,Finland,2012,64383.680,,
ESTAT:NRG_BAL_C(1.0),06/03/26 23:00:00,Annual,Primary production,Nuclear heat,Gigawatt-hour,Finland,2013,66221.220,,
ESTAT:NRG_BAL_C(1.0),06/03/26 23:00:00,Annual,Primary production,Nuclear heat,Gigawatt-hour,Finland,2014,66157.255,,
ESTAT:NRG_BAL_C(1.0),06/03/26 23:00:00,Annual,Primary production,Nuclear heat,Gigawatt-hour,Finland,2015,65200.106,,
ESTAT:NRG_BAL_C(1.0),06/03/26 23:00:00,Annual,Primary production,Nuclear heat,Gigawatt-hour,Finland,2016,65009.374,,
ESTAT:NRG_BAL_C(1.0),06/03/26 23:00:00,Annual,Primary production,Nuclear heat,Gigawatt-hour,Finland,2017,62686.863,,
ESTAT:NRG_BAL_C(1.0),06/03/26 23:00:00,Annual,Primary production,Nuclear heat,Gigawatt-hour,Finland,2018,63314.883,,
ESTAT:NRG_BAL_C(1.0),06/03/26 23:00:00,Annual,Primary production,Nuclear heat,Gigawatt-hour,Finland,2019,66010.717,,
ESTAT:NRG_BAL_C(1.0),06/03/26 23:00:00,Annual,Primary production,Nuclear heat,Gigawatt-hour,Finland,2020,64518.588,,
ESTAT:NRG_BAL_C(1.0),06/03/26 23:00:00,Annual,Primary production,Nuclear heat,Gigawatt-hour,Finland,2021,65234.996,,
ESTAT:NRG_BAL_C(1.0),06/03/26 23:00:00,Annual,Primary production,Nuclear heat,Gigawatt-hour,Finland,2022,71119.776,,
ESTAT:NRG_BAL_C(1.0),06/03/26 23:00:00,Annual,Primary production,Nuclear heat,Gigawatt-hour,Finland,2023,93292.371,,
ESTAT:NRG_BAL_C(1.0),06/03/26 23:00:00,Annual,Primary production,Nuclear heat,Gigawatt-hour,Finland,2024,88957.870,,
ESTAT:NRG_BAL_C(1.0),06/03/26 23:00:00,Annual,Primary production,Nuclear heat,Gigawatt-hour,France,2005,1354587.000,,
ESTAT:NRG_BAL_C(1.0),06/03/26 23:00:00,Annual,Primary production,Nuclear heat,Gigawatt-hour,France,2006,1350573.000,,
ESTAT:NRG_BAL_C(1.0),06/03/26 23:00:00,Annual,Primary production,Nuclear heat,Gigawatt-hour,France,2007,1319190.000,,
ESTAT:NRG_BAL_C(1.0),06/03/26 23:00:00,Annual,Primary production,Nuclear heat,Gigawatt-hour,France,2008,1318341.000,,
ESTAT:NRG_BAL_C(1.0),06/03/26 23:00:00,Annual,Primary production,Nuclear heat,Gigawatt-hour,France,2009,1242746.910,,
ESTAT:NRG_BAL_C(1.0),06/03/26 23:00:00,Annual,Primary production,Nuclear heat,Gigawatt-hour,France,2010,1298047.560,,
ESTAT:NRG_BAL_C(1.0),06/03/26 23:00:00,Annual,Primary production,Nuclear heat,Gigawatt-hour,France,2011,1339880.670,,
ESTAT:NRG_BAL_C(1.0),06/03/26 23:00:00,Annual,Primary production,Nuclear heat,Gigawatt-hour,France,2012,1289336.690,,
ESTAT:NRG_BAL_C(1.0),06/03/26 23:00:00,Annual,Primary production,Nuclear heat,Gigawatt-hour,France,2013,1284125.471,,
ESTAT:NRG_BAL_C(1.0),06/03/26 23:00:00,Annual,Primary production,Nuclear heat,Gigawatt-hour,France,2014,1322886.562,,
ESTAT:NRG_BAL_C(1.0),06/03/26 23:00:00,Annual,Primary production,Nuclear heat,Gigawatt-hour,France,2015,1325778.655,,
ESTAT:NRG_BAL_C(1.0),06/03/26 23:00:00,Annual,Primary production,Nuclear heat,Gigawatt-hour,France,2016,1222066.875,,
ESTAT:NRG_BAL_C(1.0),06/03/26 23:00:00,Annual,Primary production,Nuclear heat,Gigawatt-hour,France,2017,1207900.404,,
ESTAT:NRG_BAL_C(1.0),06/03/26 23:00:00,Annual,Primary production,Nuclear heat,Gigawatt-hour,France,2018,1251721.665,,
ESTAT:NRG_BAL_C(1.0),06/03/26 23:00:00,Annual,Primary production,Nuclear heat,Gigawatt-hour,France,2019,1209368.810,,
ESTAT:NRG_BAL_C(1.0),06/03/26 23:00:00,Annual,Primary production,Nuclear heat,Gigawatt-hour,France,2020,1072413.930,,
ESTAT:NRG_BAL_C(1.0),06/03/26 23:00:00,Annual,Primary production,Nuclear heat,Gigawatt-hour,France,2021,1149788.320,,
ESTAT:NRG_BAL_C(1.0),06/03/26 23:00:00,Annual,Primary production,Nuclear heat,Gigawatt-hour,France,2022,893288.670,,
ESTAT:NRG_BAL_C(1.0),06/03/26 23:00:00,Annual,Primary production,Nuclear heat,Gigawatt-hour,France,2023,1025044.940,,
ESTAT:NRG_BAL_C(1.0),06/03/26 23:00:00,Annual,Primary production,Nuclear heat,Gigawatt-hour,France,2024,1025044.940,,
ESTAT:NRG_BAL_C(1.0),06/03/26 23:00:00,Annual,Primary production,Nuclear heat,Gigawatt-hour,Croatia,2005,0.000,,
ESTAT:NRG_BAL_C(1.0),06/03/26 23:00:00,Annual,Primary production,Nuclear heat,Gigawatt-hour,Croatia,2006,0.000,,
ESTAT:NRG_BAL_C(1.0),06/03/26 23:00:00,Annual,Primary production,Nuclear heat,Gigawatt-hour,Croatia,2007,0.000,,
ESTAT:NRG_BAL_C(1.0),06/03/26 23:00:00,Annual,Primary production,Nuclear heat,Gigawatt-hour,Croatia,2008,0.000,,
ESTAT:NRG_BAL_C(1.0),06/03/26 23:00:00,Annual,Primary production,Nuclear heat,Gigawatt-hour,Croatia,2009,0.000,,
ESTAT:NRG_BAL_C(1.0),06/03/26 23:00:00,Annual,Primary production,Nuclear heat,Gigawatt-hour,Croatia,2010,0.000,,
ESTAT:NRG_BAL_C(1.0),06/03/26 23:00:00,Annual,Primary production,Nuclear heat,Gigawatt-hour,Croatia,2011,0.000,,
ESTAT:NRG_BAL_C(1.0),06/03/26 23:00:00,Annual,Primary production,Nuclear heat,Gigawatt-hour,Croatia,2012,0.000,,
ESTAT:NRG_BAL_C(1.0),06/03/26 23:00:00,Annual,Primary production,Nuclear heat,Gigawatt-hour,Croatia,2013,0.000,,
ESTAT:NRG_BAL_C(1.0),06/03/26 23:00:00,Annual,Primary production,Nuclear heat,Gigawatt-hour,Croatia,2014,0.000,,
ESTAT:NRG_BAL_C(1.0),06/03/26 23:00:00,Annual,Primary production,Nuclear heat,Gigawatt-hour,Croatia,2015,0.000,,
ESTAT:NRG_BAL_C(1.0),06/03/26 23:00:00,Annual,Primary production,Nuclear heat,Gigawatt-hour,Croatia,2016,0.000,,
ESTAT:NRG_BAL_C(1.0),06/03/26 23:00:00,Annual,Primary production,Nuclear heat,Gigawatt-hour,Croatia,2017,0.000,,
ESTAT:NRG_BAL_C(1.0),06/03/26 23:00:00,Annual,Primary production,Nuclear heat,Gigawatt-hour,Croatia,2018,0.000,,
ESTAT:NRG_BAL_C(1.0),06/03/26 23:00:00,Annual,Primary production,Nuclear heat,Gigawatt-hour,Croatia,2019,0.000,,
ESTAT:NRG_BAL_C(1.0),06/03/26 23:00:00,Annual,Primary production,Nuclear heat,Gigawatt-hour,Croatia,2020,0.000,,
ESTAT:NRG_BAL_C(1.0),06/03/26 23:00:00,Annual,Primary production,Nuclear heat,Gigawatt-hour,Croatia,2021,0.000,,
ESTAT:NRG_BAL_C(1.0),06/03/26 23:00:00,Annual,Primary production,Nuclear heat,Gigawatt-hour,Croatia,2022,0.000,,
ESTAT:NRG_BAL_C(1.0),06/03/26 23:00:00,Annual,Primary production,Nuclear heat,Gigawatt-hour,Croatia,2023,0.000,,
ESTAT:NRG_BAL_C(1.0),06/03/26 23:00:00,Annual,Primary production,Nuclear heat,Gigawatt-hour,Croatia,2024,0.000,,
ESTAT:NRG_BAL_C(1.0),06/03/26 23:00:00,Annual,Primary production,Nuclear heat,Gigawatt-hour,Hungary,2005,42059.500,,
ESTAT:NRG_BAL_C(1.0),06/03/26 23:00:00,Annual,Primary production,Nuclear heat,Gigawatt-hour,Hungary,2006,40878.000,,
ESTAT:NRG_BAL_C(1.0),06/03/26 23:00:00,Annual,Primary production,Nuclear heat,Gigawatt-hour,Hungary,2007,44481.000,,
ESTAT:NRG_BAL_C(1.0),06/03/26 23:00:00,Annual,Primary production,Nuclear heat,Gigawatt-hour,Hungary,2008,44915.667,,
ESTAT:NRG_BAL_C(1.0),06/03/26 23:00:00,Annual,Primary production,Nuclear heat,Gigawatt-hour,Hungary,2009,45101.140,,
ESTAT:NRG_BAL_C(1.0),06/03/26 23:00:00,Annual,Primary production,Nuclear heat,Gigawatt-hour,Hungary,2010,46089.690,,
ESTAT:NRG_BAL_C(1.0),06/03/26 23:00:00,Annual,Primary production,Nuclear heat,Gigawatt-hour,Hungary,2011,46111.787,,
ESTAT:NRG_BAL_C(1.0),06/03/26 23:00:00,Annual,Primary production,Nuclear heat,Gigawatt-hour,Hungary,2012,46358.750,,
ESTAT:NRG_BAL_C(1.0),06/03/26 23:00:00,Annual,Primary production,Nuclear heat,Gigawatt-hour,Hungary,2013,45002.587,,
ESTAT:NRG_BAL_C(1.0),06/03/26 23:00:00,Annual,Primary production,Nuclear heat,Gigawatt-hour,Hungary,2014,45792.125,,
ESTAT:NRG_BAL_C(1.0),06/03/26 23:00:00,Annual,Primary production,Nuclear heat,Gigawatt-hour,Hungary,2015,46453.500,,
ESTAT:NRG_BAL_C(1.0),06/03/26 23:00:00,Annual,Primary production,Nuclear heat,Gigawatt-hour,Hungary,2016,47342.290,,
ESTAT:NRG_BAL_C(1.0),06/03/26 23:00:00,Annual,Primary production,Nuclear heat,Gigawatt-hour,Hungary,2017,47496.920,,
ESTAT:NRG_BAL_C(1.0),06/03/26 23:00:00,Annual,Primary production,Nuclear heat,Gigawatt-hour,Hungary,2018,46589.780,,
ESTAT:NRG_BAL_C(1.0),06/03/26 23:00:00,Annual,Primary production,Nuclear heat,Gigawatt-hour,Hungary,2019,47752.780,,
ESTAT:NRG_BAL_C(1.0),06/03/26 23:00:00,Annual,Primary production,Nuclear heat,Gigawatt-hour,Hungary,2020,47136.390,,
ESTAT:NRG_BAL_C(1.0),06/03/26 23:00:00,Annual,Primary production,Nuclear heat,Gigawatt-hour,Hungary,2021,46915.420,,
ESTAT:NRG_BAL_C(1.0),06/03/26 23:00:00,Annual,Primary production,Nuclear heat,Gigawatt-hour,Hungary,2022,46426.960,,
ESTAT:NRG_BAL_C(1.0),06/03/26 23:00:00,Annual,Primary production,Nuclear heat,Gigawatt-hour,Hungary,2023,46694.450,,
ESTAT:NRG_BAL_C(1.0),06/03/26 23:00:00,Annual,Primary production,Nuclear heat,Gigawatt-hour,Hungary,2024,47124.760,,
ESTAT:NRG_BAL_C(1.0),06/03/26 23:00:00,Annual,Primary production,Nuclear heat,Gigawatt-hour,Ireland,2005,0.000,,
ESTAT:NRG_BAL_C(1.0),06/03/26 23:00:00,Annual,Primary production,Nuclear heat,Gigawatt-hour,Ireland,2006,0.000,,
ESTAT:NRG_BAL_C(1.0),06/03/26 23:00:00,Annual,Primary production,Nuclear heat,Gigawatt-hour,Ireland,2007,0.000,,
ESTAT:NRG_BAL_C(1.0),06/03/26 23:00:00,Annual,Primary production,Nuclear heat,Gigawatt-hour,Ireland,2008,0.000,,
ESTAT:NRG_BAL_C(1.0),06/03/26 23:00:00,Annual,Primary production,Nuclear heat,Gigawatt-hour,Ireland,2009,0.000,,
ESTAT:NRG_BAL_C(1.0),06/03/26 23:00:00,Annual,Primary production,Nuclear heat,Gigawatt-hour,Ireland,2010,0.000,,
ESTAT:NRG_BAL_C(1.0),06/03/26 23:00:00,Annual,Primary production,Nuclear heat,Gigawatt-hour,Ireland,2011,0.000,,
ESTAT:NRG_BAL_C(1.0),06/03/26 23:00:00,Annual,Primary production,Nuclear heat,Gigawatt-hour,Ireland,2012,0.000,,
ESTAT:NRG_BAL_C(1.0),06/03/26 23:00:00,Annual,Primary production,Nuclear heat,Gigawatt-hour,Ireland,2013,0.000,,
ESTAT:NRG_BAL_C(1.0),06/03/26 23:00:00,Annual,Primary production,Nuclear heat,Gigawatt-hour,Ireland,2014,0.000,,
ESTAT:NRG_BAL_C(1.0),06/03/26 23:00:00,Annual,Primary production,Nuclear heat,Gigawatt-hour,Ireland,2015,0.000,,
ESTAT:NRG_BAL_C(1.0),06/03/26 23:00:00,Annual,Primary production,Nuclear heat,Gigawatt-hour,Ireland,2016,0.000,,
ESTAT:NRG_BAL_C(1.0),06/03/26 23:00:00,Annual,Primary production,Nuclear heat,Gigawatt-hour,Ireland,2017,0.000,,
ESTAT:NRG_BAL_C(1.0),06/03/26 23:00:00,Annual,Primary production,Nuclear heat,Gigawatt-hour,Ireland,2018,0.000,,
ESTAT:NRG_BAL_C(1.0),06/03/26 23:00:00,Annual,Primary production,Nuclear heat,Gigawatt-hour,Ireland,2019,0.000,,
ESTAT:NRG_BAL_C(1.0),06/03/26 23:00:00,Annual,Primary production,Nuclear heat,Gigawatt-hour,Ireland,2020,0.000,,
ESTAT:NRG_BAL_C(1.0),06/03/26 23:00:00,Annual,Primary production,Nuclear heat,Gigawatt-hour,Ireland,2021,0.000,,
ESTAT:NRG_BAL_C(1.0),06/03/26 23:00:00,Annual,Primary production,Nuclear heat,Gigawatt-hour,Ireland,2022,0.000,,
ESTAT:NRG_BAL_C(1.0),06/03/26 23:00:00,Annual,Primary production,Nuclear heat,Gigawatt-hour,Ireland,2023,0.000,,
ESTAT:NRG_BAL_C(1.0),06/03/26 23:00:00,Annual,Primary production,Nuclear heat,Gigawatt-hour,Ireland,2024,0.000,,
ESTAT:NRG_BAL_C(1.0),06/03/26 23:00:00,Annual,Primary production,Nuclear heat,Gigawatt-hour,Italy,2005,0.000,,
ESTAT:NRG_BAL_C(1.0),06/03/26 23:00:00,Annual,Primary production,Nuclear heat,Gigawatt-hour,Italy,2006,0.000,,
ESTAT:NRG_BAL_C(1.0),06/03/26 23:00:00,Annual,Primary production,Nuclear heat,Gigawatt-hour,Italy,2007,0.000,,
ESTAT:NRG_BAL_C(1.0),06/03/26 23:00:00,Annual,Primary production,Nuclear heat,Gigawatt-hour,Italy,2008,0.000,,
ESTAT:NRG_BAL_C(1.0),06/03/26 23:00:00,Annual,Primary production,Nuclear heat,Gigawatt-hour,Italy,2009,0.000,,
ESTAT:NRG_BAL_C(1.0),06/03/26 23:00:00,Annual,Primary production,Nuclear heat,Gigawatt-hour,Italy,2010,0.000,,
ESTAT:NRG_BAL_C(1.0),06/03/26 23:00:00,Annual,Primary production,Nuclear heat,Gigawatt-hour,Italy,2011,0.000,,
ESTAT:NRG_BAL_C(1.0),06/03/26 23:00:00,Annual,Primary production,Nuclear heat,Gigawatt-hour,Italy,2012,0.000,,
ESTAT:NRG_BAL_C(1.0),06/03/26 23:00:00,Annual,Primary production,Nuclear heat,Gigawatt-hour,Italy,2013,0.000,,
ESTAT:NRG_BAL_C(1.0),06/03/26 23:00:00,Annual,Primary production,Nuclear heat,Gigawatt-hour,Italy,2014,0.000,,
ESTAT:NRG_BAL_C(1.0),06/03/26 23:00:00,Annual,Primary production,Nuclear heat,Gigawatt-hour,Italy,2015,0.000,,
ESTAT:NRG_BAL_C(1.0),06/03/26 23:00:00,Annual,Primary production,Nuclear heat,Gigawatt-hour,Italy,2016,0.000,,
ESTAT:NRG_BAL_C(1.0),06/03/26 23:00:00,Annual,Primary production,Nuclear heat,Gigawatt-hour,Italy,2017,0.000,,
ESTAT:NRG_BAL_C(1.0),06/03/26 23:00:00,Annual,Primary production,Nuclear heat,Gigawatt-hour,Italy,2018,0.000,,
ESTAT:NRG_BAL_C(1.0),06/03/26 23:00:00,Annual,Primary production,Nuclear heat,Gigawatt-hour,Italy,2019,0.000,,
ESTAT:NRG_BAL_C(1.0),06/03/26 23:00:00,Annual,Primary production,Nuclear heat,Gigawatt-hour,Italy,2020,0.000,,
ESTAT:NRG_BAL_C(1.0),06/03/26 23:00:00,Annual,Primary production,Nuclear heat,Gigawatt-hour,Italy,2021,0.000,,
ESTAT:NRG_BAL_C(1.0),06/03/26 23:00:00,Annual,Primary production,Nuclear heat,Gigawatt-hour,Italy,2022,0.000,,
ESTAT:NRG_BAL_C(1.0),06/03/26 23:00:00,Annual,Primary production,Nuclear heat,Gigawatt-hour,Italy,2023,0.000,,
ESTAT:NRG_BAL_C(1.0),06/03/26 23:00:00,Annual,Primary production,Nuclear heat,Gigawatt-hour,Italy,2024,0.000,,
ESTAT:NRG_BAL_C(1.0),06/03/26 23:00:00,Annual,Primary production,Nuclear heat,Gigawatt-hour,Lithuania,2005,32619.333,,
ESTAT:NRG_BAL_C(1.0),06/03/26 23:00:00,Annual,Primary production,Nuclear heat,Gigawatt-hour,Lithuania,2006,27613.833,,
ESTAT:NRG_BAL_C(1.0),06/03/26 23:00:00,Annual,Primary production,Nuclear heat,Gigawatt-hour,Lithuania,2007,31104.833,,
ESTAT:NRG_BAL_C(1.0),06/03/26 23:00:00,Annual,Primary production,Nuclear heat,Gigawatt-hour,Lithuania,2008,31246.167,,
ESTAT:NRG_BAL_C(1.0),06/03/26 23:00:00,Annual,Primary production,Nuclear heat,Gigawatt-hour,Lithuania,2009,34176.833,,
ESTAT:NRG_BAL_C(1.0),06/03/26 23:00:00,Annual,Primary production,Nuclear heat,Gigawatt-hour,Lithuania,2010,0.000,,
ESTAT:NRG_BAL_C(1.0),06/03/26 23:00:00,Annual,Primary production,Nuclear heat,Gigawatt-hour,Lithuania,2011,0.000,,
ESTAT:NRG_BAL_C(1.0),06/03/26 23:00:00,Annual,Primary production,Nuclear heat,Gigawatt-hour,Lithuania,2012,0.000,,
ESTAT:NRG_BAL_C(1.0),06/03/26 23:00:00,Annual,Primary production,Nuclear heat,Gigawatt-hour,Lithuania,2013,0.000,,
ESTAT:NRG_BAL_C(1.0),06/03/26 23:00:00,Annual,Primary production,Nuclear heat,Gigawatt-hour,Lithuania,2014,0.000,,
ESTAT:NRG_BAL_C(1.0),06/03/26 23:00:00,Annual,Primary production,Nuclear heat,Gigawatt-hour,Lithuania,2015,0.000,,
ESTAT:NRG_BAL_C(1.0),06/03/26 23:00:00,Annual,Primary production,Nuclear heat,Gigawatt-hour,Lithuania,2016,0.000,,
ESTAT:NRG_BAL_C(1.0),06/03/26 23:00:00,Annual,Primary production,Nuclear heat,Gigawatt-hour,Lithuania,2017,0.000,,
ESTAT:NRG_BAL_C(1.0),06/03/26 23:00:00,Annual,Primary production,Nuclear heat,Gigawatt-hour,Lithuania,2018,0.000,,
ESTAT:NRG_BAL_C(1.0),06/03/26 23:00:00,Annual,Primary production,Nuclear heat,Gigawatt-hour,Lithuania,2019,0.000,,
ESTAT:NRG_BAL_C(1.0),06/03/26 23:00:00,Annual,Primary production,Nuclear heat,Gigawatt-hour,Lithuania,2020,0.000,,
ESTAT:NRG_BAL_C(1.0),06/03/26 23:00:00,Annual,Primary production,Nuclear heat,Gigawatt-hour,Lithuania,2021,0.000,,
ESTAT:NRG_BAL_C(1.0),06/03/26 23:00:00,Annual,Primary production,Nuclear heat,Gigawatt-hour,Lithuania,2022,0.000,,
ESTAT:NRG_BAL_C(1.0),06/03/26 23:00:00,Annual,Primary production,Nuclear heat,Gigawatt-hour,Lithuania,2023,0.000,,
ESTAT:NRG_BAL_C(1.0),06/03/26 23:00:00,Annual,Primary production,Nuclear heat,Gigawatt-hour,Lithuania,2024,0.000,,
ESTAT:NRG_BAL_C(1.0),06/03/26 23:00:00,Annual,Primary production,Nuclear heat,Gigawatt-hour,Luxembourg,2005,0.000,,
ESTAT:NRG_BAL_C(1.0),06/03/26 23:00:00,Annual,Primary production,Nuclear heat,Gigawatt-hour,Luxembourg,2006,0.000,,
ESTAT:NRG_BAL_C(1.0),06/03/26 23:00:00,Annual,Primary production,Nuclear heat,Gigawatt-hour,Luxembourg,2007,0.000,,
ESTAT:NRG_BAL_C(1.0),06/03/26 23:00:00,Annual,Primary production,Nuclear heat,Gigawatt-hour,Luxembourg,2008,0.000,,
ESTAT:NRG_BAL_C(1.0),06/03/26 23:00:00,Annual,Primary production,Nuclear heat,Gigawatt-hour,Luxembourg,2009,0.000,,
ESTAT:NRG_BAL_C(1.0),06/03/26 23:00:00,Annual,Primary production,Nuclear heat,Gigawatt-hour,Luxembourg,2010,0.000,,
ESTAT:NRG_BAL_C(1.0),06/03/26 23:00:00,Annual,Primary production,Nuclear heat,Gigawatt-hour,Luxembourg,2011,0.000,,
ESTAT:NRG_BAL_C(1.0),06/03/26 23:00:00,Annual,Primary production,Nuclear heat,Gigawatt-hour,Luxembourg,2012,0.000,,
ESTAT:NRG_BAL_C(1.0),06/03/26 23:00:00,Annual,Primary production,Nuclear heat,Gigawatt-hour,Luxembourg,2013,0.000,,
ESTAT:NRG_BAL_C(1.0),06/03/26 23:00:00,Annual,Primary production,Nuclear heat,Gigawatt-hour,Luxembourg,2014,0.000,,
ESTAT:NRG_BAL_C(1.0),06/03/26 23:00:00,Annual,Primary production,Nuclear heat,Gigawatt-hour,Luxembourg,2015,0.000,,
ESTAT:NRG_BAL_C(1.0),06/03/26 23:00:00,Annual,Primary production,Nuclear heat,Gigawatt-hour,Luxembourg,2016,0.000,,
ESTAT:NRG_BAL_C(1.0),06/03/26 23:00:00,Annual,Primary production,Nuclear heat,Gigawatt-hour,Luxembourg,2017,0.000,,
ESTAT:NRG_BAL_C(1.0),06/03/26 23:00:00,Annual,Primary production,Nuclear heat,Gigawatt-hour,Luxembourg,2018,0.000,,
ESTAT:NRG_BAL_C(1.0),06/03/26 23:00:00,Annual,Primary production,Nuclear heat,Gigawatt-hour,Luxembourg,2019,0.000,,
ESTAT:NRG_BAL_C(1.0),06/03/26 23:00:00,Annual,Primary production,Nuclear heat,Gigawatt-hour,Luxembourg,2020,0.000,,
ESTAT:NRG_BAL_C(1.0),06/03/26 23:00:00,Annual,Primary production,Nuclear heat,Gigawatt-hour,Luxembourg,2021,0.000,,
ESTAT:NRG_BAL_C(1.0),06/03/26 23:00:00,Annual,Primary production,Nuclear heat,Gigawatt-hour,Luxembourg,2022,0.000,,
ESTAT:NRG_BAL_C(1.0),06/03/26 23:00:00,Annual,Primary production,Nuclear heat,Gigawatt-hour,Luxembourg,2023,0.000,,
ESTAT:NRG_BAL_C(1.0),06/03/26 23:00:00,Annual,Primary production,Nuclear heat,Gigawatt-hour,Luxembourg,2024,0.000,,
ESTAT:NRG_BAL_C(1.0),06/03/26 23:00:00,Annual,Primary production,Nuclear heat,Gigawatt-hour,Latvia,2005,0.000,,
ESTAT:NRG_BAL_C(1.0),06/03/26 23:00:00,Annual,Primary production,Nuclear heat,Gigawatt-hour,Latvia,2006,0.000,,
ESTAT:NRG_BAL_C(1.0),06/03/26 23:00:00,Annual,Primary production,Nuclear heat,Gigawatt-hour,Latvia,2007,0.000,,
ESTAT:NRG_BAL_C(1.0),06/03/26 23:00:00,Annual,Primary production,Nuclear heat,Gigawatt-hour,Latvia,2008,0.000,,
ESTAT:NRG_BAL_C(1.0),06/03/26 23:00:00,Annual,Primary production,Nuclear heat,Gigawatt-hour,Latvia,2009,0.000,,
ESTAT:NRG_BAL_C(1.0),06/03/26 23:00:00,Annual,Primary production,Nuclear heat,Gigawatt-hour,Latvia,2010,0.000,,
ESTAT:NRG_BAL_C(1.0),06/03/26 23:00:00,Annual,Primary production,Nuclear heat,Gigawatt-hour,Latvia,2011,0.000,,
ESTAT:NRG_BAL_C(1.0),06/03/26 23:00:00,Annual,Primary production,Nuclear heat,Gigawatt-hour,Latvia,2012,0.000,,
ESTAT:NRG_BAL_C(1.0),06/03/26 23:00:00,Annual,Primary production,Nuclear heat,Gigawatt-hour,Latvia,2013,0.000,,
ESTAT:NRG_BAL_C(1.0),06/03/26 23:00:00,Annual,Primary production,Nuclear heat,Gigawatt-hour,Latvia,2014,0.000,,
ESTAT:NRG_BAL_C(1.0),06/03/26 23:00:00,Annual,Primary production,Nuclear heat,Gigawatt-hour,Latvia,2015,0.000,,
ESTAT:NRG_BAL_C(1.0),06/03/26 23:00:00,Annual,Primary production,Nuclear heat,Gigawatt-hour,Latvia,2016,0.000,,
ESTAT:NRG_BAL_C(1.0),06/03/26 23:00:00,Annual,Primary production,Nuclear heat,Gigawatt-hour,Latvia,2017,0.000,,
ESTAT:NRG_BAL_C(1.0),06/03/26 23:00:00,Annual,Primary production,Nuclear heat,Gigawatt-hour,Latvia,2018,0.000,,
ESTAT:NRG_BAL_C(1.0),06/03/26 23:00:00,Annual,Primary production,Nuclear heat,Gigawatt-hour,Latvia,2019,0.000,,
ESTAT:NRG_BAL_C(1.0),06/03/26 23:00:00,Annual,Primary production,Nuclear heat,Gigawatt-hour,Latvia,2020,0.000,,
ESTAT:NRG_BAL_C(1.0),06/03/26 23:00:00,Annual,Primary production,Nuclear heat,Gigawatt-hour,Latvia,2021,0.000,,
ESTAT:NRG_BAL_C(1.0),06/03/26 23:00:00,Annual,Primary production,Nuclear heat,Gigawatt-hour,Latvia,2022,0.000,,
ESTAT:NRG_BAL_C(1.0),06/03/26 23:00:00,Annual,Primary production,Nuclear heat,Gigawatt-hour,Latvia,2023,0.000,,
ESTAT:NRG_BAL_C(1.0),06/03/26 23:00:00,Annual,Primary production,Nuclear heat,Gigawatt-hour,Latvia,2024,0.000,,
ESTAT:NRG_BAL_C(1.0),06/03/26 23:00:00,Annual,Primary production,Nuclear heat,Gigawatt-hour,Malta,2005,0.000,,
ESTAT:NRG_BAL_C(1.0),06/03/26 23:00:00,Annual,Primary production,Nuclear heat,Gigawatt-hour,Malta,2006,0.000,,
ESTAT:NRG_BAL_C(1.0),06/03/26 23:00:00,Annual,Primary production,Nuclear heat,Gigawatt-hour,Malta,2007,0.000,,
ESTAT:NRG_BAL_C(1.0),06/03/26 23:00:00,Annual,Primary production,Nuclear heat,Gigawatt-hour,Malta,2008,0.000,,
ESTAT:NRG_BAL_C(1.0),06/03/26 23:00:00,Annual,Primary production,Nuclear heat,Gigawatt-hour,Malta,2009,0.000,,
ESTAT:NRG_BAL_C(1.0),06/03/26 23:00:00,Annual,Primary production,Nuclear heat,Gigawatt-hour,Malta,2010,0.000,,
ESTAT:NRG_BAL_C(1.0),06/03/26 23:00:00,Annual,Primary production,Nuclear heat,Gigawatt-hour,Malta,2011,0.000,,
ESTAT:NRG_BAL_C(1.0),06/03/26 23:00:00,Annual,Primary production,Nuclear heat,Gigawatt-hour,Malta,2012,0.000,,
ESTAT:NRG_BAL_C(1.0),06/03/26 23:00:00,Annual,Primary production,Nuclear heat,Gigawatt-hour,Malta,2013,0.000,,
ESTAT:NRG_BAL_C(1.0),06/03/26 23:00:00,Annual,Primary production,Nuclear heat,Gigawatt-hour,Malta,2014,0.000,,
ESTAT:NRG_BAL_C(1.0),06/03/26 23:00:00,Annual,Primary production,Nuclear heat,Gigawatt-hour,Malta,2015,0.000,,
ESTAT:NRG_BAL_C(1.0),06/03/26 23:00:00,Annual,Primary production,Nuclear heat,Gigawatt-hour,Malta,2016,0.000,,
ESTAT:NRG_BAL_C(1.0),06/03/26 23:00:00,Annual,Primary production,Nuclear heat,Gigawatt-hour,Malta,2017,0.000,,
ESTAT:NRG_BAL_C(1.0),06/03/26 23:00:00,Annual,Primary production,Nuclear heat,Gigawatt-hour,Malta,2018,0.000,,
ESTAT:NRG_BAL_C(1.0),06/03/26 23:00:00,Annual,Primary production,Nuclear heat,Gigawatt-hour,Malta,2019,0.000,,
ESTAT:NRG_BAL_C(1.0),06/03/26 23:00:00,Annual,Primary production,Nuclear heat,Gigawatt-hour,Malta,2020,0.000,,
ESTAT:NRG_BAL_C(1.0),06/03/26 23:00:00,Annual,Primary production,Nuclear heat,Gigawatt-hour,Malta,2021,0.000,,
ESTAT:NRG_BAL_C(1.0),06/03/26 23:00:00,Annual,Primary production,Nuclear heat,Gigawatt-hour,Malta,2022,0.000,,
ESTAT:NRG_BAL_C(1.0),06/03/26 23:00:00,Annual,Primary production,Nuclear heat,Gigawatt-hour,Malta,2023,0.000,,
ESTAT:NRG_BAL_C(1.0),06/03/26 23:00:00,Annual,Primary production,Nuclear heat,Gigawatt-hour,Malta,2024,0.000,,
ESTAT:NRG_BAL_C(1.0),06/03/26 23:00:00,Annual,Primary production,Nuclear heat,Gigawatt-hour,Netherlands,2005,11991.000,,
ESTAT:NRG_BAL_C(1.0),06/03/26 23:00:00,Annual,Primary production,Nuclear heat,Gigawatt-hour,Netherlands,2006,10407.000,,
ESTAT:NRG_BAL_C(1.0),06/03/26 23:00:00,Annual,Primary production,Nuclear heat,Gigawatt-hour,Netherlands,2007,12600.000,,
ESTAT:NRG_BAL_C(1.0),06/03/26 23:00:00,Annual,Primary production,Nuclear heat,Gigawatt-hour,Netherlands,2008,12507.000,,
ESTAT:NRG_BAL_C(1.0),06/03/26 23:00:00,Annual,Primary production,Nuclear heat,Gigawatt-hour,Netherlands,2009,11397.400,,
ESTAT:NRG_BAL_C(1.0),06/03/26 23:00:00,Annual,Primary production,Nuclear heat,Gigawatt-hour,Netherlands,2010,10669.362,,
ESTAT:NRG_BAL_C(1.0),06/03/26 23:00:00,Annual,Primary production,Nuclear heat,Gigawatt-hour,Netherlands,2011,11155.496,,
ESTAT:NRG_BAL_C(1.0),06/03/26 23:00:00,Annual,Primary production,Nuclear heat,Gigawatt-hour,Netherlands,2012,10699.600,,
ESTAT:NRG_BAL_C(1.0),06/03/26 23:00:00,Annual,Primary production,Nuclear heat,Gigawatt-hour,Netherlands,2013,7631.606,,
ESTAT:NRG_BAL_C(1.0),06/03/26 23:00:00,Annual,Primary production,Nuclear heat,Gigawatt-hour,Netherlands,2014,10947.319,,
ESTAT:NRG_BAL_C(1.0),06/03/26 23:00:00,Annual,Primary production,Nuclear heat,Gigawatt-hour,Netherlands,2015,10901.381,,
ESTAT:NRG_BAL_C(1.0),06/03/26 23:00:00,Annual,Primary production,Nuclear heat,Gigawatt-hour,Netherlands,2016,10654.708,,
ESTAT:NRG_BAL_C(1.0),06/03/26 23:00:00,Annual,Primary production,Nuclear heat,Gigawatt-hour,Netherlands,2017,9182.350,,
ESTAT:NRG_BAL_C(1.0),06/03/26 23:00:00,Annual,Primary production,Nuclear heat,Gigawatt-hour,Netherlands,2018,9446.584,,
ESTAT:NRG_BAL_C(1.0),06/03/26 23:00:00,Annual,Primary production,Nuclear heat,Gigawatt-hour,Netherlands,2019,10586.905,,
ESTAT:NRG_BAL_C(1.0),06/03/26 23:00:00,Annual,Primary production,Nuclear heat,Gigawatt-hour,Netherlands,2020,11117.001,,
ESTAT:NRG_BAL_C(1.0),06/03/26 23:00:00,Annual,Primary production,Nuclear heat,Gigawatt-hour,Netherlands,2021,10355.701,,
ESTAT:NRG_BAL_C(1.0),06/03/26 23:00:00,Annual,Primary production,Nuclear heat,Gigawatt-hour,Netherlands,2022,11232.929,,
ESTAT:NRG_BAL_C(1.0),06/03/26 23:00:00,Annual,Primary production,Nuclear heat,Gigawatt-hour,Netherlands,2023,10821.959,,
ESTAT:NRG_BAL_C(1.0),06/03/26 23:00:00,Annual,Primary production,Nuclear heat,Gigawatt-hour,Netherlands,2024,9642.335,,
ESTAT:NRG_BAL_C(1.0),06/03/26 23:00:00,Annual,Primary production,Nuclear heat,Gigawatt-hour,Poland,2005,0.000,,
ESTAT:NRG_BAL_C(1.0),06/03/26 23:00:00,Annual,Primary production,Nuclear heat,Gigawatt-hour,Poland,2006,0.000,,
ESTAT:NRG_BAL_C(1.0),06/03/26 23:00:00,Annual,Primary production,Nuclear heat,Gigawatt-hour,Poland,2007,0.000,,
ESTAT:NRG_BAL_C(1.0),06/03/26 23:00:00,Annual,Primary production,Nuclear heat,Gigawatt-hour,Poland,2008,0.000,,
ESTAT:NRG_BAL_C(1.0),06/03/26 23:00:00,Annual,Primary production,Nuclear heat,Gigawatt-hour,Poland,2009,0.000,,
ESTAT:NRG_BAL_C(1.0),06/03/26 23:00:00,Annual,Primary production,Nuclear heat,Gigawatt-hour,Poland,2010,0.000,,
ESTAT:NRG_BAL_C(1.0),06/03/26 23:00:00,Annual,Primary production,Nuclear heat,Gigawatt-hour,Poland,2011,0.000,,
ESTAT:NRG_BAL_C(1.0),06/03/26 23:00:00,Annual,Primary production,Nuclear heat,Gigawatt-hour,Poland,2012,0.000,,
ESTAT:NRG_BAL_C(1.0),06/03/26 23:00:00,Annual,Primary production,Nuclear heat,Gigawatt-hour,Poland,2013,0.000,,
ESTAT:NRG_BAL_C(1.0),06/03/26 23:00:00,Annual,Primary production,Nuclear heat,Gigawatt-hour,Poland,2014,0.000,,
ESTAT:NRG_BAL_C(1.0),06/03/26 23:00:00,Annual,Primary production,Nuclear heat,Gigawatt-hour,Poland,2015,0.000,,
ESTAT:NRG_BAL_C(1.0),06/03/26 23:00:00,Annual,Primary production,Nuclear heat,Gigawatt-hour,Poland,2016,0.000,,
ESTAT:NRG_BAL_C(1.0),06/03/26 23:00:00,Annual,Primary production,Nuclear heat,Gigawatt-hour,Poland,2017,0.000,,
ESTAT:NRG_BAL_C(1.0),06/03/26 23:00:00,Annual,Primary production,Nuclear heat,Gigawatt-hour,Poland,2018,0.000,,
ESTAT:NRG_BAL_C(1.0),06/03/26 23:00:00,Annual,Primary production,Nuclear heat,Gigawatt-hour,Poland,2019,0.000,,
ESTAT:NRG_BAL_C(1.0),06/03/26 23:00:00,Annual,Primary production,Nuclear heat,Gigawatt-hour,Poland,2020,0.000,,
ESTAT:NRG_BAL_C(1.0),06/03/26 23:00:00,Annual,Primary production,Nuclear heat,Gigawatt-hour,Poland,2021,0.000,,
ESTAT:NRG_BAL_C(1.0),06/03/26 23:00:00,Annual,Primary production,Nuclear heat,Gigawatt-hour,Poland,2022,0.000,,
ESTAT:NRG_BAL_C(1.0),06/03/26 23:00:00,Annual,Primary production,Nuclear heat,Gigawatt-hour,Poland,2023,0.000,,
ESTAT:NRG_BAL_C(1.0),06/03/26 23:00:00,Annual,Primary production,Nuclear heat,Gigawatt-hour,Poland,2024,0.000,,
ESTAT:NRG_BAL_C(1.0),06/03/26 23:00:00,Annual,Primary production,Nuclear heat,Gigawatt-hour,Portugal,2005,0.000,,
ESTAT:NRG_BAL_C(1.0),06/03/26 23:00:00,Annual,Primary production,Nuclear heat,Gigawatt-hour,Portugal,2006,0.000,,
ESTAT:NRG_BAL_C(1.0),06/03/26 23:00:00,Annual,Primary production,Nuclear heat,Gigawatt-hour,Portugal,2007,0.000,,
ESTAT:NRG_BAL_C(1.0),06/03/26 23:00:00,Annual,Primary production,Nuclear heat,Gigawatt-hour,Portugal,2008,0.000,,
ESTAT:NRG_BAL_C(1.0),06/03/26 23:00:00,Annual,Primary production,Nuclear heat,Gigawatt-hour,Portugal,2009,0.000,,
ESTAT:NRG_BAL_C(1.0),06/03/26 23:00:00,Annual,Primary production,Nuclear heat,Gigawatt-hour,Portugal,2010,0.000,,
ESTAT:NRG_BAL_C(1.0),06/03/26 23:00:00,Annual,Primary production,Nuclear heat,Gigawatt-hour,Portugal,2011,0.000,,
ESTAT:NRG_BAL_C(1.0),06/03/26 23:00:00,Annual,Primary production,Nuclear heat,Gigawatt-hour,Portugal,2012,0.000,,
ESTAT:NRG_BAL_C(1.0),06/03/26 23:00:00,Annual,Primary production,Nuclear heat,Gigawatt-hour,Portugal,2013,0.000,,
ESTAT:NRG_BAL_C(1.0),06/03/26 23:00:00,Annual,Primary production,Nuclear heat,Gigawatt-hour,Portugal,2014,0.000,,
ESTAT:NRG_BAL_C(1.0),06/03/26 23:00:00,Annual,Primary production,Nuclear heat,Gigawatt-hour,Portugal,2015,0.000,,
ESTAT:NRG_BAL_C(1.0),06/03/26 23:00:00,Annual,Primary production,Nuclear heat,Gigawatt-hour,Portugal,2016,0.000,,
ESTAT:NRG_BAL_C(1.0),06/03/26 23:00:00,Annual,Primary production,Nuclear heat,Gigawatt-hour,Portugal,2017,0.000,,
ESTAT:NRG_BAL_C(1.0),06/03/26 23:00:00,Annual,Primary production,Nuclear heat,Gigawatt-hour,Portugal,2018,0.000,,
ESTAT:NRG_BAL_C(1.0),06/03/26 23:00:00,Annual,Primary production,Nuclear heat,Gigawatt-hour,Portugal,2019,0.000,,
ESTAT:NRG_BAL_C(1.0),06/03/26 23:00:00,Annual,Primary production,Nuclear heat,Gigawatt-hour,Portugal,2020,0.000,,
ESTAT:NRG_BAL_C(1.0),06/03/26 23:00:00,Annual,Primary production,Nuclear heat,Gigawatt-hour,Portugal,2021,0.000,,
ESTAT:NRG_BAL_C(1.0),06/03/26 23:00:00,Annual,Primary production,Nuclear heat,Gigawatt-hour,Portugal,2022,0.000,,
ESTAT:NRG_BAL_C(1.0),06/03/26 23:00:00,Annual,Primary production,Nuclear heat,Gigawatt-hour,Portugal,2023,0.000,,
ESTAT:NRG_BAL_C(1.0),06/03/26 23:00:00,Annual,Primary production,Nuclear heat,Gigawatt-hour,Portugal,2024,0.000,,
ESTAT:NRG_BAL_C(1.0),06/03/26 23:00:00,Annual,Primary production,Nuclear heat,Gigawatt-hour,Romania,2005,16665.000,,
ESTAT:NRG_BAL_C(1.0),06/03/26 23:00:00,Annual,Primary production,Nuclear heat,Gigawatt-hour,Romania,2006,16896.000,,
ESTAT:NRG_BAL_C(1.0),06/03/26 23:00:00,Annual,Primary production,Nuclear heat,Gigawatt-hour,Romania,2007,23127.000,,
ESTAT:NRG_BAL_C(1.0),06/03/26 23:00:00,Annual,Primary production,Nuclear heat,Gigawatt-hour,Romania,2008,33678.000,,
ESTAT:NRG_BAL_C(1.0),06/03/26 23:00:00,Annual,Primary production,Nuclear heat,Gigawatt-hour,Romania,2009,34652.748,,
ESTAT:NRG_BAL_C(1.0),06/03/26 23:00:00,Annual,Primary production,Nuclear heat,Gigawatt-hour,Romania,2010,33992.513,,
ESTAT:NRG_BAL_C(1.0),06/03/26 23:00:00,Annual,Primary production,Nuclear heat,Gigawatt-hour,Romania,2011,34644.607,,
ESTAT:NRG_BAL_C(1.0),06/03/26 23:00:00,Annual,Primary production,Nuclear heat,Gigawatt-hour,Romania,2012,34988.739,,
ESTAT:NRG_BAL_C(1.0),06/03/26 23:00:00,Annual,Primary production,Nuclear heat,Gigawatt-hour,Romania,2013,33985.186,,
ESTAT:NRG_BAL_C(1.0),06/03/26 23:00:00,Annual,Primary production,Nuclear heat,Gigawatt-hour,Romania,2014,34206.156,,
ESTAT:NRG_BAL_C(1.0),06/03/26 23:00:00,Annual,Primary production,Nuclear heat,Gigawatt-hour,Romania,2015,34193.363,,
ESTAT:NRG_BAL_C(1.0),06/03/26 23:00:00,Annual,Primary production,Nuclear heat,Gigawatt-hour,Romania,2016,32688.441,,
ESTAT:NRG_BAL_C(1.0),06/03/26 23:00:00,Annual,Primary production,Nuclear heat,Gigawatt-hour,Romania,2017,33808.410,,
ESTAT:NRG_BAL_C(1.0),06/03/26 23:00:00,Annual,Primary production,Nuclear heat,Gigawatt-hour,Romania,2018,33459.510,,
ESTAT:NRG_BAL_C(1.0),06/03/26 23:00:00,Annual,Primary production,Nuclear heat,Gigawatt-hour,Romania,2019,33098.980,,
ESTAT:NRG_BAL_C(1.0),06/03/26 23:00:00,Annual,Primary production,Nuclear heat,Gigawatt-hour,Romania,2020,33575.810,,
ESTAT:NRG_BAL_C(1.0),06/03/26 23:00:00,Annual,Primary production,Nuclear heat,Gigawatt-hour,Romania,2021,33331.580,,
ESTAT:NRG_BAL_C(1.0),06/03/26 23:00:00,Annual,Primary production,Nuclear heat,Gigawatt-hour,Romania,2022,32819.860,,
ESTAT:NRG_BAL_C(1.0),06/03/26 23:00:00,Annual,Primary production,Nuclear heat,Gigawatt-hour,Romania,2023,33343.210,,
ESTAT:NRG_BAL_C(1.0),06/03/26 23:00:00,Annual,Primary production,Nuclear heat,Gigawatt-hour,Romania,2024,32598.890,,
ESTAT:NRG_BAL_C(1.0),06/03/26 23:00:00,Annual,Primary production,Nuclear heat,Gigawatt-hour,Sweden,2005,217131.000,,
ESTAT:NRG_BAL_C(1.0),06/03/26 23:00:00,Annual,Primary production,Nuclear heat,Gigawatt-hour,Sweden,2006,200931.000,,
ESTAT:NRG_BAL_C(1.0),06/03/26 23:00:00,Annual,Primary production,Nuclear heat,Gigawatt-hour,Sweden,2007,200907.000,,
ESTAT:NRG_BAL_C(1.0),06/03/26 23:00:00,Annual,Primary production,Nuclear heat,Gigawatt-hour,Sweden,2008,191667.000,,
ESTAT:NRG_BAL_C(1.0),06/03/26 23:00:00,Annual,Primary production,Nuclear heat,Gigawatt-hour,Sweden,2009,149806.030,,
ESTAT:NRG_BAL_C(1.0),06/03/26 23:00:00,Annual,Primary production,Nuclear heat,Gigawatt-hour,Sweden,2010,168611.740,,
ESTAT:NRG_BAL_C(1.0),06/03/26 23:00:00,Annual,Primary production,Nuclear heat,Gigawatt-hour,Sweden,2011,177380.760,,
ESTAT:NRG_BAL_C(1.0),06/03/26 23:00:00,Annual,Primary production,Nuclear heat,Gigawatt-hour,Sweden,2012,181800.160,,
ESTAT:NRG_BAL_C(1.0),06/03/26 23:00:00,Annual,Primary production,Nuclear heat,Gigawatt-hour,Sweden,2013,186033.480,,
ESTAT:NRG_BAL_C(1.0),06/03/26 23:00:00,Annual,Primary production,Nuclear heat,Gigawatt-hour,Sweden,2014,190290.060,,
ESTAT:NRG_BAL_C(1.0),06/03/26 23:00:00,Annual,Primary production,Nuclear heat,Gigawatt-hour,Sweden,2015,180637.160,,
ESTAT:NRG_BAL_C(1.0),06/03/26 23:00:00,Annual,Primary production,Nuclear heat,Gigawatt-hour,Sweden,2016,182579.370,,
ESTAT:NRG_BAL_C(1.0),06/03/26 23:00:00,Annual,Primary production,Nuclear heat,Gigawatt-hour,Sweden,2017,190162.130,,
ESTAT:NRG_BAL_C(1.0),06/03/26 23:00:00,Annual,Primary production,Nuclear heat,Gigawatt-hour,Sweden,2018,194535.010,,
ESTAT:NRG_BAL_C(1.0),06/03/26 23:00:00,Annual,Primary production,Nuclear heat,Gigawatt-hour,Sweden,2019,188859.570,,
ESTAT:NRG_BAL_C(1.0),06/03/26 23:00:00,Annual,Primary production,Nuclear heat,Gigawatt-hour,Sweden,2020,139885.640,,
ESTAT:NRG_BAL_C(1.0),06/03/26 23:00:00,Annual,Primary production,Nuclear heat,Gigawatt-hour,Sweden,2021,143537.460,,
ESTAT:NRG_BAL_C(1.0),06/03/26 23:00:00,Annual,Primary production,Nuclear heat,Gigawatt-hour,Sweden,2022,144316.670,,
ESTAT:NRG_BAL_C(1.0),06/03/26 23:00:00,Annual,Primary production,Nuclear heat,Gigawatt-hour,Sweden,2023,134630.973,,
ESTAT:NRG_BAL_C(1.0),06/03/26 23:00:00,Annual,Primary production,Nuclear heat,Gigawatt-hour,Sweden,2024,140618.330,,
ESTAT:NRG_BAL_C(1.0),06/03/26 23:00:00,Annual,Primary production,Nuclear heat,Gigawatt-hour,Slovenia,2005,17652.000,,
ESTAT:NRG_BAL_C(1.0),06/03/26 23:00:00,Annual,Primary production,Nuclear heat,Gigawatt-hour,Slovenia,2006,16644.000,,
ESTAT:NRG_BAL_C(1.0),06/03/26 23:00:00,Annual,Primary production,Nuclear heat,Gigawatt-hour,Slovenia,2007,17085.000,,
ESTAT:NRG_BAL_C(1.0),06/03/26 23:00:00,Annual,Primary production,Nuclear heat,Gigawatt-hour,Slovenia,2008,18819.000,,
ESTAT:NRG_BAL_C(1.0),06/03/26 23:00:00,Annual,Primary production,Nuclear heat,Gigawatt-hour,Slovenia,2009,15755.000,,
ESTAT:NRG_BAL_C(1.0),06/03/26 23:00:00,Annual,Primary production,Nuclear heat,Gigawatt-hour,Slovenia,2010,15528.841,,
ESTAT:NRG_BAL_C(1.0),06/03/26 23:00:00,Annual,Primary production,Nuclear heat,Gigawatt-hour,Slovenia,2011,17101.709,,
ESTAT:NRG_BAL_C(1.0),06/03/26 23:00:00,Annual,Primary production,Nuclear heat,Gigawatt-hour,Slovenia,2012,15213.580,,
ESTAT:NRG_BAL_C(1.0),06/03/26 23:00:00,Annual,Primary production,Nuclear heat,Gigawatt-hour,Slovenia,2013,14547.967,,
ESTAT:NRG_BAL_C(1.0),06/03/26 23:00:00,Annual,Primary production,Nuclear heat,Gigawatt-hour,Slovenia,2014,17438.707,,
ESTAT:NRG_BAL_C(1.0),06/03/26 23:00:00,Annual,Primary production,Nuclear heat,Gigawatt-hour,Slovenia,2015,15493.486,,
ESTAT:NRG_BAL_C(1.0),06/03/26 23:00:00,Annual,Primary production,Nuclear heat,Gigawatt-hour,Slovenia,2016,15684.752,,
ESTAT:NRG_BAL_C(1.0),06/03/26 23:00:00,Annual,Primary production,Nuclear heat,Gigawatt-hour,Slovenia,2017,17306.603,,
ESTAT:NRG_BAL_C(1.0),06/03/26 23:00:00,Annual,Primary production,Nuclear heat,Gigawatt-hour,Slovenia,2018,15870.298,,
ESTAT:NRG_BAL_C(1.0),06/03/26 23:00:00,Annual,Primary production,Nuclear heat,Gigawatt-hour,Slovenia,2019,15993.576,,
ESTAT:NRG_BAL_C(1.0),06/03/26 23:00:00,Annual,Primary production,Nuclear heat,Gigawatt-hour,Slovenia,2020,17408.388,,
ESTAT:NRG_BAL_C(1.0),06/03/26 23:00:00,Annual,Primary production,Nuclear heat,Gigawatt-hour,Slovenia,2021,15728.913,,
ESTAT:NRG_BAL_C(1.0),06/03/26 23:00:00,Annual,Primary production,Nuclear heat,Gigawatt-hour,Slovenia,2022,15544.064,,
ESTAT:NRG_BAL_C(1.0),06/03/26 23:00:00,Annual,Primary production,Nuclear heat,Gigawatt-hour,Slovenia,2023,15323.699,,
ESTAT:NRG_BAL_C(1.0),06/03/26 23:00:00,Annual,Primary production,Nuclear heat,Gigawatt-hour,Slovenia,2024,15932.207,,
ESTAT:NRG_BAL_C(1.0),06/03/26 23:00:00,Annual,Primary production,Nuclear heat,Gigawatt-hour,Slovakia,2005,55041.833,,
ESTAT:NRG_BAL_C(1.0),06/03/26 23:00:00,Annual,Primary production,Nuclear heat,Gigawatt-hour,Slovakia,2006,55966.833,,
ESTAT:NRG_BAL_C(1.0),06/03/26 23:00:00,Annual,Primary production,Nuclear heat,Gigawatt-hour,Slovakia,2007,47697.833,,
ESTAT:NRG_BAL_C(1.0),06/03/26 23:00:00,Annual,Primary production,Nuclear heat,Gigawatt-hour,Slovakia,2008,51779.000,,
ESTAT:NRG_BAL_C(1.0),06/03/26 23:00:00,Annual,Primary production,Nuclear heat,Gigawatt-hour,Slovakia,2009,43996.290,,
ESTAT:NRG_BAL_C(1.0),06/03/26 23:00:00,Annual,Primary production,Nuclear heat,Gigawatt-hour,Slovakia,2010,44813.646,,
ESTAT:NRG_BAL_C(1.0),06/03/26 23:00:00,Annual,Primary production,Nuclear heat,Gigawatt-hour,Slovakia,2011,46834.010,,
ESTAT:NRG_BAL_C(1.0),06/03/26 23:00:00,Annual,Primary production,Nuclear heat,Gigawatt-hour,Slovakia,2012,47101.500,,
ESTAT:NRG_BAL_C(1.0),06/03/26 23:00:00,Annual,Primary production,Nuclear heat,Gigawatt-hour,Slovakia,2013,47805.231,,
ESTAT:NRG_BAL_C(1.0),06/03/26 23:00:00,Annual,Primary production,Nuclear heat,Gigawatt-hour,Slovakia,2014,47136.390,,
ESTAT:NRG_BAL_C(1.0),06/03/26 23:00:00,Annual,Primary production,Nuclear heat,Gigawatt-hour,Slovakia,2015,46845.640,,
ESTAT:NRG_BAL_C(1.0),06/03/26 23:00:00,Annual,Primary production,Nuclear heat,Gigawatt-hour,Slovakia,2016,45287.220,,
ESTAT:NRG_BAL_C(1.0),06/03/26 23:00:00,Annual,Primary production,Nuclear heat,Gigawatt-hour,Slovakia,2017,46345.550,,
ESTAT:NRG_BAL_C(1.0),06/03/26 23:00:00,Annual,Primary production,Nuclear heat,Gigawatt-hour,Slovakia,2018,43728.800,,
ESTAT:NRG_BAL_C(1.0),06/03/26 23:00:00,Annual,Primary production,Nuclear heat,Gigawatt-hour,Slovakia,2019,47078.240,,
ESTAT:NRG_BAL_C(1.0),06/03/26 23:00:00,Annual,Primary production,Nuclear heat,Gigawatt-hour,Slovakia,2020,47031.720,,
ESTAT:NRG_BAL_C(1.0),06/03/26 23:00:00,Annual,Primary production,Nuclear heat,Gigawatt-hour,Slovakia,2021,47113.712,,
ESTAT:NRG_BAL_C(1.0),06/03/26 23:00:00,Annual,Primary production,Nuclear heat,Gigawatt-hour,Slovakia,2022,47647.994,,
ESTAT:NRG_BAL_C(1.0),06/03/26 23:00:00,Annual,Primary production,Nuclear heat,Gigawatt-hour,Slovakia,2023,55039.440,,
ESTAT:NRG_BAL_C(1.0),06/03/26 23:00:00,Annual,Primary production,Nuclear heat,Gigawatt-hour,Slovakia,2024,54335.127,,
ESTAT:NRG_BAL_C(1.0),06/03/26 23:00:00,Annual,Primary production,Renewables and biofuels,Gigawatt-hour,Austria,2005,83867.036,,
ESTAT:NRG_BAL_C(1.0),06/03/26 23:00:00,Annual,Primary production,Renewables and biofuels,Gigawatt-hour,Austria,2006,86032.989,,
ESTAT:NRG_BAL_C(1.0),06/03/26 23:00:00,Annual,Primary production,Renewables and biofuels,Gigawatt-hour,Austria,2007,93304.336,,
ESTAT:NRG_BAL_C(1.0),06/03/26 23:00:00,Annual,Primary production,Renewables and biofuels,Gigawatt-hour,Austria,2008,97926.661,,
ESTAT:NRG_BAL_C(1.0),06/03/26 23:00:00,Annual,Primary production,Renewables and biofuels,Gigawatt-hour,Austria,2009,101451.343,,
ESTAT:NRG_BAL_C(1.0),06/03/26 23:00:00,Annual,Primary production,Renewables and biofuels,Gigawatt-hour,Austria,2010,105212.170,,
ESTAT:NRG_BAL_C(1.0),06/03/26 23:00:00,Annual,Primary production,Renewables and biofuels,Gigawatt-hour,Austria,2011,99401.013,,
ESTAT:NRG_BAL_C(1.0),06/03/26 23:00:00,Annual,Primary production,Renewables and biofuels,Gigawatt-hour,Austria,2012,113809.993,,
ESTAT:NRG_BAL_C(1.0),06/03/26 23:00:00,Annual,Primary production,Renewables and biofuels,Gigawatt-hour,Austria,2013,112579.941,,
ESTAT:NRG_BAL_C(1.0),06/03/26 23:00:00,Annual,Primary production,Renewables and biofuels,Gigawatt-hour,Austria,2014,111594.540,,
ESTAT:NRG_BAL_C(1.0),06/03/26 23:00:00,Annual,Primary production,Renewables and biofuels,Gigawatt-hour,Austria,2015,112009.703,,
ESTAT:NRG_BAL_C(1.0),06/03/26 23:00:00,Annual,Primary production,Renewables and biofuels,Gigawatt-hour,Austria,2016,117093.103,,
ESTAT:NRG_BAL_C(1.0),06/03/26 23:00:00,Annual,Primary production,Renewables and biofuels,Gigawatt-hour,Austria,2017,118362.962,,
ESTAT:NRG_BAL_C(1.0),06/03/26 23:00:00,Annual,Primary production,Renewables and biofuels,Gigawatt-hour,Austria,2018,114197.709,,
ESTAT:NRG_BAL_C(1.0),06/03/26 23:00:00,Annual,Primary production,Renewables and biofuels,Gigawatt-hour,Austria,2019,120391.164,,
ESTAT:NRG_BAL_C(1.0),06/03/26 23:00:00,Annual,Primary production,Renewables and biofuels,Gigawatt-hour,Austria,2020,122920.651,,
ESTAT:NRG_BAL_C(1.0),06/03/26 23:00:00,Annual,Primary production,Renewables and biofuels,Gigawatt-hour,Austria,2021,125447.239,,
ESTAT:NRG_BAL_C(1.0),06/03/26 23:00:00,Annual,Primary production,Renewables and biofuels,Gigawatt-hour,Austria,2022,124313.868,,
ESTAT:NRG_BAL_C(1.0),06/03/26 23:00:00,Annual,Primary production,Renewables and biofuels,Gigawatt-hour,Austria,2023,135922.163,,
ESTAT:NRG_BAL_C(1.0),06/03/26 23:00:00,Annual,Primary production,Renewables and biofuels,Gigawatt-hour,Austria,2024,144312.035,,
ESTAT:NRG_BAL_C(1.0),06/03/26 23:00:00,Annual,Primary production,Renewables and biofuels,Gigawatt-hour,Belgium,2005,10174.398,,
ESTAT:NRG_BAL_C(1.0),06/03/26 23:00:00,Annual,Primary production,Renewables and biofuels,Gigawatt-hour,Belgium,2006,10839.970,,
ESTAT:NRG_BAL_C(1.0),06/03/26 23:00:00,Annual,Primary production,Renewables and biofuels,Gigawatt-hour,Belgium,2007,13249.022,,
ESTAT:NRG_BAL_C(1.0),06/03/26 23:00:00,Annual,Primary production,Renewables and biofuels,Gigawatt-hour,Belgium,2008,15990.942,,
ESTAT:NRG_BAL_C(1.0),06/03/26 23:00:00,Annual,Primary production,Renewables and biofuels,Gigawatt-hour,Belgium,2009,20229.334,,
ESTAT:NRG_BAL_C(1.0),06/03/26 23:00:00,Annual,Primary production,Renewables and biofuels,Gigawatt-hour,Belgium,2010,28635.938,,
ESTAT:NRG_BAL_C(1.0),06/03/26 23:00:00,Annual,Primary production,Renewables and biofuels,Gigawatt-hour,Belgium,2011,29478.772,,
ESTAT:NRG_BAL_C(1.0),06/03/26 23:00:00,Annual,Primary production,Renewables and biofuels,Gigawatt-hour,Belgium,2012,32812.577,,
ESTAT:NRG_BAL_C(1.0),06/03/26 23:00:00,Annual,Primary production,Renewables and biofuels,Gigawatt-hour,Belgium,2013,35234.888,,
ESTAT:NRG_BAL_C(1.0),06/03/26 23:00:00,Annual,Primary production,Renewables and biofuels,Gigawatt-hour,Belgium,2014,34791.655,,
ESTAT:NRG_BAL_C(1.0),06/03/26 23:00:00,Annual,Primary production,Renewables and biofuels,Gigawatt-hour,Belgium,2015,35466.296,,
ESTAT:NRG_BAL_C(1.0),06/03/26 23:00:00,Annual,Primary production,Renewables and biofuels,Gigawatt-hour,Belgium,2016,36139.237,,
ESTAT:NRG_BAL_C(1.0),06/03/26 23:00:00,Annual,Primary production,Renewables and biofuels,Gigawatt-hour,Belgium,2017,37560.621,,
ESTAT:NRG_BAL_C(1.0),06/03/26 23:00:00,Annual,Primary production,Renewables and biofuels,Gigawatt-hour,Belgium,2018,39375.920,,
ESTAT:NRG_BAL_C(1.0),06/03/26 23:00:00,Annual,Primary production,Renewables and biofuels,Gigawatt-hour,Belgium,2019,42308.172,,
ESTAT:NRG_BAL_C(1.0),06/03/26 23:00:00,Annual,Primary production,Renewables and biofuels,Gigawatt-hour,Belgium,2020,46411.253,,
ESTAT:NRG_BAL_C(1.0),06/03/26 23:00:00,Annual,Primary production,Renewables and biofuels,Gigawatt-hour,Belgium,2021,51465.422,,
ESTAT:NRG_BAL_C(1.0),06/03/26 23:00:00,Annual,Primary production,Renewables and biofuels,Gigawatt-hour,Belgium,2022,54162.132,,
ESTAT:NRG_BAL_C(1.0),06/03/26 23:00:00,Annual,Primary production,Renewables and biofuels,Gigawatt-hour,Belgium,2023,59553.063,,
ESTAT:NRG_BAL_C(1.0),06/03/26 23:00:00,Annual,Primary production,Renewables and biofuels,Gigawatt-hour,Belgium,2024,60244.785,,
ESTAT:NRG_BAL_C(1.0),06/03/26 23:00:00,Annual,Primary production,Renewables and biofuels,Gigawatt-hour,Bulgaria,2005,13224.037,,
ESTAT:NRG_BAL_C(1.0),06/03/26 23:00:00,Annual,Primary production,Renewables and biofuels,Gigawatt-hour,Bulgaria,2006,13878.099,,
ESTAT:NRG_BAL_C(1.0),06/03/26 23:00:00,Annual,Primary production,Renewables and biofuels,Gigawatt-hour,Bulgaria,2007,11812.972,,
ESTAT:NRG_BAL_C(1.0),06/03/26 23:00:00,Annual,Primary production,Renewables and biofuels,Gigawatt-hour,Bulgaria,2008,12948.771,,
ESTAT:NRG_BAL_C(1.0),06/03/26 23:00:00,Annual,Primary production,Renewables and biofuels,Gigawatt-hour,Bulgaria,2009,13716.510,,
ESTAT:NRG_BAL_C(1.0),06/03/26 23:00:00,Annual,Primary production,Renewables and biofuels,Gigawatt-hour,Bulgaria,2010,17834.120,,
ESTAT:NRG_BAL_C(1.0),06/03/26 23:00:00,Annual,Primary production,Renewables and biofuels,Gigawatt-hour,Bulgaria,2011,17107.306,,
ESTAT:NRG_BAL_C(1.0),06/03/26 23:00:00,Annual,Primary production,Renewables and biofuels,Gigawatt-hour,Bulgaria,2012,19327.965,,
ESTAT:NRG_BAL_C(1.0),06/03/26 23:00:00,Annual,Primary production,Renewables and biofuels,Gigawatt-hour,Bulgaria,2013,22012.430,,
ESTAT:NRG_BAL_C(1.0),06/03/26 23:00:00,Annual,Primary production,Renewables and biofuels,Gigawatt-hour,Bulgaria,2014,22261.728,,
ESTAT:NRG_BAL_C(1.0),06/03/26 23:00:00,Annual,Primary production,Renewables and biofuels,Gigawatt-hour,Bulgaria,2015,24621.789,,
ESTAT:NRG_BAL_C(1.0),06/03/26 23:00:00,Annual,Primary production,Renewables and biofuels,Gigawatt-hour,Bulgaria,2016,23217.117,,
ESTAT:NRG_BAL_C(1.0),06/03/26 23:00:00,Annual,Primary production,Renewables and biofuels,Gigawatt-hour,Bulgaria,2017,22541.478,,
ESTAT:NRG_BAL_C(1.0),06/03/26 23:00:00,Annual,Primary production,Renewables and biofuels,Gigawatt-hour,Bulgaria,2018,30055.358,,
ESTAT:NRG_BAL_C(1.0),06/03/26 23:00:00,Annual,Primary production,Renewables and biofuels,Gigawatt-hour,Bulgaria,2019,29645.581,,
ESTAT:NRG_BAL_C(1.0),06/03/26 23:00:00,Annual,Primary production,Renewables and biofuels,Gigawatt-hour,Bulgaria,2020,29988.877,,
ESTAT:NRG_BAL_C(1.0),06/03/26 23:00:00,Annual,Primary production,Renewables and biofuels,Gigawatt-hour,Bulgaria,2021,34587.424,,
ESTAT:NRG_BAL_C(1.0),06/03/26 23:00:00,Annual,Primary production,Renewables and biofuels,Gigawatt-hour,Bulgaria,2022,32570.836,,
ESTAT:NRG_BAL_C(1.0),06/03/26 23:00:00,Annual,Primary production,Renewables and biofuels,Gigawatt-hour,Bulgaria,2023,31557.146,,
ESTAT:NRG_BAL_C(1.0),06/03/26 23:00:00,Annual,Primary production,Renewables and biofuels,Gigawatt-hour,Bulgaria,2024,32427.486,,
ESTAT:NRG_BAL_C(1.0),06/03/26 23:00:00,Annual,Primary production,Renewables and biofuels,Gigawatt-hour,Cyprus,2005,555.088,,
ESTAT:NRG_BAL_C(1.0),06/03/26 23:00:00,Annual,Primary production,Renewables and biofuels,Gigawatt-hour,Cyprus,2006,579.413,,
ESTAT:NRG_BAL_C(1.0),06/03/26 23:00:00,Annual,Primary production,Renewables and biofuels,Gigawatt-hour,Cyprus,2007,774.525,,
ESTAT:NRG_BAL_C(1.0),06/03/26 23:00:00,Annual,Primary production,Renewables and biofuels,Gigawatt-hour,Cyprus,2008,917.480,,
ESTAT:NRG_BAL_C(1.0),06/03/26 23:00:00,Annual,Primary production,Renewables and biofuels,Gigawatt-hour,Cyprus,2009,974.711,,
ESTAT:NRG_BAL_C(1.0),06/03/26 23:00:00,Annual,Primary production,Renewables and biofuels,Gigawatt-hour,Cyprus,2010,998.771,,
ESTAT:NRG_BAL_C(1.0),06/03/26 23:00:00,Annual,Primary production,Renewables and biofuels,Gigawatt-hour,Cyprus,2011,1177.616,,
ESTAT:NRG_BAL_C(1.0),06/03/26 23:00:00,Annual,Primary production,Renewables and biofuels,Gigawatt-hour,Cyprus,2012,1316.410,,
ESTAT:NRG_BAL_C(1.0),06/03/26 23:00:00,Annual,Primary production,Renewables and biofuels,Gigawatt-hour,Cyprus,2013,1333.044,,
ESTAT:NRG_BAL_C(1.0),06/03/26 23:00:00,Annual,Primary production,Renewables and biofuels,Gigawatt-hour,Cyprus,2014,1341.162,,
ESTAT:NRG_BAL_C(1.0),06/03/26 23:00:00,Annual,Primary production,Renewables and biofuels,Gigawatt-hour,Cyprus,2015,1485.648,,
ESTAT:NRG_BAL_C(1.0),06/03/26 23:00:00,Annual,Primary production,Renewables and biofuels,Gigawatt-hour,Cyprus,2016,1555.123,,
ESTAT:NRG_BAL_C(1.0),06/03/26 23:00:00,Annual,Primary production,Renewables and biofuels,Gigawatt-hour,Cyprus,2017,1644.694,,
ESTAT:NRG_BAL_C(1.0),06/03/26 23:00:00,Annual,Primary production,Renewables and biofuels,Gigawatt-hour,Cyprus,2018,2238.246,,
ESTAT:NRG_BAL_C(1.0),06/03/26 23:00:00,Annual,Primary production,Renewables and biofuels,Gigawatt-hour,Cyprus,2019,2363.089,,
ESTAT:NRG_BAL_C(1.0),06/03/26 23:00:00,Annual,Primary production,Renewables and biofuels,Gigawatt-hour,Cyprus,2020,2411.282,,
ESTAT:NRG_BAL_C(1.0),06/03/26 23:00:00,Annual,Primary production,Renewables and biofuels,Gigawatt-hour,Cyprus,2021,2651.573,,
ESTAT:NRG_BAL_C(1.0),06/03/26 23:00:00,Annual,Primary production,Renewables and biofuels,Gigawatt-hour,Cyprus,2022,2855.723,,
ESTAT:NRG_BAL_C(1.0),06/03/26 23:00:00,Annual,Primary production,Renewables and biofuels,Gigawatt-hour,Cyprus,2023,3012.878,,
ESTAT:NRG_BAL_C(1.0),06/03/26 23:00:00,Annual,Primary production,Renewables and biofuels,Gigawatt-hour,Cyprus,2024,3220.969,,
ESTAT:NRG_BAL_C(1.0),06/03/26 23:00:00,Annual,Primary production,Renewables and biofuels,Gigawatt-hour,Czechia,2005,26603.417,,
ESTAT:NRG_BAL_C(1.0),06/03/26 23:00:00,Annual,Primary production,Renewables and biofuels,Gigawatt-hour,Czechia,2006,28600.950,,
ESTAT:NRG_BAL_C(1.0),06/03/26 23:00:00,Annual,Primary production,Renewables and biofuels,Gigawatt-hour,Czechia,2007,29871.025,,
ESTAT:NRG_BAL_C(1.0),06/03/26 23:00:00,Annual,Primary production,Renewables and biofuels,Gigawatt-hour,Czechia,2008,32029.661,,
ESTAT:NRG_BAL_C(1.0),06/03/26 23:00:00,Annual,Primary production,Renewables and biofuels,Gigawatt-hour,Czechia,2009,35435.702,,
ESTAT:NRG_BAL_C(1.0),06/03/26 23:00:00,Annual,Primary production,Renewables and biofuels,Gigawatt-hour,Czechia,2010,38353.738,,
ESTAT:NRG_BAL_C(1.0),06/03/26 23:00:00,Annual,Primary production,Renewables and biofuels,Gigawatt-hour,Czechia,2011,41136.853,,
ESTAT:NRG_BAL_C(1.0),06/03/26 23:00:00,Annual,Primary production,Renewables and biofuels,Gigawatt-hour,Czechia,2012,44144.052,,
ESTAT:NRG_BAL_C(1.0),06/03/26 23:00:00,Annual,Primary production,Renewables and biofuels,Gigawatt-hour,Czechia,2013,48820.232,,
ESTAT:NRG_BAL_C(1.0),06/03/26 23:00:00,Annual,Primary production,Renewables and biofuels,Gigawatt-hour,Czechia,2014,49886.148,,
ESTAT:NRG_BAL_C(1.0),06/03/26 23:00:00,Annual,Primary production,Renewables and biofuels,Gigawatt-hour,Czechia,2015,50993.614,,
ESTAT:NRG_BAL_C(1.0),06/03/26 23:00:00,Annual,Primary production,Renewables and biofuels,Gigawatt-hour,Czechia,2016,51192.973,,
ESTAT:NRG_BAL_C(1.0),06/03/26 23:00:00,Annual,Primary production,Renewables and biofuels,Gigawatt-hour,Czechia,2017,51942.845,,
ESTAT:NRG_BAL_C(1.0),06/03/26 23:00:00,Annual,Primary production,Renewables and biofuels,Gigawatt-hour,Czechia,2018,53121.936,,
ESTAT:NRG_BAL_C(1.0),06/03/26 23:00:00,Annual,Primary production,Renewables and biofuels,Gigawatt-hour,Czechia,2019,57850.606,,
ESTAT:NRG_BAL_C(1.0),06/03/26 23:00:00,Annual,Primary production,Renewables and biofuels,Gigawatt-hour,Czechia,2020,60266.296,,
ESTAT:NRG_BAL_C(1.0),06/03/26 23:00:00,Annual,Primary production,Renewables and biofuels,Gigawatt-hour,Czechia,2021,65243.532,,
ESTAT:NRG_BAL_C(1.0),06/03/26 23:00:00,Annual,Primary production,Renewables and biofuels,Gigawatt-hour,Czechia,2022,64604.028,,
ESTAT:NRG_BAL_C(1.0),06/03/26 23:00:00,Annual,Primary production,Renewables and biofuels,Gigawatt-hour,Czechia,2023,62279.243,,
ESTAT:NRG_BAL_C(1.0),06/03/26 23:00:00,Annual,Primary production,Renewables and biofuels,Gigawatt-hour,Czechia,2024,63439.651,,
ESTAT:NRG_BAL_C(1.0),06/03/26 23:00:00,Annual,Primary production,Renewables and biofuels,Gigawatt-hour,Germany,2005,208840.023,,
ESTAT:NRG_BAL_C(1.0),06/03/26 23:00:00,Annual,Primary production,Renewables and biofuels,Gigawatt-hour,Germany,2006,254706.836,,
ESTAT:NRG_BAL_C(1.0),06/03/26 23:00:00,Annual,Primary production,Renewables and biofuels,Gigawatt-hour,Germany,2007,296960.129,,
ESTAT:NRG_BAL_C(1.0),06/03/26 23:00:00,Annual,Primary production,Renewables and biofuels,Gigawatt-hour,Germany,2008,312022.908,,
ESTAT:NRG_BAL_C(1.0),06/03/26 23:00:00,Annual,Primary production,Renewables and biofuels,Gigawatt-hour,Germany,2009,312575.208,,
ESTAT:NRG_BAL_C(1.0),06/03/26 23:00:00,Annual,Primary production,Renewables and biofuels,Gigawatt-hour,Germany,2010,359058.819,,
ESTAT:NRG_BAL_C(1.0),06/03/26 23:00:00,Annual,Primary production,Renewables and biofuels,Gigawatt-hour,Germany,2011,372875.727,,
ESTAT:NRG_BAL_C(1.0),06/03/26 23:00:00,Annual,Primary production,Renewables and biofuels,Gigawatt-hour,Germany,2012,417196.393,,
ESTAT:NRG_BAL_C(1.0),06/03/26 23:00:00,Annual,Primary production,Renewables and biofuels,Gigawatt-hour,Germany,2013,432069.067,,
ESTAT:NRG_BAL_C(1.0),06/03/26 23:00:00,Annual,Primary production,Renewables and biofuels,Gigawatt-hour,Germany,2014,433823.188,,
ESTAT:NRG_BAL_C(1.0),06/03/26 23:00:00,Annual,Primary production,Renewables and biofuels,Gigawatt-hour,Germany,2015,462622.115,,
ESTAT:NRG_BAL_C(1.0),06/03/26 23:00:00,Annual,Primary production,Renewables and biofuels,Gigawatt-hour,Germany,2016,461532.686,,
ESTAT:NRG_BAL_C(1.0),06/03/26 23:00:00,Annual,Primary production,Renewables and biofuels,Gigawatt-hour,Germany,2017,492973.584,,
ESTAT:NRG_BAL_C(1.0),06/03/26 23:00:00,Annual,Primary production,Renewables and biofuels,Gigawatt-hour,Germany,2018,505483.274,,
ESTAT:NRG_BAL_C(1.0),06/03/26 23:00:00,Annual,Primary production,Renewables and biofuels,Gigawatt-hour,Germany,2019,531359.710,,
ESTAT:NRG_BAL_C(1.0),06/03/26 23:00:00,Annual,Primary production,Renewables and biofuels,Gigawatt-hour,Germany,2020,541884.106,,
ESTAT:NRG_BAL_C(1.0),06/03/26 23:00:00,Annual,Primary production,Renewables and biofuels,Gigawatt-hour,Germany,2021,548980.859,,
ESTAT:NRG_BAL_C(1.0),06/03/26 23:00:00,Annual,Primary production,Renewables and biofuels,Gigawatt-hour,Germany,2022,572381.253,,
ESTAT:NRG_BAL_C(1.0),06/03/26 23:00:00,Annual,Primary production,Renewables and biofuels,Gigawatt-hour,Germany,2023,573149.394,,
ESTAT:NRG_BAL_C(1.0),06/03/26 23:00:00,Annual,Primary production,Renewables and biofuels,Gigawatt-hour,Germany,2024,589618.021,,
ESTAT:NRG_BAL_C(1.0),06/03/26 23:00:00,Annual,Primary production,Renewables and biofuels,Gigawatt-hour,Denmark,2005,29488.776,,
ESTAT:NRG_BAL_C(1.0),06/03/26 23:00:00,Annual,Primary production,Renewables and biofuels,Gigawatt-hour,Denmark,2006,29891.520,,
ESTAT:NRG_BAL_C(1.0),06/03/26 23:00:00,Annual,Primary production,Renewables and biofuels,Gigawatt-hour,Denmark,2007,33365.009,,
ESTAT:NRG_BAL_C(1.0),06/03/26 23:00:00,Annual,Primary production,Renewables and biofuels,Gigawatt-hour,Denmark,2008,32379.940,,
ESTAT:NRG_BAL_C(1.0),06/03/26 23:00:00,Annual,Primary production,Renewables and biofuels,Gigawatt-hour,Denmark,2009,32479.155,,
ESTAT:NRG_BAL_C(1.0),06/03/26 23:00:00,Annual,Primary production,Renewables and biofuels,Gigawatt-hour,Denmark,2010,36331.932,,
ESTAT:NRG_BAL_C(1.0),06/03/26 23:00:00,Annual,Primary production,Renewables and biofuels,Gigawatt-hour,Denmark,2011,36224.394,,
ESTAT:NRG_BAL_C(1.0),06/03/26 23:00:00,Annual,Primary production,Renewables and biofuels,Gigawatt-hour,Denmark,2012,35802.610,,
ESTAT:NRG_BAL_C(1.0),06/03/26 23:00:00,Annual,Primary production,Renewables and biofuels,Gigawatt-hour,Denmark,2013,37317.402,,
ESTAT:NRG_BAL_C(1.0),06/03/26 23:00:00,Annual,Primary production,Renewables and biofuels,Gigawatt-hour,Denmark,2014,39005.924,,
ESTAT:NRG_BAL_C(1.0),06/03/26 23:00:00,Annual,Primary production,Renewables and biofuels,Gigawatt-hour,Denmark,2015,43446.127,,
ESTAT:NRG_BAL_C(1.0),06/03/26 23:00:00,Annual,Primary production,Renewables and biofuels,Gigawatt-hour,Denmark,2016,43553.912,,
ESTAT:NRG_BAL_C(1.0),06/03/26 23:00:00,Annual,Primary production,Renewables and biofuels,Gigawatt-hour,Denmark,2017,46169.174,,
ESTAT:NRG_BAL_C(1.0),06/03/26 23:00:00,Annual,Primary production,Renewables and biofuels,Gigawatt-hour,Denmark,2018,46203.317,,
ESTAT:NRG_BAL_C(1.0),06/03/26 23:00:00,Annual,Primary production,Renewables and biofuels,Gigawatt-hour,Denmark,2019,48653.902,,
ESTAT:NRG_BAL_C(1.0),06/03/26 23:00:00,Annual,Primary production,Renewables and biofuels,Gigawatt-hour,Denmark,2020,50332.050,,
ESTAT:NRG_BAL_C(1.0),06/03/26 23:00:00,Annual,Primary production,Renewables and biofuels,Gigawatt-hour,Denmark,2021,53216.486,,
ESTAT:NRG_BAL_C(1.0),06/03/26 23:00:00,Annual,Primary production,Renewables and biofuels,Gigawatt-hour,Denmark,2022,57273.820,,
ESTAT:NRG_BAL_C(1.0),06/03/26 23:00:00,Annual,Primary production,Renewables and biofuels,Gigawatt-hour,Denmark,2023,60657.511,,
ESTAT:NRG_BAL_C(1.0),06/03/26 23:00:00,Annual,Primary production,Renewables and biofuels,Gigawatt-hour,Denmark,2024,61777.116,,
ESTAT:NRG_BAL_C(1.0),06/03/26 23:00:00,Annual,Primary production,Renewables and biofuels,Gigawatt-hour,Estonia,2005,8050.444,,
ESTAT:NRG_BAL_C(1.0),06/03/26 23:00:00,Annual,Primary production,Renewables and biofuels,Gigawatt-hour,Estonia,2006,7502.299,,
ESTAT:NRG_BAL_C(1.0),06/03/26 23:00:00,Annual,Primary production,Renewables and biofuels,Gigawatt-hour,Estonia,2007,8661.494,,
ESTAT:NRG_BAL_C(1.0),06/03/26 23:00:00,Annual,Primary production,Renewables and biofuels,Gigawatt-hour,Estonia,2008,8785.250,,
ESTAT:NRG_BAL_C(1.0),06/03/26 23:00:00,Annual,Primary production,Renewables and biofuels,Gigawatt-hour,Estonia,2009,10055.874,,
ESTAT:NRG_BAL_C(1.0),06/03/26 23:00:00,Annual,Primary production,Renewables and biofuels,Gigawatt-hour,Estonia,2010,11484.706,,
ESTAT:NRG_BAL_C(1.0),06/03/26 23:00:00,Annual,Primary production,Renewables and biofuels,Gigawatt-hour,Estonia,2011,11357.020,,
ESTAT:NRG_BAL_C(1.0),06/03/26 23:00:00,Annual,Primary production,Renewables and biofuels,Gigawatt-hour,Estonia,2012,12284.742,,
ESTAT:NRG_BAL_C(1.0),06/03/26 23:00:00,Annual,Primary production,Renewables and biofuels,Gigawatt-hour,Estonia,2013,13051.238,,
ESTAT:NRG_BAL_C(1.0),06/03/26 23:00:00,Annual,Primary production,Renewables and biofuels,Gigawatt-hour,Estonia,2014,13792.658,,
ESTAT:NRG_BAL_C(1.0),06/03/26 23:00:00,Annual,Primary production,Renewables and biofuels,Gigawatt-hour,Estonia,2015,15202.433,,
ESTAT:NRG_BAL_C(1.0),06/03/26 23:00:00,Annual,Primary production,Renewables and biofuels,Gigawatt-hour,Estonia,2016,17350.344,,
ESTAT:NRG_BAL_C(1.0),06/03/26 23:00:00,Annual,Primary production,Renewables and biofuels,Gigawatt-hour,Estonia,2017,18502.160,,
ESTAT:NRG_BAL_C(1.0),06/03/26 23:00:00,Annual,Primary production,Renewables and biofuels,Gigawatt-hour,Estonia,2018,20275.413,,
ESTAT:NRG_BAL_C(1.0),06/03/26 23:00:00,Annual,Primary production,Renewables and biofuels,Gigawatt-hour,Estonia,2019,21697.513,,
ESTAT:NRG_BAL_C(1.0),06/03/26 23:00:00,Annual,Primary production,Renewables and biofuels,Gigawatt-hour,Estonia,2020,21491.204,,
ESTAT:NRG_BAL_C(1.0),06/03/26 23:00:00,Annual,Primary production,Renewables and biofuels,Gigawatt-hour,Estonia,2021,22618.245,,
ESTAT:NRG_BAL_C(1.0),06/03/26 23:00:00,Annual,Primary production,Renewables and biofuels,Gigawatt-hour,Estonia,2022,22291.488,,
ESTAT:NRG_BAL_C(1.0),06/03/26 23:00:00,Annual,Primary production,Renewables and biofuels,Gigawatt-hour,Estonia,2023,22199.486,,
ESTAT:NRG_BAL_C(1.0),06/03/26 23:00:00,Annual,Primary production,Renewables and biofuels,Gigawatt-hour,Estonia,2024,23827.932,,
ESTAT:NRG_BAL_C(1.0),06/03/26 23:00:00,Annual,Primary production,Renewables and biofuels,Gigawatt-hour,Greece,2005,19823.204,,
ESTAT:NRG_BAL_C(1.0),06/03/26 23:00:00,Annual,Primary production,Renewables and biofuels,Gigawatt-hour,Greece,2006,21453.141,,
ESTAT:NRG_BAL_C(1.0),06/03/26 23:00:00,Annual,Primary production,Renewables and biofuels,Gigawatt-hour,Greece,2007,19873.533,,
ESTAT:NRG_BAL_C(1.0),06/03/26 23:00:00,Annual,Primary production,Renewables and biofuels,Gigawatt-hour,Greece,2008,19772.063,,
ESTAT:NRG_BAL_C(1.0),06/03/26 23:00:00,Annual,Primary production,Renewables and biofuels,Gigawatt-hour,Greece,2009,21696.514,,
ESTAT:NRG_BAL_C(1.0),06/03/26 23:00:00,Annual,Primary production,Renewables and biofuels,Gigawatt-hour,Greece,2010,23653.055,,
ESTAT:NRG_BAL_C(1.0),06/03/26 23:00:00,Annual,Primary production,Renewables and biofuels,Gigawatt-hour,Greece,2011,23846.353,,
ESTAT:NRG_BAL_C(1.0),06/03/26 23:00:00,Annual,Primary production,Renewables and biofuels,Gigawatt-hour,Greece,2012,27029.324,,
ESTAT:NRG_BAL_C(1.0),06/03/26 23:00:00,Annual,Primary production,Renewables and biofuels,Gigawatt-hour,Greece,2013,29618.294,,
ESTAT:NRG_BAL_C(1.0),06/03/26 23:00:00,Annual,Primary production,Renewables and biofuels,Gigawatt-hour,Greece,2014,27806.933,,
ESTAT:NRG_BAL_C(1.0),06/03/26 23:00:00,Annual,Primary production,Renewables and biofuels,Gigawatt-hour,Greece,2015,31448.506,,
ESTAT:NRG_BAL_C(1.0),06/03/26 23:00:00,Annual,Primary production,Renewables and biofuels,Gigawatt-hour,Greece,2016,29876.236,,
ESTAT:NRG_BAL_C(1.0),06/03/26 23:00:00,Annual,Primary production,Renewables and biofuels,Gigawatt-hour,Greece,2017,32391.432,,
ESTAT:NRG_BAL_C(1.0),06/03/26 23:00:00,Annual,Primary production,Renewables and biofuels,Gigawatt-hour,Greece,2018,35088.530,,
ESTAT:NRG_BAL_C(1.0),06/03/26 23:00:00,Annual,Primary production,Renewables and biofuels,Gigawatt-hour,Greece,2019,35653.375,,
ESTAT:NRG_BAL_C(1.0),06/03/26 23:00:00,Annual,Primary production,Renewables and biofuels,Gigawatt-hour,Greece,2020,37341.838,,
ESTAT:NRG_BAL_C(1.0),06/03/26 23:00:00,Annual,Primary production,Renewables and biofuels,Gigawatt-hour,Greece,2021,42827.079,,
ESTAT:NRG_BAL_C(1.0),06/03/26 23:00:00,Annual,Primary production,Renewables and biofuels,Gigawatt-hour,Greece,2022,42026.051,,
ESTAT:NRG_BAL_C(1.0),06/03/26 23:00:00,Annual,Primary production,Renewables and biofuels,Gigawatt-hour,Greece,2023,45640.715,,
ESTAT:NRG_BAL_C(1.0),06/03/26 23:00:00,Annual,Primary production,Renewables and biofuels,Gigawatt-hour,Greece,2024,49114.323,,
ESTAT:NRG_BAL_C(1.0),06/03/26 23:00:00,Annual,Primary production,Renewables and biofuels,Gigawatt-hour,Spain,2005,97610.127,,
ESTAT:NRG_BAL_C(1.0),06/03/26 23:00:00,Annual,Primary production,Renewables and biofuels,Gigawatt-hour,Spain,2006,106494.869,,
ESTAT:NRG_BAL_C(1.0),06/03/26 23:00:00,Annual,Primary production,Renewables and biofuels,Gigawatt-hour,Spain,2007,116252.551,,
ESTAT:NRG_BAL_C(1.0),06/03/26 23:00:00,Annual,Primary production,Renewables and biofuels,Gigawatt-hour,Spain,2008,119851.346,,
ESTAT:NRG_BAL_C(1.0),06/03/26 23:00:00,Annual,Primary production,Renewables and biofuels,Gigawatt-hour,Spain,2009,143935.175,,
ESTAT:NRG_BAL_C(1.0),06/03/26 23:00:00,Annual,Primary production,Renewables and biofuels,Gigawatt-hour,Spain,2010,170102.552,,
ESTAT:NRG_BAL_C(1.0),06/03/26 23:00:00,Annual,Primary production,Renewables and biofuels,Gigawatt-hour,Spain,2011,161959.566,,
ESTAT:NRG_BAL_C(1.0),06/03/26 23:00:00,Annual,Primary production,Renewables and biofuels,Gigawatt-hour,Spain,2012,169975.176,,
ESTAT:NRG_BAL_C(1.0),06/03/26 23:00:00,Annual,Primary production,Renewables and biofuels,Gigawatt-hour,Spain,2013,203913.744,,
ESTAT:NRG_BAL_C(1.0),06/03/26 23:00:00,Annual,Primary production,Renewables and biofuels,Gigawatt-hour,Spain,2014,212912.795,,
ESTAT:NRG_BAL_C(1.0),06/03/26 23:00:00,Annual,Primary production,Renewables and biofuels,Gigawatt-hour,Spain,2015,200809.522,,
ESTAT:NRG_BAL_C(1.0),06/03/26 23:00:00,Annual,Primary production,Renewables and biofuels,Gigawatt-hour,Spain,2016,206370.354,,
ESTAT:NRG_BAL_C(1.0),06/03/26 23:00:00,Annual,Primary production,Renewables and biofuels,Gigawatt-hour,Spain,2017,198704.495,,
ESTAT:NRG_BAL_C(1.0),06/03/26 23:00:00,Annual,Primary production,Renewables and biofuels,Gigawatt-hour,Spain,2018,212432.546,,
ESTAT:NRG_BAL_C(1.0),06/03/26 23:00:00,Annual,Primary production,Renewables and biofuels,Gigawatt-hour,Spain,2019,218310.261,,
ESTAT:NRG_BAL_C(1.0),06/03/26 23:00:00,Annual,Primary production,Renewables and biofuels,Gigawatt-hour,Spain,2020,228351.154,,
ESTAT:NRG_BAL_C(1.0),06/03/26 23:00:00,Annual,Primary production,Renewables and biofuels,Gigawatt-hour,Spain,2021,237585.388,,
ESTAT:NRG_BAL_C(1.0),06/03/26 23:00:00,Annual,Primary production,Renewables and biofuels,Gigawatt-hour,Spain,2022,236572.279,,
ESTAT:NRG_BAL_C(1.0),06/03/26 23:00:00,Annual,Primary production,Renewables and biofuels,Gigawatt-hour,Spain,2023,259952.773,,
ESTAT:NRG_BAL_C(1.0),06/03/26 23:00:00,Annual,Primary production,Renewables and biofuels,Gigawatt-hour,Spain,2024,276814.137,,
ESTAT:NRG_BAL_C(1.0),06/03/26 23:00:00,Annual,Primary production,Renewables and biofuels,Gigawatt-hour,Finland,2005,94944.629,,
ESTAT:NRG_BAL_C(1.0),06/03/26 23:00:00,Annual,Primary production,Renewables and biofuels,Gigawatt-hour,Finland,2006,101969.933,,
ESTAT:NRG_BAL_C(1.0),06/03/26 23:00:00,Annual,Primary production,Renewables and biofuels,Gigawatt-hour,Finland,2007,101823.027,,
ESTAT:NRG_BAL_C(1.0),06/03/26 23:00:00,Annual,Primary production,Renewables and biofuels,Gigawatt-hour,Finland,2008,106568.427,,
ESTAT:NRG_BAL_C(1.0),06/03/26 23:00:00,Annual,Primary production,Renewables and biofuels,Gigawatt-hour,Finland,2009,92212.438,,
ESTAT:NRG_BAL_C(1.0),06/03/26 23:00:00,Annual,Primary production,Renewables and biofuels,Gigawatt-hour,Finland,2010,109028.713,,
ESTAT:NRG_BAL_C(1.0),06/03/26 23:00:00,Annual,Primary production,Renewables and biofuels,Gigawatt-hour,Finland,2011,106282.942,,
ESTAT:NRG_BAL_C(1.0),06/03/26 23:00:00,Annual,Primary production,Renewables and biofuels,Gigawatt-hour,Finland,2012,115572.773,,
ESTAT:NRG_BAL_C(1.0),06/03/26 23:00:00,Annual,Primary production,Renewables and biofuels,Gigawatt-hour,Finland,2013,115530.114,,
ESTAT:NRG_BAL_C(1.0),06/03/26 23:00:00,Annual,Primary production,Renewables and biofuels,Gigawatt-hour,Finland,2014,117807.974,,
ESTAT:NRG_BAL_C(1.0),06/03/26 23:00:00,Annual,Primary production,Renewables and biofuels,Gigawatt-hour,Finland,2015,120981.792,,
ESTAT:NRG_BAL_C(1.0),06/03/26 23:00:00,Annual,Primary production,Renewables and biofuels,Gigawatt-hour,Finland,2016,122678.560,,
ESTAT:NRG_BAL_C(1.0),06/03/26 23:00:00,Annual,Primary production,Renewables and biofuels,Gigawatt-hour,Finland,2017,135826.406,,
ESTAT:NRG_BAL_C(1.0),06/03/26 23:00:00,Annual,Primary production,Renewables and biofuels,Gigawatt-hour,Finland,2018,137014.234,,
ESTAT:NRG_BAL_C(1.0),06/03/26 23:00:00,Annual,Primary production,Renewables and biofuels,Gigawatt-hour,Finland,2019,137199.548,,
ESTAT:NRG_BAL_C(1.0),06/03/26 23:00:00,Annual,Primary production,Renewables and biofuels,Gigawatt-hour,Finland,2020,133918.676,,
ESTAT:NRG_BAL_C(1.0),06/03/26 23:00:00,Annual,Primary production,Renewables and biofuels,Gigawatt-hour,Finland,2021,153381.855,,
ESTAT:NRG_BAL_C(1.0),06/03/26 23:00:00,Annual,Primary production,Renewables and biofuels,Gigawatt-hour,Finland,2022,147822.054,,
ESTAT:NRG_BAL_C(1.0),06/03/26 23:00:00,Annual,Primary production,Renewables and biofuels,Gigawatt-hour,Finland,2023,152090.543,,
ESTAT:NRG_BAL_C(1.0),06/03/26 23:00:00,Annual,Primary production,Renewables and biofuels,Gigawatt-hour,Finland,2024,153022.817,,
ESTAT:NRG_BAL_C(1.0),06/03/26 23:00:00,Annual,Primary production,Renewables and biofuels,Gigawatt-hour,France,2005,184731.586,,
ESTAT:NRG_BAL_C(1.0),06/03/26 23:00:00,Annual,Primary production,Renewables and biofuels,Gigawatt-hour,France,2006,181191.758,,
ESTAT:NRG_BAL_C(1.0),06/03/26 23:00:00,Annual,Primary production,Renewables and biofuels,Gigawatt-hour,France,2007,194710.244,,
ESTAT:NRG_BAL_C(1.0),06/03/26 23:00:00,Annual,Primary production,Renewables and biofuels,Gigawatt-hour,France,2008,222997.514,,
ESTAT:NRG_BAL_C(1.0),06/03/26 23:00:00,Annual,Primary production,Renewables and biofuels,Gigawatt-hour,France,2009,228470.958,,
ESTAT:NRG_BAL_C(1.0),06/03/26 23:00:00,Annual,Primary production,Renewables and biofuels,Gigawatt-hour,France,2010,256274.597,,
ESTAT:NRG_BAL_C(1.0),06/03/26 23:00:00,Annual,Primary production,Renewables and biofuels,Gigawatt-hour,France,2011,225866.905,,
ESTAT:NRG_BAL_C(1.0),06/03/26 23:00:00,Annual,Primary production,Renewables and biofuels,Gigawatt-hour,France,2012,269157.268,,
ESTAT:NRG_BAL_C(1.0),06/03/26 23:00:00,Annual,Primary production,Renewables and biofuels,Gigawatt-hour,France,2013,298478.582,,
ESTAT:NRG_BAL_C(1.0),06/03/26 23:00:00,Annual,Primary production,Renewables and biofuels,Gigawatt-hour,France,2014,270860.820,,
ESTAT:NRG_BAL_C(1.0),06/03/26 23:00:00,Annual,Primary production,Renewables and biofuels,Gigawatt-hour,France,2015,283111.936,,
ESTAT:NRG_BAL_C(1.0),06/03/26 23:00:00,Annual,Primary production,Renewables and biofuels,Gigawatt-hour,France,2016,302870.774,,
ESTAT:NRG_BAL_C(1.0),06/03/26 23:00:00,Annual,Primary production,Renewables and biofuels,Gigawatt-hour,France,2017,295862.575,,
ESTAT:NRG_BAL_C(1.0),06/03/26 23:00:00,Annual,Primary production,Renewables and biofuels,Gigawatt-hour,France,2018,323101.002,,
ESTAT:NRG_BAL_C(1.0),06/03/26 23:00:00,Annual,Primary production,Renewables and biofuels,Gigawatt-hour,France,2019,321064.353,,
ESTAT:NRG_BAL_C(1.0),06/03/26 23:00:00,Annual,Primary production,Renewables and biofuels,Gigawatt-hour,France,2020,327059.281,,
ESTAT:NRG_BAL_C(1.0),06/03/26 23:00:00,Annual,Primary production,Renewables and biofuels,Gigawatt-hour,France,2021,349109.447,,
ESTAT:NRG_BAL_C(1.0),06/03/26 23:00:00,Annual,Primary production,Renewables and biofuels,Gigawatt-hour,France,2022,335644.123,,
ESTAT:NRG_BAL_C(1.0),06/03/26 23:00:00,Annual,Primary production,Renewables and biofuels,Gigawatt-hour,France,2023,370795.320,,
ESTAT:NRG_BAL_C(1.0),06/03/26 23:00:00,Annual,Primary production,Renewables and biofuels,Gigawatt-hour,France,2024,387573.198,,
ESTAT:NRG_BAL_C(1.0),06/03/26 23:00:00,Annual,Primary production,Renewables and biofuels,Gigawatt-hour,Croatia,2005,21639.333,,
ESTAT:NRG_BAL_C(1.0),06/03/26 23:00:00,Annual,Primary production,Renewables and biofuels,Gigawatt-hour,Croatia,2006,20738.417,,
ESTAT:NRG_BAL_C(1.0),06/03/26 23:00:00,Annual,Primary production,Renewables and biofuels,Gigawatt-hour,Croatia,2007,18482.394,,
ESTAT:NRG_BAL_C(1.0),06/03/26 23:00:00,Annual,Primary production,Renewables and biofuels,Gigawatt-hour,Croatia,2008,19980.496,,
ESTAT:NRG_BAL_C(1.0),06/03/26 23:00:00,Annual,Primary production,Renewables and biofuels,Gigawatt-hour,Croatia,2009,22382.022,,
ESTAT:NRG_BAL_C(1.0),06/03/26 23:00:00,Annual,Primary production,Renewables and biofuels,Gigawatt-hour,Croatia,2010,25375.921,,
ESTAT:NRG_BAL_C(1.0),06/03/26 23:00:00,Annual,Primary production,Renewables and biofuels,Gigawatt-hour,Croatia,2011,22100.810,,
ESTAT:NRG_BAL_C(1.0),06/03/26 23:00:00,Annual,Primary production,Renewables and biofuels,Gigawatt-hour,Croatia,2012,22777.674,,
ESTAT:NRG_BAL_C(1.0),06/03/26 23:00:00,Annual,Primary production,Renewables and biofuels,Gigawatt-hour,Croatia,2013,27070.918,,
ESTAT:NRG_BAL_C(1.0),06/03/26 23:00:00,Annual,Primary production,Renewables and biofuels,Gigawatt-hour,Croatia,2014,26768.591,,
ESTAT:NRG_BAL_C(1.0),06/03/26 23:00:00,Annual,Primary production,Renewables and biofuels,Gigawatt-hour,Croatia,2015,26058.185,,
ESTAT:NRG_BAL_C(1.0),06/03/26 23:00:00,Annual,Primary production,Renewables and biofuels,Gigawatt-hour,Croatia,2016,26717.018,,
ESTAT:NRG_BAL_C(1.0),06/03/26 23:00:00,Annual,Primary production,Renewables and biofuels,Gigawatt-hour,Croatia,2017,25705.827,,
ESTAT:NRG_BAL_C(1.0),06/03/26 23:00:00,Annual,Primary production,Renewables and biofuels,Gigawatt-hour,Croatia,2018,27820.981,,
ESTAT:NRG_BAL_C(1.0),06/03/26 23:00:00,Annual,Primary production,Renewables and biofuels,Gigawatt-hour,Croatia,2019,26516.113,,
ESTAT:NRG_BAL_C(1.0),06/03/26 23:00:00,Annual,Primary production,Renewables and biofuels,Gigawatt-hour,Croatia,2020,27061.162,,
ESTAT:NRG_BAL_C(1.0),06/03/26 23:00:00,Annual,Primary production,Renewables and biofuels,Gigawatt-hour,Croatia,2021,30873.489,,
ESTAT:NRG_BAL_C(1.0),06/03/26 23:00:00,Annual,Primary production,Renewables and biofuels,Gigawatt-hour,Croatia,2022,28162.515,,
ESTAT:NRG_BAL_C(1.0),06/03/26 23:00:00,Annual,Primary production,Renewables and biofuels,Gigawatt-hour,Croatia,2023,29907.559,,
ESTAT:NRG_BAL_C(1.0),06/03/26 23:00:00,Annual,Primary production,Renewables and biofuels,Gigawatt-hour,Croatia,2024,29164.427,,
ESTAT:NRG_BAL_C(1.0),06/03/26 23:00:00,Annual,Primary production,Renewables and biofuels,Gigawatt-hour,Hungary,2005,19649.406,,
ESTAT:NRG_BAL_C(1.0),06/03/26 23:00:00,Annual,Primary production,Renewables and biofuels,Gigawatt-hour,Hungary,2006,19943.232,,
ESTAT:NRG_BAL_C(1.0),06/03/26 23:00:00,Annual,Primary production,Renewables and biofuels,Gigawatt-hour,Hungary,2007,21556.014,,
ESTAT:NRG_BAL_C(1.0),06/03/26 23:00:00,Annual,Primary production,Renewables and biofuels,Gigawatt-hour,Hungary,2008,23379.962,,
ESTAT:NRG_BAL_C(1.0),06/03/26 23:00:00,Annual,Primary production,Renewables and biofuels,Gigawatt-hour,Hungary,2009,29737.651,,
ESTAT:NRG_BAL_C(1.0),06/03/26 23:00:00,Annual,Primary production,Renewables and biofuels,Gigawatt-hour,Hungary,2010,31916.250,,
ESTAT:NRG_BAL_C(1.0),06/03/26 23:00:00,Annual,Primary production,Renewables and biofuels,Gigawatt-hour,Hungary,2011,33223.472,,
ESTAT:NRG_BAL_C(1.0),06/03/26 23:00:00,Annual,Primary production,Renewables and biofuels,Gigawatt-hour,Hungary,2012,36441.074,,
ESTAT:NRG_BAL_C(1.0),06/03/26 23:00:00,Annual,Primary production,Renewables and biofuels,Gigawatt-hour,Hungary,2013,38541.570,,
ESTAT:NRG_BAL_C(1.0),06/03/26 23:00:00,Annual,Primary production,Renewables and biofuels,Gigawatt-hour,Hungary,2014,34670.767,,
ESTAT:NRG_BAL_C(1.0),06/03/26 23:00:00,Annual,Primary production,Renewables and biofuels,Gigawatt-hour,Hungary,2015,37794.567,,
ESTAT:NRG_BAL_C(1.0),06/03/26 23:00:00,Annual,Primary production,Renewables and biofuels,Gigawatt-hour,Hungary,2016,37221.611,,
ESTAT:NRG_BAL_C(1.0),06/03/26 23:00:00,Annual,Primary production,Renewables and biofuels,Gigawatt-hour,Hungary,2017,37171.722,,
ESTAT:NRG_BAL_C(1.0),06/03/26 23:00:00,Annual,Primary production,Renewables and biofuels,Gigawatt-hour,Hungary,2018,34927.194,,
ESTAT:NRG_BAL_C(1.0),06/03/26 23:00:00,Annual,Primary production,Renewables and biofuels,Gigawatt-hour,Hungary,2019,35515.333,,
ESTAT:NRG_BAL_C(1.0),06/03/26 23:00:00,Annual,Primary production,Renewables and biofuels,Gigawatt-hour,Hungary,2020,36071.250,,
ESTAT:NRG_BAL_C(1.0),06/03/26 23:00:00,Annual,Primary production,Renewables and biofuels,Gigawatt-hour,Hungary,2021,39861.806,,
ESTAT:NRG_BAL_C(1.0),06/03/26 23:00:00,Annual,Primary production,Renewables and biofuels,Gigawatt-hour,Hungary,2022,40122.500,,
ESTAT:NRG_BAL_C(1.0),06/03/26 23:00:00,Annual,Primary production,Renewables and biofuels,Gigawatt-hour,Hungary,2023,40168.722,,
ESTAT:NRG_BAL_C(1.0),06/03/26 23:00:00,Annual,Primary production,Renewables and biofuels,Gigawatt-hour,Hungary,2024,44908.361,,
ESTAT:NRG_BAL_C(1.0),06/03/26 23:00:00,Annual,Primary production,Renewables and biofuels,Gigawatt-hour,Ireland,2005,4312.006,,
ESTAT:NRG_BAL_C(1.0),06/03/26 23:00:00,Annual,Primary production,Renewables and biofuels,Gigawatt-hour,Ireland,2006,4974.137,,
ESTAT:NRG_BAL_C(1.0),06/03/26 23:00:00,Annual,Primary production,Renewables and biofuels,Gigawatt-hour,Ireland,2007,5308.881,,
ESTAT:NRG_BAL_C(1.0),06/03/26 23:00:00,Annual,Primary production,Renewables and biofuels,Gigawatt-hour,Ireland,2008,6085.458,,
ESTAT:NRG_BAL_C(1.0),06/03/26 23:00:00,Annual,Primary production,Renewables and biofuels,Gigawatt-hour,Ireland,2009,6896.612,,
ESTAT:NRG_BAL_C(1.0),06/03/26 23:00:00,Annual,Primary production,Renewables and biofuels,Gigawatt-hour,Ireland,2010,6697.083,,
ESTAT:NRG_BAL_C(1.0),06/03/26 23:00:00,Annual,Primary production,Renewables and biofuels,Gigawatt-hour,Ireland,2011,8652.195,,
ESTAT:NRG_BAL_C(1.0),06/03/26 23:00:00,Annual,Primary production,Renewables and biofuels,Gigawatt-hour,Ireland,2012,8721.740,,
ESTAT:NRG_BAL_C(1.0),06/03/26 23:00:00,Annual,Primary production,Renewables and biofuels,Gigawatt-hour,Ireland,2013,9091.524,,
ESTAT:NRG_BAL_C(1.0),06/03/26 23:00:00,Annual,Primary production,Renewables and biofuels,Gigawatt-hour,Ireland,2014,10247.301,,
ESTAT:NRG_BAL_C(1.0),06/03/26 23:00:00,Annual,Primary production,Renewables and biofuels,Gigawatt-hour,Ireland,2015,11882.267,,
ESTAT:NRG_BAL_C(1.0),06/03/26 23:00:00,Annual,Primary production,Renewables and biofuels,Gigawatt-hour,Ireland,2016,11789.267,,
ESTAT:NRG_BAL_C(1.0),06/03/26 23:00:00,Annual,Primary production,Renewables and biofuels,Gigawatt-hour,Ireland,2017,13775.696,,
ESTAT:NRG_BAL_C(1.0),06/03/26 23:00:00,Annual,Primary production,Renewables and biofuels,Gigawatt-hour,Ireland,2018,15587.083,,
ESTAT:NRG_BAL_C(1.0),06/03/26 23:00:00,Annual,Primary production,Renewables and biofuels,Gigawatt-hour,Ireland,2019,17233.580,,
ESTAT:NRG_BAL_C(1.0),06/03/26 23:00:00,Annual,Primary production,Renewables and biofuels,Gigawatt-hour,Ireland,2020,19050.108,,
ESTAT:NRG_BAL_C(1.0),06/03/26 23:00:00,Annual,Primary production,Renewables and biofuels,Gigawatt-hour,Ireland,2021,17516.660,,
ESTAT:NRG_BAL_C(1.0),06/03/26 23:00:00,Annual,Primary production,Renewables and biofuels,Gigawatt-hour,Ireland,2022,19641.627,,
ESTAT:NRG_BAL_C(1.0),06/03/26 23:00:00,Annual,Primary production,Renewables and biofuels,Gigawatt-hour,Ireland,2023,20347.188,,
ESTAT:NRG_BAL_C(1.0),06/03/26 23:00:00,Annual,Primary production,Renewables and biofuels,Gigawatt-hour,Ireland,2024,20964.497,,
ESTAT:NRG_BAL_C(1.0),06/03/26 23:00:00,Annual,Primary production,Renewables and biofuels,Gigawatt-hour,Italy,2005,155009.465,,
ESTAT:NRG_BAL_C(1.0),06/03/26 23:00:00,Annual,Primary production,Renewables and biofuels,Gigawatt-hour,Italy,2006,165155.879,,
ESTAT:NRG_BAL_C(1.0),06/03/26 23:00:00,Annual,Primary production,Renewables and biofuels,Gigawatt-hour,Italy,2007,185533.539,,
ESTAT:NRG_BAL_C(1.0),06/03/26 23:00:00,Annual,Primary production,Renewables and biofuels,Gigawatt-hour,Italy,2008,218497.120,,
ESTAT:NRG_BAL_C(1.0),06/03/26 23:00:00,Annual,Primary production,Renewables and biofuels,Gigawatt-hour,Italy,2009,224395.840,,
ESTAT:NRG_BAL_C(1.0),06/03/26 23:00:00,Annual,Primary production,Renewables and biofuels,Gigawatt-hour,Italy,2010,225561.507,,
ESTAT:NRG_BAL_C(1.0),06/03/26 23:00:00,Annual,Primary production,Renewables and biofuels,Gigawatt-hour,Italy,2011,211940.271,,
ESTAT:NRG_BAL_C(1.0),06/03/26 23:00:00,Annual,Primary production,Renewables and biofuels,Gigawatt-hour,Italy,2012,245444.506,,
ESTAT:NRG_BAL_C(1.0),06/03/26 23:00:00,Annual,Primary production,Renewables and biofuels,Gigawatt-hour,Italy,2013,273301.564,,
ESTAT:NRG_BAL_C(1.0),06/03/26 23:00:00,Annual,Primary production,Renewables and biofuels,Gigawatt-hour,Italy,2014,274981.573,,
ESTAT:NRG_BAL_C(1.0),06/03/26 23:00:00,Annual,Primary production,Renewables and biofuels,Gigawatt-hour,Italy,2015,274047.154,,
ESTAT:NRG_BAL_C(1.0),06/03/26 23:00:00,Annual,Primary production,Renewables and biofuels,Gigawatt-hour,Italy,2016,274104.150,,
ESTAT:NRG_BAL_C(1.0),06/03/26 23:00:00,Annual,Primary production,Renewables and biofuels,Gigawatt-hour,Italy,2017,308664.820,,
ESTAT:NRG_BAL_C(1.0),06/03/26 23:00:00,Annual,Primary production,Renewables and biofuels,Gigawatt-hour,Italy,2018,310017.902,,
ESTAT:NRG_BAL_C(1.0),06/03/26 23:00:00,Annual,Primary production,Renewables and biofuels,Gigawatt-hour,Italy,2019,315036.439,,
ESTAT:NRG_BAL_C(1.0),06/03/26 23:00:00,Annual,Primary production,Renewables and biofuels,Gigawatt-hour,Italy,2020,315710.077,,
ESTAT:NRG_BAL_C(1.0),06/03/26 23:00:00,Annual,Primary production,Renewables and biofuels,Gigawatt-hour,Italy,2021,324897.276,,
ESTAT:NRG_BAL_C(1.0),06/03/26 23:00:00,Annual,Primary production,Renewables and biofuels,Gigawatt-hour,Italy,2022,297264.016,,
ESTAT:NRG_BAL_C(1.0),06/03/26 23:00:00,Annual,Primary production,Renewables and biofuels,Gigawatt-hour,Italy,2023,304066.728,,
ESTAT:NRG_BAL_C(1.0),06/03/26 23:00:00,Annual,Primary production,Renewables and biofuels,Gigawatt-hour,Italy,2024,324877.766,,
ESTAT:NRG_BAL_C(1.0),06/03/26 23:00:00,Annual,Primary production,Renewables and biofuels,Gigawatt-hour,Lithuania,2005,10464.616,,
ESTAT:NRG_BAL_C(1.0),06/03/26 23:00:00,Annual,Primary production,Renewables and biofuels,Gigawatt-hour,Lithuania,2006,11121.464,,
ESTAT:NRG_BAL_C(1.0),06/03/26 23:00:00,Annual,Primary production,Renewables and biofuels,Gigawatt-hour,Lithuania,2007,11215.002,,
ESTAT:NRG_BAL_C(1.0),06/03/26 23:00:00,Annual,Primary production,Renewables and biofuels,Gigawatt-hour,Lithuania,2008,12255.513,,
ESTAT:NRG_BAL_C(1.0),06/03/26 23:00:00,Annual,Primary production,Renewables and biofuels,Gigawatt-hour,Lithuania,2009,13608.657,,
ESTAT:NRG_BAL_C(1.0),06/03/26 23:00:00,Annual,Primary production,Renewables and biofuels,Gigawatt-hour,Lithuania,2010,13778.278,,
ESTAT:NRG_BAL_C(1.0),06/03/26 23:00:00,Annual,Primary production,Renewables and biofuels,Gigawatt-hour,Lithuania,2011,13515.648,,
ESTAT:NRG_BAL_C(1.0),06/03/26 23:00:00,Annual,Primary production,Renewables and biofuels,Gigawatt-hour,Lithuania,2012,13931.168,,
ESTAT:NRG_BAL_C(1.0),06/03/26 23:00:00,Annual,Primary production,Renewables and biofuels,Gigawatt-hour,Lithuania,2013,14983.781,,
ESTAT:NRG_BAL_C(1.0),06/03/26 23:00:00,Annual,Primary production,Renewables and biofuels,Gigawatt-hour,Lithuania,2014,15796.341,,
ESTAT:NRG_BAL_C(1.0),06/03/26 23:00:00,Annual,Primary production,Renewables and biofuels,Gigawatt-hour,Lithuania,2015,17050.171,,
ESTAT:NRG_BAL_C(1.0),06/03/26 23:00:00,Annual,Primary production,Renewables and biofuels,Gigawatt-hour,Lithuania,2016,17464.585,,
ESTAT:NRG_BAL_C(1.0),06/03/26 23:00:00,Annual,Primary production,Renewables and biofuels,Gigawatt-hour,Lithuania,2017,19263.593,,
ESTAT:NRG_BAL_C(1.0),06/03/26 23:00:00,Annual,Primary production,Renewables and biofuels,Gigawatt-hour,Lithuania,2018,19273.850,,
ESTAT:NRG_BAL_C(1.0),06/03/26 23:00:00,Annual,Primary production,Renewables and biofuels,Gigawatt-hour,Lithuania,2019,19248.956,,
ESTAT:NRG_BAL_C(1.0),06/03/26 23:00:00,Annual,Primary production,Renewables and biofuels,Gigawatt-hour,Lithuania,2020,19819.183,,
ESTAT:NRG_BAL_C(1.0),06/03/26 23:00:00,Annual,Primary production,Renewables and biofuels,Gigawatt-hour,Lithuania,2021,21771.394,,
ESTAT:NRG_BAL_C(1.0),06/03/26 23:00:00,Annual,Primary production,Renewables and biofuels,Gigawatt-hour,Lithuania,2022,21303.522,,
ESTAT:NRG_BAL_C(1.0),06/03/26 23:00:00,Annual,Primary production,Renewables and biofuels,Gigawatt-hour,Lithuania,2023,23220.478,,
ESTAT:NRG_BAL_C(1.0),06/03/26 23:00:00,Annual,Primary production,Renewables and biofuels,Gigawatt-hour,Lithuania,2024,26649.150,,
ESTAT:NRG_BAL_C(1.0),06/03/26 23:00:00,Annual,Primary production,Renewables and biofuels,Gigawatt-hour,Luxembourg,2005,831.948,,
ESTAT:NRG_BAL_C(1.0),06/03/26 23:00:00,Annual,Primary production,Renewables and biofuels,Gigawatt-hour,Luxembourg,2006,901.173,,
ESTAT:NRG_BAL_C(1.0),06/03/26 23:00:00,Annual,Primary production,Renewables and biofuels,Gigawatt-hour,Luxembourg,2007,986.811,,
ESTAT:NRG_BAL_C(1.0),06/03/26 23:00:00,Annual,Primary production,Renewables and biofuels,Gigawatt-hour,Luxembourg,2008,1031.925,,
ESTAT:NRG_BAL_C(1.0),06/03/26 23:00:00,Annual,Primary production,Renewables and biofuels,Gigawatt-hour,Luxembourg,2009,966.847,,
ESTAT:NRG_BAL_C(1.0),06/03/26 23:00:00,Annual,Primary production,Renewables and biofuels,Gigawatt-hour,Luxembourg,2010,1021.182,,
ESTAT:NRG_BAL_C(1.0),06/03/26 23:00:00,Annual,Primary production,Renewables and biofuels,Gigawatt-hour,Luxembourg,2011,946.351,,
ESTAT:NRG_BAL_C(1.0),06/03/26 23:00:00,Annual,Primary production,Renewables and biofuels,Gigawatt-hour,Luxembourg,2012,1060.080,,
ESTAT:NRG_BAL_C(1.0),06/03/26 23:00:00,Annual,Primary production,Renewables and biofuels,Gigawatt-hour,Luxembourg,2013,1149.284,,
ESTAT:NRG_BAL_C(1.0),06/03/26 23:00:00,Annual,Primary production,Renewables and biofuels,Gigawatt-hour,Luxembourg,2014,1400.488,,
ESTAT:NRG_BAL_C(1.0),06/03/26 23:00:00,Annual,Primary production,Renewables and biofuels,Gigawatt-hour,Luxembourg,2015,1357.067,,
ESTAT:NRG_BAL_C(1.0),06/03/26 23:00:00,Annual,Primary production,Renewables and biofuels,Gigawatt-hour,Luxembourg,2016,1477.214,,
ESTAT:NRG_BAL_C(1.0),06/03/26 23:00:00,Annual,Primary production,Renewables and biofuels,Gigawatt-hour,Luxembourg,2017,1701.887,,
ESTAT:NRG_BAL_C(1.0),06/03/26 23:00:00,Annual,Primary production,Renewables and biofuels,Gigawatt-hour,Luxembourg,2018,2005.856,,
ESTAT:NRG_BAL_C(1.0),06/03/26 23:00:00,Annual,Primary production,Renewables and biofuels,Gigawatt-hour,Luxembourg,2019,2289.405,,
ESTAT:NRG_BAL_C(1.0),06/03/26 23:00:00,Annual,Primary production,Renewables and biofuels,Gigawatt-hour,Luxembourg,2020,3050.781,,
ESTAT:NRG_BAL_C(1.0),06/03/26 23:00:00,Annual,Primary production,Renewables and biofuels,Gigawatt-hour,Luxembourg,2021,3162.444,,
ESTAT:NRG_BAL_C(1.0),06/03/26 23:00:00,Annual,Primary production,Renewables and biofuels,Gigawatt-hour,Luxembourg,2022,3207.450,,
ESTAT:NRG_BAL_C(1.0),06/03/26 23:00:00,Annual,Primary production,Renewables and biofuels,Gigawatt-hour,Luxembourg,2023,3121.441,,
ESTAT:NRG_BAL_C(1.0),06/03/26 23:00:00,Annual,Primary production,Renewables and biofuels,Gigawatt-hour,Luxembourg,2024,3735.183,,
ESTAT:NRG_BAL_C(1.0),06/03/26 23:00:00,Annual,Primary production,Renewables and biofuels,Gigawatt-hour,Latvia,2005,21558.287,,
ESTAT:NRG_BAL_C(1.0),06/03/26 23:00:00,Annual,Primary production,Renewables and biofuels,Gigawatt-hour,Latvia,2006,21397.886,,
ESTAT:NRG_BAL_C(1.0),06/03/26 23:00:00,Annual,Primary production,Renewables and biofuels,Gigawatt-hour,Latvia,2007,20865.807,,
ESTAT:NRG_BAL_C(1.0),06/03/26 23:00:00,Annual,Primary production,Renewables and biofuels,Gigawatt-hour,Latvia,2008,20720.802,,
ESTAT:NRG_BAL_C(1.0),06/03/26 23:00:00,Annual,Primary production,Renewables and biofuels,Gigawatt-hour,Latvia,2009,24298.153,,
ESTAT:NRG_BAL_C(1.0),06/03/26 23:00:00,Annual,Primary production,Renewables and biofuels,Gigawatt-hour,Latvia,2010,22845.906,,
ESTAT:NRG_BAL_C(1.0),06/03/26 23:00:00,Annual,Primary production,Renewables and biofuels,Gigawatt-hour,Latvia,2011,24089.013,,
ESTAT:NRG_BAL_C(1.0),06/03/26 23:00:00,Annual,Primary production,Renewables and biofuels,Gigawatt-hour,Latvia,2012,27113.948,,
ESTAT:NRG_BAL_C(1.0),06/03/26 23:00:00,Annual,Primary production,Renewables and biofuels,Gigawatt-hour,Latvia,2013,24853.643,,
ESTAT:NRG_BAL_C(1.0),06/03/26 23:00:00,Annual,Primary production,Renewables and biofuels,Gigawatt-hour,Latvia,2014,27575.145,,
ESTAT:NRG_BAL_C(1.0),06/03/26 23:00:00,Annual,Primary production,Renewables and biofuels,Gigawatt-hour,Latvia,2015,27100.085,,
ESTAT:NRG_BAL_C(1.0),06/03/26 23:00:00,Annual,Primary production,Renewables and biofuels,Gigawatt-hour,Latvia,2016,28346.413,,
ESTAT:NRG_BAL_C(1.0),06/03/26 23:00:00,Annual,Primary production,Renewables and biofuels,Gigawatt-hour,Latvia,2017,30002.670,,
ESTAT:NRG_BAL_C(1.0),06/03/26 23:00:00,Annual,Primary production,Renewables and biofuels,Gigawatt-hour,Latvia,2018,33103.231,,
ESTAT:NRG_BAL_C(1.0),06/03/26 23:00:00,Annual,Primary production,Renewables and biofuels,Gigawatt-hour,Latvia,2019,32726.822,,
ESTAT:NRG_BAL_C(1.0),06/03/26 23:00:00,Annual,Primary production,Renewables and biofuels,Gigawatt-hour,Latvia,2020,31290.025,,
ESTAT:NRG_BAL_C(1.0),06/03/26 23:00:00,Annual,Primary production,Renewables and biofuels,Gigawatt-hour,Latvia,2021,31388.292,,
ESTAT:NRG_BAL_C(1.0),06/03/26 23:00:00,Annual,Primary production,Renewables and biofuels,Gigawatt-hour,Latvia,2022,33915.755,,
ESTAT:NRG_BAL_C(1.0),06/03/26 23:00:00,Annual,Primary production,Renewables and biofuels,Gigawatt-hour,Latvia,2023,37778.187,,
ESTAT:NRG_BAL_C(1.0),06/03/26 23:00:00,Annual,Primary production,Renewables and biofuels,Gigawatt-hour,Latvia,2024,35485.111,,
ESTAT:NRG_BAL_C(1.0),06/03/26 23:00:00,Annual,Primary production,Renewables and biofuels,Gigawatt-hour,Malta,2005,6.111,,
ESTAT:NRG_BAL_C(1.0),06/03/26 23:00:00,Annual,Primary production,Renewables and biofuels,Gigawatt-hour,Malta,2006,7.500,,
ESTAT:NRG_BAL_C(1.0),06/03/26 23:00:00,Annual,Primary production,Renewables and biofuels,Gigawatt-hour,Malta,2007,9.167,,
ESTAT:NRG_BAL_C(1.0),06/03/26 23:00:00,Annual,Primary production,Renewables and biofuels,Gigawatt-hour,Malta,2008,10.556,,
ESTAT:NRG_BAL_C(1.0),06/03/26 23:00:00,Annual,Primary production,Renewables and biofuels,Gigawatt-hour,Malta,2009,10.833,,
ESTAT:NRG_BAL_C(1.0),06/03/26 23:00:00,Annual,Primary production,Renewables and biofuels,Gigawatt-hour,Malta,2010,50.219,,
ESTAT:NRG_BAL_C(1.0),06/03/26 23:00:00,Annual,Primary production,Renewables and biofuels,Gigawatt-hour,Malta,2011,74.054,,
ESTAT:NRG_BAL_C(1.0),06/03/26 23:00:00,Annual,Primary production,Renewables and biofuels,Gigawatt-hour,Malta,2012,102.187,,
ESTAT:NRG_BAL_C(1.0),06/03/26 23:00:00,Annual,Primary production,Renewables and biofuels,Gigawatt-hour,Malta,2013,109.442,,
ESTAT:NRG_BAL_C(1.0),06/03/26 23:00:00,Annual,Primary production,Renewables and biofuels,Gigawatt-hour,Malta,2014,155.318,,
ESTAT:NRG_BAL_C(1.0),06/03/26 23:00:00,Annual,Primary production,Renewables and biofuels,Gigawatt-hour,Malta,2015,182.493,,
ESTAT:NRG_BAL_C(1.0),06/03/26 23:00:00,Annual,Primary production,Renewables and biofuels,Gigawatt-hour,Malta,2016,215.469,,
ESTAT:NRG_BAL_C(1.0),06/03/26 23:00:00,Annual,Primary production,Renewables and biofuels,Gigawatt-hour,Malta,2017,355.152,,
ESTAT:NRG_BAL_C(1.0),06/03/26 23:00:00,Annual,Primary production,Renewables and biofuels,Gigawatt-hour,Malta,2018,390.330,,
ESTAT:NRG_BAL_C(1.0),06/03/26 23:00:00,Annual,Primary production,Renewables and biofuels,Gigawatt-hour,Malta,2019,420.794,,
ESTAT:NRG_BAL_C(1.0),06/03/26 23:00:00,Annual,Primary production,Renewables and biofuels,Gigawatt-hour,Malta,2020,481.623,,
ESTAT:NRG_BAL_C(1.0),06/03/26 23:00:00,Annual,Primary production,Renewables and biofuels,Gigawatt-hour,Malta,2021,526.275,,
ESTAT:NRG_BAL_C(1.0),06/03/26 23:00:00,Annual,Primary production,Renewables and biofuels,Gigawatt-hour,Malta,2022,581.881,,
ESTAT:NRG_BAL_C(1.0),06/03/26 23:00:00,Annual,Primary production,Renewables and biofuels,Gigawatt-hour,Malta,2023,629.245,,
ESTAT:NRG_BAL_C(1.0),06/03/26 23:00:00,Annual,Primary production,Renewables and biofuels,Gigawatt-hour,Malta,2024,663.003,,
ESTAT:NRG_BAL_C(1.0),06/03/26 23:00:00,Annual,Primary production,Renewables and biofuels,Gigawatt-hour,Netherlands,2005,22979.954,,
ESTAT:NRG_BAL_C(1.0),06/03/26 23:00:00,Annual,Primary production,Renewables and biofuels,Gigawatt-hour,Netherlands,2006,25214.040,,
ESTAT:NRG_BAL_C(1.0),06/03/26 23:00:00,Annual,Primary production,Renewables and biofuels,Gigawatt-hour,Netherlands,2007,26568.441,,
ESTAT:NRG_BAL_C(1.0),06/03/26 23:00:00,Annual,Primary production,Renewables and biofuels,Gigawatt-hour,Netherlands,2008,30079.061,,
ESTAT:NRG_BAL_C(1.0),06/03/26 23:00:00,Annual,Primary production,Renewables and biofuels,Gigawatt-hour,Netherlands,2009,34221.374,,
ESTAT:NRG_BAL_C(1.0),06/03/26 23:00:00,Annual,Primary production,Renewables and biofuels,Gigawatt-hour,Netherlands,2010,36377.196,,
ESTAT:NRG_BAL_C(1.0),06/03/26 23:00:00,Annual,Primary production,Renewables and biofuels,Gigawatt-hour,Netherlands,2011,38254.025,,
ESTAT:NRG_BAL_C(1.0),06/03/26 23:00:00,Annual,Primary production,Renewables and biofuels,Gigawatt-hour,Netherlands,2012,46419.827,,
ESTAT:NRG_BAL_C(1.0),06/03/26 23:00:00,Annual,Primary production,Renewables and biofuels,Gigawatt-hour,Netherlands,2013,51752.154,,
ESTAT:NRG_BAL_C(1.0),06/03/26 23:00:00,Annual,Primary production,Renewables and biofuels,Gigawatt-hour,Netherlands,2014,53877.242,,
ESTAT:NRG_BAL_C(1.0),06/03/26 23:00:00,Annual,Primary production,Renewables and biofuels,Gigawatt-hour,Netherlands,2015,56502.840,,
ESTAT:NRG_BAL_C(1.0),06/03/26 23:00:00,Annual,Primary production,Renewables and biofuels,Gigawatt-hour,Netherlands,2016,56624.388,,
ESTAT:NRG_BAL_C(1.0),06/03/26 23:00:00,Annual,Primary production,Renewables and biofuels,Gigawatt-hour,Netherlands,2017,65421.126,,
ESTAT:NRG_BAL_C(1.0),06/03/26 23:00:00,Annual,Primary production,Renewables and biofuels,Gigawatt-hour,Netherlands,2018,66434.462,,
ESTAT:NRG_BAL_C(1.0),06/03/26 23:00:00,Annual,Primary production,Renewables and biofuels,Gigawatt-hour,Netherlands,2019,72986.415,,
ESTAT:NRG_BAL_C(1.0),06/03/26 23:00:00,Annual,Primary production,Renewables and biofuels,Gigawatt-hour,Netherlands,2020,83707.600,,
ESTAT:NRG_BAL_C(1.0),06/03/26 23:00:00,Annual,Primary production,Renewables and biofuels,Gigawatt-hour,Netherlands,2021,92282.883,,
ESTAT:NRG_BAL_C(1.0),06/03/26 23:00:00,Annual,Primary production,Renewables and biofuels,Gigawatt-hour,Netherlands,2022,100746.929,,
ESTAT:NRG_BAL_C(1.0),06/03/26 23:00:00,Annual,Primary production,Renewables and biofuels,Gigawatt-hour,Netherlands,2023,113258.108,,
ESTAT:NRG_BAL_C(1.0),06/03/26 23:00:00,Annual,Primary production,Renewables and biofuels,Gigawatt-hour,Netherlands,2024,118777.819,,
ESTAT:NRG_BAL_C(1.0),06/03/26 23:00:00,Annual,Primary production,Renewables and biofuels,Gigawatt-hour,Poland,2005,52909.433,,
ESTAT:NRG_BAL_C(1.0),06/03/26 23:00:00,Annual,Primary production,Renewables and biofuels,Gigawatt-hour,Poland,2006,55425.473,,
ESTAT:NRG_BAL_C(1.0),06/03/26 23:00:00,Annual,Primary production,Renewables and biofuels,Gigawatt-hour,Poland,2007,56407.376,,
ESTAT:NRG_BAL_C(1.0),06/03/26 23:00:00,Annual,Primary production,Renewables and biofuels,Gigawatt-hour,Poland,2008,62828.498,,
ESTAT:NRG_BAL_C(1.0),06/03/26 23:00:00,Annual,Primary production,Renewables and biofuels,Gigawatt-hour,Poland,2009,70461.470,,
ESTAT:NRG_BAL_C(1.0),06/03/26 23:00:00,Annual,Primary production,Renewables and biofuels,Gigawatt-hour,Poland,2010,80157.437,,
ESTAT:NRG_BAL_C(1.0),06/03/26 23:00:00,Annual,Primary production,Renewables and biofuels,Gigawatt-hour,Poland,2011,87193.947,,
ESTAT:NRG_BAL_C(1.0),06/03/26 23:00:00,Annual,Primary production,Renewables and biofuels,Gigawatt-hour,Poland,2012,99268.880,,
ESTAT:NRG_BAL_C(1.0),06/03/26 23:00:00,Annual,Primary production,Renewables and biofuels,Gigawatt-hour,Poland,2013,100105.932,,
ESTAT:NRG_BAL_C(1.0),06/03/26 23:00:00,Annual,Primary production,Renewables and biofuels,Gigawatt-hour,Poland,2014,95150.963,,
ESTAT:NRG_BAL_C(1.0),06/03/26 23:00:00,Annual,Primary production,Renewables and biofuels,Gigawatt-hour,Poland,2015,104323.305,,
ESTAT:NRG_BAL_C(1.0),06/03/26 23:00:00,Annual,Primary production,Renewables and biofuels,Gigawatt-hour,Poland,2016,106611.798,,
ESTAT:NRG_BAL_C(1.0),06/03/26 23:00:00,Annual,Primary production,Renewables and biofuels,Gigawatt-hour,Poland,2017,107326.281,,
ESTAT:NRG_BAL_C(1.0),06/03/26 23:00:00,Annual,Primary production,Renewables and biofuels,Gigawatt-hour,Poland,2018,140444.735,,
ESTAT:NRG_BAL_C(1.0),06/03/26 23:00:00,Annual,Primary production,Renewables and biofuels,Gigawatt-hour,Poland,2019,142672.838,,
ESTAT:NRG_BAL_C(1.0),06/03/26 23:00:00,Annual,Primary production,Renewables and biofuels,Gigawatt-hour,Poland,2020,145586.960,,
ESTAT:NRG_BAL_C(1.0),06/03/26 23:00:00,Annual,Primary production,Renewables and biofuels,Gigawatt-hour,Poland,2021,148398.281,,
ESTAT:NRG_BAL_C(1.0),06/03/26 23:00:00,Annual,Primary production,Renewables and biofuels,Gigawatt-hour,Poland,2022,154291.126,,
ESTAT:NRG_BAL_C(1.0),06/03/26 23:00:00,Annual,Primary production,Renewables and biofuels,Gigawatt-hour,Poland,2023,160399.865,,
ESTAT:NRG_BAL_C(1.0),06/03/26 23:00:00,Annual,Primary production,Renewables and biofuels,Gigawatt-hour,Poland,2024,169389.066,,
ESTAT:NRG_BAL_C(1.0),06/03/26 23:00:00,Annual,Primary production,Renewables and biofuels,Gigawatt-hour,Portugal,2005,40410.227,,
ESTAT:NRG_BAL_C(1.0),06/03/26 23:00:00,Annual,Primary production,Renewables and biofuels,Gigawatt-hour,Portugal,2006,49099.039,,
ESTAT:NRG_BAL_C(1.0),06/03/26 23:00:00,Annual,Primary production,Renewables and biofuels,Gigawatt-hour,Portugal,2007,52407.861,,
ESTAT:NRG_BAL_C(1.0),06/03/26 23:00:00,Annual,Primary production,Renewables and biofuels,Gigawatt-hour,Portugal,2008,50483.426,,
ESTAT:NRG_BAL_C(1.0),06/03/26 23:00:00,Annual,Primary production,Renewables and biofuels,Gigawatt-hour,Portugal,2009,55660.516,,
ESTAT:NRG_BAL_C(1.0),06/03/26 23:00:00,Annual,Primary production,Renewables and biofuels,Gigawatt-hour,Portugal,2010,65610.642,,
ESTAT:NRG_BAL_C(1.0),06/03/26 23:00:00,Annual,Primary production,Renewables and biofuels,Gigawatt-hour,Portugal,2011,62574.507,,
ESTAT:NRG_BAL_C(1.0),06/03/26 23:00:00,Annual,Primary production,Renewables and biofuels,Gigawatt-hour,Portugal,2012,53065.687,,
ESTAT:NRG_BAL_C(1.0),06/03/26 23:00:00,Annual,Primary production,Renewables and biofuels,Gigawatt-hour,Portugal,2013,65210.988,,
ESTAT:NRG_BAL_C(1.0),06/03/26 23:00:00,Annual,Primary production,Renewables and biofuels,Gigawatt-hour,Portugal,2014,74779.423,,
ESTAT:NRG_BAL_C(1.0),06/03/26 23:00:00,Annual,Primary production,Renewables and biofuels,Gigawatt-hour,Portugal,2015,67255.814,,
ESTAT:NRG_BAL_C(1.0),06/03/26 23:00:00,Annual,Primary production,Renewables and biofuels,Gigawatt-hour,Portugal,2016,74802.638,,
ESTAT:NRG_BAL_C(1.0),06/03/26 23:00:00,Annual,Primary production,Renewables and biofuels,Gigawatt-hour,Portugal,2017,66247.166,,
ESTAT:NRG_BAL_C(1.0),06/03/26 23:00:00,Annual,Primary production,Renewables and biofuels,Gigawatt-hour,Portugal,2018,73903.078,,
ESTAT:NRG_BAL_C(1.0),06/03/26 23:00:00,Annual,Primary production,Renewables and biofuels,Gigawatt-hour,Portugal,2019,74420.579,,
ESTAT:NRG_BAL_C(1.0),06/03/26 23:00:00,Annual,Primary production,Renewables and biofuels,Gigawatt-hour,Portugal,2020,77410.250,,
ESTAT:NRG_BAL_C(1.0),06/03/26 23:00:00,Annual,Primary production,Renewables and biofuels,Gigawatt-hour,Portugal,2021,78966.241,,
ESTAT:NRG_BAL_C(1.0),06/03/26 23:00:00,Annual,Primary production,Renewables and biofuels,Gigawatt-hour,Portugal,2022,76713.525,,
ESTAT:NRG_BAL_C(1.0),06/03/26 23:00:00,Annual,Primary production,Renewables and biofuels,Gigawatt-hour,Portugal,2023,83648.680,,
ESTAT:NRG_BAL_C(1.0),06/03/26 23:00:00,Annual,Primary production,Renewables and biofuels,Gigawatt-hour,Portugal,2024,89811.035,,
ESTAT:NRG_BAL_C(1.0),06/03/26 23:00:00,Annual,Primary production,Renewables and biofuels,Gigawatt-hour,Romania,2005,57966.802,,
ESTAT:NRG_BAL_C(1.0),06/03/26 23:00:00,Annual,Primary production,Renewables and biofuels,Gigawatt-hour,Romania,2006,56184.788,,
ESTAT:NRG_BAL_C(1.0),06/03/26 23:00:00,Annual,Primary production,Renewables and biofuels,Gigawatt-hour,Romania,2007,54866.771,,
ESTAT:NRG_BAL_C(1.0),06/03/26 23:00:00,Annual,Primary production,Renewables and biofuels,Gigawatt-hour,Romania,2008,62059.510,,
ESTAT:NRG_BAL_C(1.0),06/03/26 23:00:00,Annual,Primary production,Renewables and biofuels,Gigawatt-hour,Romania,2009,61343.579,,
ESTAT:NRG_BAL_C(1.0),06/03/26 23:00:00,Annual,Primary production,Renewables and biofuels,Gigawatt-hour,Romania,2010,66388.671,,
ESTAT:NRG_BAL_C(1.0),06/03/26 23:00:00,Annual,Primary production,Renewables and biofuels,Gigawatt-hour,Romania,2011,58468.704,,
ESTAT:NRG_BAL_C(1.0),06/03/26 23:00:00,Annual,Primary production,Renewables and biofuels,Gigawatt-hour,Romania,2012,60967.165,,
ESTAT:NRG_BAL_C(1.0),06/03/26 23:00:00,Annual,Primary production,Renewables and biofuels,Gigawatt-hour,Romania,2013,64671.255,,
ESTAT:NRG_BAL_C(1.0),06/03/26 23:00:00,Annual,Primary production,Renewables and biofuels,Gigawatt-hour,Romania,2014,70820.904,,
ESTAT:NRG_BAL_C(1.0),06/03/26 23:00:00,Annual,Primary production,Renewables and biofuels,Gigawatt-hour,Romania,2015,69023.401,,
ESTAT:NRG_BAL_C(1.0),06/03/26 23:00:00,Annual,Primary production,Renewables and biofuels,Gigawatt-hour,Romania,2016,70891.647,,
ESTAT:NRG_BAL_C(1.0),06/03/26 23:00:00,Annual,Primary production,Renewables and biofuels,Gigawatt-hour,Romania,2017,67971.173,,
ESTAT:NRG_BAL_C(1.0),06/03/26 23:00:00,Annual,Primary production,Renewables and biofuels,Gigawatt-hour,Romania,2018,68724.163,,
ESTAT:NRG_BAL_C(1.0),06/03/26 23:00:00,Annual,Primary production,Renewables and biofuels,Gigawatt-hour,Romania,2019,67587.957,,
ESTAT:NRG_BAL_C(1.0),06/03/26 23:00:00,Annual,Primary production,Renewables and biofuels,Gigawatt-hour,Romania,2020,67433.880,,
ESTAT:NRG_BAL_C(1.0),06/03/26 23:00:00,Annual,Primary production,Renewables and biofuels,Gigawatt-hour,Romania,2021,71218.206,,
ESTAT:NRG_BAL_C(1.0),06/03/26 23:00:00,Annual,Primary production,Renewables and biofuels,Gigawatt-hour,Romania,2022,66647.123,,
ESTAT:NRG_BAL_C(1.0),06/03/26 23:00:00,Annual,Primary production,Renewables and biofuels,Gigawatt-hour,Romania,2023,69712.131,,
ESTAT:NRG_BAL_C(1.0),06/03/26 23:00:00,Annual,Primary production,Renewables and biofuels,Gigawatt-hour,Romania,2024,65096.564,,
ESTAT:NRG_BAL_C(1.0),06/03/26 23:00:00,Annual,Primary production,Renewables and biofuels,Gigawatt-hour,Sweden,2005,168092.923,,
ESTAT:NRG_BAL_C(1.0),06/03/26 23:00:00,Annual,Primary production,Renewables and biofuels,Gigawatt-hour,Sweden,2006,162672.875,,
ESTAT:NRG_BAL_C(1.0),06/03/26 23:00:00,Annual,Primary production,Renewables and biofuels,Gigawatt-hour,Sweden,2007,172297.014,,
ESTAT:NRG_BAL_C(1.0),06/03/26 23:00:00,Annual,Primary production,Renewables and biofuels,Gigawatt-hour,Sweden,2008,176382.152,,
ESTAT:NRG_BAL_C(1.0),06/03/26 23:00:00,Annual,Primary production,Renewables and biofuels,Gigawatt-hour,Sweden,2009,178656.180,,
ESTAT:NRG_BAL_C(1.0),06/03/26 23:00:00,Annual,Primary production,Renewables and biofuels,Gigawatt-hour,Sweden,2010,192340.590,,
ESTAT:NRG_BAL_C(1.0),06/03/26 23:00:00,Annual,Primary production,Renewables and biofuels,Gigawatt-hour,Sweden,2011,201285.293,,
ESTAT:NRG_BAL_C(1.0),06/03/26 23:00:00,Annual,Primary production,Renewables and biofuels,Gigawatt-hour,Sweden,2012,224724.192,,
ESTAT:NRG_BAL_C(1.0),06/03/26 23:00:00,Annual,Primary production,Renewables and biofuels,Gigawatt-hour,Sweden,2013,206602.697,,
ESTAT:NRG_BAL_C(1.0),06/03/26 23:00:00,Annual,Primary production,Renewables and biofuels,Gigawatt-hour,Sweden,2014,207595.824,,
ESTAT:NRG_BAL_C(1.0),06/03/26 23:00:00,Annual,Primary production,Renewables and biofuels,Gigawatt-hour,Sweden,2015,228064.490,,
ESTAT:NRG_BAL_C(1.0),06/03/26 23:00:00,Annual,Primary production,Renewables and biofuels,Gigawatt-hour,Sweden,2016,218809.679,,
ESTAT:NRG_BAL_C(1.0),06/03/26 23:00:00,Annual,Primary production,Renewables and biofuels,Gigawatt-hour,Sweden,2017,225005.340,,
ESTAT:NRG_BAL_C(1.0),06/03/26 23:00:00,Annual,Primary production,Renewables and biofuels,Gigawatt-hour,Sweden,2018,221055.719,,
ESTAT:NRG_BAL_C(1.0),06/03/26 23:00:00,Annual,Primary production,Renewables and biofuels,Gigawatt-hour,Sweden,2019,231703.499,,
ESTAT:NRG_BAL_C(1.0),06/03/26 23:00:00,Annual,Primary production,Renewables and biofuels,Gigawatt-hour,Sweden,2020,249898.563,,
ESTAT:NRG_BAL_C(1.0),06/03/26 23:00:00,Annual,Primary production,Renewables and biofuels,Gigawatt-hour,Sweden,2021,261775.232,,
ESTAT:NRG_BAL_C(1.0),06/03/26 23:00:00,Annual,Primary production,Renewables and biofuels,Gigawatt-hour,Sweden,2022,261366.630,,
ESTAT:NRG_BAL_C(1.0),06/03/26 23:00:00,Annual,Primary production,Renewables and biofuels,Gigawatt-hour,Sweden,2023,255893.446,,
ESTAT:NRG_BAL_C(1.0),06/03/26 23:00:00,Annual,Primary production,Renewables and biofuels,Gigawatt-hour,Sweden,2024,257691.180,,
ESTAT:NRG_BAL_C(1.0),06/03/26 23:00:00,Annual,Primary production,Renewables and biofuels,Gigawatt-hour,Slovenia,2005,11800.088,,
ESTAT:NRG_BAL_C(1.0),06/03/26 23:00:00,Annual,Primary production,Renewables and biofuels,Gigawatt-hour,Slovenia,2006,10999.420,,
ESTAT:NRG_BAL_C(1.0),06/03/26 23:00:00,Annual,Primary production,Renewables and biofuels,Gigawatt-hour,Slovenia,2007,11433.174,,
ESTAT:NRG_BAL_C(1.0),06/03/26 23:00:00,Annual,Primary production,Renewables and biofuels,Gigawatt-hour,Slovenia,2008,12554.937,,
ESTAT:NRG_BAL_C(1.0),06/03/26 23:00:00,Annual,Primary production,Renewables and biofuels,Gigawatt-hour,Slovenia,2009,12712.671,,
ESTAT:NRG_BAL_C(1.0),06/03/26 23:00:00,Annual,Primary production,Renewables and biofuels,Gigawatt-hour,Slovenia,2010,13184.366,,
ESTAT:NRG_BAL_C(1.0),06/03/26 23:00:00,Annual,Primary production,Renewables and biofuels,Gigawatt-hour,Slovenia,2011,12132.929,,
ESTAT:NRG_BAL_C(1.0),06/03/26 23:00:00,Annual,Primary production,Renewables and biofuels,Gigawatt-hour,Slovenia,2012,12321.160,,
ESTAT:NRG_BAL_C(1.0),06/03/26 23:00:00,Annual,Primary production,Renewables and biofuels,Gigawatt-hour,Slovenia,2013,13484.831,,
ESTAT:NRG_BAL_C(1.0),06/03/26 23:00:00,Annual,Primary production,Renewables and biofuels,Gigawatt-hour,Slovenia,2014,14083.284,,
ESTAT:NRG_BAL_C(1.0),06/03/26 23:00:00,Annual,Primary production,Renewables and biofuels,Gigawatt-hour,Slovenia,2015,12662.040,,
ESTAT:NRG_BAL_C(1.0),06/03/26 23:00:00,Annual,Primary production,Renewables and biofuels,Gigawatt-hour,Slovenia,2016,13470.738,,
ESTAT:NRG_BAL_C(1.0),06/03/26 23:00:00,Annual,Primary production,Renewables and biofuels,Gigawatt-hour,Slovenia,2017,12660.968,,
ESTAT:NRG_BAL_C(1.0),06/03/26 23:00:00,Annual,Primary production,Renewables and biofuels,Gigawatt-hour,Slovenia,2018,12713.723,,
ESTAT:NRG_BAL_C(1.0),06/03/26 23:00:00,Annual,Primary production,Renewables and biofuels,Gigawatt-hour,Slovenia,2019,12397.386,,
ESTAT:NRG_BAL_C(1.0),06/03/26 23:00:00,Annual,Primary production,Renewables and biofuels,Gigawatt-hour,Slovenia,2020,12794.244,,
ESTAT:NRG_BAL_C(1.0),06/03/26 23:00:00,Annual,Primary production,Renewables and biofuels,Gigawatt-hour,Slovenia,2021,13443.661,,
ESTAT:NRG_BAL_C(1.0),06/03/26 23:00:00,Annual,Primary production,Renewables and biofuels,Gigawatt-hour,Slovenia,2022,11278.240,,
ESTAT:NRG_BAL_C(1.0),06/03/26 23:00:00,Annual,Primary production,Renewables and biofuels,Gigawatt-hour,Slovenia,2023,13409.468,,
ESTAT:NRG_BAL_C(1.0),06/03/26 23:00:00,Annual,Primary production,Renewables and biofuels,Gigawatt-hour,Slovenia,2024,13883.017,,
ESTAT:NRG_BAL_C(1.0),06/03/26 23:00:00,Annual,Primary production,Renewables and biofuels,Gigawatt-hour,Slovakia,2005,10013.007,,
ESTAT:NRG_BAL_C(1.0),06/03/26 23:00:00,Annual,Primary production,Renewables and biofuels,Gigawatt-hour,Slovakia,2006,10042.490,,
ESTAT:NRG_BAL_C(1.0),06/03/26 23:00:00,Annual,Primary production,Renewables and biofuels,Gigawatt-hour,Slovakia,2007,11181.869,,
ESTAT:NRG_BAL_C(1.0),06/03/26 23:00:00,Annual,Primary production,Renewables and biofuels,Gigawatt-hour,Slovakia,2008,12012.070,,
ESTAT:NRG_BAL_C(1.0),06/03/26 23:00:00,Annual,Primary production,Renewables and biofuels,Gigawatt-hour,Slovakia,2009,14222.394,,
ESTAT:NRG_BAL_C(1.0),06/03/26 23:00:00,Annual,Primary production,Renewables and biofuels,Gigawatt-hour,Slovakia,2010,24661.320,,
ESTAT:NRG_BAL_C(1.0),06/03/26 23:00:00,Annual,Primary production,Renewables and biofuels,Gigawatt-hour,Slovakia,2011,23917.779,,
ESTAT:NRG_BAL_C(1.0),06/03/26 23:00:00,Annual,Primary production,Renewables and biofuels,Gigawatt-hour,Slovakia,2012,25399.833,,
ESTAT:NRG_BAL_C(1.0),06/03/26 23:00:00,Annual,Primary production,Renewables and biofuels,Gigawatt-hour,Slovakia,2013,25149.206,,
ESTAT:NRG_BAL_C(1.0),06/03/26 23:00:00,Annual,Primary production,Renewables and biofuels,Gigawatt-hour,Slovakia,2014,21096.469,,
ESTAT:NRG_BAL_C(1.0),06/03/26 23:00:00,Annual,Primary production,Renewables and biofuels,Gigawatt-hour,Slovakia,2015,25321.000,,
ESTAT:NRG_BAL_C(1.0),06/03/26 23:00:00,Annual,Primary production,Renewables and biofuels,Gigawatt-hour,Slovakia,2016,26304.794,,
ESTAT:NRG_BAL_C(1.0),06/03/26 23:00:00,Annual,Primary production,Renewables and biofuels,Gigawatt-hour,Slovakia,2017,26175.220,,
ESTAT:NRG_BAL_C(1.0),06/03/26 23:00:00,Annual,Primary production,Renewables and biofuels,Gigawatt-hour,Slovakia,2018,24445.269,,
ESTAT:NRG_BAL_C(1.0),06/03/26 23:00:00,Annual,Primary production,Renewables and biofuels,Gigawatt-hour,Slovakia,2019,25836.651,,
ESTAT:NRG_BAL_C(1.0),06/03/26 23:00:00,Annual,Primary production,Renewables and biofuels,Gigawatt-hour,Slovakia,2020,25320.178,,
ESTAT:NRG_BAL_C(1.0),06/03/26 23:00:00,Annual,Primary production,Renewables and biofuels,Gigawatt-hour,Slovakia,2021,27342.089,,
ESTAT:NRG_BAL_C(1.0),06/03/26 23:00:00,Annual,Primary production,Renewables and biofuels,Gigawatt-hour,Slovakia,2022,25378.725,,
ESTAT:NRG_BAL_C(1.0),06/03/26 23:00:00,Annual,Primary production,Renewables and biofuels,Gigawatt-hour,Slovakia,2023,24239.896,,
ESTAT:NRG_BAL_C(1.0),06/03/26 23:00:00,Annual,Primary production,Renewables and biofuels,Gigawatt-hour,Slovakia,2024,24175.009,,
ESTAT:NRG_BAL_C(1.0),06/03/26 23:00:00,Annual,Primary production,Hydro,Gigawatt-hour,Austria,2005,37095.138,,
ESTAT:NRG_BAL_C(1.0),06/03/26 23:00:00,Annual,Primary production,Hydro,Gigawatt-hour,Austria,2006,35656.085,,
ESTAT:NRG_BAL_C(1.0),06/03/26 23:00:00,Annual,Primary production,Hydro,Gigawatt-hour,Austria,2007,37054.453,,
ESTAT:NRG_BAL_C(1.0),06/03/26 23:00:00,Annual,Primary production,Hydro,Gigawatt-hour,Austria,2008,38329.491,,
ESTAT:NRG_BAL_C(1.0),06/03/26 23:00:00,Annual,Primary production,Hydro,Gigawatt-hour,Austria,2009,40896.304,,
ESTAT:NRG_BAL_C(1.0),06/03/26 23:00:00,Annual,Primary production,Hydro,Gigawatt-hour,Austria,2010,38363.418,,
ESTAT:NRG_BAL_C(1.0),06/03/26 23:00:00,Annual,Primary production,Hydro,Gigawatt-hour,Austria,2011,34237.171,,
ESTAT:NRG_BAL_C(1.0),06/03/26 23:00:00,Annual,Primary production,Hydro,Gigawatt-hour,Austria,2012,43847.698,,
ESTAT:NRG_BAL_C(1.0),06/03/26 23:00:00,Annual,Primary production,Hydro,Gigawatt-hour,Austria,2013,42016.720,,
ESTAT:NRG_BAL_C(1.0),06/03/26 23:00:00,Annual,Primary production,Hydro,Gigawatt-hour,Austria,2014,41007.237,,
ESTAT:NRG_BAL_C(1.0),06/03/26 23:00:00,Annual,Primary production,Hydro,Gigawatt-hour,Austria,2015,37156.866,,
ESTAT:NRG_BAL_C(1.0),06/03/26 23:00:00,Annual,Primary production,Hydro,Gigawatt-hour,Austria,2016,39971.337,,
ESTAT:NRG_BAL_C(1.0),06/03/26 23:00:00,Annual,Primary production,Hydro,Gigawatt-hour,Austria,2017,38293.750,,
ESTAT:NRG_BAL_C(1.0),06/03/26 23:00:00,Annual,Primary production,Hydro,Gigawatt-hour,Austria,2018,37637.911,,
ESTAT:NRG_BAL_C(1.0),06/03/26 23:00:00,Annual,Primary production,Hydro,Gigawatt-hour,Austria,2019,40825.970,,
ESTAT:NRG_BAL_C(1.0),06/03/26 23:00:00,Annual,Primary production,Hydro,Gigawatt-hour,Austria,2020,41998.029,,
ESTAT:NRG_BAL_C(1.0),06/03/26 23:00:00,Annual,Primary production,Hydro,Gigawatt-hour,Austria,2021,38751.330,,
ESTAT:NRG_BAL_C(1.0),06/03/26 23:00:00,Annual,Primary production,Hydro,Gigawatt-hour,Austria,2022,34625.110,,
ESTAT:NRG_BAL_C(1.0),06/03/26 23:00:00,Annual,Primary production,Hydro,Gigawatt-hour,Austria,2023,40672.636,,
ESTAT:NRG_BAL_C(1.0),06/03/26 23:00:00,Annual,Primary production,Hydro,Gigawatt-hour,Austria,2024,45707.084,,
ESTAT:NRG_BAL_C(1.0),06/03/26 23:00:00,Annual,Primary production,Hydro,Gigawatt-hour,Belgium,2005,288.000,,
ESTAT:NRG_BAL_C(1.0),06/03/26 23:00:00,Annual,Primary production,Hydro,Gigawatt-hour,Belgium,2006,359.000,,
ESTAT:NRG_BAL_C(1.0),06/03/26 23:00:00,Annual,Primary production,Hydro,Gigawatt-hour,Belgium,2007,389.000,,
ESTAT:NRG_BAL_C(1.0),06/03/26 23:00:00,Annual,Primary production,Hydro,Gigawatt-hour,Belgium,2008,410.000,,
ESTAT:NRG_BAL_C(1.0),06/03/26 23:00:00,Annual,Primary production,Hydro,Gigawatt-hour,Belgium,2009,328.000,,
ESTAT:NRG_BAL_C(1.0),06/03/26 23:00:00,Annual,Primary production,Hydro,Gigawatt-hour,Belgium,2010,312.000,,
ESTAT:NRG_BAL_C(1.0),06/03/26 23:00:00,Annual,Primary production,Hydro,Gigawatt-hour,Belgium,2011,196.000,,
ESTAT:NRG_BAL_C(1.0),06/03/26 23:00:00,Annual,Primary production,Hydro,Gigawatt-hour,Belgium,2012,357.000,,
ESTAT:NRG_BAL_C(1.0),06/03/26 23:00:00,Annual,Primary production,Hydro,Gigawatt-hour,Belgium,2013,380.000,,
ESTAT:NRG_BAL_C(1.0),06/03/26 23:00:00,Annual,Primary production,Hydro,Gigawatt-hour,Belgium,2014,292.200,,
ESTAT:NRG_BAL_C(1.0),06/03/26 23:00:00,Annual,Primary production,Hydro,Gigawatt-hour,Belgium,2015,318.400,,
ESTAT:NRG_BAL_C(1.0),06/03/26 23:00:00,Annual,Primary production,Hydro,Gigawatt-hour,Belgium,2016,370.000,,
ESTAT:NRG_BAL_C(1.0),06/03/26 23:00:00,Annual,Primary production,Hydro,Gigawatt-hour,Belgium,2017,270.100,,
ESTAT:NRG_BAL_C(1.0),06/03/26 23:00:00,Annual,Primary production,Hydro,Gigawatt-hour,Belgium,2018,292.300,,
ESTAT:NRG_BAL_C(1.0),06/03/26 23:00:00,Annual,Primary production,Hydro,Gigawatt-hour,Belgium,2019,301.000,,
ESTAT:NRG_BAL_C(1.0),06/03/26 23:00:00,Annual,Primary production,Hydro,Gigawatt-hour,Belgium,2020,266.900,,
ESTAT:NRG_BAL_C(1.0),06/03/26 23:00:00,Annual,Primary production,Hydro,Gigawatt-hour,Belgium,2021,418.100,,
ESTAT:NRG_BAL_C(1.0),06/03/26 23:00:00,Annual,Primary production,Hydro,Gigawatt-hour,Belgium,2022,271.100,,
ESTAT:NRG_BAL_C(1.0),06/03/26 23:00:00,Annual,Primary production,Hydro,Gigawatt-hour,Belgium,2023,402.300,,
ESTAT:NRG_BAL_C(1.0),06/03/26 23:00:00,Annual,Primary production,Hydro,Gigawatt-hour,Belgium,2024,545.700,,
ESTAT:NRG_BAL_C(1.0),06/03/26 23:00:00,Annual,Primary production,Hydro,Gigawatt-hour,Bulgaria,2005,4297.428,,
ESTAT:NRG_BAL_C(1.0),06/03/26 23:00:00,Annual,Primary production,Hydro,Gigawatt-hour,Bulgaria,2006,4212.974,,
ESTAT:NRG_BAL_C(1.0),06/03/26 23:00:00,Annual,Primary production,Hydro,Gigawatt-hour,Bulgaria,2007,2829.847,,
ESTAT:NRG_BAL_C(1.0),06/03/26 23:00:00,Annual,Primary production,Hydro,Gigawatt-hour,Bulgaria,2008,2792.710,,
ESTAT:NRG_BAL_C(1.0),06/03/26 23:00:00,Annual,Primary production,Hydro,Gigawatt-hour,Bulgaria,2009,3431.712,,
ESTAT:NRG_BAL_C(1.0),06/03/26 23:00:00,Annual,Primary production,Hydro,Gigawatt-hour,Bulgaria,2010,5031.341,,
ESTAT:NRG_BAL_C(1.0),06/03/26 23:00:00,Annual,Primary production,Hydro,Gigawatt-hour,Bulgaria,2011,2871.581,,
ESTAT:NRG_BAL_C(1.0),06/03/26 23:00:00,Annual,Primary production,Hydro,Gigawatt-hour,Bulgaria,2012,3177.636,,
ESTAT:NRG_BAL_C(1.0),06/03/26 23:00:00,Annual,Primary production,Hydro,Gigawatt-hour,Bulgaria,2013,4036.138,,
ESTAT:NRG_BAL_C(1.0),06/03/26 23:00:00,Annual,Primary production,Hydro,Gigawatt-hour,Bulgaria,2014,4601.629,,
ESTAT:NRG_BAL_C(1.0),06/03/26 23:00:00,Annual,Primary production,Hydro,Gigawatt-hour,Bulgaria,2015,5654.542,,
ESTAT:NRG_BAL_C(1.0),06/03/26 23:00:00,Annual,Primary production,Hydro,Gigawatt-hour,Bulgaria,2016,3879.842,,
ESTAT:NRG_BAL_C(1.0),06/03/26 23:00:00,Annual,Primary production,Hydro,Gigawatt-hour,Bulgaria,2017,2828.103,,
ESTAT:NRG_BAL_C(1.0),06/03/26 23:00:00,Annual,Primary production,Hydro,Gigawatt-hour,Bulgaria,2018,5146.578,,
ESTAT:NRG_BAL_C(1.0),06/03/26 23:00:00,Annual,Primary production,Hydro,Gigawatt-hour,Bulgaria,2019,2929.499,,
ESTAT:NRG_BAL_C(1.0),06/03/26 23:00:00,Annual,Primary production,Hydro,Gigawatt-hour,Bulgaria,2020,2820.398,,
ESTAT:NRG_BAL_C(1.0),06/03/26 23:00:00,Annual,Primary production,Hydro,Gigawatt-hour,Bulgaria,2021,4819.205,,
ESTAT:NRG_BAL_C(1.0),06/03/26 23:00:00,Annual,Primary production,Hydro,Gigawatt-hour,Bulgaria,2022,3803.279,,
ESTAT:NRG_BAL_C(1.0),06/03/26 23:00:00,Annual,Primary production,Hydro,Gigawatt-hour,Bulgaria,2023,3080.132,,
ESTAT:NRG_BAL_C(1.0),06/03/26 23:00:00,Annual,Primary production,Hydro,Gigawatt-hour,Bulgaria,2024,2787.148,,
ESTAT:NRG_BAL_C(1.0),06/03/26 23:00:00,Annual,Primary production,Hydro,Gigawatt-hour,Cyprus,2005,0.000,,
ESTAT:NRG_BAL_C(1.0),06/03/26 23:00:00,Annual,Primary production,Hydro,Gigawatt-hour,Cyprus,2006,0.000,,
ESTAT:NRG_BAL_C(1.0),06/03/26 23:00:00,Annual,Primary production,Hydro,Gigawatt-hour,Cyprus,2007,0.000,,
ESTAT:NRG_BAL_C(1.0),06/03/26 23:00:00,Annual,Primary production,Hydro,Gigawatt-hour,Cyprus,2008,0.000,,
ESTAT:NRG_BAL_C(1.0),06/03/26 23:00:00,Annual,Primary production,Hydro,Gigawatt-hour,Cyprus,2009,0.000,,
ESTAT:NRG_BAL_C(1.0),06/03/26 23:00:00,Annual,Primary production,Hydro,Gigawatt-hour,Cyprus,2010,0.000,,
ESTAT:NRG_BAL_C(1.0),06/03/26 23:00:00,Annual,Primary production,Hydro,Gigawatt-hour,Cyprus,2011,0.000,,
ESTAT:NRG_BAL_C(1.0),06/03/26 23:00:00,Annual,Primary production,Hydro,Gigawatt-hour,Cyprus,2012,0.000,,
ESTAT:NRG_BAL_C(1.0),06/03/26 23:00:00,Annual,Primary production,Hydro,Gigawatt-hour,Cyprus,2013,0.000,,
ESTAT:NRG_BAL_C(1.0),06/03/26 23:00:00,Annual,Primary production,Hydro,Gigawatt-hour,Cyprus,2014,0.000,,
ESTAT:NRG_BAL_C(1.0),06/03/26 23:00:00,Annual,Primary production,Hydro,Gigawatt-hour,Cyprus,2015,0.000,,
ESTAT:NRG_BAL_C(1.0),06/03/26 23:00:00,Annual,Primary production,Hydro,Gigawatt-hour,Cyprus,2016,0.000,,
ESTAT:NRG_BAL_C(1.0),06/03/26 23:00:00,Annual,Primary production,Hydro,Gigawatt-hour,Cyprus,2017,0.000,,
ESTAT:NRG_BAL_C(1.0),06/03/26 23:00:00,Annual,Primary production,Hydro,Gigawatt-hour,Cyprus,2018,0.000,,
ESTAT:NRG_BAL_C(1.0),06/03/26 23:00:00,Annual,Primary production,Hydro,Gigawatt-hour,Cyprus,2019,0.000,,
ESTAT:NRG_BAL_C(1.0),06/03/26 23:00:00,Annual,Primary production,Hydro,Gigawatt-hour,Cyprus,2020,0.000,,
ESTAT:NRG_BAL_C(1.0),06/03/26 23:00:00,Annual,Primary production,Hydro,Gigawatt-hour,Cyprus,2021,0.000,,
ESTAT:NRG_BAL_C(1.0),06/03/26 23:00:00,Annual,Primary production,Hydro,Gigawatt-hour,Cyprus,2022,0.000,,
ESTAT:NRG_BAL_C(1.0),06/03/26 23:00:00,Annual,Primary production,Hydro,Gigawatt-hour,Cyprus,2023,0.000,,
ESTAT:NRG_BAL_C(1.0),06/03/26 23:00:00,Annual,Primary production,Hydro,Gigawatt-hour,Cyprus,2024,0.000,,
ESTAT:NRG_BAL_C(1.0),06/03/26 23:00:00,Annual,Primary production,Hydro,Gigawatt-hour,Czechia,2005,2379.910,,
ESTAT:NRG_BAL_C(1.0),06/03/26 23:00:00,Annual,Primary production,Hydro,Gigawatt-hour,Czechia,2006,2550.300,,
ESTAT:NRG_BAL_C(1.0),06/03/26 23:00:00,Annual,Primary production,Hydro,Gigawatt-hour,Czechia,2007,2089.409,,
ESTAT:NRG_BAL_C(1.0),06/03/26 23:00:00,Annual,Primary production,Hydro,Gigawatt-hour,Czechia,2008,2024.335,,
ESTAT:NRG_BAL_C(1.0),06/03/26 23:00:00,Annual,Primary production,Hydro,Gigawatt-hour,Czechia,2009,2429.607,,
ESTAT:NRG_BAL_C(1.0),06/03/26 23:00:00,Annual,Primary production,Hydro,Gigawatt-hour,Czechia,2010,2789.474,,
ESTAT:NRG_BAL_C(1.0),06/03/26 23:00:00,Annual,Primary production,Hydro,Gigawatt-hour,Czechia,2011,1963.016,,
ESTAT:NRG_BAL_C(1.0),06/03/26 23:00:00,Annual,Primary production,Hydro,Gigawatt-hour,Czechia,2012,2129.143,,
ESTAT:NRG_BAL_C(1.0),06/03/26 23:00:00,Annual,Primary production,Hydro,Gigawatt-hour,Czechia,2013,2734.507,,
ESTAT:NRG_BAL_C(1.0),06/03/26 23:00:00,Annual,Primary production,Hydro,Gigawatt-hour,Czechia,2014,1908.749,,
ESTAT:NRG_BAL_C(1.0),06/03/26 23:00:00,Annual,Primary production,Hydro,Gigawatt-hour,Czechia,2015,1794.769,,
ESTAT:NRG_BAL_C(1.0),06/03/26 23:00:00,Annual,Primary production,Hydro,Gigawatt-hour,Czechia,2016,2000.036,,
ESTAT:NRG_BAL_C(1.0),06/03/26 23:00:00,Annual,Primary production,Hydro,Gigawatt-hour,Czechia,2017,1869.464,,
ESTAT:NRG_BAL_C(1.0),06/03/26 23:00:00,Annual,Primary production,Hydro,Gigawatt-hour,Czechia,2018,1628.830,,
ESTAT:NRG_BAL_C(1.0),06/03/26 23:00:00,Annual,Primary production,Hydro,Gigawatt-hour,Czechia,2019,2008.029,,
ESTAT:NRG_BAL_C(1.0),06/03/26 23:00:00,Annual,Primary production,Hydro,Gigawatt-hour,Czechia,2020,2143.884,,
ESTAT:NRG_BAL_C(1.0),06/03/26 23:00:00,Annual,Primary production,Hydro,Gigawatt-hour,Czechia,2021,2408.520,,
ESTAT:NRG_BAL_C(1.0),06/03/26 23:00:00,Annual,Primary production,Hydro,Gigawatt-hour,Czechia,2022,2093.465,,
ESTAT:NRG_BAL_C(1.0),06/03/26 23:00:00,Annual,Primary production,Hydro,Gigawatt-hour,Czechia,2023,2362.978,,
ESTAT:NRG_BAL_C(1.0),06/03/26 23:00:00,Annual,Primary production,Hydro,Gigawatt-hour,Czechia,2024,2662.820,,
ESTAT:NRG_BAL_C(1.0),06/03/26 23:00:00,Annual,Primary production,Hydro,Gigawatt-hour,Germany,2005,19638.000,,
ESTAT:NRG_BAL_C(1.0),06/03/26 23:00:00,Annual,Primary production,Hydro,Gigawatt-hour,Germany,2006,20031.000,,
ESTAT:NRG_BAL_C(1.0),06/03/26 23:00:00,Annual,Primary production,Hydro,Gigawatt-hour,Germany,2007,21169.000,,
ESTAT:NRG_BAL_C(1.0),06/03/26 23:00:00,Annual,Primary production,Hydro,Gigawatt-hour,Germany,2008,20443.000,,
ESTAT:NRG_BAL_C(1.0),06/03/26 23:00:00,Annual,Primary production,Hydro,Gigawatt-hour,Germany,2009,19031.000,,
ESTAT:NRG_BAL_C(1.0),06/03/26 23:00:00,Annual,Primary production,Hydro,Gigawatt-hour,Germany,2010,20953.000,,
ESTAT:NRG_BAL_C(1.0),06/03/26 23:00:00,Annual,Primary production,Hydro,Gigawatt-hour,Germany,2011,17672.000,,
ESTAT:NRG_BAL_C(1.0),06/03/26 23:00:00,Annual,Primary production,Hydro,Gigawatt-hour,Germany,2012,21755.000,,
ESTAT:NRG_BAL_C(1.0),06/03/26 23:00:00,Annual,Primary production,Hydro,Gigawatt-hour,Germany,2013,22998.000,,
ESTAT:NRG_BAL_C(1.0),06/03/26 23:00:00,Annual,Primary production,Hydro,Gigawatt-hour,Germany,2014,19587.000,,
ESTAT:NRG_BAL_C(1.0),06/03/26 23:00:00,Annual,Primary production,Hydro,Gigawatt-hour,Germany,2015,18976.000,,
ESTAT:NRG_BAL_C(1.0),06/03/26 23:00:00,Annual,Primary production,Hydro,Gigawatt-hour,Germany,2016,20546.000,,
ESTAT:NRG_BAL_C(1.0),06/03/26 23:00:00,Annual,Primary production,Hydro,Gigawatt-hour,Germany,2017,20150.000,,
ESTAT:NRG_BAL_C(1.0),06/03/26 23:00:00,Annual,Primary production,Hydro,Gigawatt-hour,Germany,2018,17693.000,,
ESTAT:NRG_BAL_C(1.0),06/03/26 23:00:00,Annual,Primary production,Hydro,Gigawatt-hour,Germany,2019,19731.000,,
ESTAT:NRG_BAL_C(1.0),06/03/26 23:00:00,Annual,Primary production,Hydro,Gigawatt-hour,Germany,2020,18721.000,,
ESTAT:NRG_BAL_C(1.0),06/03/26 23:00:00,Annual,Primary production,Hydro,Gigawatt-hour,Germany,2021,19657.000,,
ESTAT:NRG_BAL_C(1.0),06/03/26 23:00:00,Annual,Primary production,Hydro,Gigawatt-hour,Germany,2022,17624.000,,
ESTAT:NRG_BAL_C(1.0),06/03/26 23:00:00,Annual,Primary production,Hydro,Gigawatt-hour,Germany,2023,21244.000,,
ESTAT:NRG_BAL_C(1.0),06/03/26 23:00:00,Annual,Primary production,Hydro,Gigawatt-hour,Germany,2024,23825.000,,
ESTAT:NRG_BAL_C(1.0),06/03/26 23:00:00,Annual,Primary production,Hydro,Gigawatt-hour,Denmark,2005,23.000,,
ESTAT:NRG_BAL_C(1.0),06/03/26 23:00:00,Annual,Primary production,Hydro,Gigawatt-hour,Denmark,2006,23.000,,
ESTAT:NRG_BAL_C(1.0),06/03/26 23:00:00,Annual,Primary production,Hydro,Gigawatt-hour,Denmark,2007,28.000,,
ESTAT:NRG_BAL_C(1.0),06/03/26 23:00:00,Annual,Primary production,Hydro,Gigawatt-hour,Denmark,2008,26.000,,
ESTAT:NRG_BAL_C(1.0),06/03/26 23:00:00,Annual,Primary production,Hydro,Gigawatt-hour,Denmark,2009,19.000,,
ESTAT:NRG_BAL_C(1.0),06/03/26 23:00:00,Annual,Primary production,Hydro,Gigawatt-hour,Denmark,2010,20.642,,
ESTAT:NRG_BAL_C(1.0),06/03/26 23:00:00,Annual,Primary production,Hydro,Gigawatt-hour,Denmark,2011,16.868,,
ESTAT:NRG_BAL_C(1.0),06/03/26 23:00:00,Annual,Primary production,Hydro,Gigawatt-hour,Denmark,2012,17.476,,
ESTAT:NRG_BAL_C(1.0),06/03/26 23:00:00,Annual,Primary production,Hydro,Gigawatt-hour,Denmark,2013,13.419,,
ESTAT:NRG_BAL_C(1.0),06/03/26 23:00:00,Annual,Primary production,Hydro,Gigawatt-hour,Denmark,2014,15.104,,
ESTAT:NRG_BAL_C(1.0),06/03/26 23:00:00,Annual,Primary production,Hydro,Gigawatt-hour,Denmark,2015,18.030,,
ESTAT:NRG_BAL_C(1.0),06/03/26 23:00:00,Annual,Primary production,Hydro,Gigawatt-hour,Denmark,2016,19.272,,
ESTAT:NRG_BAL_C(1.0),06/03/26 23:00:00,Annual,Primary production,Hydro,Gigawatt-hour,Denmark,2017,17.871,,
ESTAT:NRG_BAL_C(1.0),06/03/26 23:00:00,Annual,Primary production,Hydro,Gigawatt-hour,Denmark,2018,14.862,,
ESTAT:NRG_BAL_C(1.0),06/03/26 23:00:00,Annual,Primary production,Hydro,Gigawatt-hour,Denmark,2019,16.955,,
ESTAT:NRG_BAL_C(1.0),06/03/26 23:00:00,Annual,Primary production,Hydro,Gigawatt-hour,Denmark,2020,17.064,,
ESTAT:NRG_BAL_C(1.0),06/03/26 23:00:00,Annual,Primary production,Hydro,Gigawatt-hour,Denmark,2021,16.294,,
ESTAT:NRG_BAL_C(1.0),06/03/26 23:00:00,Annual,Primary production,Hydro,Gigawatt-hour,Denmark,2022,14.947,,
ESTAT:NRG_BAL_C(1.0),06/03/26 23:00:00,Annual,Primary production,Hydro,Gigawatt-hour,Denmark,2023,19.628,,
ESTAT:NRG_BAL_C(1.0),06/03/26 23:00:00,Annual,Primary production,Hydro,Gigawatt-hour,Denmark,2024,22.562,,
ESTAT:NRG_BAL_C(1.0),06/03/26 23:00:00,Annual,Primary production,Hydro,Gigawatt-hour,Estonia,2005,22.000,,
ESTAT:NRG_BAL_C(1.0),06/03/26 23:00:00,Annual,Primary production,Hydro,Gigawatt-hour,Estonia,2006,13.500,,
ESTAT:NRG_BAL_C(1.0),06/03/26 23:00:00,Annual,Primary production,Hydro,Gigawatt-hour,Estonia,2007,21.822,,
ESTAT:NRG_BAL_C(1.0),06/03/26 23:00:00,Annual,Primary production,Hydro,Gigawatt-hour,Estonia,2008,27.908,,
ESTAT:NRG_BAL_C(1.0),06/03/26 23:00:00,Annual,Primary production,Hydro,Gigawatt-hour,Estonia,2009,31.988,,
ESTAT:NRG_BAL_C(1.0),06/03/26 23:00:00,Annual,Primary production,Hydro,Gigawatt-hour,Estonia,2010,26.881,,
ESTAT:NRG_BAL_C(1.0),06/03/26 23:00:00,Annual,Primary production,Hydro,Gigawatt-hour,Estonia,2011,30.028,,
ESTAT:NRG_BAL_C(1.0),06/03/26 23:00:00,Annual,Primary production,Hydro,Gigawatt-hour,Estonia,2012,42.058,,
ESTAT:NRG_BAL_C(1.0),06/03/26 23:00:00,Annual,Primary production,Hydro,Gigawatt-hour,Estonia,2013,25.532,,
ESTAT:NRG_BAL_C(1.0),06/03/26 23:00:00,Annual,Primary production,Hydro,Gigawatt-hour,Estonia,2014,27.034,,
ESTAT:NRG_BAL_C(1.0),06/03/26 23:00:00,Annual,Primary production,Hydro,Gigawatt-hour,Estonia,2015,26.600,,
ESTAT:NRG_BAL_C(1.0),06/03/26 23:00:00,Annual,Primary production,Hydro,Gigawatt-hour,Estonia,2016,35.000,,
ESTAT:NRG_BAL_C(1.0),06/03/26 23:00:00,Annual,Primary production,Hydro,Gigawatt-hour,Estonia,2017,26.000,,
ESTAT:NRG_BAL_C(1.0),06/03/26 23:00:00,Annual,Primary production,Hydro,Gigawatt-hour,Estonia,2018,15.000,,
ESTAT:NRG_BAL_C(1.0),06/03/26 23:00:00,Annual,Primary production,Hydro,Gigawatt-hour,Estonia,2019,19.000,,
ESTAT:NRG_BAL_C(1.0),06/03/26 23:00:00,Annual,Primary production,Hydro,Gigawatt-hour,Estonia,2020,30.000,,
ESTAT:NRG_BAL_C(1.0),06/03/26 23:00:00,Annual,Primary production,Hydro,Gigawatt-hour,Estonia,2021,23.000,,
ESTAT:NRG_BAL_C(1.0),06/03/26 23:00:00,Annual,Primary production,Hydro,Gigawatt-hour,Estonia,2022,23.000,,
ESTAT:NRG_BAL_C(1.0),06/03/26 23:00:00,Annual,Primary production,Hydro,Gigawatt-hour,Estonia,2023,24.000,,
ESTAT:NRG_BAL_C(1.0),06/03/26 23:00:00,Annual,Primary production,Hydro,Gigawatt-hour,Estonia,2024,30.045,,
ESTAT:NRG_BAL_C(1.0),06/03/26 23:00:00,Annual,Primary production,Hydro,Gigawatt-hour,Greece,2005,5017.271,,
ESTAT:NRG_BAL_C(1.0),06/03/26 23:00:00,Annual,Primary production,Hydro,Gigawatt-hour,Greece,2006,5864.849,,
ESTAT:NRG_BAL_C(1.0),06/03/26 23:00:00,Annual,Primary production,Hydro,Gigawatt-hour,Greece,2007,2591.422,,
ESTAT:NRG_BAL_C(1.0),06/03/26 23:00:00,Annual,Primary production,Hydro,Gigawatt-hour,Greece,2008,3312.288,,
ESTAT:NRG_BAL_C(1.0),06/03/26 23:00:00,Annual,Primary production,Hydro,Gigawatt-hour,Greece,2009,5352.558,,
ESTAT:NRG_BAL_C(1.0),06/03/26 23:00:00,Annual,Primary production,Hydro,Gigawatt-hour,Greece,2010,7474.753,,
ESTAT:NRG_BAL_C(1.0),06/03/26 23:00:00,Annual,Primary production,Hydro,Gigawatt-hour,Greece,2011,4011.165,,
ESTAT:NRG_BAL_C(1.0),06/03/26 23:00:00,Annual,Primary production,Hydro,Gigawatt-hour,Greece,2012,4392.525,,
ESTAT:NRG_BAL_C(1.0),06/03/26 23:00:00,Annual,Primary production,Hydro,Gigawatt-hour,Greece,2013,6346.921,,
ESTAT:NRG_BAL_C(1.0),06/03/26 23:00:00,Annual,Primary production,Hydro,Gigawatt-hour,Greece,2014,4478.322,,
ESTAT:NRG_BAL_C(1.0),06/03/26 23:00:00,Annual,Primary production,Hydro,Gigawatt-hour,Greece,2015,6098.194,,
ESTAT:NRG_BAL_C(1.0),06/03/26 23:00:00,Annual,Primary production,Hydro,Gigawatt-hour,Greece,2016,5542.638,,
ESTAT:NRG_BAL_C(1.0),06/03/26 23:00:00,Annual,Primary production,Hydro,Gigawatt-hour,Greece,2017,3962.547,,
ESTAT:NRG_BAL_C(1.0),06/03/26 23:00:00,Annual,Primary production,Hydro,Gigawatt-hour,Greece,2018,5743.448,,
ESTAT:NRG_BAL_C(1.0),06/03/26 23:00:00,Annual,Primary production,Hydro,Gigawatt-hour,Greece,2019,3999.598,,
ESTAT:NRG_BAL_C(1.0),06/03/26 23:00:00,Annual,Primary production,Hydro,Gigawatt-hour,Greece,2020,3343.687,,
ESTAT:NRG_BAL_C(1.0),06/03/26 23:00:00,Annual,Primary production,Hydro,Gigawatt-hour,Greece,2021,5903.439,,
ESTAT:NRG_BAL_C(1.0),06/03/26 23:00:00,Annual,Primary production,Hydro,Gigawatt-hour,Greece,2022,3855.192,,
ESTAT:NRG_BAL_C(1.0),06/03/26 23:00:00,Annual,Primary production,Hydro,Gigawatt-hour,Greece,2023,3815.328,,
ESTAT:NRG_BAL_C(1.0),06/03/26 23:00:00,Annual,Primary production,Hydro,Gigawatt-hour,Greece,2024,3581.680,,
ESTAT:NRG_BAL_C(1.0),06/03/26 23:00:00,Annual,Primary production,Hydro,Gigawatt-hour,Spain,2005,18393.000,,
ESTAT:NRG_BAL_C(1.0),06/03/26 23:00:00,Annual,Primary production,Hydro,Gigawatt-hour,Spain,2006,25959.000,,
ESTAT:NRG_BAL_C(1.0),06/03/26 23:00:00,Annual,Primary production,Hydro,Gigawatt-hour,Spain,2007,27309.000,,
ESTAT:NRG_BAL_C(1.0),06/03/26 23:00:00,Annual,Primary production,Hydro,Gigawatt-hour,Spain,2008,23364.000,,
ESTAT:NRG_BAL_C(1.0),06/03/26 23:00:00,Annual,Primary production,Hydro,Gigawatt-hour,Spain,2009,26411.000,,
ESTAT:NRG_BAL_C(1.0),06/03/26 23:00:00,Annual,Primary production,Hydro,Gigawatt-hour,Spain,2010,42304.000,,
ESTAT:NRG_BAL_C(1.0),06/03/26 23:00:00,Annual,Primary production,Hydro,Gigawatt-hour,Spain,2011,30596.000,,
ESTAT:NRG_BAL_C(1.0),06/03/26 23:00:00,Annual,Primary production,Hydro,Gigawatt-hour,Spain,2012,20545.000,,
ESTAT:NRG_BAL_C(1.0),06/03/26 23:00:00,Annual,Primary production,Hydro,Gigawatt-hour,Spain,2013,36865.017,,
ESTAT:NRG_BAL_C(1.0),06/03/26 23:00:00,Annual,Primary production,Hydro,Gigawatt-hour,Spain,2014,39168.487,,
ESTAT:NRG_BAL_C(1.0),06/03/26 23:00:00,Annual,Primary production,Hydro,Gigawatt-hour,Spain,2015,28140.000,,
ESTAT:NRG_BAL_C(1.0),06/03/26 23:00:00,Annual,Primary production,Hydro,Gigawatt-hour,Spain,2016,36395.357,,
ESTAT:NRG_BAL_C(1.0),06/03/26 23:00:00,Annual,Primary production,Hydro,Gigawatt-hour,Spain,2017,18322.000,,
ESTAT:NRG_BAL_C(1.0),06/03/26 23:00:00,Annual,Primary production,Hydro,Gigawatt-hour,Spain,2018,34334.000,,
ESTAT:NRG_BAL_C(1.0),06/03/26 23:00:00,Annual,Primary production,Hydro,Gigawatt-hour,Spain,2019,24646.000,,
ESTAT:NRG_BAL_C(1.0),06/03/26 23:00:00,Annual,Primary production,Hydro,Gigawatt-hour,Spain,2020,30507.000,,
ESTAT:NRG_BAL_C(1.0),06/03/26 23:00:00,Annual,Primary production,Hydro,Gigawatt-hour,Spain,2021,29626.000,,
ESTAT:NRG_BAL_C(1.0),06/03/26 23:00:00,Annual,Primary production,Hydro,Gigawatt-hour,Spain,2022,17590.000,,
ESTAT:NRG_BAL_C(1.0),06/03/26 23:00:00,Annual,Primary production,Hydro,Gigawatt-hour,Spain,2023,24996.000,,
ESTAT:NRG_BAL_C(1.0),06/03/26 23:00:00,Annual,Primary production,Hydro,Gigawatt-hour,Spain,2024,34414.726,,
ESTAT:NRG_BAL_C(1.0),06/03/26 23:00:00,Annual,Primary production,Hydro,Gigawatt-hour,Finland,2005,13784.000,,
ESTAT:NRG_BAL_C(1.0),06/03/26 23:00:00,Annual,Primary production,Hydro,Gigawatt-hour,Finland,2006,11493.691,,
ESTAT:NRG_BAL_C(1.0),06/03/26 23:00:00,Annual,Primary production,Hydro,Gigawatt-hour,Finland,2007,14177.206,,
ESTAT:NRG_BAL_C(1.0),06/03/26 23:00:00,Annual,Primary production,Hydro,Gigawatt-hour,Finland,2008,17112.132,,
ESTAT:NRG_BAL_C(1.0),06/03/26 23:00:00,Annual,Primary production,Hydro,Gigawatt-hour,Finland,2009,12686.030,,
ESTAT:NRG_BAL_C(1.0),06/03/26 23:00:00,Annual,Primary production,Hydro,Gigawatt-hour,Finland,2010,12921.994,,
ESTAT:NRG_BAL_C(1.0),06/03/26 23:00:00,Annual,Primary production,Hydro,Gigawatt-hour,Finland,2011,12445.039,,
ESTAT:NRG_BAL_C(1.0),06/03/26 23:00:00,Annual,Primary production,Hydro,Gigawatt-hour,Finland,2012,16859.128,,
ESTAT:NRG_BAL_C(1.0),06/03/26 23:00:00,Annual,Primary production,Hydro,Gigawatt-hour,Finland,2013,12838.601,,
ESTAT:NRG_BAL_C(1.0),06/03/26 23:00:00,Annual,Primary production,Hydro,Gigawatt-hour,Finland,2014,13397.044,,
ESTAT:NRG_BAL_C(1.0),06/03/26 23:00:00,Annual,Primary production,Hydro,Gigawatt-hour,Finland,2015,16768.698,,
ESTAT:NRG_BAL_C(1.0),06/03/26 23:00:00,Annual,Primary production,Hydro,Gigawatt-hour,Finland,2016,15799.127,,
ESTAT:NRG_BAL_C(1.0),06/03/26 23:00:00,Annual,Primary production,Hydro,Gigawatt-hour,Finland,2017,14771.469,,
ESTAT:NRG_BAL_C(1.0),06/03/26 23:00:00,Annual,Primary production,Hydro,Gigawatt-hour,Finland,2018,13301.104,,
ESTAT:NRG_BAL_C(1.0),06/03/26 23:00:00,Annual,Primary production,Hydro,Gigawatt-hour,Finland,2019,12420.475,,
ESTAT:NRG_BAL_C(1.0),06/03/26 23:00:00,Annual,Primary production,Hydro,Gigawatt-hour,Finland,2020,15883.341,,
ESTAT:NRG_BAL_C(1.0),06/03/26 23:00:00,Annual,Primary production,Hydro,Gigawatt-hour,Finland,2021,15791.129,,
ESTAT:NRG_BAL_C(1.0),06/03/26 23:00:00,Annual,Primary production,Hydro,Gigawatt-hour,Finland,2022,13491.760,,
ESTAT:NRG_BAL_C(1.0),06/03/26 23:00:00,Annual,Primary production,Hydro,Gigawatt-hour,Finland,2023,15200.385,,
ESTAT:NRG_BAL_C(1.0),06/03/26 23:00:00,Annual,Primary production,Hydro,Gigawatt-hour,Finland,2024,14299.241,,
ESTAT:NRG_BAL_C(1.0),06/03/26 23:00:00,Annual,Primary production,Hydro,Gigawatt-hour,France,2005,50139.149,,
ESTAT:NRG_BAL_C(1.0),06/03/26 23:00:00,Annual,Primary production,Hydro,Gigawatt-hour,France,2006,54877.946,,
ESTAT:NRG_BAL_C(1.0),06/03/26 23:00:00,Annual,Primary production,Hydro,Gigawatt-hour,France,2007,55989.950,,
ESTAT:NRG_BAL_C(1.0),06/03/26 23:00:00,Annual,Primary production,Hydro,Gigawatt-hour,France,2008,62158.522,,
ESTAT:NRG_BAL_C(1.0),06/03/26 23:00:00,Annual,Primary production,Hydro,Gigawatt-hour,France,2009,55494.548,,
ESTAT:NRG_BAL_C(1.0),06/03/26 23:00:00,Annual,Primary production,Hydro,Gigawatt-hour,France,2010,61202.190,,
ESTAT:NRG_BAL_C(1.0),06/03/26 23:00:00,Annual,Primary production,Hydro,Gigawatt-hour,France,2011,45743.862,,
ESTAT:NRG_BAL_C(1.0),06/03/26 23:00:00,Annual,Primary production,Hydro,Gigawatt-hour,France,2012,59830.634,,
ESTAT:NRG_BAL_C(1.0),06/03/26 23:00:00,Annual,Primary production,Hydro,Gigawatt-hour,France,2013,71920.432,,
ESTAT:NRG_BAL_C(1.0),06/03/26 23:00:00,Annual,Primary production,Hydro,Gigawatt-hour,France,2014,63772.627,,
ESTAT:NRG_BAL_C(1.0),06/03/26 23:00:00,Annual,Primary production,Hydro,Gigawatt-hour,France,2015,55556.272,,
ESTAT:NRG_BAL_C(1.0),06/03/26 23:00:00,Annual,Primary production,Hydro,Gigawatt-hour,France,2016,60839.210,,
ESTAT:NRG_BAL_C(1.0),06/03/26 23:00:00,Annual,Primary production,Hydro,Gigawatt-hour,France,2017,50001.257,,
ESTAT:NRG_BAL_C(1.0),06/03/26 23:00:00,Annual,Primary production,Hydro,Gigawatt-hour,France,2018,65111.426,,
ESTAT:NRG_BAL_C(1.0),06/03/26 23:00:00,Annual,Primary production,Hydro,Gigawatt-hour,France,2019,56913.549,,
ESTAT:NRG_BAL_C(1.0),06/03/26 23:00:00,Annual,Primary production,Hydro,Gigawatt-hour,France,2020,62523.508,,
ESTAT:NRG_BAL_C(1.0),06/03/26 23:00:00,Annual,Primary production,Hydro,Gigawatt-hour,France,2021,59537.246,,
ESTAT:NRG_BAL_C(1.0),06/03/26 23:00:00,Annual,Primary production,Hydro,Gigawatt-hour,France,2022,45555.248,,
ESTAT:NRG_BAL_C(1.0),06/03/26 23:00:00,Annual,Primary production,Hydro,Gigawatt-hour,France,2023,55895.181,,
ESTAT:NRG_BAL_C(1.0),06/03/26 23:00:00,Annual,Primary production,Hydro,Gigawatt-hour,France,2024,71115.895,,
ESTAT:NRG_BAL_C(1.0),06/03/26 23:00:00,Annual,Primary production,Hydro,Gigawatt-hour,Croatia,2005,7035.500,,
ESTAT:NRG_BAL_C(1.0),06/03/26 23:00:00,Annual,Primary production,Hydro,Gigawatt-hour,Croatia,2006,6617.000,,
ESTAT:NRG_BAL_C(1.0),06/03/26 23:00:00,Annual,Primary production,Hydro,Gigawatt-hour,Croatia,2007,4699.800,,
ESTAT:NRG_BAL_C(1.0),06/03/26 23:00:00,Annual,Primary production,Hydro,Gigawatt-hour,Croatia,2008,5780.000,,
ESTAT:NRG_BAL_C(1.0),06/03/26 23:00:00,Annual,Primary production,Hydro,Gigawatt-hour,Croatia,2009,7408.401,,
ESTAT:NRG_BAL_C(1.0),06/03/26 23:00:00,Annual,Primary production,Hydro,Gigawatt-hour,Croatia,2010,9126.203,,
ESTAT:NRG_BAL_C(1.0),06/03/26 23:00:00,Annual,Primary production,Hydro,Gigawatt-hour,Croatia,2011,5031.887,,
ESTAT:NRG_BAL_C(1.0),06/03/26 23:00:00,Annual,Primary production,Hydro,Gigawatt-hour,Croatia,2012,4836.900,,
ESTAT:NRG_BAL_C(1.0),06/03/26 23:00:00,Annual,Primary production,Hydro,Gigawatt-hour,Croatia,2013,8621.700,,
ESTAT:NRG_BAL_C(1.0),06/03/26 23:00:00,Annual,Primary production,Hydro,Gigawatt-hour,Croatia,2014,9006.120,,
ESTAT:NRG_BAL_C(1.0),06/03/26 23:00:00,Annual,Primary production,Hydro,Gigawatt-hour,Croatia,2015,6390.636,,
ESTAT:NRG_BAL_C(1.0),06/03/26 23:00:00,Annual,Primary production,Hydro,Gigawatt-hour,Croatia,2016,6852.099,,
ESTAT:NRG_BAL_C(1.0),06/03/26 23:00:00,Annual,Primary production,Hydro,Gigawatt-hour,Croatia,2017,5307.400,,
ESTAT:NRG_BAL_C(1.0),06/03/26 23:00:00,Annual,Primary production,Hydro,Gigawatt-hour,Croatia,2018,7700.900,,
ESTAT:NRG_BAL_C(1.0),06/03/26 23:00:00,Annual,Primary production,Hydro,Gigawatt-hour,Croatia,2019,5826.100,,
ESTAT:NRG_BAL_C(1.0),06/03/26 23:00:00,Annual,Primary production,Hydro,Gigawatt-hour,Croatia,2020,5662.400,,
ESTAT:NRG_BAL_C(1.0),06/03/26 23:00:00,Annual,Primary production,Hydro,Gigawatt-hour,Croatia,2021,7127.700,,
ESTAT:NRG_BAL_C(1.0),06/03/26 23:00:00,Annual,Primary production,Hydro,Gigawatt-hour,Croatia,2022,5459.700,,
ESTAT:NRG_BAL_C(1.0),06/03/26 23:00:00,Annual,Primary production,Hydro,Gigawatt-hour,Croatia,2023,8160.500,,
ESTAT:NRG_BAL_C(1.0),06/03/26 23:00:00,Annual,Primary production,Hydro,Gigawatt-hour,Croatia,2024,6727.000,,
ESTAT:NRG_BAL_C(1.0),06/03/26 23:00:00,Annual,Primary production,Hydro,Gigawatt-hour,Hungary,2005,202.153,,
ESTAT:NRG_BAL_C(1.0),06/03/26 23:00:00,Annual,Primary production,Hydro,Gigawatt-hour,Hungary,2006,185.746,,
ESTAT:NRG_BAL_C(1.0),06/03/26 23:00:00,Annual,Primary production,Hydro,Gigawatt-hour,Hungary,2007,209.993,,
ESTAT:NRG_BAL_C(1.0),06/03/26 23:00:00,Annual,Primary production,Hydro,Gigawatt-hour,Hungary,2008,212.951,,
ESTAT:NRG_BAL_C(1.0),06/03/26 23:00:00,Annual,Primary production,Hydro,Gigawatt-hour,Hungary,2009,228.285,,
ESTAT:NRG_BAL_C(1.0),06/03/26 23:00:00,Annual,Primary production,Hydro,Gigawatt-hour,Hungary,2010,188.384,,
ESTAT:NRG_BAL_C(1.0),06/03/26 23:00:00,Annual,Primary production,Hydro,Gigawatt-hour,Hungary,2011,222.030,,
ESTAT:NRG_BAL_C(1.0),06/03/26 23:00:00,Annual,Primary production,Hydro,Gigawatt-hour,Hungary,2012,212.939,,
ESTAT:NRG_BAL_C(1.0),06/03/26 23:00:00,Annual,Primary production,Hydro,Gigawatt-hour,Hungary,2013,213.125,,
ESTAT:NRG_BAL_C(1.0),06/03/26 23:00:00,Annual,Primary production,Hydro,Gigawatt-hour,Hungary,2014,301.477,,
ESTAT:NRG_BAL_C(1.0),06/03/26 23:00:00,Annual,Primary production,Hydro,Gigawatt-hour,Hungary,2015,233.711,,
ESTAT:NRG_BAL_C(1.0),06/03/26 23:00:00,Annual,Primary production,Hydro,Gigawatt-hour,Hungary,2016,259.315,,
ESTAT:NRG_BAL_C(1.0),06/03/26 23:00:00,Annual,Primary production,Hydro,Gigawatt-hour,Hungary,2017,220.000,,
ESTAT:NRG_BAL_C(1.0),06/03/26 23:00:00,Annual,Primary production,Hydro,Gigawatt-hour,Hungary,2018,222.000,,
ESTAT:NRG_BAL_C(1.0),06/03/26 23:00:00,Annual,Primary production,Hydro,Gigawatt-hour,Hungary,2019,219.000,,
ESTAT:NRG_BAL_C(1.0),06/03/26 23:00:00,Annual,Primary production,Hydro,Gigawatt-hour,Hungary,2020,244.000,,
ESTAT:NRG_BAL_C(1.0),06/03/26 23:00:00,Annual,Primary production,Hydro,Gigawatt-hour,Hungary,2021,212.000,,
ESTAT:NRG_BAL_C(1.0),06/03/26 23:00:00,Annual,Primary production,Hydro,Gigawatt-hour,Hungary,2022,178.000,,
ESTAT:NRG_BAL_C(1.0),06/03/26 23:00:00,Annual,Primary production,Hydro,Gigawatt-hour,Hungary,2023,222.000,,
ESTAT:NRG_BAL_C(1.0),06/03/26 23:00:00,Annual,Primary production,Hydro,Gigawatt-hour,Hungary,2024,231.000,,
ESTAT:NRG_BAL_C(1.0),06/03/26 23:00:00,Annual,Primary production,Hydro,Gigawatt-hour,Ireland,2005,631.260,,
ESTAT:NRG_BAL_C(1.0),06/03/26 23:00:00,Annual,Primary production,Hydro,Gigawatt-hour,Ireland,2006,724.273,,
ESTAT:NRG_BAL_C(1.0),06/03/26 23:00:00,Annual,Primary production,Hydro,Gigawatt-hour,Ireland,2007,666.576,,
ESTAT:NRG_BAL_C(1.0),06/03/26 23:00:00,Annual,Primary production,Hydro,Gigawatt-hour,Ireland,2008,968.323,,
ESTAT:NRG_BAL_C(1.0),06/03/26 23:00:00,Annual,Primary production,Hydro,Gigawatt-hour,Ireland,2009,901.734,,
ESTAT:NRG_BAL_C(1.0),06/03/26 23:00:00,Annual,Primary production,Hydro,Gigawatt-hour,Ireland,2010,599.231,,
ESTAT:NRG_BAL_C(1.0),06/03/26 23:00:00,Annual,Primary production,Hydro,Gigawatt-hour,Ireland,2011,706.687,,
ESTAT:NRG_BAL_C(1.0),06/03/26 23:00:00,Annual,Primary production,Hydro,Gigawatt-hour,Ireland,2012,802.349,,
ESTAT:NRG_BAL_C(1.0),06/03/26 23:00:00,Annual,Primary production,Hydro,Gigawatt-hour,Ireland,2013,599.497,,
ESTAT:NRG_BAL_C(1.0),06/03/26 23:00:00,Annual,Primary production,Hydro,Gigawatt-hour,Ireland,2014,708.654,,
ESTAT:NRG_BAL_C(1.0),06/03/26 23:00:00,Annual,Primary production,Hydro,Gigawatt-hour,Ireland,2015,806.490,,
ESTAT:NRG_BAL_C(1.0),06/03/26 23:00:00,Annual,Primary production,Hydro,Gigawatt-hour,Ireland,2016,681.025,,
ESTAT:NRG_BAL_C(1.0),06/03/26 23:00:00,Annual,Primary production,Hydro,Gigawatt-hour,Ireland,2017,691.603,,
ESTAT:NRG_BAL_C(1.0),06/03/26 23:00:00,Annual,Primary production,Hydro,Gigawatt-hour,Ireland,2018,694.090,,
ESTAT:NRG_BAL_C(1.0),06/03/26 23:00:00,Annual,Primary production,Hydro,Gigawatt-hour,Ireland,2019,886.584,,
ESTAT:NRG_BAL_C(1.0),06/03/26 23:00:00,Annual,Primary production,Hydro,Gigawatt-hour,Ireland,2020,932.655,,
ESTAT:NRG_BAL_C(1.0),06/03/26 23:00:00,Annual,Primary production,Hydro,Gigawatt-hour,Ireland,2021,749.420,,
ESTAT:NRG_BAL_C(1.0),06/03/26 23:00:00,Annual,Primary production,Hydro,Gigawatt-hour,Ireland,2022,701.202,,
ESTAT:NRG_BAL_C(1.0),06/03/26 23:00:00,Annual,Primary production,Hydro,Gigawatt-hour,Ireland,2023,942.751,,
ESTAT:NRG_BAL_C(1.0),06/03/26 23:00:00,Annual,Primary production,Hydro,Gigawatt-hour,Ireland,2024,766.112,,
ESTAT:NRG_BAL_C(1.0),06/03/26 23:00:00,Annual,Primary production,Hydro,Gigawatt-hour,Italy,2005,36066.733,,
ESTAT:NRG_BAL_C(1.0),06/03/26 23:00:00,Annual,Primary production,Hydro,Gigawatt-hour,Italy,2006,36994.311,,
ESTAT:NRG_BAL_C(1.0),06/03/26 23:00:00,Annual,Primary production,Hydro,Gigawatt-hour,Italy,2007,32815.227,,
ESTAT:NRG_BAL_C(1.0),06/03/26 23:00:00,Annual,Primary production,Hydro,Gigawatt-hour,Italy,2008,41622.960,,
ESTAT:NRG_BAL_C(1.0),06/03/26 23:00:00,Annual,Primary production,Hydro,Gigawatt-hour,Italy,2009,49137.482,,
ESTAT:NRG_BAL_C(1.0),06/03/26 23:00:00,Annual,Primary production,Hydro,Gigawatt-hour,Italy,2010,51116.764,,
ESTAT:NRG_BAL_C(1.0),06/03/26 23:00:00,Annual,Primary production,Hydro,Gigawatt-hour,Italy,2011,45822.721,,
ESTAT:NRG_BAL_C(1.0),06/03/26 23:00:00,Annual,Primary production,Hydro,Gigawatt-hour,Italy,2012,41874.893,,
ESTAT:NRG_BAL_C(1.0),06/03/26 23:00:00,Annual,Primary production,Hydro,Gigawatt-hour,Italy,2013,52773.395,,
ESTAT:NRG_BAL_C(1.0),06/03/26 23:00:00,Annual,Primary production,Hydro,Gigawatt-hour,Italy,2014,58545.441,,
ESTAT:NRG_BAL_C(1.0),06/03/26 23:00:00,Annual,Primary production,Hydro,Gigawatt-hour,Italy,2015,45537.324,,
ESTAT:NRG_BAL_C(1.0),06/03/26 23:00:00,Annual,Primary production,Hydro,Gigawatt-hour,Italy,2016,42431.756,,
ESTAT:NRG_BAL_C(1.0),06/03/26 23:00:00,Annual,Primary production,Hydro,Gigawatt-hour,Italy,2017,36198.710,,
ESTAT:NRG_BAL_C(1.0),06/03/26 23:00:00,Annual,Primary production,Hydro,Gigawatt-hour,Italy,2018,48786.414,,
ESTAT:NRG_BAL_C(1.0),06/03/26 23:00:00,Annual,Primary production,Hydro,Gigawatt-hour,Italy,2019,46318.533,,
ESTAT:NRG_BAL_C(1.0),06/03/26 23:00:00,Annual,Primary production,Hydro,Gigawatt-hour,Italy,2020,47551.784,,
ESTAT:NRG_BAL_C(1.0),06/03/26 23:00:00,Annual,Primary production,Hydro,Gigawatt-hour,Italy,2021,45388.164,,
ESTAT:NRG_BAL_C(1.0),06/03/26 23:00:00,Annual,Primary production,Hydro,Gigawatt-hour,Italy,2022,28397.575,,
ESTAT:NRG_BAL_C(1.0),06/03/26 23:00:00,Annual,Primary production,Hydro,Gigawatt-hour,Italy,2023,40517.259,,
ESTAT:NRG_BAL_C(1.0),06/03/26 23:00:00,Annual,Primary production,Hydro,Gigawatt-hour,Italy,2024,53130.800,,
ESTAT:NRG_BAL_C(1.0),06/03/26 23:00:00,Annual,Primary production,Hydro,Gigawatt-hour,Lithuania,2005,451.000,,
ESTAT:NRG_BAL_C(1.0),06/03/26 23:00:00,Annual,Primary production,Hydro,Gigawatt-hour,Lithuania,2006,397.000,,
ESTAT:NRG_BAL_C(1.0),06/03/26 23:00:00,Annual,Primary production,Hydro,Gigawatt-hour,Lithuania,2007,421.000,,
ESTAT:NRG_BAL_C(1.0),06/03/26 23:00:00,Annual,Primary production,Hydro,Gigawatt-hour,Lithuania,2008,402.000,,
ESTAT:NRG_BAL_C(1.0),06/03/26 23:00:00,Annual,Primary production,Hydro,Gigawatt-hour,Lithuania,2009,424.000,,
ESTAT:NRG_BAL_C(1.0),06/03/26 23:00:00,Annual,Primary production,Hydro,Gigawatt-hour,Lithuania,2010,540.000,,
ESTAT:NRG_BAL_C(1.0),06/03/26 23:00:00,Annual,Primary production,Hydro,Gigawatt-hour,Lithuania,2011,480.000,,
ESTAT:NRG_BAL_C(1.0),06/03/26 23:00:00,Annual,Primary production,Hydro,Gigawatt-hour,Lithuania,2012,423.000,,
ESTAT:NRG_BAL_C(1.0),06/03/26 23:00:00,Annual,Primary production,Hydro,Gigawatt-hour,Lithuania,2013,521.000,,
ESTAT:NRG_BAL_C(1.0),06/03/26 23:00:00,Annual,Primary production,Hydro,Gigawatt-hour,Lithuania,2014,399.000,,
ESTAT:NRG_BAL_C(1.0),06/03/26 23:00:00,Annual,Primary production,Hydro,Gigawatt-hour,Lithuania,2015,349.000,,
ESTAT:NRG_BAL_C(1.0),06/03/26 23:00:00,Annual,Primary production,Hydro,Gigawatt-hour,Lithuania,2016,454.000,,
ESTAT:NRG_BAL_C(1.0),06/03/26 23:00:00,Annual,Primary production,Hydro,Gigawatt-hour,Lithuania,2017,602.400,,
ESTAT:NRG_BAL_C(1.0),06/03/26 23:00:00,Annual,Primary production,Hydro,Gigawatt-hour,Lithuania,2018,431.000,,
ESTAT:NRG_BAL_C(1.0),06/03/26 23:00:00,Annual,Primary production,Hydro,Gigawatt-hour,Lithuania,2019,345.400,,
ESTAT:NRG_BAL_C(1.0),06/03/26 23:00:00,Annual,Primary production,Hydro,Gigawatt-hour,Lithuania,2020,300.600,,
ESTAT:NRG_BAL_C(1.0),06/03/26 23:00:00,Annual,Primary production,Hydro,Gigawatt-hour,Lithuania,2021,383.700,,
ESTAT:NRG_BAL_C(1.0),06/03/26 23:00:00,Annual,Primary production,Hydro,Gigawatt-hour,Lithuania,2022,464.400,,
ESTAT:NRG_BAL_C(1.0),06/03/26 23:00:00,Annual,Primary production,Hydro,Gigawatt-hour,Lithuania,2023,450.200,,
ESTAT:NRG_BAL_C(1.0),06/03/26 23:00:00,Annual,Primary production,Hydro,Gigawatt-hour,Lithuania,2024,436.500,,
ESTAT:NRG_BAL_C(1.0),06/03/26 23:00:00,Annual,Primary production,Hydro,Gigawatt-hour,Luxembourg,2005,92.939,,
ESTAT:NRG_BAL_C(1.0),06/03/26 23:00:00,Annual,Primary production,Hydro,Gigawatt-hour,Luxembourg,2006,111.312,,
ESTAT:NRG_BAL_C(1.0),06/03/26 23:00:00,Annual,Primary production,Hydro,Gigawatt-hour,Luxembourg,2007,116.702,,
ESTAT:NRG_BAL_C(1.0),06/03/26 23:00:00,Annual,Primary production,Hydro,Gigawatt-hour,Luxembourg,2008,132.114,,
ESTAT:NRG_BAL_C(1.0),06/03/26 23:00:00,Annual,Primary production,Hydro,Gigawatt-hour,Luxembourg,2009,105.839,,
ESTAT:NRG_BAL_C(1.0),06/03/26 23:00:00,Annual,Primary production,Hydro,Gigawatt-hour,Luxembourg,2010,107.661,,
ESTAT:NRG_BAL_C(1.0),06/03/26 23:00:00,Annual,Primary production,Hydro,Gigawatt-hour,Luxembourg,2011,63.000,,
ESTAT:NRG_BAL_C(1.0),06/03/26 23:00:00,Annual,Primary production,Hydro,Gigawatt-hour,Luxembourg,2012,98.302,,
ESTAT:NRG_BAL_C(1.0),06/03/26 23:00:00,Annual,Primary production,Hydro,Gigawatt-hour,Luxembourg,2013,119.195,,
ESTAT:NRG_BAL_C(1.0),06/03/26 23:00:00,Annual,Primary production,Hydro,Gigawatt-hour,Luxembourg,2014,107.788,,
ESTAT:NRG_BAL_C(1.0),06/03/26 23:00:00,Annual,Primary production,Hydro,Gigawatt-hour,Luxembourg,2015,99.253,,
ESTAT:NRG_BAL_C(1.0),06/03/26 23:00:00,Annual,Primary production,Hydro,Gigawatt-hour,Luxembourg,2016,115.411,,
ESTAT:NRG_BAL_C(1.0),06/03/26 23:00:00,Annual,Primary production,Hydro,Gigawatt-hour,Luxembourg,2017,85.649,,
ESTAT:NRG_BAL_C(1.0),06/03/26 23:00:00,Annual,Primary production,Hydro,Gigawatt-hour,Luxembourg,2018,92.778,,
ESTAT:NRG_BAL_C(1.0),06/03/26 23:00:00,Annual,Primary production,Hydro,Gigawatt-hour,Luxembourg,2019,106.915,,
ESTAT:NRG_BAL_C(1.0),06/03/26 23:00:00,Annual,Primary production,Hydro,Gigawatt-hour,Luxembourg,2020,91.602,,
ESTAT:NRG_BAL_C(1.0),06/03/26 23:00:00,Annual,Primary production,Hydro,Gigawatt-hour,Luxembourg,2021,106.812,,
ESTAT:NRG_BAL_C(1.0),06/03/26 23:00:00,Annual,Primary production,Hydro,Gigawatt-hour,Luxembourg,2022,64.091,,
ESTAT:NRG_BAL_C(1.0),06/03/26 23:00:00,Annual,Primary production,Hydro,Gigawatt-hour,Luxembourg,2023,89.616,,
ESTAT:NRG_BAL_C(1.0),06/03/26 23:00:00,Annual,Primary production,Hydro,Gigawatt-hour,Luxembourg,2024,105.181,,
ESTAT:NRG_BAL_C(1.0),06/03/26 23:00:00,Annual,Primary production,Hydro,Gigawatt-hour,Latvia,2005,3325.289,,
ESTAT:NRG_BAL_C(1.0),06/03/26 23:00:00,Annual,Primary production,Hydro,Gigawatt-hour,Latvia,2006,2698.324,,
ESTAT:NRG_BAL_C(1.0),06/03/26 23:00:00,Annual,Primary production,Hydro,Gigawatt-hour,Latvia,2007,2733.395,,
ESTAT:NRG_BAL_C(1.0),06/03/26 23:00:00,Annual,Primary production,Hydro,Gigawatt-hour,Latvia,2008,3109.038,,
ESTAT:NRG_BAL_C(1.0),06/03/26 23:00:00,Annual,Primary production,Hydro,Gigawatt-hour,Latvia,2009,3457.102,,
ESTAT:NRG_BAL_C(1.0),06/03/26 23:00:00,Annual,Primary production,Hydro,Gigawatt-hour,Latvia,2010,3520.506,,
ESTAT:NRG_BAL_C(1.0),06/03/26 23:00:00,Annual,Primary production,Hydro,Gigawatt-hour,Latvia,2011,2886.968,,
ESTAT:NRG_BAL_C(1.0),06/03/26 23:00:00,Annual,Primary production,Hydro,Gigawatt-hour,Latvia,2012,3706.957,,
ESTAT:NRG_BAL_C(1.0),06/03/26 23:00:00,Annual,Primary production,Hydro,Gigawatt-hour,Latvia,2013,2912.008,,
ESTAT:NRG_BAL_C(1.0),06/03/26 23:00:00,Annual,Primary production,Hydro,Gigawatt-hour,Latvia,2014,1993.639,,
ESTAT:NRG_BAL_C(1.0),06/03/26 23:00:00,Annual,Primary production,Hydro,Gigawatt-hour,Latvia,2015,1860.355,,
ESTAT:NRG_BAL_C(1.0),06/03/26 23:00:00,Annual,Primary production,Hydro,Gigawatt-hour,Latvia,2016,2529.521,,
ESTAT:NRG_BAL_C(1.0),06/03/26 23:00:00,Annual,Primary production,Hydro,Gigawatt-hour,Latvia,2017,4380.620,,
ESTAT:NRG_BAL_C(1.0),06/03/26 23:00:00,Annual,Primary production,Hydro,Gigawatt-hour,Latvia,2018,2431.569,,
ESTAT:NRG_BAL_C(1.0),06/03/26 23:00:00,Annual,Primary production,Hydro,Gigawatt-hour,Latvia,2019,2107.554,,
ESTAT:NRG_BAL_C(1.0),06/03/26 23:00:00,Annual,Primary production,Hydro,Gigawatt-hour,Latvia,2020,2603.042,,
ESTAT:NRG_BAL_C(1.0),06/03/26 23:00:00,Annual,Primary production,Hydro,Gigawatt-hour,Latvia,2021,2707.796,,
ESTAT:NRG_BAL_C(1.0),06/03/26 23:00:00,Annual,Primary production,Hydro,Gigawatt-hour,Latvia,2022,2749.823,,
ESTAT:NRG_BAL_C(1.0),06/03/26 23:00:00,Annual,Primary production,Hydro,Gigawatt-hour,Latvia,2023,3794.456,,
ESTAT:NRG_BAL_C(1.0),06/03/26 23:00:00,Annual,Primary production,Hydro,Gigawatt-hour,Latvia,2024,3208.793,,
ESTAT:NRG_BAL_C(1.0),06/03/26 23:00:00,Annual,Primary production,Hydro,Gigawatt-hour,Malta,2005,0.000,,
ESTAT:NRG_BAL_C(1.0),06/03/26 23:00:00,Annual,Primary production,Hydro,Gigawatt-hour,Malta,2006,0.000,,
ESTAT:NRG_BAL_C(1.0),06/03/26 23:00:00,Annual,Primary production,Hydro,Gigawatt-hour,Malta,2007,0.000,,
ESTAT:NRG_BAL_C(1.0),06/03/26 23:00:00,Annual,Primary production,Hydro,Gigawatt-hour,Malta,2008,0.000,,
ESTAT:NRG_BAL_C(1.0),06/03/26 23:00:00,Annual,Primary production,Hydro,Gigawatt-hour,Malta,2009,0.000,,
ESTAT:NRG_BAL_C(1.0),06/03/26 23:00:00,Annual,Primary production,Hydro,Gigawatt-hour,Malta,2010,0.000,,
ESTAT:NRG_BAL_C(1.0),06/03/26 23:00:00,Annual,Primary production,Hydro,Gigawatt-hour,Malta,2011,0.000,,
ESTAT:NRG_BAL_C(1.0),06/03/26 23:00:00,Annual,Primary production,Hydro,Gigawatt-hour,Malta,2012,0.000,,
ESTAT:NRG_BAL_C(1.0),06/03/26 23:00:00,Annual,Primary production,Hydro,Gigawatt-hour,Malta,2013,0.000,,
ESTAT:NRG_BAL_C(1.0),06/03/26 23:00:00,Annual,Primary production,Hydro,Gigawatt-hour,Malta,2014,0.000,,
ESTAT:NRG_BAL_C(1.0),06/03/26 23:00:00,Annual,Primary production,Hydro,Gigawatt-hour,Malta,2015,0.000,,
ESTAT:NRG_BAL_C(1.0),06/03/26 23:00:00,Annual,Primary production,Hydro,Gigawatt-hour,Malta,2016,0.000,,
ESTAT:NRG_BAL_C(1.0),06/03/26 23:00:00,Annual,Primary production,Hydro,Gigawatt-hour,Malta,2017,0.000,,
ESTAT:NRG_BAL_C(1.0),06/03/26 23:00:00,Annual,Primary production,Hydro,Gigawatt-hour,Malta,2018,0.000,,
ESTAT:NRG_BAL_C(1.0),06/03/26 23:00:00,Annual,Primary production,Hydro,Gigawatt-hour,Malta,2019,0.000,,
ESTAT:NRG_BAL_C(1.0),06/03/26 23:00:00,Annual,Primary production,Hydro,Gigawatt-hour,Malta,2020,0.000,,
ESTAT:NRG_BAL_C(1.0),06/03/26 23:00:00,Annual,Primary production,Hydro,Gigawatt-hour,Malta,2021,0.000,,
ESTAT:NRG_BAL_C(1.0),06/03/26 23:00:00,Annual,Primary production,Hydro,Gigawatt-hour,Malta,2022,0.000,,
ESTAT:NRG_BAL_C(1.0),06/03/26 23:00:00,Annual,Primary production,Hydro,Gigawatt-hour,Malta,2023,0.000,,
ESTAT:NRG_BAL_C(1.0),06/03/26 23:00:00,Annual,Primary production,Hydro,Gigawatt-hour,Malta,2024,0.000,,
ESTAT:NRG_BAL_C(1.0),06/03/26 23:00:00,Annual,Primary production,Hydro,Gigawatt-hour,Netherlands,2005,88.000,,
ESTAT:NRG_BAL_C(1.0),06/03/26 23:00:00,Annual,Primary production,Hydro,Gigawatt-hour,Netherlands,2006,106.000,,
ESTAT:NRG_BAL_C(1.0),06/03/26 23:00:00,Annual,Primary production,Hydro,Gigawatt-hour,Netherlands,2007,107.000,,
ESTAT:NRG_BAL_C(1.0),06/03/26 23:00:00,Annual,Primary production,Hydro,Gigawatt-hour,Netherlands,2008,102.000,,
ESTAT:NRG_BAL_C(1.0),06/03/26 23:00:00,Annual,Primary production,Hydro,Gigawatt-hour,Netherlands,2009,98.000,,
ESTAT:NRG_BAL_C(1.0),06/03/26 23:00:00,Annual,Primary production,Hydro,Gigawatt-hour,Netherlands,2010,105.000,,
ESTAT:NRG_BAL_C(1.0),06/03/26 23:00:00,Annual,Primary production,Hydro,Gigawatt-hour,Netherlands,2011,57.000,,
ESTAT:NRG_BAL_C(1.0),06/03/26 23:00:00,Annual,Primary production,Hydro,Gigawatt-hour,Netherlands,2012,104.388,,
ESTAT:NRG_BAL_C(1.0),06/03/26 23:00:00,Annual,Primary production,Hydro,Gigawatt-hour,Netherlands,2013,114.312,,
ESTAT:NRG_BAL_C(1.0),06/03/26 23:00:00,Annual,Primary production,Hydro,Gigawatt-hour,Netherlands,2014,112.200,,
ESTAT:NRG_BAL_C(1.0),06/03/26 23:00:00,Annual,Primary production,Hydro,Gigawatt-hour,Netherlands,2015,92.700,,
ESTAT:NRG_BAL_C(1.0),06/03/26 23:00:00,Annual,Primary production,Hydro,Gigawatt-hour,Netherlands,2016,100.079,,
ESTAT:NRG_BAL_C(1.0),06/03/26 23:00:00,Annual,Primary production,Hydro,Gigawatt-hour,Netherlands,2017,60.757,,
ESTAT:NRG_BAL_C(1.0),06/03/26 23:00:00,Annual,Primary production,Hydro,Gigawatt-hour,Netherlands,2018,72.348,,
ESTAT:NRG_BAL_C(1.0),06/03/26 23:00:00,Annual,Primary production,Hydro,Gigawatt-hour,Netherlands,2019,74.182,,
ESTAT:NRG_BAL_C(1.0),06/03/26 23:00:00,Annual,Primary production,Hydro,Gigawatt-hour,Netherlands,2020,46.066,,
ESTAT:NRG_BAL_C(1.0),06/03/26 23:00:00,Annual,Primary production,Hydro,Gigawatt-hour,Netherlands,2021,88.240,,
ESTAT:NRG_BAL_C(1.0),06/03/26 23:00:00,Annual,Primary production,Hydro,Gigawatt-hour,Netherlands,2022,49.998,,
ESTAT:NRG_BAL_C(1.0),06/03/26 23:00:00,Annual,Primary production,Hydro,Gigawatt-hour,Netherlands,2023,69.369,,
ESTAT:NRG_BAL_C(1.0),06/03/26 23:00:00,Annual,Primary production,Hydro,Gigawatt-hour,Netherlands,2024,85.391,,
ESTAT:NRG_BAL_C(1.0),06/03/26 23:00:00,Annual,Primary production,Hydro,Gigawatt-hour,Poland,2005,2200.885,,
ESTAT:NRG_BAL_C(1.0),06/03/26 23:00:00,Annual,Primary production,Hydro,Gigawatt-hour,Poland,2006,2042.085,,
ESTAT:NRG_BAL_C(1.0),06/03/26 23:00:00,Annual,Primary production,Hydro,Gigawatt-hour,Poland,2007,2352.138,,
ESTAT:NRG_BAL_C(1.0),06/03/26 23:00:00,Annual,Primary production,Hydro,Gigawatt-hour,Poland,2008,2152.160,,
ESTAT:NRG_BAL_C(1.0),06/03/26 23:00:00,Annual,Primary production,Hydro,Gigawatt-hour,Poland,2009,2375.131,,
ESTAT:NRG_BAL_C(1.0),06/03/26 23:00:00,Annual,Primary production,Hydro,Gigawatt-hour,Poland,2010,2919.942,,
ESTAT:NRG_BAL_C(1.0),06/03/26 23:00:00,Annual,Primary production,Hydro,Gigawatt-hour,Poland,2011,2331.379,,
ESTAT:NRG_BAL_C(1.0),06/03/26 23:00:00,Annual,Primary production,Hydro,Gigawatt-hour,Poland,2012,2036.754,,
ESTAT:NRG_BAL_C(1.0),06/03/26 23:00:00,Annual,Primary production,Hydro,Gigawatt-hour,Poland,2013,2438.873,,
ESTAT:NRG_BAL_C(1.0),06/03/26 23:00:00,Annual,Primary production,Hydro,Gigawatt-hour,Poland,2014,2182.450,,
ESTAT:NRG_BAL_C(1.0),06/03/26 23:00:00,Annual,Primary production,Hydro,Gigawatt-hour,Poland,2015,1832.196,,
ESTAT:NRG_BAL_C(1.0),06/03/26 23:00:00,Annual,Primary production,Hydro,Gigawatt-hour,Poland,2016,2139.446,,
ESTAT:NRG_BAL_C(1.0),06/03/26 23:00:00,Annual,Primary production,Hydro,Gigawatt-hour,Poland,2017,2559.581,,
ESTAT:NRG_BAL_C(1.0),06/03/26 23:00:00,Annual,Primary production,Hydro,Gigawatt-hour,Poland,2018,1969.997,,
ESTAT:NRG_BAL_C(1.0),06/03/26 23:00:00,Annual,Primary production,Hydro,Gigawatt-hour,Poland,2019,1958.416,,
ESTAT:NRG_BAL_C(1.0),06/03/26 23:00:00,Annual,Primary production,Hydro,Gigawatt-hour,Poland,2020,2118.337,,
ESTAT:NRG_BAL_C(1.0),06/03/26 23:00:00,Annual,Primary production,Hydro,Gigawatt-hour,Poland,2021,2339.182,,
ESTAT:NRG_BAL_C(1.0),06/03/26 23:00:00,Annual,Primary production,Hydro,Gigawatt-hour,Poland,2022,1968.187,,
ESTAT:NRG_BAL_C(1.0),06/03/26 23:00:00,Annual,Primary production,Hydro,Gigawatt-hour,Poland,2023,2409.511,,
ESTAT:NRG_BAL_C(1.0),06/03/26 23:00:00,Annual,Primary production,Hydro,Gigawatt-hour,Poland,2024,2114.529,,
ESTAT:NRG_BAL_C(1.0),06/03/26 23:00:00,Annual,Primary production,Hydro,Gigawatt-hour,Portugal,2005,4730.663,,
ESTAT:NRG_BAL_C(1.0),06/03/26 23:00:00,Annual,Primary production,Hydro,Gigawatt-hour,Portugal,2006,11002.179,,
ESTAT:NRG_BAL_C(1.0),06/03/26 23:00:00,Annual,Primary production,Hydro,Gigawatt-hour,Portugal,2007,10091.972,,
ESTAT:NRG_BAL_C(1.0),06/03/26 23:00:00,Annual,Primary production,Hydro,Gigawatt-hour,Portugal,2008,6799.047,,
ESTAT:NRG_BAL_C(1.0),06/03/26 23:00:00,Annual,Primary production,Hydro,Gigawatt-hour,Portugal,2009,8284.267,,
ESTAT:NRG_BAL_C(1.0),06/03/26 23:00:00,Annual,Primary production,Hydro,Gigawatt-hour,Portugal,2010,16147.897,,
ESTAT:NRG_BAL_C(1.0),06/03/26 23:00:00,Annual,Primary production,Hydro,Gigawatt-hour,Portugal,2011,11539.213,,
ESTAT:NRG_BAL_C(1.0),06/03/26 23:00:00,Annual,Primary production,Hydro,Gigawatt-hour,Portugal,2012,5622.715,,
ESTAT:NRG_BAL_C(1.0),06/03/26 23:00:00,Annual,Primary production,Hydro,Gigawatt-hour,Portugal,2013,13730.418,,
ESTAT:NRG_BAL_C(1.0),06/03/26 23:00:00,Annual,Primary production,Hydro,Gigawatt-hour,Portugal,2014,15568.913,,
ESTAT:NRG_BAL_C(1.0),06/03/26 23:00:00,Annual,Primary production,Hydro,Gigawatt-hour,Portugal,2015,8660.506,,
ESTAT:NRG_BAL_C(1.0),06/03/26 23:00:00,Annual,Primary production,Hydro,Gigawatt-hour,Portugal,2016,15723.323,,
ESTAT:NRG_BAL_C(1.0),06/03/26 23:00:00,Annual,Primary production,Hydro,Gigawatt-hour,Portugal,2017,5896.883,,
ESTAT:NRG_BAL_C(1.0),06/03/26 23:00:00,Annual,Primary production,Hydro,Gigawatt-hour,Portugal,2018,12393.349,,
ESTAT:NRG_BAL_C(1.0),06/03/26 23:00:00,Annual,Primary production,Hydro,Gigawatt-hour,Portugal,2019,8817.714,,
ESTAT:NRG_BAL_C(1.0),06/03/26 23:00:00,Annual,Primary production,Hydro,Gigawatt-hour,Portugal,2020,12082.581,,
ESTAT:NRG_BAL_C(1.0),06/03/26 23:00:00,Annual,Primary production,Hydro,Gigawatt-hour,Portugal,2021,11907.543,,
ESTAT:NRG_BAL_C(1.0),06/03/26 23:00:00,Annual,Primary production,Hydro,Gigawatt-hour,Portugal,2022,6536.022,,
ESTAT:NRG_BAL_C(1.0),06/03/26 23:00:00,Annual,Primary production,Hydro,Gigawatt-hour,Portugal,2023,12039.301,,
ESTAT:NRG_BAL_C(1.0),06/03/26 23:00:00,Annual,Primary production,Hydro,Gigawatt-hour,Portugal,2024,14892.597,,
ESTAT:NRG_BAL_C(1.0),06/03/26 23:00:00,Annual,Primary production,Hydro,Gigawatt-hour,Romania,2005,20206.853,,
ESTAT:NRG_BAL_C(1.0),06/03/26 23:00:00,Annual,Primary production,Hydro,Gigawatt-hour,Romania,2006,18355.343,,
ESTAT:NRG_BAL_C(1.0),06/03/26 23:00:00,Annual,Primary production,Hydro,Gigawatt-hour,Romania,2007,15965.963,,
ESTAT:NRG_BAL_C(1.0),06/03/26 23:00:00,Annual,Primary production,Hydro,Gigawatt-hour,Romania,2008,17195.750,,
ESTAT:NRG_BAL_C(1.0),06/03/26 23:00:00,Annual,Primary production,Hydro,Gigawatt-hour,Romania,2009,15533.516,,
ESTAT:NRG_BAL_C(1.0),06/03/26 23:00:00,Annual,Primary production,Hydro,Gigawatt-hour,Romania,2010,19882.884,,
ESTAT:NRG_BAL_C(1.0),06/03/26 23:00:00,Annual,Primary production,Hydro,Gigawatt-hour,Romania,2011,14727.658,,
ESTAT:NRG_BAL_C(1.0),06/03/26 23:00:00,Annual,Primary production,Hydro,Gigawatt-hour,Romania,2012,12066.294,,
ESTAT:NRG_BAL_C(1.0),06/03/26 23:00:00,Annual,Primary production,Hydro,Gigawatt-hour,Romania,2013,14956.214,,
ESTAT:NRG_BAL_C(1.0),06/03/26 23:00:00,Annual,Primary production,Hydro,Gigawatt-hour,Romania,2014,18804.575,,
ESTAT:NRG_BAL_C(1.0),06/03/26 23:00:00,Annual,Primary production,Hydro,Gigawatt-hour,Romania,2015,16632.077,,
ESTAT:NRG_BAL_C(1.0),06/03/26 23:00:00,Annual,Primary production,Hydro,Gigawatt-hour,Romania,2016,18028.207,,
ESTAT:NRG_BAL_C(1.0),06/03/26 23:00:00,Annual,Primary production,Hydro,Gigawatt-hour,Romania,2017,14494.457,,
ESTAT:NRG_BAL_C(1.0),06/03/26 23:00:00,Annual,Primary production,Hydro,Gigawatt-hour,Romania,2018,17664.206,,
ESTAT:NRG_BAL_C(1.0),06/03/26 23:00:00,Annual,Primary production,Hydro,Gigawatt-hour,Romania,2019,15580.622,,
ESTAT:NRG_BAL_C(1.0),06/03/26 23:00:00,Annual,Primary production,Hydro,Gigawatt-hour,Romania,2020,15381.243,,
ESTAT:NRG_BAL_C(1.0),06/03/26 23:00:00,Annual,Primary production,Hydro,Gigawatt-hour,Romania,2021,17411.941,,
ESTAT:NRG_BAL_C(1.0),06/03/26 23:00:00,Annual,Primary production,Hydro,Gigawatt-hour,Romania,2022,13976.673,,
ESTAT:NRG_BAL_C(1.0),06/03/26 23:00:00,Annual,Primary production,Hydro,Gigawatt-hour,Romania,2023,18137.022,,
ESTAT:NRG_BAL_C(1.0),06/03/26 23:00:00,Annual,Primary production,Hydro,Gigawatt-hour,Romania,2024,14192.604,,
ESTAT:NRG_BAL_C(1.0),06/03/26 23:00:00,Annual,Primary production,Hydro,Gigawatt-hour,Sweden,2005,72803.000,,
ESTAT:NRG_BAL_C(1.0),06/03/26 23:00:00,Annual,Primary production,Hydro,Gigawatt-hour,Sweden,2006,61722.206,,
ESTAT:NRG_BAL_C(1.0),06/03/26 23:00:00,Annual,Primary production,Hydro,Gigawatt-hour,Sweden,2007,66158.923,,
ESTAT:NRG_BAL_C(1.0),06/03/26 23:00:00,Annual,Primary production,Hydro,Gigawatt-hour,Sweden,2008,69069.322,,
ESTAT:NRG_BAL_C(1.0),06/03/26 23:00:00,Annual,Primary production,Hydro,Gigawatt-hour,Sweden,2009,65851.684,,
ESTAT:NRG_BAL_C(1.0),06/03/26 23:00:00,Annual,Primary production,Hydro,Gigawatt-hour,Sweden,2010,66397.788,,
ESTAT:NRG_BAL_C(1.0),06/03/26 23:00:00,Annual,Primary production,Hydro,Gigawatt-hour,Sweden,2011,66434.000,,
ESTAT:NRG_BAL_C(1.0),06/03/26 23:00:00,Annual,Primary production,Hydro,Gigawatt-hour,Sweden,2012,78932.000,,
ESTAT:NRG_BAL_C(1.0),06/03/26 23:00:00,Annual,Primary production,Hydro,Gigawatt-hour,Sweden,2013,61360.863,,
ESTAT:NRG_BAL_C(1.0),06/03/26 23:00:00,Annual,Primary production,Hydro,Gigawatt-hour,Sweden,2014,63762.967,,
ESTAT:NRG_BAL_C(1.0),06/03/26 23:00:00,Annual,Primary production,Hydro,Gigawatt-hour,Sweden,2015,75312.482,,
ESTAT:NRG_BAL_C(1.0),06/03/26 23:00:00,Annual,Primary production,Hydro,Gigawatt-hour,Sweden,2016,62017.560,,
ESTAT:NRG_BAL_C(1.0),06/03/26 23:00:00,Annual,Primary production,Hydro,Gigawatt-hour,Sweden,2017,65143.000,,
ESTAT:NRG_BAL_C(1.0),06/03/26 23:00:00,Annual,Primary production,Hydro,Gigawatt-hour,Sweden,2018,62210.000,,
ESTAT:NRG_BAL_C(1.0),06/03/26 23:00:00,Annual,Primary production,Hydro,Gigawatt-hour,Sweden,2019,65371.000,,
ESTAT:NRG_BAL_C(1.0),06/03/26 23:00:00,Annual,Primary production,Hydro,Gigawatt-hour,Sweden,2020,72389.000,,
ESTAT:NRG_BAL_C(1.0),06/03/26 23:00:00,Annual,Primary production,Hydro,Gigawatt-hour,Sweden,2021,73885.000,,
ESTAT:NRG_BAL_C(1.0),06/03/26 23:00:00,Annual,Primary production,Hydro,Gigawatt-hour,Sweden,2022,69871.000,,
ESTAT:NRG_BAL_C(1.0),06/03/26 23:00:00,Annual,Primary production,Hydro,Gigawatt-hour,Sweden,2023,66187.000,,
ESTAT:NRG_BAL_C(1.0),06/03/26 23:00:00,Annual,Primary production,Hydro,Gigawatt-hour,Sweden,2024,64615.000,,
ESTAT:NRG_BAL_C(1.0),06/03/26 23:00:00,Annual,Primary production,Hydro,Gigawatt-hour,Slovenia,2005,3460.965,,
ESTAT:NRG_BAL_C(1.0),06/03/26 23:00:00,Annual,Primary production,Hydro,Gigawatt-hour,Slovenia,2006,3590.917,,
ESTAT:NRG_BAL_C(1.0),06/03/26 23:00:00,Annual,Primary production,Hydro,Gigawatt-hour,Slovenia,2007,3265.976,,
ESTAT:NRG_BAL_C(1.0),06/03/26 23:00:00,Annual,Primary production,Hydro,Gigawatt-hour,Slovenia,2008,4017.863,,
ESTAT:NRG_BAL_C(1.0),06/03/26 23:00:00,Annual,Primary production,Hydro,Gigawatt-hour,Slovenia,2009,4714.589,,
ESTAT:NRG_BAL_C(1.0),06/03/26 23:00:00,Annual,Primary production,Hydro,Gigawatt-hour,Slovenia,2010,4517.955,,
ESTAT:NRG_BAL_C(1.0),06/03/26 23:00:00,Annual,Primary production,Hydro,Gigawatt-hour,Slovenia,2011,3561.916,,
ESTAT:NRG_BAL_C(1.0),06/03/26 23:00:00,Annual,Primary production,Hydro,Gigawatt-hour,Slovenia,2012,3898.866,,
ESTAT:NRG_BAL_C(1.0),06/03/26 23:00:00,Annual,Primary production,Hydro,Gigawatt-hour,Slovenia,2013,4629.432,,
ESTAT:NRG_BAL_C(1.0),06/03/26 23:00:00,Annual,Primary production,Hydro,Gigawatt-hour,Slovenia,2014,6091.554,,
ESTAT:NRG_BAL_C(1.0),06/03/26 23:00:00,Annual,Primary production,Hydro,Gigawatt-hour,Slovenia,2015,3807.104,,
ESTAT:NRG_BAL_C(1.0),06/03/26 23:00:00,Annual,Primary production,Hydro,Gigawatt-hour,Slovenia,2016,4503.277,,
ESTAT:NRG_BAL_C(1.0),06/03/26 23:00:00,Annual,Primary production,Hydro,Gigawatt-hour,Slovenia,2017,3868.344,,
ESTAT:NRG_BAL_C(1.0),06/03/26 23:00:00,Annual,Primary production,Hydro,Gigawatt-hour,Slovenia,2018,4704.320,,
ESTAT:NRG_BAL_C(1.0),06/03/26 23:00:00,Annual,Primary production,Hydro,Gigawatt-hour,Slovenia,2019,4479.396,,
ESTAT:NRG_BAL_C(1.0),06/03/26 23:00:00,Annual,Primary production,Hydro,Gigawatt-hour,Slovenia,2020,4934.060,,
ESTAT:NRG_BAL_C(1.0),06/03/26 23:00:00,Annual,Primary production,Hydro,Gigawatt-hour,Slovenia,2021,4712.511,,
ESTAT:NRG_BAL_C(1.0),06/03/26 23:00:00,Annual,Primary production,Hydro,Gigawatt-hour,Slovenia,2022,3148.507,,
ESTAT:NRG_BAL_C(1.0),06/03/26 23:00:00,Annual,Primary production,Hydro,Gigawatt-hour,Slovenia,2023,5020.766,,
ESTAT:NRG_BAL_C(1.0),06/03/26 23:00:00,Annual,Primary production,Hydro,Gigawatt-hour,Slovenia,2024,5335.883,,
ESTAT:NRG_BAL_C(1.0),06/03/26 23:00:00,Annual,Primary production,Hydro,Gigawatt-hour,Slovakia,2005,4638.000,,
ESTAT:NRG_BAL_C(1.0),06/03/26 23:00:00,Annual,Primary production,Hydro,Gigawatt-hour,Slovakia,2006,4399.000,,
ESTAT:NRG_BAL_C(1.0),06/03/26 23:00:00,Annual,Primary production,Hydro,Gigawatt-hour,Slovakia,2007,4451.000,,
ESTAT:NRG_BAL_C(1.0),06/03/26 23:00:00,Annual,Primary production,Hydro,Gigawatt-hour,Slovakia,2008,4039.332,,
ESTAT:NRG_BAL_C(1.0),06/03/26 23:00:00,Annual,Primary production,Hydro,Gigawatt-hour,Slovakia,2009,4367.561,,
ESTAT:NRG_BAL_C(1.0),06/03/26 23:00:00,Annual,Primary production,Hydro,Gigawatt-hour,Slovakia,2010,5255.000,,
ESTAT:NRG_BAL_C(1.0),06/03/26 23:00:00,Annual,Primary production,Hydro,Gigawatt-hour,Slovakia,2011,3778.187,,
ESTAT:NRG_BAL_C(1.0),06/03/26 23:00:00,Annual,Primary production,Hydro,Gigawatt-hour,Slovakia,2012,4103.000,,
ESTAT:NRG_BAL_C(1.0),06/03/26 23:00:00,Annual,Primary production,Hydro,Gigawatt-hour,Slovakia,2013,4848.000,,
ESTAT:NRG_BAL_C(1.0),06/03/26 23:00:00,Annual,Primary production,Hydro,Gigawatt-hour,Slovakia,2014,4209.000,,
ESTAT:NRG_BAL_C(1.0),06/03/26 23:00:00,Annual,Primary production,Hydro,Gigawatt-hour,Slovakia,2015,3866.000,,
ESTAT:NRG_BAL_C(1.0),06/03/26 23:00:00,Annual,Primary production,Hydro,Gigawatt-hour,Slovakia,2016,4359.000,,
ESTAT:NRG_BAL_C(1.0),06/03/26 23:00:00,Annual,Primary production,Hydro,Gigawatt-hour,Slovakia,2017,4324.000,,
ESTAT:NRG_BAL_C(1.0),06/03/26 23:00:00,Annual,Primary production,Hydro,Gigawatt-hour,Slovakia,2018,3590.000,,
ESTAT:NRG_BAL_C(1.0),06/03/26 23:00:00,Annual,Primary production,Hydro,Gigawatt-hour,Slovakia,2019,4356.000,,
ESTAT:NRG_BAL_C(1.0),06/03/26 23:00:00,Annual,Primary production,Hydro,Gigawatt-hour,Slovakia,2020,4517.000,,
ESTAT:NRG_BAL_C(1.0),06/03/26 23:00:00,Annual,Primary production,Hydro,Gigawatt-hour,Slovakia,2021,4258.000,,
ESTAT:NRG_BAL_C(1.0),06/03/26 23:00:00,Annual,Primary production,Hydro,Gigawatt-hour,Slovakia,2022,3678.000,,
ESTAT:NRG_BAL_C(1.0),06/03/26 23:00:00,Annual,Primary production,Hydro,Gigawatt-hour,Slovakia,2023,4686.000,,
ESTAT:NRG_BAL_C(1.0),06/03/26 23:00:00,Annual,Primary production,Hydro,Gigawatt-hour,Slovakia,2024,4826.000,,
ESTAT:NRG_BAL_C(1.0),06/03/26 23:00:00,Annual,Primary production,Wind,Gigawatt-hour,Austria,2005,1331.277,,
ESTAT:NRG_BAL_C(1.0),06/03/26 23:00:00,Annual,Primary production,Wind,Gigawatt-hour,Austria,2006,1752.793,,
ESTAT:NRG_BAL_C(1.0),06/03/26 23:00:00,Annual,Primary production,Wind,Gigawatt-hour,Austria,2007,2037.185,,
ESTAT:NRG_BAL_C(1.0),06/03/26 23:00:00,Annual,Primary production,Wind,Gigawatt-hour,Austria,2008,2011.257,,
ESTAT:NRG_BAL_C(1.0),06/03/26 23:00:00,Annual,Primary production,Wind,Gigawatt-hour,Austria,2009,1954.040,,
ESTAT:NRG_BAL_C(1.0),06/03/26 23:00:00,Annual,Primary production,Wind,Gigawatt-hour,Austria,2010,2063.914,,
ESTAT:NRG_BAL_C(1.0),06/03/26 23:00:00,Annual,Primary production,Wind,Gigawatt-hour,Austria,2011,1936.196,,
ESTAT:NRG_BAL_C(1.0),06/03/26 23:00:00,Annual,Primary production,Wind,Gigawatt-hour,Austria,2012,2462.864,,
ESTAT:NRG_BAL_C(1.0),06/03/26 23:00:00,Annual,Primary production,Wind,Gigawatt-hour,Austria,2013,3152.433,,
ESTAT:NRG_BAL_C(1.0),06/03/26 23:00:00,Annual,Primary production,Wind,Gigawatt-hour,Austria,2014,3845.675,,
ESTAT:NRG_BAL_C(1.0),06/03/26 23:00:00,Annual,Primary production,Wind,Gigawatt-hour,Austria,2015,4840.321,,
ESTAT:NRG_BAL_C(1.0),06/03/26 23:00:00,Annual,Primary production,Wind,Gigawatt-hour,Austria,2016,5234.838,,
ESTAT:NRG_BAL_C(1.0),06/03/26 23:00:00,Annual,Primary production,Wind,Gigawatt-hour,Austria,2017,6571.511,,
ESTAT:NRG_BAL_C(1.0),06/03/26 23:00:00,Annual,Primary production,Wind,Gigawatt-hour,Austria,2018,6030.429,,
ESTAT:NRG_BAL_C(1.0),06/03/26 23:00:00,Annual,Primary production,Wind,Gigawatt-hour,Austria,2019,7450.076,,
ESTAT:NRG_BAL_C(1.0),06/03/26 23:00:00,Annual,Primary production,Wind,Gigawatt-hour,Austria,2020,6791.530,,
ESTAT:NRG_BAL_C(1.0),06/03/26 23:00:00,Annual,Primary production,Wind,Gigawatt-hour,Austria,2021,6740.042,,
ESTAT:NRG_BAL_C(1.0),06/03/26 23:00:00,Annual,Primary production,Wind,Gigawatt-hour,Austria,2022,7241.650,,
ESTAT:NRG_BAL_C(1.0),06/03/26 23:00:00,Annual,Primary production,Wind,Gigawatt-hour,Austria,2023,8036.705,,
ESTAT:NRG_BAL_C(1.0),06/03/26 23:00:00,Annual,Primary production,Wind,Gigawatt-hour,Austria,2024,9257.422,,
ESTAT:NRG_BAL_C(1.0),06/03/26 23:00:00,Annual,Primary production,Wind,Gigawatt-hour,Belgium,2005,227.000,,
ESTAT:NRG_BAL_C(1.0),06/03/26 23:00:00,Annual,Primary production,Wind,Gigawatt-hour,Belgium,2006,366.000,,
ESTAT:NRG_BAL_C(1.0),06/03/26 23:00:00,Annual,Primary production,Wind,Gigawatt-hour,Belgium,2007,491.000,,
ESTAT:NRG_BAL_C(1.0),06/03/26 23:00:00,Annual,Primary production,Wind,Gigawatt-hour,Belgium,2008,637.000,,
ESTAT:NRG_BAL_C(1.0),06/03/26 23:00:00,Annual,Primary production,Wind,Gigawatt-hour,Belgium,2009,996.000,,
ESTAT:NRG_BAL_C(1.0),06/03/26 23:00:00,Annual,Primary production,Wind,Gigawatt-hour,Belgium,2010,1295.900,,
ESTAT:NRG_BAL_C(1.0),06/03/26 23:00:00,Annual,Primary production,Wind,Gigawatt-hour,Belgium,2011,2318.500,,
ESTAT:NRG_BAL_C(1.0),06/03/26 23:00:00,Annual,Primary production,Wind,Gigawatt-hour,Belgium,2012,2759.300,,
ESTAT:NRG_BAL_C(1.0),06/03/26 23:00:00,Annual,Primary production,Wind,Gigawatt-hour,Belgium,2013,3665.000,,
ESTAT:NRG_BAL_C(1.0),06/03/26 23:00:00,Annual,Primary production,Wind,Gigawatt-hour,Belgium,2014,4615.300,,
ESTAT:NRG_BAL_C(1.0),06/03/26 23:00:00,Annual,Primary production,Wind,Gigawatt-hour,Belgium,2015,5574.000,,
ESTAT:NRG_BAL_C(1.0),06/03/26 23:00:00,Annual,Primary production,Wind,Gigawatt-hour,Belgium,2016,5419.500,,
ESTAT:NRG_BAL_C(1.0),06/03/26 23:00:00,Annual,Primary production,Wind,Gigawatt-hour,Belgium,2017,6520.700,,
ESTAT:NRG_BAL_C(1.0),06/03/26 23:00:00,Annual,Primary production,Wind,Gigawatt-hour,Belgium,2018,7574.100,,
ESTAT:NRG_BAL_C(1.0),06/03/26 23:00:00,Annual,Primary production,Wind,Gigawatt-hour,Belgium,2019,9755.400,,
ESTAT:NRG_BAL_C(1.0),06/03/26 23:00:00,Annual,Primary production,Wind,Gigawatt-hour,Belgium,2020,12818.600,,
ESTAT:NRG_BAL_C(1.0),06/03/26 23:00:00,Annual,Primary production,Wind,Gigawatt-hour,Belgium,2021,11997.600,,
ESTAT:NRG_BAL_C(1.0),06/03/26 23:00:00,Annual,Primary production,Wind,Gigawatt-hour,Belgium,2022,12352.600,,
ESTAT:NRG_BAL_C(1.0),06/03/26 23:00:00,Annual,Primary production,Wind,Gigawatt-hour,Belgium,2023,15443.900,,
ESTAT:NRG_BAL_C(1.0),06/03/26 23:00:00,Annual,Primary production,Wind,Gigawatt-hour,Belgium,2024,13824.500,,
ESTAT:NRG_BAL_C(1.0),06/03/26 23:00:00,Annual,Primary production,Wind,Gigawatt-hour,Bulgaria,2005,4.587,,
ESTAT:NRG_BAL_C(1.0),06/03/26 23:00:00,Annual,Primary production,Wind,Gigawatt-hour,Bulgaria,2006,20.047,,
ESTAT:NRG_BAL_C(1.0),06/03/26 23:00:00,Annual,Primary production,Wind,Gigawatt-hour,Bulgaria,2007,46.802,,
ESTAT:NRG_BAL_C(1.0),06/03/26 23:00:00,Annual,Primary production,Wind,Gigawatt-hour,Bulgaria,2008,121.758,,
ESTAT:NRG_BAL_C(1.0),06/03/26 23:00:00,Annual,Primary production,Wind,Gigawatt-hour,Bulgaria,2009,237.009,,
ESTAT:NRG_BAL_C(1.0),06/03/26 23:00:00,Annual,Primary production,Wind,Gigawatt-hour,Bulgaria,2010,681.369,,
ESTAT:NRG_BAL_C(1.0),06/03/26 23:00:00,Annual,Primary production,Wind,Gigawatt-hour,Bulgaria,2011,861.095,,
ESTAT:NRG_BAL_C(1.0),06/03/26 23:00:00,Annual,Primary production,Wind,Gigawatt-hour,Bulgaria,2012,1220.898,,
ESTAT:NRG_BAL_C(1.0),06/03/26 23:00:00,Annual,Primary production,Wind,Gigawatt-hour,Bulgaria,2013,1373.512,,
ESTAT:NRG_BAL_C(1.0),06/03/26 23:00:00,Annual,Primary production,Wind,Gigawatt-hour,Bulgaria,2014,1330.577,,
ESTAT:NRG_BAL_C(1.0),06/03/26 23:00:00,Annual,Primary production,Wind,Gigawatt-hour,Bulgaria,2015,1451.511,,
ESTAT:NRG_BAL_C(1.0),06/03/26 23:00:00,Annual,Primary production,Wind,Gigawatt-hour,Bulgaria,2016,1424.970,,
ESTAT:NRG_BAL_C(1.0),06/03/26 23:00:00,Annual,Primary production,Wind,Gigawatt-hour,Bulgaria,2017,1504.064,,
ESTAT:NRG_BAL_C(1.0),06/03/26 23:00:00,Annual,Primary production,Wind,Gigawatt-hour,Bulgaria,2018,1318.123,,
ESTAT:NRG_BAL_C(1.0),06/03/26 23:00:00,Annual,Primary production,Wind,Gigawatt-hour,Bulgaria,2019,1316.988,,
ESTAT:NRG_BAL_C(1.0),06/03/26 23:00:00,Annual,Primary production,Wind,Gigawatt-hour,Bulgaria,2020,1477.131,,
ESTAT:NRG_BAL_C(1.0),06/03/26 23:00:00,Annual,Primary production,Wind,Gigawatt-hour,Bulgaria,2021,1433.561,,
ESTAT:NRG_BAL_C(1.0),06/03/26 23:00:00,Annual,Primary production,Wind,Gigawatt-hour,Bulgaria,2022,1499.125,,
ESTAT:NRG_BAL_C(1.0),06/03/26 23:00:00,Annual,Primary production,Wind,Gigawatt-hour,Bulgaria,2023,1583.852,,
ESTAT:NRG_BAL_C(1.0),06/03/26 23:00:00,Annual,Primary production,Wind,Gigawatt-hour,Bulgaria,2024,1377.086,,
ESTAT:NRG_BAL_C(1.0),06/03/26 23:00:00,Annual,Primary production,Wind,Gigawatt-hour,Cyprus,2005,0.355,,
ESTAT:NRG_BAL_C(1.0),06/03/26 23:00:00,Annual,Primary production,Wind,Gigawatt-hour,Cyprus,2006,0.355,,
ESTAT:NRG_BAL_C(1.0),06/03/26 23:00:00,Annual,Primary production,Wind,Gigawatt-hour,Cyprus,2007,0.355,,
ESTAT:NRG_BAL_C(1.0),06/03/26 23:00:00,Annual,Primary production,Wind,Gigawatt-hour,Cyprus,2008,0.355,,
ESTAT:NRG_BAL_C(1.0),06/03/26 23:00:00,Annual,Primary production,Wind,Gigawatt-hour,Cyprus,2009,0.355,,
ESTAT:NRG_BAL_C(1.0),06/03/26 23:00:00,Annual,Primary production,Wind,Gigawatt-hour,Cyprus,2010,31.725,,
ESTAT:NRG_BAL_C(1.0),06/03/26 23:00:00,Annual,Primary production,Wind,Gigawatt-hour,Cyprus,2011,114.665,,
ESTAT:NRG_BAL_C(1.0),06/03/26 23:00:00,Annual,Primary production,Wind,Gigawatt-hour,Cyprus,2012,185.478,,
ESTAT:NRG_BAL_C(1.0),06/03/26 23:00:00,Annual,Primary production,Wind,Gigawatt-hour,Cyprus,2013,231.040,,
ESTAT:NRG_BAL_C(1.0),06/03/26 23:00:00,Annual,Primary production,Wind,Gigawatt-hour,Cyprus,2014,182.850,,
ESTAT:NRG_BAL_C(1.0),06/03/26 23:00:00,Annual,Primary production,Wind,Gigawatt-hour,Cyprus,2015,221.857,,
ESTAT:NRG_BAL_C(1.0),06/03/26 23:00:00,Annual,Primary production,Wind,Gigawatt-hour,Cyprus,2016,226.701,,
ESTAT:NRG_BAL_C(1.0),06/03/26 23:00:00,Annual,Primary production,Wind,Gigawatt-hour,Cyprus,2017,211.448,,
ESTAT:NRG_BAL_C(1.0),06/03/26 23:00:00,Annual,Primary production,Wind,Gigawatt-hour,Cyprus,2018,221.040,,
ESTAT:NRG_BAL_C(1.0),06/03/26 23:00:00,Annual,Primary production,Wind,Gigawatt-hour,Cyprus,2019,238.565,,
ESTAT:NRG_BAL_C(1.0),06/03/26 23:00:00,Annual,Primary production,Wind,Gigawatt-hour,Cyprus,2020,240.408,,
ESTAT:NRG_BAL_C(1.0),06/03/26 23:00:00,Annual,Primary production,Wind,Gigawatt-hour,Cyprus,2021,246.478,,
ESTAT:NRG_BAL_C(1.0),06/03/26 23:00:00,Annual,Primary production,Wind,Gigawatt-hour,Cyprus,2022,224.266,,
ESTAT:NRG_BAL_C(1.0),06/03/26 23:00:00,Annual,Primary production,Wind,Gigawatt-hour,Cyprus,2023,208.477,,
ESTAT:NRG_BAL_C(1.0),06/03/26 23:00:00,Annual,Primary production,Wind,Gigawatt-hour,Cyprus,2024,202.649,,
ESTAT:NRG_BAL_C(1.0),06/03/26 23:00:00,Annual,Primary production,Wind,Gigawatt-hour,Czechia,2005,21.280,,
ESTAT:NRG_BAL_C(1.0),06/03/26 23:00:00,Annual,Primary production,Wind,Gigawatt-hour,Czechia,2006,49.400,,
ESTAT:NRG_BAL_C(1.0),06/03/26 23:00:00,Annual,Primary production,Wind,Gigawatt-hour,Czechia,2007,125.100,,
ESTAT:NRG_BAL_C(1.0),06/03/26 23:00:00,Annual,Primary production,Wind,Gigawatt-hour,Czechia,2008,244.661,,
ESTAT:NRG_BAL_C(1.0),06/03/26 23:00:00,Annual,Primary production,Wind,Gigawatt-hour,Czechia,2009,288.067,,
ESTAT:NRG_BAL_C(1.0),06/03/26 23:00:00,Annual,Primary production,Wind,Gigawatt-hour,Czechia,2010,335.493,,
ESTAT:NRG_BAL_C(1.0),06/03/26 23:00:00,Annual,Primary production,Wind,Gigawatt-hour,Czechia,2011,397.003,,
ESTAT:NRG_BAL_C(1.0),06/03/26 23:00:00,Annual,Primary production,Wind,Gigawatt-hour,Czechia,2012,415.817,,
ESTAT:NRG_BAL_C(1.0),06/03/26 23:00:00,Annual,Primary production,Wind,Gigawatt-hour,Czechia,2013,480.519,,
ESTAT:NRG_BAL_C(1.0),06/03/26 23:00:00,Annual,Primary production,Wind,Gigawatt-hour,Czechia,2014,476.544,,
ESTAT:NRG_BAL_C(1.0),06/03/26 23:00:00,Annual,Primary production,Wind,Gigawatt-hour,Czechia,2015,572.612,,
ESTAT:NRG_BAL_C(1.0),06/03/26 23:00:00,Annual,Primary production,Wind,Gigawatt-hour,Czechia,2016,496.957,,
ESTAT:NRG_BAL_C(1.0),06/03/26 23:00:00,Annual,Primary production,Wind,Gigawatt-hour,Czechia,2017,591.038,,
ESTAT:NRG_BAL_C(1.0),06/03/26 23:00:00,Annual,Primary production,Wind,Gigawatt-hour,Czechia,2018,609.330,,
ESTAT:NRG_BAL_C(1.0),06/03/26 23:00:00,Annual,Primary production,Wind,Gigawatt-hour,Czechia,2019,700.014,,
ESTAT:NRG_BAL_C(1.0),06/03/26 23:00:00,Annual,Primary production,Wind,Gigawatt-hour,Czechia,2020,699.083,,
ESTAT:NRG_BAL_C(1.0),06/03/26 23:00:00,Annual,Primary production,Wind,Gigawatt-hour,Czechia,2021,601.534,,
ESTAT:NRG_BAL_C(1.0),06/03/26 23:00:00,Annual,Primary production,Wind,Gigawatt-hour,Czechia,2022,641.331,,
ESTAT:NRG_BAL_C(1.0),06/03/26 23:00:00,Annual,Primary production,Wind,Gigawatt-hour,Czechia,2023,701.641,,
ESTAT:NRG_BAL_C(1.0),06/03/26 23:00:00,Annual,Primary production,Wind,Gigawatt-hour,Czechia,2024,716.810,,
ESTAT:NRG_BAL_C(1.0),06/03/26 23:00:00,Annual,Primary production,Wind,Gigawatt-hour,Germany,2005,27774.000,,
ESTAT:NRG_BAL_C(1.0),06/03/26 23:00:00,Annual,Primary production,Wind,Gigawatt-hour,Germany,2006,31324.000,,
ESTAT:NRG_BAL_C(1.0),06/03/26 23:00:00,Annual,Primary production,Wind,Gigawatt-hour,Germany,2007,40507.000,,
ESTAT:NRG_BAL_C(1.0),06/03/26 23:00:00,Annual,Primary production,Wind,Gigawatt-hour,Germany,2008,41385.000,,
ESTAT:NRG_BAL_C(1.0),06/03/26 23:00:00,Annual,Primary production,Wind,Gigawatt-hour,Germany,2009,39420.000,,
ESTAT:NRG_BAL_C(1.0),06/03/26 23:00:00,Annual,Primary production,Wind,Gigawatt-hour,Germany,2010,38547.000,,
ESTAT:NRG_BAL_C(1.0),06/03/26 23:00:00,Annual,Primary production,Wind,Gigawatt-hour,Germany,2011,49858.000,,
ESTAT:NRG_BAL_C(1.0),06/03/26 23:00:00,Annual,Primary production,Wind,Gigawatt-hour,Germany,2012,51680.000,,
ESTAT:NRG_BAL_C(1.0),06/03/26 23:00:00,Annual,Primary production,Wind,Gigawatt-hour,Germany,2013,52737.000,,
ESTAT:NRG_BAL_C(1.0),06/03/26 23:00:00,Annual,Primary production,Wind,Gigawatt-hour,Germany,2014,58497.000,,
ESTAT:NRG_BAL_C(1.0),06/03/26 23:00:00,Annual,Primary production,Wind,Gigawatt-hour,Germany,2015,80624.000,,
ESTAT:NRG_BAL_C(1.0),06/03/26 23:00:00,Annual,Primary production,Wind,Gigawatt-hour,Germany,2016,79924.000,,
ESTAT:NRG_BAL_C(1.0),06/03/26 23:00:00,Annual,Primary production,Wind,Gigawatt-hour,Germany,2017,105693.000,,
ESTAT:NRG_BAL_C(1.0),06/03/26 23:00:00,Annual,Primary production,Wind,Gigawatt-hour,Germany,2018,109951.000,,
ESTAT:NRG_BAL_C(1.0),06/03/26 23:00:00,Annual,Primary production,Wind,Gigawatt-hour,Germany,2019,125894.000,,
ESTAT:NRG_BAL_C(1.0),06/03/26 23:00:00,Annual,Primary production,Wind,Gigawatt-hour,Germany,2020,132102.000,,
ESTAT:NRG_BAL_C(1.0),06/03/26 23:00:00,Annual,Primary production,Wind,Gigawatt-hour,Germany,2021,114169.000,,
ESTAT:NRG_BAL_C(1.0),06/03/26 23:00:00,Annual,Primary production,Wind,Gigawatt-hour,Germany,2022,124816.000,,
ESTAT:NRG_BAL_C(1.0),06/03/26 23:00:00,Annual,Primary production,Wind,Gigawatt-hour,Germany,2023,141764.000,,
ESTAT:NRG_BAL_C(1.0),06/03/26 23:00:00,Annual,Primary production,Wind,Gigawatt-hour,Germany,2024,138914.000,,
ESTAT:NRG_BAL_C(1.0),06/03/26 23:00:00,Annual,Primary production,Wind,Gigawatt-hour,Denmark,2005,6614.000,,
ESTAT:NRG_BAL_C(1.0),06/03/26 23:00:00,Annual,Primary production,Wind,Gigawatt-hour,Denmark,2006,6108.000,,
ESTAT:NRG_BAL_C(1.0),06/03/26 23:00:00,Annual,Primary production,Wind,Gigawatt-hour,Denmark,2007,7171.000,,
ESTAT:NRG_BAL_C(1.0),06/03/26 23:00:00,Annual,Primary production,Wind,Gigawatt-hour,Denmark,2008,6928.000,,
ESTAT:NRG_BAL_C(1.0),06/03/26 23:00:00,Annual,Primary production,Wind,Gigawatt-hour,Denmark,2009,6721.000,,
ESTAT:NRG_BAL_C(1.0),06/03/26 23:00:00,Annual,Primary production,Wind,Gigawatt-hour,Denmark,2010,7809.422,,
ESTAT:NRG_BAL_C(1.0),06/03/26 23:00:00,Annual,Primary production,Wind,Gigawatt-hour,Denmark,2011,9774.184,,
ESTAT:NRG_BAL_C(1.0),06/03/26 23:00:00,Annual,Primary production,Wind,Gigawatt-hour,Denmark,2012,10269.940,,
ESTAT:NRG_BAL_C(1.0),06/03/26 23:00:00,Annual,Primary production,Wind,Gigawatt-hour,Denmark,2013,11123.273,,
ESTAT:NRG_BAL_C(1.0),06/03/26 23:00:00,Annual,Primary production,Wind,Gigawatt-hour,Denmark,2014,13078.504,,
ESTAT:NRG_BAL_C(1.0),06/03/26 23:00:00,Annual,Primary production,Wind,Gigawatt-hour,Denmark,2015,14133.092,,
ESTAT:NRG_BAL_C(1.0),06/03/26 23:00:00,Annual,Primary production,Wind,Gigawatt-hour,Denmark,2016,12781.731,,
ESTAT:NRG_BAL_C(1.0),06/03/26 23:00:00,Annual,Primary production,Wind,Gigawatt-hour,Denmark,2017,14780.000,,
ESTAT:NRG_BAL_C(1.0),06/03/26 23:00:00,Annual,Primary production,Wind,Gigawatt-hour,Denmark,2018,13901.955,,
ESTAT:NRG_BAL_C(1.0),06/03/26 23:00:00,Annual,Primary production,Wind,Gigawatt-hour,Denmark,2019,16149.833,,
ESTAT:NRG_BAL_C(1.0),06/03/26 23:00:00,Annual,Primary production,Wind,Gigawatt-hour,Denmark,2020,16330.214,,
ESTAT:NRG_BAL_C(1.0),06/03/26 23:00:00,Annual,Primary production,Wind,Gigawatt-hour,Denmark,2021,16054.467,,
ESTAT:NRG_BAL_C(1.0),06/03/26 23:00:00,Annual,Primary production,Wind,Gigawatt-hour,Denmark,2022,19048.160,,
ESTAT:NRG_BAL_C(1.0),06/03/26 23:00:00,Annual,Primary production,Wind,Gigawatt-hour,Denmark,2023,19434.295,,
ESTAT:NRG_BAL_C(1.0),06/03/26 23:00:00,Annual,Primary production,Wind,Gigawatt-hour,Denmark,2024,20552.836,,
ESTAT:NRG_BAL_C(1.0),06/03/26 23:00:00,Annual,Primary production,Wind,Gigawatt-hour,Estonia,2005,54.000,,
ESTAT:NRG_BAL_C(1.0),06/03/26 23:00:00,Annual,Primary production,Wind,Gigawatt-hour,Estonia,2006,76.299,,
ESTAT:NRG_BAL_C(1.0),06/03/26 23:00:00,Annual,Primary production,Wind,Gigawatt-hour,Estonia,2007,90.783,,
ESTAT:NRG_BAL_C(1.0),06/03/26 23:00:00,Annual,Primary production,Wind,Gigawatt-hour,Estonia,2008,133.453,,
ESTAT:NRG_BAL_C(1.0),06/03/26 23:00:00,Annual,Primary production,Wind,Gigawatt-hour,Estonia,2009,195.553,,
ESTAT:NRG_BAL_C(1.0),06/03/26 23:00:00,Annual,Primary production,Wind,Gigawatt-hour,Estonia,2010,276.992,,
ESTAT:NRG_BAL_C(1.0),06/03/26 23:00:00,Annual,Primary production,Wind,Gigawatt-hour,Estonia,2011,368.659,,
ESTAT:NRG_BAL_C(1.0),06/03/26 23:00:00,Annual,Primary production,Wind,Gigawatt-hour,Estonia,2012,433.517,,
ESTAT:NRG_BAL_C(1.0),06/03/26 23:00:00,Annual,Primary production,Wind,Gigawatt-hour,Estonia,2013,529.039,,
ESTAT:NRG_BAL_C(1.0),06/03/26 23:00:00,Annual,Primary production,Wind,Gigawatt-hour,Estonia,2014,603.680,,
ESTAT:NRG_BAL_C(1.0),06/03/26 23:00:00,Annual,Primary production,Wind,Gigawatt-hour,Estonia,2015,715.000,,
ESTAT:NRG_BAL_C(1.0),06/03/26 23:00:00,Annual,Primary production,Wind,Gigawatt-hour,Estonia,2016,594.000,,
ESTAT:NRG_BAL_C(1.0),06/03/26 23:00:00,Annual,Primary production,Wind,Gigawatt-hour,Estonia,2017,723.000,,
ESTAT:NRG_BAL_C(1.0),06/03/26 23:00:00,Annual,Primary production,Wind,Gigawatt-hour,Estonia,2018,636.000,,
ESTAT:NRG_BAL_C(1.0),06/03/26 23:00:00,Annual,Primary production,Wind,Gigawatt-hour,Estonia,2019,687.000,,
ESTAT:NRG_BAL_C(1.0),06/03/26 23:00:00,Annual,Primary production,Wind,Gigawatt-hour,Estonia,2020,844.000,,
ESTAT:NRG_BAL_C(1.0),06/03/26 23:00:00,Annual,Primary production,Wind,Gigawatt-hour,Estonia,2021,733.000,,
ESTAT:NRG_BAL_C(1.0),06/03/26 23:00:00,Annual,Primary production,Wind,Gigawatt-hour,Estonia,2022,668.000,,
ESTAT:NRG_BAL_C(1.0),06/03/26 23:00:00,Annual,Primary production,Wind,Gigawatt-hour,Estonia,2023,683.000,,
ESTAT:NRG_BAL_C(1.0),06/03/26 23:00:00,Annual,Primary production,Wind,Gigawatt-hour,Estonia,2024,1166.079,,
ESTAT:NRG_BAL_C(1.0),06/03/26 23:00:00,Annual,Primary production,Wind,Gigawatt-hour,Greece,2005,1266.452,,
ESTAT:NRG_BAL_C(1.0),06/03/26 23:00:00,Annual,Primary production,Wind,Gigawatt-hour,Greece,2006,1699.353,,
ESTAT:NRG_BAL_C(1.0),06/03/26 23:00:00,Annual,Primary production,Wind,Gigawatt-hour,Greece,2007,1818.000,,
ESTAT:NRG_BAL_C(1.0),06/03/26 23:00:00,Annual,Primary production,Wind,Gigawatt-hour,Greece,2008,2242.000,,
ESTAT:NRG_BAL_C(1.0),06/03/26 23:00:00,Annual,Primary production,Wind,Gigawatt-hour,Greece,2009,2543.000,,
ESTAT:NRG_BAL_C(1.0),06/03/26 23:00:00,Annual,Primary production,Wind,Gigawatt-hour,Greece,2010,2713.937,,
ESTAT:NRG_BAL_C(1.0),06/03/26 23:00:00,Annual,Primary production,Wind,Gigawatt-hour,Greece,2011,3315.227,,
ESTAT:NRG_BAL_C(1.0),06/03/26 23:00:00,Annual,Primary production,Wind,Gigawatt-hour,Greece,2012,3850.157,,
ESTAT:NRG_BAL_C(1.0),06/03/26 23:00:00,Annual,Primary production,Wind,Gigawatt-hour,Greece,2013,4139.136,,
ESTAT:NRG_BAL_C(1.0),06/03/26 23:00:00,Annual,Primary production,Wind,Gigawatt-hour,Greece,2014,3688.575,,
ESTAT:NRG_BAL_C(1.0),06/03/26 23:00:00,Annual,Primary production,Wind,Gigawatt-hour,Greece,2015,4621.019,,
ESTAT:NRG_BAL_C(1.0),06/03/26 23:00:00,Annual,Primary production,Wind,Gigawatt-hour,Greece,2016,5145.896,,
ESTAT:NRG_BAL_C(1.0),06/03/26 23:00:00,Annual,Primary production,Wind,Gigawatt-hour,Greece,2017,5536.987,,
ESTAT:NRG_BAL_C(1.0),06/03/26 23:00:00,Annual,Primary production,Wind,Gigawatt-hour,Greece,2018,6300.259,,
ESTAT:NRG_BAL_C(1.0),06/03/26 23:00:00,Annual,Primary production,Wind,Gigawatt-hour,Greece,2019,7266.347,,
ESTAT:NRG_BAL_C(1.0),06/03/26 23:00:00,Annual,Primary production,Wind,Gigawatt-hour,Greece,2020,9310.104,,
ESTAT:NRG_BAL_C(1.0),06/03/26 23:00:00,Annual,Primary production,Wind,Gigawatt-hour,Greece,2021,10482.981,,
ESTAT:NRG_BAL_C(1.0),06/03/26 23:00:00,Annual,Primary production,Wind,Gigawatt-hour,Greece,2022,10883.250,,
ESTAT:NRG_BAL_C(1.0),06/03/26 23:00:00,Annual,Primary production,Wind,Gigawatt-hour,Greece,2023,11021.764,,
ESTAT:NRG_BAL_C(1.0),06/03/26 23:00:00,Annual,Primary production,Wind,Gigawatt-hour,Greece,2024,12136.202,,
ESTAT:NRG_BAL_C(1.0),06/03/26 23:00:00,Annual,Primary production,Wind,Gigawatt-hour,Spain,2005,21176.000,,
ESTAT:NRG_BAL_C(1.0),06/03/26 23:00:00,Annual,Primary production,Wind,Gigawatt-hour,Spain,2006,23297.000,,
ESTAT:NRG_BAL_C(1.0),06/03/26 23:00:00,Annual,Primary production,Wind,Gigawatt-hour,Spain,2007,27568.000,,
ESTAT:NRG_BAL_C(1.0),06/03/26 23:00:00,Annual,Primary production,Wind,Gigawatt-hour,Spain,2008,32946.000,,
ESTAT:NRG_BAL_C(1.0),06/03/26 23:00:00,Annual,Primary production,Wind,Gigawatt-hour,Spain,2009,38117.000,,
ESTAT:NRG_BAL_C(1.0),06/03/26 23:00:00,Annual,Primary production,Wind,Gigawatt-hour,Spain,2010,44271.000,,
ESTAT:NRG_BAL_C(1.0),06/03/26 23:00:00,Annual,Primary production,Wind,Gigawatt-hour,Spain,2011,42918.000,,
ESTAT:NRG_BAL_C(1.0),06/03/26 23:00:00,Annual,Primary production,Wind,Gigawatt-hour,Spain,2012,49472.000,,
ESTAT:NRG_BAL_C(1.0),06/03/26 23:00:00,Annual,Primary production,Wind,Gigawatt-hour,Spain,2013,55646.000,,
ESTAT:NRG_BAL_C(1.0),06/03/26 23:00:00,Annual,Primary production,Wind,Gigawatt-hour,Spain,2014,52013.000,,
ESTAT:NRG_BAL_C(1.0),06/03/26 23:00:00,Annual,Primary production,Wind,Gigawatt-hour,Spain,2015,49325.000,,
ESTAT:NRG_BAL_C(1.0),06/03/26 23:00:00,Annual,Primary production,Wind,Gigawatt-hour,Spain,2016,48905.000,,
ESTAT:NRG_BAL_C(1.0),06/03/26 23:00:00,Annual,Primary production,Wind,Gigawatt-hour,Spain,2017,49127.000,,
ESTAT:NRG_BAL_C(1.0),06/03/26 23:00:00,Annual,Primary production,Wind,Gigawatt-hour,Spain,2018,50896.000,,
ESTAT:NRG_BAL_C(1.0),06/03/26 23:00:00,Annual,Primary production,Wind,Gigawatt-hour,Spain,2019,55647.000,,
ESTAT:NRG_BAL_C(1.0),06/03/26 23:00:00,Annual,Primary production,Wind,Gigawatt-hour,Spain,2020,56444.000,,
ESTAT:NRG_BAL_C(1.0),06/03/26 23:00:00,Annual,Primary production,Wind,Gigawatt-hour,Spain,2021,62061.000,,
ESTAT:NRG_BAL_C(1.0),06/03/26 23:00:00,Annual,Primary production,Wind,Gigawatt-hour,Spain,2022,62784.000,,
ESTAT:NRG_BAL_C(1.0),06/03/26 23:00:00,Annual,Primary production,Wind,Gigawatt-hour,Spain,2023,64275.000,,
ESTAT:NRG_BAL_C(1.0),06/03/26 23:00:00,Annual,Primary production,Wind,Gigawatt-hour,Spain,2024,62089.787,,
ESTAT:NRG_BAL_C(1.0),06/03/26 23:00:00,Annual,Primary production,Wind,Gigawatt-hour,Finland,2005,169.942,,
ESTAT:NRG_BAL_C(1.0),06/03/26 23:00:00,Annual,Primary production,Wind,Gigawatt-hour,Finland,2006,155.641,,
ESTAT:NRG_BAL_C(1.0),06/03/26 23:00:00,Annual,Primary production,Wind,Gigawatt-hour,Finland,2007,188.408,,
ESTAT:NRG_BAL_C(1.0),06/03/26 23:00:00,Annual,Primary production,Wind,Gigawatt-hour,Finland,2008,260.520,,
ESTAT:NRG_BAL_C(1.0),06/03/26 23:00:00,Annual,Primary production,Wind,Gigawatt-hour,Finland,2009,276.624,,
ESTAT:NRG_BAL_C(1.0),06/03/26 23:00:00,Annual,Primary production,Wind,Gigawatt-hour,Finland,2010,294.317,,
ESTAT:NRG_BAL_C(1.0),06/03/26 23:00:00,Annual,Primary production,Wind,Gigawatt-hour,Finland,2011,481.393,,
ESTAT:NRG_BAL_C(1.0),06/03/26 23:00:00,Annual,Primary production,Wind,Gigawatt-hour,Finland,2012,494.323,,
ESTAT:NRG_BAL_C(1.0),06/03/26 23:00:00,Annual,Primary production,Wind,Gigawatt-hour,Finland,2013,773.692,,
ESTAT:NRG_BAL_C(1.0),06/03/26 23:00:00,Annual,Primary production,Wind,Gigawatt-hour,Finland,2014,1107.172,,
ESTAT:NRG_BAL_C(1.0),06/03/26 23:00:00,Annual,Primary production,Wind,Gigawatt-hour,Finland,2015,2327.359,,
ESTAT:NRG_BAL_C(1.0),06/03/26 23:00:00,Annual,Primary production,Wind,Gigawatt-hour,Finland,2016,3068.041,,
ESTAT:NRG_BAL_C(1.0),06/03/26 23:00:00,Annual,Primary production,Wind,Gigawatt-hour,Finland,2017,4795.192,,
ESTAT:NRG_BAL_C(1.0),06/03/26 23:00:00,Annual,Primary production,Wind,Gigawatt-hour,Finland,2018,5838.668,,
ESTAT:NRG_BAL_C(1.0),06/03/26 23:00:00,Annual,Primary production,Wind,Gigawatt-hour,Finland,2019,6024.746,,
ESTAT:NRG_BAL_C(1.0),06/03/26 23:00:00,Annual,Primary production,Wind,Gigawatt-hour,Finland,2020,8255.676,,
ESTAT:NRG_BAL_C(1.0),06/03/26 23:00:00,Annual,Primary production,Wind,Gigawatt-hour,Finland,2021,8506.734,,
ESTAT:NRG_BAL_C(1.0),06/03/26 23:00:00,Annual,Primary production,Wind,Gigawatt-hour,Finland,2022,12021.995,,
ESTAT:NRG_BAL_C(1.0),06/03/26 23:00:00,Annual,Primary production,Wind,Gigawatt-hour,Finland,2023,15043.174,,
ESTAT:NRG_BAL_C(1.0),06/03/26 23:00:00,Annual,Primary production,Wind,Gigawatt-hour,Finland,2024,21046.257,,
ESTAT:NRG_BAL_C(1.0),06/03/26 23:00:00,Annual,Primary production,Wind,Gigawatt-hour,France,2005,962.570,,
ESTAT:NRG_BAL_C(1.0),06/03/26 23:00:00,Annual,Primary production,Wind,Gigawatt-hour,France,2006,2182.580,,
ESTAT:NRG_BAL_C(1.0),06/03/26 23:00:00,Annual,Primary production,Wind,Gigawatt-hour,France,2007,4070.110,,
ESTAT:NRG_BAL_C(1.0),06/03/26 23:00:00,Annual,Primary production,Wind,Gigawatt-hour,France,2008,5694.210,,
ESTAT:NRG_BAL_C(1.0),06/03/26 23:00:00,Annual,Primary production,Wind,Gigawatt-hour,France,2009,7911.570,,
ESTAT:NRG_BAL_C(1.0),06/03/26 23:00:00,Annual,Primary production,Wind,Gigawatt-hour,France,2010,9944.990,,
ESTAT:NRG_BAL_C(1.0),06/03/26 23:00:00,Annual,Primary production,Wind,Gigawatt-hour,France,2011,12624.101,,
ESTAT:NRG_BAL_C(1.0),06/03/26 23:00:00,Annual,Primary production,Wind,Gigawatt-hour,France,2012,15488.163,,
ESTAT:NRG_BAL_C(1.0),06/03/26 23:00:00,Annual,Primary production,Wind,Gigawatt-hour,France,2013,16466.332,,
ESTAT:NRG_BAL_C(1.0),06/03/26 23:00:00,Annual,Primary production,Wind,Gigawatt-hour,France,2014,17677.323,,
ESTAT:NRG_BAL_C(1.0),06/03/26 23:00:00,Annual,Primary production,Wind,Gigawatt-hour,France,2015,21857.757,,
ESTAT:NRG_BAL_C(1.0),06/03/26 23:00:00,Annual,Primary production,Wind,Gigawatt-hour,France,2016,21817.332,,
ESTAT:NRG_BAL_C(1.0),06/03/26 23:00:00,Annual,Primary production,Wind,Gigawatt-hour,France,2017,25111.670,,
ESTAT:NRG_BAL_C(1.0),06/03/26 23:00:00,Annual,Primary production,Wind,Gigawatt-hour,France,2018,29182.240,,
ESTAT:NRG_BAL_C(1.0),06/03/26 23:00:00,Annual,Primary production,Wind,Gigawatt-hour,France,2019,35458.502,,
ESTAT:NRG_BAL_C(1.0),06/03/26 23:00:00,Annual,Primary production,Wind,Gigawatt-hour,France,2020,40707.599,,
ESTAT:NRG_BAL_C(1.0),06/03/26 23:00:00,Annual,Primary production,Wind,Gigawatt-hour,France,2021,37693.415,,
ESTAT:NRG_BAL_C(1.0),06/03/26 23:00:00,Annual,Primary production,Wind,Gigawatt-hour,France,2022,38975.853,,
ESTAT:NRG_BAL_C(1.0),06/03/26 23:00:00,Annual,Primary production,Wind,Gigawatt-hour,France,2023,51457.201,,
ESTAT:NRG_BAL_C(1.0),06/03/26 23:00:00,Annual,Primary production,Wind,Gigawatt-hour,France,2024,47499.378,,
ESTAT:NRG_BAL_C(1.0),06/03/26 23:00:00,Annual,Primary production,Wind,Gigawatt-hour,Croatia,2005,10.000,,
ESTAT:NRG_BAL_C(1.0),06/03/26 23:00:00,Annual,Primary production,Wind,Gigawatt-hour,Croatia,2006,19.000,,
ESTAT:NRG_BAL_C(1.0),06/03/26 23:00:00,Annual,Primary production,Wind,Gigawatt-hour,Croatia,2007,34.900,,
ESTAT:NRG_BAL_C(1.0),06/03/26 23:00:00,Annual,Primary production,Wind,Gigawatt-hour,Croatia,2008,39.900,,
ESTAT:NRG_BAL_C(1.0),06/03/26 23:00:00,Annual,Primary production,Wind,Gigawatt-hour,Croatia,2009,54.200,,
ESTAT:NRG_BAL_C(1.0),06/03/26 23:00:00,Annual,Primary production,Wind,Gigawatt-hour,Croatia,2010,139.100,,
ESTAT:NRG_BAL_C(1.0),06/03/26 23:00:00,Annual,Primary production,Wind,Gigawatt-hour,Croatia,2011,201.000,,
ESTAT:NRG_BAL_C(1.0),06/03/26 23:00:00,Annual,Primary production,Wind,Gigawatt-hour,Croatia,2012,328.746,,
ESTAT:NRG_BAL_C(1.0),06/03/26 23:00:00,Annual,Primary production,Wind,Gigawatt-hour,Croatia,2013,517.287,,
ESTAT:NRG_BAL_C(1.0),06/03/26 23:00:00,Annual,Primary production,Wind,Gigawatt-hour,Croatia,2014,729.970,,
ESTAT:NRG_BAL_C(1.0),06/03/26 23:00:00,Annual,Primary production,Wind,Gigawatt-hour,Croatia,2015,796.295,,
ESTAT:NRG_BAL_C(1.0),06/03/26 23:00:00,Annual,Primary production,Wind,Gigawatt-hour,Croatia,2016,1014.248,,
ESTAT:NRG_BAL_C(1.0),06/03/26 23:00:00,Annual,Primary production,Wind,Gigawatt-hour,Croatia,2017,1204.000,,
ESTAT:NRG_BAL_C(1.0),06/03/26 23:00:00,Annual,Primary production,Wind,Gigawatt-hour,Croatia,2018,1335.400,,
ESTAT:NRG_BAL_C(1.0),06/03/26 23:00:00,Annual,Primary production,Wind,Gigawatt-hour,Croatia,2019,1467.300,,
ESTAT:NRG_BAL_C(1.0),06/03/26 23:00:00,Annual,Primary production,Wind,Gigawatt-hour,Croatia,2020,1720.700,,
ESTAT:NRG_BAL_C(1.0),06/03/26 23:00:00,Annual,Primary production,Wind,Gigawatt-hour,Croatia,2021,2061.800,,
ESTAT:NRG_BAL_C(1.0),06/03/26 23:00:00,Annual,Primary production,Wind,Gigawatt-hour,Croatia,2022,2137.800,,
ESTAT:NRG_BAL_C(1.0),06/03/26 23:00:00,Annual,Primary production,Wind,Gigawatt-hour,Croatia,2023,2586.500,,
ESTAT:NRG_BAL_C(1.0),06/03/26 23:00:00,Annual,Primary production,Wind,Gigawatt-hour,Croatia,2024,2576.600,,
ESTAT:NRG_BAL_C(1.0),06/03/26 23:00:00,Annual,Primary production,Wind,Gigawatt-hour,Hungary,2005,10.095,,
ESTAT:NRG_BAL_C(1.0),06/03/26 23:00:00,Annual,Primary production,Wind,Gigawatt-hour,Hungary,2006,43.364,,
ESTAT:NRG_BAL_C(1.0),06/03/26 23:00:00,Annual,Primary production,Wind,Gigawatt-hour,Hungary,2007,110.000,,
ESTAT:NRG_BAL_C(1.0),06/03/26 23:00:00,Annual,Primary production,Wind,Gigawatt-hour,Hungary,2008,204.828,,
ESTAT:NRG_BAL_C(1.0),06/03/26 23:00:00,Annual,Primary production,Wind,Gigawatt-hour,Hungary,2009,330.930,,
ESTAT:NRG_BAL_C(1.0),06/03/26 23:00:00,Annual,Primary production,Wind,Gigawatt-hour,Hungary,2010,533.792,,
ESTAT:NRG_BAL_C(1.0),06/03/26 23:00:00,Annual,Primary production,Wind,Gigawatt-hour,Hungary,2011,625.693,,
ESTAT:NRG_BAL_C(1.0),06/03/26 23:00:00,Annual,Primary production,Wind,Gigawatt-hour,Hungary,2012,769.992,,
ESTAT:NRG_BAL_C(1.0),06/03/26 23:00:00,Annual,Primary production,Wind,Gigawatt-hour,Hungary,2013,717.510,,
ESTAT:NRG_BAL_C(1.0),06/03/26 23:00:00,Annual,Primary production,Wind,Gigawatt-hour,Hungary,2014,656.540,,
ESTAT:NRG_BAL_C(1.0),06/03/26 23:00:00,Annual,Primary production,Wind,Gigawatt-hour,Hungary,2015,693.323,,
ESTAT:NRG_BAL_C(1.0),06/03/26 23:00:00,Annual,Primary production,Wind,Gigawatt-hour,Hungary,2016,683.692,,
ESTAT:NRG_BAL_C(1.0),06/03/26 23:00:00,Annual,Primary production,Wind,Gigawatt-hour,Hungary,2017,758.000,,
ESTAT:NRG_BAL_C(1.0),06/03/26 23:00:00,Annual,Primary production,Wind,Gigawatt-hour,Hungary,2018,607.000,,
ESTAT:NRG_BAL_C(1.0),06/03/26 23:00:00,Annual,Primary production,Wind,Gigawatt-hour,Hungary,2019,729.000,,
ESTAT:NRG_BAL_C(1.0),06/03/26 23:00:00,Annual,Primary production,Wind,Gigawatt-hour,Hungary,2020,655.000,,
ESTAT:NRG_BAL_C(1.0),06/03/26 23:00:00,Annual,Primary production,Wind,Gigawatt-hour,Hungary,2021,664.000,,
ESTAT:NRG_BAL_C(1.0),06/03/26 23:00:00,Annual,Primary production,Wind,Gigawatt-hour,Hungary,2022,610.000,,
ESTAT:NRG_BAL_C(1.0),06/03/26 23:00:00,Annual,Primary production,Wind,Gigawatt-hour,Hungary,2023,646.000,,
ESTAT:NRG_BAL_C(1.0),06/03/26 23:00:00,Annual,Primary production,Wind,Gigawatt-hour,Hungary,2024,659.000,,
ESTAT:NRG_BAL_C(1.0),06/03/26 23:00:00,Annual,Primary production,Wind,Gigawatt-hour,Ireland,2005,1130.368,,
ESTAT:NRG_BAL_C(1.0),06/03/26 23:00:00,Annual,Primary production,Wind,Gigawatt-hour,Ireland,2006,1648.967,,
ESTAT:NRG_BAL_C(1.0),06/03/26 23:00:00,Annual,Primary production,Wind,Gigawatt-hour,Ireland,2007,1990.880,,
ESTAT:NRG_BAL_C(1.0),06/03/26 23:00:00,Annual,Primary production,Wind,Gigawatt-hour,Ireland,2008,2450.019,,
ESTAT:NRG_BAL_C(1.0),06/03/26 23:00:00,Annual,Primary production,Wind,Gigawatt-hour,Ireland,2009,3004.274,,
ESTAT:NRG_BAL_C(1.0),06/03/26 23:00:00,Annual,Primary production,Wind,Gigawatt-hour,Ireland,2010,2861.382,,
ESTAT:NRG_BAL_C(1.0),06/03/26 23:00:00,Annual,Primary production,Wind,Gigawatt-hour,Ireland,2011,4453.028,,
ESTAT:NRG_BAL_C(1.0),06/03/26 23:00:00,Annual,Primary production,Wind,Gigawatt-hour,Ireland,2012,4076.868,,
ESTAT:NRG_BAL_C(1.0),06/03/26 23:00:00,Annual,Primary production,Wind,Gigawatt-hour,Ireland,2013,4616.707,,
ESTAT:NRG_BAL_C(1.0),06/03/26 23:00:00,Annual,Primary production,Wind,Gigawatt-hour,Ireland,2014,5224.982,,
ESTAT:NRG_BAL_C(1.0),06/03/26 23:00:00,Annual,Primary production,Wind,Gigawatt-hour,Ireland,2015,6681.507,,
ESTAT:NRG_BAL_C(1.0),06/03/26 23:00:00,Annual,Primary production,Wind,Gigawatt-hour,Ireland,2016,6248.551,,
ESTAT:NRG_BAL_C(1.0),06/03/26 23:00:00,Annual,Primary production,Wind,Gigawatt-hour,Ireland,2017,7567.004,,
ESTAT:NRG_BAL_C(1.0),06/03/26 23:00:00,Annual,Primary production,Wind,Gigawatt-hour,Ireland,2018,8782.527,,
ESTAT:NRG_BAL_C(1.0),06/03/26 23:00:00,Annual,Primary production,Wind,Gigawatt-hour,Ireland,2019,10184.945,,
ESTAT:NRG_BAL_C(1.0),06/03/26 23:00:00,Annual,Primary production,Wind,Gigawatt-hour,Ireland,2020,11740.253,,
ESTAT:NRG_BAL_C(1.0),06/03/26 23:00:00,Annual,Primary production,Wind,Gigawatt-hour,Ireland,2021,9939.705,,
ESTAT:NRG_BAL_C(1.0),06/03/26 23:00:00,Annual,Primary production,Wind,Gigawatt-hour,Ireland,2022,11393.491,,
ESTAT:NRG_BAL_C(1.0),06/03/26 23:00:00,Annual,Primary production,Wind,Gigawatt-hour,Ireland,2023,11863.352,,
ESTAT:NRG_BAL_C(1.0),06/03/26 23:00:00,Annual,Primary production,Wind,Gigawatt-hour,Ireland,2024,11649.561,,
ESTAT:NRG_BAL_C(1.0),06/03/26 23:00:00,Annual,Primary production,Wind,Gigawatt-hour,Italy,2005,2343.399,,
ESTAT:NRG_BAL_C(1.0),06/03/26 23:00:00,Annual,Primary production,Wind,Gigawatt-hour,Italy,2006,2970.735,,
ESTAT:NRG_BAL_C(1.0),06/03/26 23:00:00,Annual,Primary production,Wind,Gigawatt-hour,Italy,2007,4034.359,,
ESTAT:NRG_BAL_C(1.0),06/03/26 23:00:00,Annual,Primary production,Wind,Gigawatt-hour,Italy,2008,4861.317,,
ESTAT:NRG_BAL_C(1.0),06/03/26 23:00:00,Annual,Primary production,Wind,Gigawatt-hour,Italy,2009,6542.859,,
ESTAT:NRG_BAL_C(1.0),06/03/26 23:00:00,Annual,Primary production,Wind,Gigawatt-hour,Italy,2010,9125.918,,
ESTAT:NRG_BAL_C(1.0),06/03/26 23:00:00,Annual,Primary production,Wind,Gigawatt-hour,Italy,2011,9856.375,,
ESTAT:NRG_BAL_C(1.0),06/03/26 23:00:00,Annual,Primary production,Wind,Gigawatt-hour,Italy,2012,13407.127,,
ESTAT:NRG_BAL_C(1.0),06/03/26 23:00:00,Annual,Primary production,Wind,Gigawatt-hour,Italy,2013,14896.962,,
ESTAT:NRG_BAL_C(1.0),06/03/26 23:00:00,Annual,Primary production,Wind,Gigawatt-hour,Italy,2014,15178.310,,
ESTAT:NRG_BAL_C(1.0),06/03/26 23:00:00,Annual,Primary production,Wind,Gigawatt-hour,Italy,2015,14843.882,,
ESTAT:NRG_BAL_C(1.0),06/03/26 23:00:00,Annual,Primary production,Wind,Gigawatt-hour,Italy,2016,17688.670,,
ESTAT:NRG_BAL_C(1.0),06/03/26 23:00:00,Annual,Primary production,Wind,Gigawatt-hour,Italy,2017,17741.909,,
ESTAT:NRG_BAL_C(1.0),06/03/26 23:00:00,Annual,Primary production,Wind,Gigawatt-hour,Italy,2018,17716.434,,
ESTAT:NRG_BAL_C(1.0),06/03/26 23:00:00,Annual,Primary production,Wind,Gigawatt-hour,Italy,2019,20202.042,,
ESTAT:NRG_BAL_C(1.0),06/03/26 23:00:00,Annual,Primary production,Wind,Gigawatt-hour,Italy,2020,18761.557,,
ESTAT:NRG_BAL_C(1.0),06/03/26 23:00:00,Annual,Primary production,Wind,Gigawatt-hour,Italy,2021,20927.303,,
ESTAT:NRG_BAL_C(1.0),06/03/26 23:00:00,Annual,Primary production,Wind,Gigawatt-hour,Italy,2022,20494.178,,
ESTAT:NRG_BAL_C(1.0),06/03/26 23:00:00,Annual,Primary production,Wind,Gigawatt-hour,Italy,2023,23640.472,,
ESTAT:NRG_BAL_C(1.0),06/03/26 23:00:00,Annual,Primary production,Wind,Gigawatt-hour,Italy,2024,22321.895,,
ESTAT:NRG_BAL_C(1.0),06/03/26 23:00:00,Annual,Primary production,Wind,Gigawatt-hour,Lithuania,2005,2.000,,
ESTAT:NRG_BAL_C(1.0),06/03/26 23:00:00,Annual,Primary production,Wind,Gigawatt-hour,Lithuania,2006,14.000,,
ESTAT:NRG_BAL_C(1.0),06/03/26 23:00:00,Annual,Primary production,Wind,Gigawatt-hour,Lithuania,2007,106.000,,
ESTAT:NRG_BAL_C(1.0),06/03/26 23:00:00,Annual,Primary production,Wind,Gigawatt-hour,Lithuania,2008,131.000,,
ESTAT:NRG_BAL_C(1.0),06/03/26 23:00:00,Annual,Primary production,Wind,Gigawatt-hour,Lithuania,2009,158.000,,
ESTAT:NRG_BAL_C(1.0),06/03/26 23:00:00,Annual,Primary production,Wind,Gigawatt-hour,Lithuania,2010,224.000,,
ESTAT:NRG_BAL_C(1.0),06/03/26 23:00:00,Annual,Primary production,Wind,Gigawatt-hour,Lithuania,2011,475.000,,
ESTAT:NRG_BAL_C(1.0),06/03/26 23:00:00,Annual,Primary production,Wind,Gigawatt-hour,Lithuania,2012,540.000,,
ESTAT:NRG_BAL_C(1.0),06/03/26 23:00:00,Annual,Primary production,Wind,Gigawatt-hour,Lithuania,2013,603.000,,
ESTAT:NRG_BAL_C(1.0),06/03/26 23:00:00,Annual,Primary production,Wind,Gigawatt-hour,Lithuania,2014,639.000,,
ESTAT:NRG_BAL_C(1.0),06/03/26 23:00:00,Annual,Primary production,Wind,Gigawatt-hour,Lithuania,2015,810.000,,
ESTAT:NRG_BAL_C(1.0),06/03/26 23:00:00,Annual,Primary production,Wind,Gigawatt-hour,Lithuania,2016,1136.000,,
ESTAT:NRG_BAL_C(1.0),06/03/26 23:00:00,Annual,Primary production,Wind,Gigawatt-hour,Lithuania,2017,1363.800,,
ESTAT:NRG_BAL_C(1.0),06/03/26 23:00:00,Annual,Primary production,Wind,Gigawatt-hour,Lithuania,2018,1144.000,,
ESTAT:NRG_BAL_C(1.0),06/03/26 23:00:00,Annual,Primary production,Wind,Gigawatt-hour,Lithuania,2019,1499.400,,
ESTAT:NRG_BAL_C(1.0),06/03/26 23:00:00,Annual,Primary production,Wind,Gigawatt-hour,Lithuania,2020,1551.700,,
ESTAT:NRG_BAL_C(1.0),06/03/26 23:00:00,Annual,Primary production,Wind,Gigawatt-hour,Lithuania,2021,1361.700,,
ESTAT:NRG_BAL_C(1.0),06/03/26 23:00:00,Annual,Primary production,Wind,Gigawatt-hour,Lithuania,2022,1512.400,,
ESTAT:NRG_BAL_C(1.0),06/03/26 23:00:00,Annual,Primary production,Wind,Gigawatt-hour,Lithuania,2023,2536.100,,
ESTAT:NRG_BAL_C(1.0),06/03/26 23:00:00,Annual,Primary production,Wind,Gigawatt-hour,Lithuania,2024,3448.200,,
ESTAT:NRG_BAL_C(1.0),06/03/26 23:00:00,Annual,Primary production,Wind,Gigawatt-hour,Luxembourg,2005,52.251,,
ESTAT:NRG_BAL_C(1.0),06/03/26 23:00:00,Annual,Primary production,Wind,Gigawatt-hour,Luxembourg,2006,57.986,,
ESTAT:NRG_BAL_C(1.0),06/03/26 23:00:00,Annual,Primary production,Wind,Gigawatt-hour,Luxembourg,2007,64.286,,
ESTAT:NRG_BAL_C(1.0),06/03/26 23:00:00,Annual,Primary production,Wind,Gigawatt-hour,Luxembourg,2008,60.589,,
ESTAT:NRG_BAL_C(1.0),06/03/26 23:00:00,Annual,Primary production,Wind,Gigawatt-hour,Luxembourg,2009,63.472,,
ESTAT:NRG_BAL_C(1.0),06/03/26 23:00:00,Annual,Primary production,Wind,Gigawatt-hour,Luxembourg,2010,55.083,,
ESTAT:NRG_BAL_C(1.0),06/03/26 23:00:00,Annual,Primary production,Wind,Gigawatt-hour,Luxembourg,2011,64.050,,
ESTAT:NRG_BAL_C(1.0),06/03/26 23:00:00,Annual,Primary production,Wind,Gigawatt-hour,Luxembourg,2012,77.466,,
ESTAT:NRG_BAL_C(1.0),06/03/26 23:00:00,Annual,Primary production,Wind,Gigawatt-hour,Luxembourg,2013,83.027,,
ESTAT:NRG_BAL_C(1.0),06/03/26 23:00:00,Annual,Primary production,Wind,Gigawatt-hour,Luxembourg,2014,79.876,,
ESTAT:NRG_BAL_C(1.0),06/03/26 23:00:00,Annual,Primary production,Wind,Gigawatt-hour,Luxembourg,2015,101.848,,
ESTAT:NRG_BAL_C(1.0),06/03/26 23:00:00,Annual,Primary production,Wind,Gigawatt-hour,Luxembourg,2016,101.486,,
ESTAT:NRG_BAL_C(1.0),06/03/26 23:00:00,Annual,Primary production,Wind,Gigawatt-hour,Luxembourg,2017,234.823,,
ESTAT:NRG_BAL_C(1.0),06/03/26 23:00:00,Annual,Primary production,Wind,Gigawatt-hour,Luxembourg,2018,254.575,,
ESTAT:NRG_BAL_C(1.0),06/03/26 23:00:00,Annual,Primary production,Wind,Gigawatt-hour,Luxembourg,2019,281.283,,
ESTAT:NRG_BAL_C(1.0),06/03/26 23:00:00,Annual,Primary production,Wind,Gigawatt-hour,Luxembourg,2020,351.135,,
ESTAT:NRG_BAL_C(1.0),06/03/26 23:00:00,Annual,Primary production,Wind,Gigawatt-hour,Luxembourg,2021,314.313,,
ESTAT:NRG_BAL_C(1.0),06/03/26 23:00:00,Annual,Primary production,Wind,Gigawatt-hour,Luxembourg,2022,312.221,,
ESTAT:NRG_BAL_C(1.0),06/03/26 23:00:00,Annual,Primary production,Wind,Gigawatt-hour,Luxembourg,2023,495.289,,
ESTAT:NRG_BAL_C(1.0),06/03/26 23:00:00,Annual,Primary production,Wind,Gigawatt-hour,Luxembourg,2024,466.796,,
ESTAT:NRG_BAL_C(1.0),06/03/26 23:00:00,Annual,Primary production,Wind,Gigawatt-hour,Latvia,2005,46.854,,
ESTAT:NRG_BAL_C(1.0),06/03/26 23:00:00,Annual,Primary production,Wind,Gigawatt-hour,Latvia,2006,46.212,,
ESTAT:NRG_BAL_C(1.0),06/03/26 23:00:00,Annual,Primary production,Wind,Gigawatt-hour,Latvia,2007,52.929,,
ESTAT:NRG_BAL_C(1.0),06/03/26 23:00:00,Annual,Primary production,Wind,Gigawatt-hour,Latvia,2008,59.100,,
ESTAT:NRG_BAL_C(1.0),06/03/26 23:00:00,Annual,Primary production,Wind,Gigawatt-hour,Latvia,2009,50.089,,
ESTAT:NRG_BAL_C(1.0),06/03/26 23:00:00,Annual,Primary production,Wind,Gigawatt-hour,Latvia,2010,49.057,,
ESTAT:NRG_BAL_C(1.0),06/03/26 23:00:00,Annual,Primary production,Wind,Gigawatt-hour,Latvia,2011,70.894,,
ESTAT:NRG_BAL_C(1.0),06/03/26 23:00:00,Annual,Primary production,Wind,Gigawatt-hour,Latvia,2012,114.266,,
ESTAT:NRG_BAL_C(1.0),06/03/26 23:00:00,Annual,Primary production,Wind,Gigawatt-hour,Latvia,2013,120.055,,
ESTAT:NRG_BAL_C(1.0),06/03/26 23:00:00,Annual,Primary production,Wind,Gigawatt-hour,Latvia,2014,139.712,,
ESTAT:NRG_BAL_C(1.0),06/03/26 23:00:00,Annual,Primary production,Wind,Gigawatt-hour,Latvia,2015,147.135,,
ESTAT:NRG_BAL_C(1.0),06/03/26 23:00:00,Annual,Primary production,Wind,Gigawatt-hour,Latvia,2016,127.889,,
ESTAT:NRG_BAL_C(1.0),06/03/26 23:00:00,Annual,Primary production,Wind,Gigawatt-hour,Latvia,2017,150.000,,
ESTAT:NRG_BAL_C(1.0),06/03/26 23:00:00,Annual,Primary production,Wind,Gigawatt-hour,Latvia,2018,122.038,,
ESTAT:NRG_BAL_C(1.0),06/03/26 23:00:00,Annual,Primary production,Wind,Gigawatt-hour,Latvia,2019,153.999,,
ESTAT:NRG_BAL_C(1.0),06/03/26 23:00:00,Annual,Primary production,Wind,Gigawatt-hour,Latvia,2020,176.842,,
ESTAT:NRG_BAL_C(1.0),06/03/26 23:00:00,Annual,Primary production,Wind,Gigawatt-hour,Latvia,2021,141.436,,
ESTAT:NRG_BAL_C(1.0),06/03/26 23:00:00,Annual,Primary production,Wind,Gigawatt-hour,Latvia,2022,190.183,,
ESTAT:NRG_BAL_C(1.0),06/03/26 23:00:00,Annual,Primary production,Wind,Gigawatt-hour,Latvia,2023,270.757,,
ESTAT:NRG_BAL_C(1.0),06/03/26 23:00:00,Annual,Primary production,Wind,Gigawatt-hour,Latvia,2024,275.985,,
ESTAT:NRG_BAL_C(1.0),06/03/26 23:00:00,Annual,Primary production,Wind,Gigawatt-hour,Malta,2005,0.000,,
ESTAT:NRG_BAL_C(1.0),06/03/26 23:00:00,Annual,Primary production,Wind,Gigawatt-hour,Malta,2006,0.000,,
ESTAT:NRG_BAL_C(1.0),06/03/26 23:00:00,Annual,Primary production,Wind,Gigawatt-hour,Malta,2007,0.000,,
ESTAT:NRG_BAL_C(1.0),06/03/26 23:00:00,Annual,Primary production,Wind,Gigawatt-hour,Malta,2008,0.000,,
ESTAT:NRG_BAL_C(1.0),06/03/26 23:00:00,Annual,Primary production,Wind,Gigawatt-hour,Malta,2009,0.000,,
ESTAT:NRG_BAL_C(1.0),06/03/26 23:00:00,Annual,Primary production,Wind,Gigawatt-hour,Malta,2010,0.000,,
ESTAT:NRG_BAL_C(1.0),06/03/26 23:00:00,Annual,Primary production,Wind,Gigawatt-hour,Malta,2011,0.000,,
ESTAT:NRG_BAL_C(1.0),06/03/26 23:00:00,Annual,Primary production,Wind,Gigawatt-hour,Malta,2012,0.075,,
ESTAT:NRG_BAL_C(1.0),06/03/26 23:00:00,Annual,Primary production,Wind,Gigawatt-hour,Malta,2013,0.085,,
ESTAT:NRG_BAL_C(1.0),06/03/26 23:00:00,Annual,Primary production,Wind,Gigawatt-hour,Malta,2014,0.058,,
ESTAT:NRG_BAL_C(1.0),06/03/26 23:00:00,Annual,Primary production,Wind,Gigawatt-hour,Malta,2015,0.058,,
ESTAT:NRG_BAL_C(1.0),06/03/26 23:00:00,Annual,Primary production,Wind,Gigawatt-hour,Malta,2016,0.058,,
ESTAT:NRG_BAL_C(1.0),06/03/26 23:00:00,Annual,Primary production,Wind,Gigawatt-hour,Malta,2017,0.058,,
ESTAT:NRG_BAL_C(1.0),06/03/26 23:00:00,Annual,Primary production,Wind,Gigawatt-hour,Malta,2018,0.058,,
ESTAT:NRG_BAL_C(1.0),06/03/26 23:00:00,Annual,Primary production,Wind,Gigawatt-hour,Malta,2019,0.058,,
ESTAT:NRG_BAL_C(1.0),06/03/26 23:00:00,Annual,Primary production,Wind,Gigawatt-hour,Malta,2020,0.058,,
ESTAT:NRG_BAL_C(1.0),06/03/26 23:00:00,Annual,Primary production,Wind,Gigawatt-hour,Malta,2021,0.058,,
ESTAT:NRG_BAL_C(1.0),06/03/26 23:00:00,Annual,Primary production,Wind,Gigawatt-hour,Malta,2022,0.058,,
ESTAT:NRG_BAL_C(1.0),06/03/26 23:00:00,Annual,Primary production,Wind,Gigawatt-hour,Malta,2023,0.033,,
ESTAT:NRG_BAL_C(1.0),06/03/26 23:00:00,Annual,Primary production,Wind,Gigawatt-hour,Malta,2024,0.033,,
ESTAT:NRG_BAL_C(1.0),06/03/26 23:00:00,Annual,Primary production,Wind,Gigawatt-hour,Netherlands,2005,2066.655,,
ESTAT:NRG_BAL_C(1.0),06/03/26 23:00:00,Annual,Primary production,Wind,Gigawatt-hour,Netherlands,2006,2734.291,,
ESTAT:NRG_BAL_C(1.0),06/03/26 23:00:00,Annual,Primary production,Wind,Gigawatt-hour,Netherlands,2007,3438.026,,
ESTAT:NRG_BAL_C(1.0),06/03/26 23:00:00,Annual,Primary production,Wind,Gigawatt-hour,Netherlands,2008,4259.711,,
ESTAT:NRG_BAL_C(1.0),06/03/26 23:00:00,Annual,Primary production,Wind,Gigawatt-hour,Netherlands,2009,4580.623,,
ESTAT:NRG_BAL_C(1.0),06/03/26 23:00:00,Annual,Primary production,Wind,Gigawatt-hour,Netherlands,2010,3993.137,,
ESTAT:NRG_BAL_C(1.0),06/03/26 23:00:00,Annual,Primary production,Wind,Gigawatt-hour,Netherlands,2011,5100.171,,
ESTAT:NRG_BAL_C(1.0),06/03/26 23:00:00,Annual,Primary production,Wind,Gigawatt-hour,Netherlands,2012,4981.829,,
ESTAT:NRG_BAL_C(1.0),06/03/26 23:00:00,Annual,Primary production,Wind,Gigawatt-hour,Netherlands,2013,5627.147,,
ESTAT:NRG_BAL_C(1.0),06/03/26 23:00:00,Annual,Primary production,Wind,Gigawatt-hour,Netherlands,2014,5797.335,,
ESTAT:NRG_BAL_C(1.0),06/03/26 23:00:00,Annual,Primary production,Wind,Gigawatt-hour,Netherlands,2015,7549.858,,
ESTAT:NRG_BAL_C(1.0),06/03/26 23:00:00,Annual,Primary production,Wind,Gigawatt-hour,Netherlands,2016,8170.446,,
ESTAT:NRG_BAL_C(1.0),06/03/26 23:00:00,Annual,Primary production,Wind,Gigawatt-hour,Netherlands,2017,10568.801,,
ESTAT:NRG_BAL_C(1.0),06/03/26 23:00:00,Annual,Primary production,Wind,Gigawatt-hour,Netherlands,2018,10548.511,,
ESTAT:NRG_BAL_C(1.0),06/03/26 23:00:00,Annual,Primary production,Wind,Gigawatt-hour,Netherlands,2019,11507.927,,
ESTAT:NRG_BAL_C(1.0),06/03/26 23:00:00,Annual,Primary production,Wind,Gigawatt-hour,Netherlands,2020,15277.726,,
ESTAT:NRG_BAL_C(1.0),06/03/26 23:00:00,Annual,Primary production,Wind,Gigawatt-hour,Netherlands,2021,18123.359,,
ESTAT:NRG_BAL_C(1.0),06/03/26 23:00:00,Annual,Primary production,Wind,Gigawatt-hour,Netherlands,2022,21565.971,,
ESTAT:NRG_BAL_C(1.0),06/03/26 23:00:00,Annual,Primary production,Wind,Gigawatt-hour,Netherlands,2023,29634.139,,
ESTAT:NRG_BAL_C(1.0),06/03/26 23:00:00,Annual,Primary production,Wind,Gigawatt-hour,Netherlands,2024,33509.406,,
ESTAT:NRG_BAL_C(1.0),06/03/26 23:00:00,Annual,Primary production,Wind,Gigawatt-hour,Poland,2005,135.470,,
ESTAT:NRG_BAL_C(1.0),06/03/26 23:00:00,Annual,Primary production,Wind,Gigawatt-hour,Poland,2006,256.077,,
ESTAT:NRG_BAL_C(1.0),06/03/26 23:00:00,Annual,Primary production,Wind,Gigawatt-hour,Poland,2007,521.582,,
ESTAT:NRG_BAL_C(1.0),06/03/26 23:00:00,Annual,Primary production,Wind,Gigawatt-hour,Poland,2008,836.801,,
ESTAT:NRG_BAL_C(1.0),06/03/26 23:00:00,Annual,Primary production,Wind,Gigawatt-hour,Poland,2009,1077.278,,
ESTAT:NRG_BAL_C(1.0),06/03/26 23:00:00,Annual,Primary production,Wind,Gigawatt-hour,Poland,2010,1664.339,,
ESTAT:NRG_BAL_C(1.0),06/03/26 23:00:00,Annual,Primary production,Wind,Gigawatt-hour,Poland,2011,3204.548,,
ESTAT:NRG_BAL_C(1.0),06/03/26 23:00:00,Annual,Primary production,Wind,Gigawatt-hour,Poland,2012,4746.590,,
ESTAT:NRG_BAL_C(1.0),06/03/26 23:00:00,Annual,Primary production,Wind,Gigawatt-hour,Poland,2013,6003.806,,
ESTAT:NRG_BAL_C(1.0),06/03/26 23:00:00,Annual,Primary production,Wind,Gigawatt-hour,Poland,2014,7675.629,,
ESTAT:NRG_BAL_C(1.0),06/03/26 23:00:00,Annual,Primary production,Wind,Gigawatt-hour,Poland,2015,10858.365,,
ESTAT:NRG_BAL_C(1.0),06/03/26 23:00:00,Annual,Primary production,Wind,Gigawatt-hour,Poland,2016,12587.590,,
ESTAT:NRG_BAL_C(1.0),06/03/26 23:00:00,Annual,Primary production,Wind,Gigawatt-hour,Poland,2017,14909.041,,
ESTAT:NRG_BAL_C(1.0),06/03/26 23:00:00,Annual,Primary production,Wind,Gigawatt-hour,Poland,2018,12798.792,,
ESTAT:NRG_BAL_C(1.0),06/03/26 23:00:00,Annual,Primary production,Wind,Gigawatt-hour,Poland,2019,15106.759,,
ESTAT:NRG_BAL_C(1.0),06/03/26 23:00:00,Annual,Primary production,Wind,Gigawatt-hour,Poland,2020,15800.049,,
ESTAT:NRG_BAL_C(1.0),06/03/26 23:00:00,Annual,Primary production,Wind,Gigawatt-hour,Poland,2021,16233.547,,
ESTAT:NRG_BAL_C(1.0),06/03/26 23:00:00,Annual,Primary production,Wind,Gigawatt-hour,Poland,2022,19779.538,,
ESTAT:NRG_BAL_C(1.0),06/03/26 23:00:00,Annual,Primary production,Wind,Gigawatt-hour,Poland,2023,24176.356,,
ESTAT:NRG_BAL_C(1.0),06/03/26 23:00:00,Annual,Primary production,Wind,Gigawatt-hour,Poland,2024,24945.223,,
ESTAT:NRG_BAL_C(1.0),06/03/26 23:00:00,Annual,Primary production,Wind,Gigawatt-hour,Portugal,2005,1773.263,,
ESTAT:NRG_BAL_C(1.0),06/03/26 23:00:00,Annual,Primary production,Wind,Gigawatt-hour,Portugal,2006,2925.472,,
ESTAT:NRG_BAL_C(1.0),06/03/26 23:00:00,Annual,Primary production,Wind,Gigawatt-hour,Portugal,2007,4036.708,,
ESTAT:NRG_BAL_C(1.0),06/03/26 23:00:00,Annual,Primary production,Wind,Gigawatt-hour,Portugal,2008,5757.380,,
ESTAT:NRG_BAL_C(1.0),06/03/26 23:00:00,Annual,Primary production,Wind,Gigawatt-hour,Portugal,2009,7576.963,,
ESTAT:NRG_BAL_C(1.0),06/03/26 23:00:00,Annual,Primary production,Wind,Gigawatt-hour,Portugal,2010,9181.572,,
ESTAT:NRG_BAL_C(1.0),06/03/26 23:00:00,Annual,Primary production,Wind,Gigawatt-hour,Portugal,2011,9161.612,,
ESTAT:NRG_BAL_C(1.0),06/03/26 23:00:00,Annual,Primary production,Wind,Gigawatt-hour,Portugal,2012,10259.778,,
ESTAT:NRG_BAL_C(1.0),06/03/26 23:00:00,Annual,Primary production,Wind,Gigawatt-hour,Portugal,2013,12014.601,,
ESTAT:NRG_BAL_C(1.0),06/03/26 23:00:00,Annual,Primary production,Wind,Gigawatt-hour,Portugal,2014,12111.395,,
ESTAT:NRG_BAL_C(1.0),06/03/26 23:00:00,Annual,Primary production,Wind,Gigawatt-hour,Portugal,2015,11607.638,,
ESTAT:NRG_BAL_C(1.0),06/03/26 23:00:00,Annual,Primary production,Wind,Gigawatt-hour,Portugal,2016,12474.096,,
ESTAT:NRG_BAL_C(1.0),06/03/26 23:00:00,Annual,Primary production,Wind,Gigawatt-hour,Portugal,2017,12247.853,,
ESTAT:NRG_BAL_C(1.0),06/03/26 23:00:00,Annual,Primary production,Wind,Gigawatt-hour,Portugal,2018,12616.584,,
ESTAT:NRG_BAL_C(1.0),06/03/26 23:00:00,Annual,Primary production,Wind,Gigawatt-hour,Portugal,2019,13666.949,,
ESTAT:NRG_BAL_C(1.0),06/03/26 23:00:00,Annual,Primary production,Wind,Gigawatt-hour,Portugal,2020,12298.663,,
ESTAT:NRG_BAL_C(1.0),06/03/26 23:00:00,Annual,Primary production,Wind,Gigawatt-hour,Portugal,2021,13215.614,,
ESTAT:NRG_BAL_C(1.0),06/03/26 23:00:00,Annual,Primary production,Wind,Gigawatt-hour,Portugal,2022,13244.007,,
ESTAT:NRG_BAL_C(1.0),06/03/26 23:00:00,Annual,Primary production,Wind,Gigawatt-hour,Portugal,2023,13145.398,,
ESTAT:NRG_BAL_C(1.0),06/03/26 23:00:00,Annual,Primary production,Wind,Gigawatt-hour,Portugal,2024,14418.962,,
ESTAT:NRG_BAL_C(1.0),06/03/26 23:00:00,Annual,Primary production,Wind,Gigawatt-hour,Romania,2005,0.227,,
ESTAT:NRG_BAL_C(1.0),06/03/26 23:00:00,Annual,Primary production,Wind,Gigawatt-hour,Romania,2006,0.556,,
ESTAT:NRG_BAL_C(1.0),06/03/26 23:00:00,Annual,Primary production,Wind,Gigawatt-hour,Romania,2007,2.524,,
ESTAT:NRG_BAL_C(1.0),06/03/26 23:00:00,Annual,Primary production,Wind,Gigawatt-hour,Romania,2008,4.978,,
ESTAT:NRG_BAL_C(1.0),06/03/26 23:00:00,Annual,Primary production,Wind,Gigawatt-hour,Romania,2009,9.069,,
ESTAT:NRG_BAL_C(1.0),06/03/26 23:00:00,Annual,Primary production,Wind,Gigawatt-hour,Romania,2010,306.348,,
ESTAT:NRG_BAL_C(1.0),06/03/26 23:00:00,Annual,Primary production,Wind,Gigawatt-hour,Romania,2011,1387.200,,
ESTAT:NRG_BAL_C(1.0),06/03/26 23:00:00,Annual,Primary production,Wind,Gigawatt-hour,Romania,2012,2639.875,,
ESTAT:NRG_BAL_C(1.0),06/03/26 23:00:00,Annual,Primary production,Wind,Gigawatt-hour,Romania,2013,4520.210,,
ESTAT:NRG_BAL_C(1.0),06/03/26 23:00:00,Annual,Primary production,Wind,Gigawatt-hour,Romania,2014,6200.910,,
ESTAT:NRG_BAL_C(1.0),06/03/26 23:00:00,Annual,Primary production,Wind,Gigawatt-hour,Romania,2015,7062.930,,
ESTAT:NRG_BAL_C(1.0),06/03/26 23:00:00,Annual,Primary production,Wind,Gigawatt-hour,Romania,2016,6590.000,,
ESTAT:NRG_BAL_C(1.0),06/03/26 23:00:00,Annual,Primary production,Wind,Gigawatt-hour,Romania,2017,7406.702,,
ESTAT:NRG_BAL_C(1.0),06/03/26 23:00:00,Annual,Primary production,Wind,Gigawatt-hour,Romania,2018,6322.219,,
ESTAT:NRG_BAL_C(1.0),06/03/26 23:00:00,Annual,Primary production,Wind,Gigawatt-hour,Romania,2019,6772.809,,
ESTAT:NRG_BAL_C(1.0),06/03/26 23:00:00,Annual,Primary production,Wind,Gigawatt-hour,Romania,2020,6945.462,,
ESTAT:NRG_BAL_C(1.0),06/03/26 23:00:00,Annual,Primary production,Wind,Gigawatt-hour,Romania,2021,6575.550,,
ESTAT:NRG_BAL_C(1.0),06/03/26 23:00:00,Annual,Primary production,Wind,Gigawatt-hour,Romania,2022,6996.872,,
ESTAT:NRG_BAL_C(1.0),06/03/26 23:00:00,Annual,Primary production,Wind,Gigawatt-hour,Romania,2023,7548.000,,
ESTAT:NRG_BAL_C(1.0),06/03/26 23:00:00,Annual,Primary production,Wind,Gigawatt-hour,Romania,2024,6350.280,,
ESTAT:NRG_BAL_C(1.0),06/03/26 23:00:00,Annual,Primary production,Wind,Gigawatt-hour,Sweden,2005,935.000,,
ESTAT:NRG_BAL_C(1.0),06/03/26 23:00:00,Annual,Primary production,Wind,Gigawatt-hour,Sweden,2006,984.000,,
ESTAT:NRG_BAL_C(1.0),06/03/26 23:00:00,Annual,Primary production,Wind,Gigawatt-hour,Sweden,2007,1426.000,,
ESTAT:NRG_BAL_C(1.0),06/03/26 23:00:00,Annual,Primary production,Wind,Gigawatt-hour,Sweden,2008,1998.000,,
ESTAT:NRG_BAL_C(1.0),06/03/26 23:00:00,Annual,Primary production,Wind,Gigawatt-hour,Sweden,2009,2491.000,,
ESTAT:NRG_BAL_C(1.0),06/03/26 23:00:00,Annual,Primary production,Wind,Gigawatt-hour,Sweden,2010,3487.000,,
ESTAT:NRG_BAL_C(1.0),06/03/26 23:00:00,Annual,Primary production,Wind,Gigawatt-hour,Sweden,2011,6107.000,,
ESTAT:NRG_BAL_C(1.0),06/03/26 23:00:00,Annual,Primary production,Wind,Gigawatt-hour,Sweden,2012,7164.000,,
ESTAT:NRG_BAL_C(1.0),06/03/26 23:00:00,Annual,Primary production,Wind,Gigawatt-hour,Sweden,2013,9842.000,,
ESTAT:NRG_BAL_C(1.0),06/03/26 23:00:00,Annual,Primary production,Wind,Gigawatt-hour,Sweden,2014,11235.000,,
ESTAT:NRG_BAL_C(1.0),06/03/26 23:00:00,Annual,Primary production,Wind,Gigawatt-hour,Sweden,2015,16322.000,,
ESTAT:NRG_BAL_C(1.0),06/03/26 23:00:00,Annual,Primary production,Wind,Gigawatt-hour,Sweden,2016,15479.000,,
ESTAT:NRG_BAL_C(1.0),06/03/26 23:00:00,Annual,Primary production,Wind,Gigawatt-hour,Sweden,2017,17609.000,,
ESTAT:NRG_BAL_C(1.0),06/03/26 23:00:00,Annual,Primary production,Wind,Gigawatt-hour,Sweden,2018,16623.000,,
ESTAT:NRG_BAL_C(1.0),06/03/26 23:00:00,Annual,Primary production,Wind,Gigawatt-hour,Sweden,2019,19847.000,,
ESTAT:NRG_BAL_C(1.0),06/03/26 23:00:00,Annual,Primary production,Wind,Gigawatt-hour,Sweden,2020,27526.000,,
ESTAT:NRG_BAL_C(1.0),06/03/26 23:00:00,Annual,Primary production,Wind,Gigawatt-hour,Sweden,2021,27244.000,,
ESTAT:NRG_BAL_C(1.0),06/03/26 23:00:00,Annual,Primary production,Wind,Gigawatt-hour,Sweden,2022,33253.000,,
ESTAT:NRG_BAL_C(1.0),06/03/26 23:00:00,Annual,Primary production,Wind,Gigawatt-hour,Sweden,2023,34245.000,,
ESTAT:NRG_BAL_C(1.0),06/03/26 23:00:00,Annual,Primary production,Wind,Gigawatt-hour,Sweden,2024,40621.000,,
ESTAT:NRG_BAL_C(1.0),06/03/26 23:00:00,Annual,Primary production,Wind,Gigawatt-hour,Slovenia,2005,0.000,,
ESTAT:NRG_BAL_C(1.0),06/03/26 23:00:00,Annual,Primary production,Wind,Gigawatt-hour,Slovenia,2006,0.000,,
ESTAT:NRG_BAL_C(1.0),06/03/26 23:00:00,Annual,Primary production,Wind,Gigawatt-hour,Slovenia,2007,0.000,,
ESTAT:NRG_BAL_C(1.0),06/03/26 23:00:00,Annual,Primary production,Wind,Gigawatt-hour,Slovenia,2008,0.000,,
ESTAT:NRG_BAL_C(1.0),06/03/26 23:00:00,Annual,Primary production,Wind,Gigawatt-hour,Slovenia,2009,0.000,,
ESTAT:NRG_BAL_C(1.0),06/03/26 23:00:00,Annual,Primary production,Wind,Gigawatt-hour,Slovenia,2010,0.000,,
ESTAT:NRG_BAL_C(1.0),06/03/26 23:00:00,Annual,Primary production,Wind,Gigawatt-hour,Slovenia,2011,0.000,,
ESTAT:NRG_BAL_C(1.0),06/03/26 23:00:00,Annual,Primary production,Wind,Gigawatt-hour,Slovenia,2012,0.000,,
ESTAT:NRG_BAL_C(1.0),06/03/26 23:00:00,Annual,Primary production,Wind,Gigawatt-hour,Slovenia,2013,4.221,,
ESTAT:NRG_BAL_C(1.0),06/03/26 23:00:00,Annual,Primary production,Wind,Gigawatt-hour,Slovenia,2014,4.209,,
ESTAT:NRG_BAL_C(1.0),06/03/26 23:00:00,Annual,Primary production,Wind,Gigawatt-hour,Slovenia,2015,6.028,,
ESTAT:NRG_BAL_C(1.0),06/03/26 23:00:00,Annual,Primary production,Wind,Gigawatt-hour,Slovenia,2016,5.778,,
ESTAT:NRG_BAL_C(1.0),06/03/26 23:00:00,Annual,Primary production,Wind,Gigawatt-hour,Slovenia,2017,5.716,,
ESTAT:NRG_BAL_C(1.0),06/03/26 23:00:00,Annual,Primary production,Wind,Gigawatt-hour,Slovenia,2018,6.021,,
ESTAT:NRG_BAL_C(1.0),06/03/26 23:00:00,Annual,Primary production,Wind,Gigawatt-hour,Slovenia,2019,6.150,,
ESTAT:NRG_BAL_C(1.0),06/03/26 23:00:00,Annual,Primary production,Wind,Gigawatt-hour,Slovenia,2020,6.251,,
ESTAT:NRG_BAL_C(1.0),06/03/26 23:00:00,Annual,Primary production,Wind,Gigawatt-hour,Slovenia,2021,5.593,,
ESTAT:NRG_BAL_C(1.0),06/03/26 23:00:00,Annual,Primary production,Wind,Gigawatt-hour,Slovenia,2022,5.731,,
ESTAT:NRG_BAL_C(1.0),06/03/26 23:00:00,Annual,Primary production,Wind,Gigawatt-hour,Slovenia,2023,6.372,,
ESTAT:NRG_BAL_C(1.0),06/03/26 23:00:00,Annual,Primary production,Wind,Gigawatt-hour,Slovenia,2024,6.550,,
ESTAT:NRG_BAL_C(1.0),06/03/26 23:00:00,Annual,Primary production,Wind,Gigawatt-hour,Slovakia,2005,6.000,,
ESTAT:NRG_BAL_C(1.0),06/03/26 23:00:00,Annual,Primary production,Wind,Gigawatt-hour,Slovakia,2006,6.000,,
ESTAT:NRG_BAL_C(1.0),06/03/26 23:00:00,Annual,Primary production,Wind,Gigawatt-hour,Slovakia,2007,8.000,,
ESTAT:NRG_BAL_C(1.0),06/03/26 23:00:00,Annual,Primary production,Wind,Gigawatt-hour,Slovakia,2008,7.000,,
ESTAT:NRG_BAL_C(1.0),06/03/26 23:00:00,Annual,Primary production,Wind,Gigawatt-hour,Slovakia,2009,6.000,,
ESTAT:NRG_BAL_C(1.0),06/03/26 23:00:00,Annual,Primary production,Wind,Gigawatt-hour,Slovakia,2010,6.000,,
ESTAT:NRG_BAL_C(1.0),06/03/26 23:00:00,Annual,Primary production,Wind,Gigawatt-hour,Slovakia,2011,5.000,,
ESTAT:NRG_BAL_C(1.0),06/03/26 23:00:00,Annual,Primary production,Wind,Gigawatt-hour,Slovakia,2012,6.000,,
ESTAT:NRG_BAL_C(1.0),06/03/26 23:00:00,Annual,Primary production,Wind,Gigawatt-hour,Slovakia,2013,6.000,,
ESTAT:NRG_BAL_C(1.0),06/03/26 23:00:00,Annual,Primary production,Wind,Gigawatt-hour,Slovakia,2014,6.000,,
ESTAT:NRG_BAL_C(1.0),06/03/26 23:00:00,Annual,Primary production,Wind,Gigawatt-hour,Slovakia,2015,6.000,,
ESTAT:NRG_BAL_C(1.0),06/03/26 23:00:00,Annual,Primary production,Wind,Gigawatt-hour,Slovakia,2016,6.000,,
ESTAT:NRG_BAL_C(1.0),06/03/26 23:00:00,Annual,Primary production,Wind,Gigawatt-hour,Slovakia,2017,6.000,,
ESTAT:NRG_BAL_C(1.0),06/03/26 23:00:00,Annual,Primary production,Wind,Gigawatt-hour,Slovakia,2018,6.000,,
ESTAT:NRG_BAL_C(1.0),06/03/26 23:00:00,Annual,Primary production,Wind,Gigawatt-hour,Slovakia,2019,6.000,,
ESTAT:NRG_BAL_C(1.0),06/03/26 23:00:00,Annual,Primary production,Wind,Gigawatt-hour,Slovakia,2020,4.000,,
ESTAT:NRG_BAL_C(1.0),06/03/26 23:00:00,Annual,Primary production,Wind,Gigawatt-hour,Slovakia,2021,5.000,,
ESTAT:NRG_BAL_C(1.0),06/03/26 23:00:00,Annual,Primary production,Wind,Gigawatt-hour,Slovakia,2022,4.000,,
ESTAT:NRG_BAL_C(1.0),06/03/26 23:00:00,Annual,Primary production,Wind,Gigawatt-hour,Slovakia,2023,4.000,,
ESTAT:NRG_BAL_C(1.0),06/03/26 23:00:00,Annual,Primary production,Wind,Gigawatt-hour,Slovakia,2024,5.000,,
ESTAT:NRG_BAL_C(1.0),06/03/26 23:00:00,Annual,Primary production,Solar photovoltaic,Gigawatt-hour,Austria,2005,21.018,,
ESTAT:NRG_BAL_C(1.0),06/03/26 23:00:00,Annual,Primary production,Solar photovoltaic,Gigawatt-hour,Austria,2006,22.387,,
ESTAT:NRG_BAL_C(1.0),06/03/26 23:00:00,Annual,Primary production,Solar photovoltaic,Gigawatt-hour,Austria,2007,24.238,,
ESTAT:NRG_BAL_C(1.0),06/03/26 23:00:00,Annual,Primary production,Solar photovoltaic,Gigawatt-hour,Austria,2008,30.120,,
ESTAT:NRG_BAL_C(1.0),06/03/26 23:00:00,Annual,Primary production,Solar photovoltaic,Gigawatt-hour,Austria,2009,48.915,,
ESTAT:NRG_BAL_C(1.0),06/03/26 23:00:00,Annual,Primary production,Solar photovoltaic,Gigawatt-hour,Austria,2010,88.813,,
ESTAT:NRG_BAL_C(1.0),06/03/26 23:00:00,Annual,Primary production,Solar photovoltaic,Gigawatt-hour,Austria,2011,174.070,,
ESTAT:NRG_BAL_C(1.0),06/03/26 23:00:00,Annual,Primary production,Solar photovoltaic,Gigawatt-hour,Austria,2012,337.483,,
ESTAT:NRG_BAL_C(1.0),06/03/26 23:00:00,Annual,Primary production,Solar photovoltaic,Gigawatt-hour,Austria,2013,625.974,,
ESTAT:NRG_BAL_C(1.0),06/03/26 23:00:00,Annual,Primary production,Solar photovoltaic,Gigawatt-hour,Austria,2014,785.246,,
ESTAT:NRG_BAL_C(1.0),06/03/26 23:00:00,Annual,Primary production,Solar photovoltaic,Gigawatt-hour,Austria,2015,937.098,,
ESTAT:NRG_BAL_C(1.0),06/03/26 23:00:00,Annual,Primary production,Solar photovoltaic,Gigawatt-hour,Austria,2016,1096.016,,
ESTAT:NRG_BAL_C(1.0),06/03/26 23:00:00,Annual,Primary production,Solar photovoltaic,Gigawatt-hour,Austria,2017,1268.971,,
ESTAT:NRG_BAL_C(1.0),06/03/26 23:00:00,Annual,Primary production,Solar photovoltaic,Gigawatt-hour,Austria,2018,1455.132,,
ESTAT:NRG_BAL_C(1.0),06/03/26 23:00:00,Annual,Primary production,Solar photovoltaic,Gigawatt-hour,Austria,2019,1702.093,,
ESTAT:NRG_BAL_C(1.0),06/03/26 23:00:00,Annual,Primary production,Solar photovoltaic,Gigawatt-hour,Austria,2020,2042.934,,
ESTAT:NRG_BAL_C(1.0),06/03/26 23:00:00,Annual,Primary production,Solar photovoltaic,Gigawatt-hour,Austria,2021,2782.602,,
ESTAT:NRG_BAL_C(1.0),06/03/26 23:00:00,Annual,Primary production,Solar photovoltaic,Gigawatt-hour,Austria,2022,3791.704,,
ESTAT:NRG_BAL_C(1.0),06/03/26 23:00:00,Annual,Primary production,Solar photovoltaic,Gigawatt-hour,Austria,2023,6888.539,,
ESTAT:NRG_BAL_C(1.0),06/03/26 23:00:00,Annual,Primary production,Solar photovoltaic,Gigawatt-hour,Austria,2024,8143.267,,
ESTAT:NRG_BAL_C(1.0),06/03/26 23:00:00,Annual,Primary production,Solar photovoltaic,Gigawatt-hour,Belgium,2005,1.340,,
ESTAT:NRG_BAL_C(1.0),06/03/26 23:00:00,Annual,Primary production,Solar photovoltaic,Gigawatt-hour,Belgium,2006,1.623,,
ESTAT:NRG_BAL_C(1.0),06/03/26 23:00:00,Annual,Primary production,Solar photovoltaic,Gigawatt-hour,Belgium,2007,6.058,,
ESTAT:NRG_BAL_C(1.0),06/03/26 23:00:00,Annual,Primary production,Solar photovoltaic,Gigawatt-hour,Belgium,2008,41.388,,
ESTAT:NRG_BAL_C(1.0),06/03/26 23:00:00,Annual,Primary production,Solar photovoltaic,Gigawatt-hour,Belgium,2009,166.008,,
ESTAT:NRG_BAL_C(1.0),06/03/26 23:00:00,Annual,Primary production,Solar photovoltaic,Gigawatt-hour,Belgium,2010,583.900,,
ESTAT:NRG_BAL_C(1.0),06/03/26 23:00:00,Annual,Primary production,Solar photovoltaic,Gigawatt-hour,Belgium,2011,1212.300,,
ESTAT:NRG_BAL_C(1.0),06/03/26 23:00:00,Annual,Primary production,Solar photovoltaic,Gigawatt-hour,Belgium,2012,2153.700,,
ESTAT:NRG_BAL_C(1.0),06/03/26 23:00:00,Annual,Primary production,Solar photovoltaic,Gigawatt-hour,Belgium,2013,2640.000,,
ESTAT:NRG_BAL_C(1.0),06/03/26 23:00:00,Annual,Primary production,Solar photovoltaic,Gigawatt-hour,Belgium,2014,2886.400,,
ESTAT:NRG_BAL_C(1.0),06/03/26 23:00:00,Annual,Primary production,Solar photovoltaic,Gigawatt-hour,Belgium,2015,3056.500,,
ESTAT:NRG_BAL_C(1.0),06/03/26 23:00:00,Annual,Primary production,Solar photovoltaic,Gigawatt-hour,Belgium,2016,3095.400,,
ESTAT:NRG_BAL_C(1.0),06/03/26 23:00:00,Annual,Primary production,Solar photovoltaic,Gigawatt-hour,Belgium,2017,3308.000,,
ESTAT:NRG_BAL_C(1.0),06/03/26 23:00:00,Annual,Primary production,Solar photovoltaic,Gigawatt-hour,Belgium,2018,3903.536,,
ESTAT:NRG_BAL_C(1.0),06/03/26 23:00:00,Annual,Primary production,Solar photovoltaic,Gigawatt-hour,Belgium,2019,4252.395,,
ESTAT:NRG_BAL_C(1.0),06/03/26 23:00:00,Annual,Primary production,Solar photovoltaic,Gigawatt-hour,Belgium,2020,5112.691,,
ESTAT:NRG_BAL_C(1.0),06/03/26 23:00:00,Annual,Primary production,Solar photovoltaic,Gigawatt-hour,Belgium,2021,5623.000,,
ESTAT:NRG_BAL_C(1.0),06/03/26 23:00:00,Annual,Primary production,Solar photovoltaic,Gigawatt-hour,Belgium,2022,6880.600,,
ESTAT:NRG_BAL_C(1.0),06/03/26 23:00:00,Annual,Primary production,Solar photovoltaic,Gigawatt-hour,Belgium,2023,7834.500,,
ESTAT:NRG_BAL_C(1.0),06/03/26 23:00:00,Annual,Primary production,Solar photovoltaic,Gigawatt-hour,Belgium,2024,8562.100,,
ESTAT:NRG_BAL_C(1.0),06/03/26 23:00:00,Annual,Primary production,Solar photovoltaic,Gigawatt-hour,Bulgaria,2005,0.000,,
ESTAT:NRG_BAL_C(1.0),06/03/26 23:00:00,Annual,Primary production,Solar photovoltaic,Gigawatt-hour,Bulgaria,2006,0.000,,
ESTAT:NRG_BAL_C(1.0),06/03/26 23:00:00,Annual,Primary production,Solar photovoltaic,Gigawatt-hour,Bulgaria,2007,0.060,,
ESTAT:NRG_BAL_C(1.0),06/03/26 23:00:00,Annual,Primary production,Solar photovoltaic,Gigawatt-hour,Bulgaria,2008,0.167,,
ESTAT:NRG_BAL_C(1.0),06/03/26 23:00:00,Annual,Primary production,Solar photovoltaic,Gigawatt-hour,Bulgaria,2009,3.267,,
ESTAT:NRG_BAL_C(1.0),06/03/26 23:00:00,Annual,Primary production,Solar photovoltaic,Gigawatt-hour,Bulgaria,2010,14.865,,
ESTAT:NRG_BAL_C(1.0),06/03/26 23:00:00,Annual,Primary production,Solar photovoltaic,Gigawatt-hour,Bulgaria,2011,100.862,,
ESTAT:NRG_BAL_C(1.0),06/03/26 23:00:00,Annual,Primary production,Solar photovoltaic,Gigawatt-hour,Bulgaria,2012,778.696,,
ESTAT:NRG_BAL_C(1.0),06/03/26 23:00:00,Annual,Primary production,Solar photovoltaic,Gigawatt-hour,Bulgaria,2013,1391.987,,
ESTAT:NRG_BAL_C(1.0),06/03/26 23:00:00,Annual,Primary production,Solar photovoltaic,Gigawatt-hour,Bulgaria,2014,1256.651,,
ESTAT:NRG_BAL_C(1.0),06/03/26 23:00:00,Annual,Primary production,Solar photovoltaic,Gigawatt-hour,Bulgaria,2015,1381.661,,
ESTAT:NRG_BAL_C(1.0),06/03/26 23:00:00,Annual,Primary production,Solar photovoltaic,Gigawatt-hour,Bulgaria,2016,1387.990,,
ESTAT:NRG_BAL_C(1.0),06/03/26 23:00:00,Annual,Primary production,Solar photovoltaic,Gigawatt-hour,Bulgaria,2017,1402.970,,
ESTAT:NRG_BAL_C(1.0),06/03/26 23:00:00,Annual,Primary production,Solar photovoltaic,Gigawatt-hour,Bulgaria,2018,1342.788,,
ESTAT:NRG_BAL_C(1.0),06/03/26 23:00:00,Annual,Primary production,Solar photovoltaic,Gigawatt-hour,Bulgaria,2019,1417.286,,
ESTAT:NRG_BAL_C(1.0),06/03/26 23:00:00,Annual,Primary production,Solar photovoltaic,Gigawatt-hour,Bulgaria,2020,1468.720,,
ESTAT:NRG_BAL_C(1.0),06/03/26 23:00:00,Annual,Primary production,Solar photovoltaic,Gigawatt-hour,Bulgaria,2021,1466.598,,
ESTAT:NRG_BAL_C(1.0),06/03/26 23:00:00,Annual,Primary production,Solar photovoltaic,Gigawatt-hour,Bulgaria,2022,2093.838,,
ESTAT:NRG_BAL_C(1.0),06/03/26 23:00:00,Annual,Primary production,Solar photovoltaic,Gigawatt-hour,Bulgaria,2023,3520.709,,
ESTAT:NRG_BAL_C(1.0),06/03/26 23:00:00,Annual,Primary production,Solar photovoltaic,Gigawatt-hour,Bulgaria,2024,5489.148,,
ESTAT:NRG_BAL_C(1.0),06/03/26 23:00:00,Annual,Primary production,Solar photovoltaic,Gigawatt-hour,Cyprus,2005,0.566,,
ESTAT:NRG_BAL_C(1.0),06/03/26 23:00:00,Annual,Primary production,Solar photovoltaic,Gigawatt-hour,Cyprus,2006,1.002,,
ESTAT:NRG_BAL_C(1.0),06/03/26 23:00:00,Annual,Primary production,Solar photovoltaic,Gigawatt-hour,Cyprus,2007,1.743,,
ESTAT:NRG_BAL_C(1.0),06/03/26 23:00:00,Annual,Primary production,Solar photovoltaic,Gigawatt-hour,Cyprus,2008,2.555,,
ESTAT:NRG_BAL_C(1.0),06/03/26 23:00:00,Annual,Primary production,Solar photovoltaic,Gigawatt-hour,Cyprus,2009,3.835,,
ESTAT:NRG_BAL_C(1.0),06/03/26 23:00:00,Annual,Primary production,Solar photovoltaic,Gigawatt-hour,Cyprus,2010,6.393,,
ESTAT:NRG_BAL_C(1.0),06/03/26 23:00:00,Annual,Primary production,Solar photovoltaic,Gigawatt-hour,Cyprus,2011,11.937,,
ESTAT:NRG_BAL_C(1.0),06/03/26 23:00:00,Annual,Primary production,Solar photovoltaic,Gigawatt-hour,Cyprus,2012,21.545,,
ESTAT:NRG_BAL_C(1.0),06/03/26 23:00:00,Annual,Primary production,Solar photovoltaic,Gigawatt-hour,Cyprus,2013,47.105,,
ESTAT:NRG_BAL_C(1.0),06/03/26 23:00:00,Annual,Primary production,Solar photovoltaic,Gigawatt-hour,Cyprus,2014,83.590,,
ESTAT:NRG_BAL_C(1.0),06/03/26 23:00:00,Annual,Primary production,Solar photovoltaic,Gigawatt-hour,Cyprus,2015,126.659,,
ESTAT:NRG_BAL_C(1.0),06/03/26 23:00:00,Annual,Primary production,Solar photovoltaic,Gigawatt-hour,Cyprus,2016,145.937,,
ESTAT:NRG_BAL_C(1.0),06/03/26 23:00:00,Annual,Primary production,Solar photovoltaic,Gigawatt-hour,Cyprus,2017,172.013,,
ESTAT:NRG_BAL_C(1.0),06/03/26 23:00:00,Annual,Primary production,Solar photovoltaic,Gigawatt-hour,Cyprus,2018,199.493,,
ESTAT:NRG_BAL_C(1.0),06/03/26 23:00:00,Annual,Primary production,Solar photovoltaic,Gigawatt-hour,Cyprus,2019,218.267,,
ESTAT:NRG_BAL_C(1.0),06/03/26 23:00:00,Annual,Primary production,Solar photovoltaic,Gigawatt-hour,Cyprus,2020,295.608,,
ESTAT:NRG_BAL_C(1.0),06/03/26 23:00:00,Annual,Primary production,Solar photovoltaic,Gigawatt-hour,Cyprus,2021,468.338,,
ESTAT:NRG_BAL_C(1.0),06/03/26 23:00:00,Annual,Primary production,Solar photovoltaic,Gigawatt-hour,Cyprus,2022,601.859,,
ESTAT:NRG_BAL_C(1.0),06/03/26 23:00:00,Annual,Primary production,Solar photovoltaic,Gigawatt-hour,Cyprus,2023,830.523,,
ESTAT:NRG_BAL_C(1.0),06/03/26 23:00:00,Annual,Primary production,Solar photovoltaic,Gigawatt-hour,Cyprus,2024,1108.457,,
ESTAT:NRG_BAL_C(1.0),06/03/26 23:00:00,Annual,Primary production,Solar photovoltaic,Gigawatt-hour,Czechia,2005,0.414,,
ESTAT:NRG_BAL_C(1.0),06/03/26 23:00:00,Annual,Primary production,Solar photovoltaic,Gigawatt-hour,Czechia,2006,0.592,,
ESTAT:NRG_BAL_C(1.0),06/03/26 23:00:00,Annual,Primary production,Solar photovoltaic,Gigawatt-hour,Czechia,2007,2.127,,
ESTAT:NRG_BAL_C(1.0),06/03/26 23:00:00,Annual,Primary production,Solar photovoltaic,Gigawatt-hour,Czechia,2008,12.937,,
ESTAT:NRG_BAL_C(1.0),06/03/26 23:00:00,Annual,Primary production,Solar photovoltaic,Gigawatt-hour,Czechia,2009,88.807,,
ESTAT:NRG_BAL_C(1.0),06/03/26 23:00:00,Annual,Primary production,Solar photovoltaic,Gigawatt-hour,Czechia,2010,615.702,,
ESTAT:NRG_BAL_C(1.0),06/03/26 23:00:00,Annual,Primary production,Solar photovoltaic,Gigawatt-hour,Czechia,2011,2182.018,,
ESTAT:NRG_BAL_C(1.0),06/03/26 23:00:00,Annual,Primary production,Solar photovoltaic,Gigawatt-hour,Czechia,2012,2148.624,,
ESTAT:NRG_BAL_C(1.0),06/03/26 23:00:00,Annual,Primary production,Solar photovoltaic,Gigawatt-hour,Czechia,2013,2032.654,,
ESTAT:NRG_BAL_C(1.0),06/03/26 23:00:00,Annual,Primary production,Solar photovoltaic,Gigawatt-hour,Czechia,2014,2122.869,,
ESTAT:NRG_BAL_C(1.0),06/03/26 23:00:00,Annual,Primary production,Solar photovoltaic,Gigawatt-hour,Czechia,2015,2263.846,,
ESTAT:NRG_BAL_C(1.0),06/03/26 23:00:00,Annual,Primary production,Solar photovoltaic,Gigawatt-hour,Czechia,2016,2131.455,,
ESTAT:NRG_BAL_C(1.0),06/03/26 23:00:00,Annual,Primary production,Solar photovoltaic,Gigawatt-hour,Czechia,2017,2199.263,,
ESTAT:NRG_BAL_C(1.0),06/03/26 23:00:00,Annual,Primary production,Solar photovoltaic,Gigawatt-hour,Czechia,2018,2364.775,,
ESTAT:NRG_BAL_C(1.0),06/03/26 23:00:00,Annual,Primary production,Solar photovoltaic,Gigawatt-hour,Czechia,2019,2316.154,,
ESTAT:NRG_BAL_C(1.0),06/03/26 23:00:00,Annual,Primary production,Solar photovoltaic,Gigawatt-hour,Czechia,2020,2294.363,,
ESTAT:NRG_BAL_C(1.0),06/03/26 23:00:00,Annual,Primary production,Solar photovoltaic,Gigawatt-hour,Czechia,2021,2249.863,,
ESTAT:NRG_BAL_C(1.0),06/03/26 23:00:00,Annual,Primary production,Solar photovoltaic,Gigawatt-hour,Czechia,2022,2626.272,,
ESTAT:NRG_BAL_C(1.0),06/03/26 23:00:00,Annual,Primary production,Solar photovoltaic,Gigawatt-hour,Czechia,2023,2892.093,,
ESTAT:NRG_BAL_C(1.0),06/03/26 23:00:00,Annual,Primary production,Solar photovoltaic,Gigawatt-hour,Czechia,2024,3592.683,,
ESTAT:NRG_BAL_C(1.0),06/03/26 23:00:00,Annual,Primary production,Solar photovoltaic,Gigawatt-hour,Germany,2005,1282.000,,
ESTAT:NRG_BAL_C(1.0),06/03/26 23:00:00,Annual,Primary production,Solar photovoltaic,Gigawatt-hour,Germany,2006,2220.000,,
ESTAT:NRG_BAL_C(1.0),06/03/26 23:00:00,Annual,Primary production,Solar photovoltaic,Gigawatt-hour,Germany,2007,3075.000,,
ESTAT:NRG_BAL_C(1.0),06/03/26 23:00:00,Annual,Primary production,Solar photovoltaic,Gigawatt-hour,Germany,2008,4420.000,,
ESTAT:NRG_BAL_C(1.0),06/03/26 23:00:00,Annual,Primary production,Solar photovoltaic,Gigawatt-hour,Germany,2009,6583.000,,
ESTAT:NRG_BAL_C(1.0),06/03/26 23:00:00,Annual,Primary production,Solar photovoltaic,Gigawatt-hour,Germany,2010,11729.000,,
ESTAT:NRG_BAL_C(1.0),06/03/26 23:00:00,Annual,Primary production,Solar photovoltaic,Gigawatt-hour,Germany,2011,19599.000,,
ESTAT:NRG_BAL_C(1.0),06/03/26 23:00:00,Annual,Primary production,Solar photovoltaic,Gigawatt-hour,Germany,2012,26380.000,,
ESTAT:NRG_BAL_C(1.0),06/03/26 23:00:00,Annual,Primary production,Solar photovoltaic,Gigawatt-hour,Germany,2013,31010.000,,
ESTAT:NRG_BAL_C(1.0),06/03/26 23:00:00,Annual,Primary production,Solar photovoltaic,Gigawatt-hour,Germany,2014,36056.000,,
ESTAT:NRG_BAL_C(1.0),06/03/26 23:00:00,Annual,Primary production,Solar photovoltaic,Gigawatt-hour,Germany,2015,38726.000,,
ESTAT:NRG_BAL_C(1.0),06/03/26 23:00:00,Annual,Primary production,Solar photovoltaic,Gigawatt-hour,Germany,2016,38098.000,,
ESTAT:NRG_BAL_C(1.0),06/03/26 23:00:00,Annual,Primary production,Solar photovoltaic,Gigawatt-hour,Germany,2017,39401.000,,
ESTAT:NRG_BAL_C(1.0),06/03/26 23:00:00,Annual,Primary production,Solar photovoltaic,Gigawatt-hour,Germany,2018,43459.000,,
ESTAT:NRG_BAL_C(1.0),06/03/26 23:00:00,Annual,Primary production,Solar photovoltaic,Gigawatt-hour,Germany,2019,44383.000,,
ESTAT:NRG_BAL_C(1.0),06/03/26 23:00:00,Annual,Primary production,Solar photovoltaic,Gigawatt-hour,Germany,2020,49496.000,,
ESTAT:NRG_BAL_C(1.0),06/03/26 23:00:00,Annual,Primary production,Solar photovoltaic,Gigawatt-hour,Germany,2021,50472.000,,
ESTAT:NRG_BAL_C(1.0),06/03/26 23:00:00,Annual,Primary production,Solar photovoltaic,Gigawatt-hour,Germany,2022,61022.000,,
ESTAT:NRG_BAL_C(1.0),06/03/26 23:00:00,Annual,Primary production,Solar photovoltaic,Gigawatt-hour,Germany,2023,64299.000,,
ESTAT:NRG_BAL_C(1.0),06/03/26 23:00:00,Annual,Primary production,Solar photovoltaic,Gigawatt-hour,Germany,2024,75379.000,,
ESTAT:NRG_BAL_C(1.0),06/03/26 23:00:00,Annual,Primary production,Solar photovoltaic,Gigawatt-hour,Denmark,2005,2.000,,
ESTAT:NRG_BAL_C(1.0),06/03/26 23:00:00,Annual,Primary production,Solar photovoltaic,Gigawatt-hour,Denmark,2006,2.000,,
ESTAT:NRG_BAL_C(1.0),06/03/26 23:00:00,Annual,Primary production,Solar photovoltaic,Gigawatt-hour,Denmark,2007,2.000,,
ESTAT:NRG_BAL_C(1.0),06/03/26 23:00:00,Annual,Primary production,Solar photovoltaic,Gigawatt-hour,Denmark,2008,3.000,,
ESTAT:NRG_BAL_C(1.0),06/03/26 23:00:00,Annual,Primary production,Solar photovoltaic,Gigawatt-hour,Denmark,2009,4.000,,
ESTAT:NRG_BAL_C(1.0),06/03/26 23:00:00,Annual,Primary production,Solar photovoltaic,Gigawatt-hour,Denmark,2010,6.027,,
ESTAT:NRG_BAL_C(1.0),06/03/26 23:00:00,Annual,Primary production,Solar photovoltaic,Gigawatt-hour,Denmark,2011,14.940,,
ESTAT:NRG_BAL_C(1.0),06/03/26 23:00:00,Annual,Primary production,Solar photovoltaic,Gigawatt-hour,Denmark,2012,103.861,,
ESTAT:NRG_BAL_C(1.0),06/03/26 23:00:00,Annual,Primary production,Solar photovoltaic,Gigawatt-hour,Denmark,2013,517.541,,
ESTAT:NRG_BAL_C(1.0),06/03/26 23:00:00,Annual,Primary production,Solar photovoltaic,Gigawatt-hour,Denmark,2014,595.518,,
ESTAT:NRG_BAL_C(1.0),06/03/26 23:00:00,Annual,Primary production,Solar photovoltaic,Gigawatt-hour,Denmark,2015,604.262,,
ESTAT:NRG_BAL_C(1.0),06/03/26 23:00:00,Annual,Primary production,Solar photovoltaic,Gigawatt-hour,Denmark,2016,743.780,,
ESTAT:NRG_BAL_C(1.0),06/03/26 23:00:00,Annual,Primary production,Solar photovoltaic,Gigawatt-hour,Denmark,2017,751.485,,
ESTAT:NRG_BAL_C(1.0),06/03/26 23:00:00,Annual,Primary production,Solar photovoltaic,Gigawatt-hour,Denmark,2018,952.973,,
ESTAT:NRG_BAL_C(1.0),06/03/26 23:00:00,Annual,Primary production,Solar photovoltaic,Gigawatt-hour,Denmark,2019,963.269,,
ESTAT:NRG_BAL_C(1.0),06/03/26 23:00:00,Annual,Primary production,Solar photovoltaic,Gigawatt-hour,Denmark,2020,1180.532,,
ESTAT:NRG_BAL_C(1.0),06/03/26 23:00:00,Annual,Primary production,Solar photovoltaic,Gigawatt-hour,Denmark,2021,1308.929,,
ESTAT:NRG_BAL_C(1.0),06/03/26 23:00:00,Annual,Primary production,Solar photovoltaic,Gigawatt-hour,Denmark,2022,2384.925,,
ESTAT:NRG_BAL_C(1.0),06/03/26 23:00:00,Annual,Primary production,Solar photovoltaic,Gigawatt-hour,Denmark,2023,3658.140,,
ESTAT:NRG_BAL_C(1.0),06/03/26 23:00:00,Annual,Primary production,Solar photovoltaic,Gigawatt-hour,Denmark,2024,3776.202,,
ESTAT:NRG_BAL_C(1.0),06/03/26 23:00:00,Annual,Primary production,Solar photovoltaic,Gigawatt-hour,Estonia,2005,0.000,,
ESTAT:NRG_BAL_C(1.0),06/03/26 23:00:00,Annual,Primary production,Solar photovoltaic,Gigawatt-hour,Estonia,2006,0.000,,
ESTAT:NRG_BAL_C(1.0),06/03/26 23:00:00,Annual,Primary production,Solar photovoltaic,Gigawatt-hour,Estonia,2007,0.000,,
ESTAT:NRG_BAL_C(1.0),06/03/26 23:00:00,Annual,Primary production,Solar photovoltaic,Gigawatt-hour,Estonia,2008,0.000,,
ESTAT:NRG_BAL_C(1.0),06/03/26 23:00:00,Annual,Primary production,Solar photovoltaic,Gigawatt-hour,Estonia,2009,0.000,,
ESTAT:NRG_BAL_C(1.0),06/03/26 23:00:00,Annual,Primary production,Solar photovoltaic,Gigawatt-hour,Estonia,2010,0.000,,
ESTAT:NRG_BAL_C(1.0),06/03/26 23:00:00,Annual,Primary production,Solar photovoltaic,Gigawatt-hour,Estonia,2011,0.000,,
ESTAT:NRG_BAL_C(1.0),06/03/26 23:00:00,Annual,Primary production,Solar photovoltaic,Gigawatt-hour,Estonia,2012,0.000,,
ESTAT:NRG_BAL_C(1.0),06/03/26 23:00:00,Annual,Primary production,Solar photovoltaic,Gigawatt-hour,Estonia,2013,0.000,,
ESTAT:NRG_BAL_C(1.0),06/03/26 23:00:00,Annual,Primary production,Solar photovoltaic,Gigawatt-hour,Estonia,2014,0.000,,
ESTAT:NRG_BAL_C(1.0),06/03/26 23:00:00,Annual,Primary production,Solar photovoltaic,Gigawatt-hour,Estonia,2015,0.000,,
ESTAT:NRG_BAL_C(1.0),06/03/26 23:00:00,Annual,Primary production,Solar photovoltaic,Gigawatt-hour,Estonia,2016,9.677,,
ESTAT:NRG_BAL_C(1.0),06/03/26 23:00:00,Annual,Primary production,Solar photovoltaic,Gigawatt-hour,Estonia,2017,14.492,,
ESTAT:NRG_BAL_C(1.0),06/03/26 23:00:00,Annual,Primary production,Solar photovoltaic,Gigawatt-hour,Estonia,2018,30.802,,
ESTAT:NRG_BAL_C(1.0),06/03/26 23:00:00,Annual,Primary production,Solar photovoltaic,Gigawatt-hour,Estonia,2019,73.500,,
ESTAT:NRG_BAL_C(1.0),06/03/26 23:00:00,Annual,Primary production,Solar photovoltaic,Gigawatt-hour,Estonia,2020,245.132,,
ESTAT:NRG_BAL_C(1.0),06/03/26 23:00:00,Annual,Primary production,Solar photovoltaic,Gigawatt-hour,Estonia,2021,353.670,,
ESTAT:NRG_BAL_C(1.0),06/03/26 23:00:00,Annual,Primary production,Solar photovoltaic,Gigawatt-hour,Estonia,2022,596.000,,
ESTAT:NRG_BAL_C(1.0),06/03/26 23:00:00,Annual,Primary production,Solar photovoltaic,Gigawatt-hour,Estonia,2023,721.000,,
ESTAT:NRG_BAL_C(1.0),06/03/26 23:00:00,Annual,Primary production,Solar photovoltaic,Gigawatt-hour,Estonia,2024,1065.427,,
ESTAT:NRG_BAL_C(1.0),06/03/26 23:00:00,Annual,Primary production,Solar photovoltaic,Gigawatt-hour,Greece,2005,0.953,,
ESTAT:NRG_BAL_C(1.0),06/03/26 23:00:00,Annual,Primary production,Solar photovoltaic,Gigawatt-hour,Greece,2006,1.386,,
ESTAT:NRG_BAL_C(1.0),06/03/26 23:00:00,Annual,Primary production,Solar photovoltaic,Gigawatt-hour,Greece,2007,1.420,,
ESTAT:NRG_BAL_C(1.0),06/03/26 23:00:00,Annual,Primary production,Solar photovoltaic,Gigawatt-hour,Greece,2008,5.236,,
ESTAT:NRG_BAL_C(1.0),06/03/26 23:00:00,Annual,Primary production,Solar photovoltaic,Gigawatt-hour,Greece,2009,50.000,,
ESTAT:NRG_BAL_C(1.0),06/03/26 23:00:00,Annual,Primary production,Solar photovoltaic,Gigawatt-hour,Greece,2010,157.748,,
ESTAT:NRG_BAL_C(1.0),06/03/26 23:00:00,Annual,Primary production,Solar photovoltaic,Gigawatt-hour,Greece,2011,610.311,,
ESTAT:NRG_BAL_C(1.0),06/03/26 23:00:00,Annual,Primary production,Solar photovoltaic,Gigawatt-hour,Greece,2012,1693.986,,
ESTAT:NRG_BAL_C(1.0),06/03/26 23:00:00,Annual,Primary production,Solar photovoltaic,Gigawatt-hour,Greece,2013,3648.101,,
ESTAT:NRG_BAL_C(1.0),06/03/26 23:00:00,Annual,Primary production,Solar photovoltaic,Gigawatt-hour,Greece,2014,3791.885,,
ESTAT:NRG_BAL_C(1.0),06/03/26 23:00:00,Annual,Primary production,Solar photovoltaic,Gigawatt-hour,Greece,2015,3899.636,,
ESTAT:NRG_BAL_C(1.0),06/03/26 23:00:00,Annual,Primary production,Solar photovoltaic,Gigawatt-hour,Greece,2016,3929.716,,
ESTAT:NRG_BAL_C(1.0),06/03/26 23:00:00,Annual,Primary production,Solar photovoltaic,Gigawatt-hour,Greece,2017,3991.477,,
ESTAT:NRG_BAL_C(1.0),06/03/26 23:00:00,Annual,Primary production,Solar photovoltaic,Gigawatt-hour,Greece,2018,3790.652,,
ESTAT:NRG_BAL_C(1.0),06/03/26 23:00:00,Annual,Primary production,Solar photovoltaic,Gigawatt-hour,Greece,2019,4428.510,,
ESTAT:NRG_BAL_C(1.0),06/03/26 23:00:00,Annual,Primary production,Solar photovoltaic,Gigawatt-hour,Greece,2020,4446.854,,
ESTAT:NRG_BAL_C(1.0),06/03/26 23:00:00,Annual,Primary production,Solar photovoltaic,Gigawatt-hour,Greece,2021,5250.978,,
ESTAT:NRG_BAL_C(1.0),06/03/26 23:00:00,Annual,Primary production,Solar photovoltaic,Gigawatt-hour,Greece,2022,7139.715,,
ESTAT:NRG_BAL_C(1.0),06/03/26 23:00:00,Annual,Primary production,Solar photovoltaic,Gigawatt-hour,Greece,2023,8893.572,,
ESTAT:NRG_BAL_C(1.0),06/03/26 23:00:00,Annual,Primary production,Solar photovoltaic,Gigawatt-hour,Greece,2024,11258.411,,
ESTAT:NRG_BAL_C(1.0),06/03/26 23:00:00,Annual,Primary production,Solar photovoltaic,Gigawatt-hour,Spain,2005,47.979,,
ESTAT:NRG_BAL_C(1.0),06/03/26 23:00:00,Annual,Primary production,Solar photovoltaic,Gigawatt-hour,Spain,2006,124.968,,
ESTAT:NRG_BAL_C(1.0),06/03/26 23:00:00,Annual,Primary production,Solar photovoltaic,Gigawatt-hour,Spain,2007,507.198,,
ESTAT:NRG_BAL_C(1.0),06/03/26 23:00:00,Annual,Primary production,Solar photovoltaic,Gigawatt-hour,Spain,2008,2562.000,,
ESTAT:NRG_BAL_C(1.0),06/03/26 23:00:00,Annual,Primary production,Solar photovoltaic,Gigawatt-hour,Spain,2009,5961.000,,
ESTAT:NRG_BAL_C(1.0),06/03/26 23:00:00,Annual,Primary production,Solar photovoltaic,Gigawatt-hour,Spain,2010,6425.000,,
ESTAT:NRG_BAL_C(1.0),06/03/26 23:00:00,Annual,Primary production,Solar photovoltaic,Gigawatt-hour,Spain,2011,7440.000,,
ESTAT:NRG_BAL_C(1.0),06/03/26 23:00:00,Annual,Primary production,Solar photovoltaic,Gigawatt-hour,Spain,2012,8192.581,,
ESTAT:NRG_BAL_C(1.0),06/03/26 23:00:00,Annual,Primary production,Solar photovoltaic,Gigawatt-hour,Spain,2013,8326.097,,
ESTAT:NRG_BAL_C(1.0),06/03/26 23:00:00,Annual,Primary production,Solar photovoltaic,Gigawatt-hour,Spain,2014,8217.637,,
ESTAT:NRG_BAL_C(1.0),06/03/26 23:00:00,Annual,Primary production,Solar photovoltaic,Gigawatt-hour,Spain,2015,8266.217,,
ESTAT:NRG_BAL_C(1.0),06/03/26 23:00:00,Annual,Primary production,Solar photovoltaic,Gigawatt-hour,Spain,2016,8063.530,,
ESTAT:NRG_BAL_C(1.0),06/03/26 23:00:00,Annual,Primary production,Solar photovoltaic,Gigawatt-hour,Spain,2017,8514.000,,
ESTAT:NRG_BAL_C(1.0),06/03/26 23:00:00,Annual,Primary production,Solar photovoltaic,Gigawatt-hour,Spain,2018,7877.000,,
ESTAT:NRG_BAL_C(1.0),06/03/26 23:00:00,Annual,Primary production,Solar photovoltaic,Gigawatt-hour,Spain,2019,9420.000,,
ESTAT:NRG_BAL_C(1.0),06/03/26 23:00:00,Annual,Primary production,Solar photovoltaic,Gigawatt-hour,Spain,2020,15675.000,,
ESTAT:NRG_BAL_C(1.0),06/03/26 23:00:00,Annual,Primary production,Solar photovoltaic,Gigawatt-hour,Spain,2021,21922.000,,
ESTAT:NRG_BAL_C(1.0),06/03/26 23:00:00,Annual,Primary production,Solar photovoltaic,Gigawatt-hour,Spain,2022,31187.000,,
ESTAT:NRG_BAL_C(1.0),06/03/26 23:00:00,Annual,Primary production,Solar photovoltaic,Gigawatt-hour,Spain,2023,43421.000,,
ESTAT:NRG_BAL_C(1.0),06/03/26 23:00:00,Annual,Primary production,Solar photovoltaic,Gigawatt-hour,Spain,2024,53752.440,,
ESTAT:NRG_BAL_C(1.0),06/03/26 23:00:00,Annual,Primary production,Solar photovoltaic,Gigawatt-hour,Finland,2005,2.631,,
ESTAT:NRG_BAL_C(1.0),06/03/26 23:00:00,Annual,Primary production,Solar photovoltaic,Gigawatt-hour,Finland,2006,3.379,,
ESTAT:NRG_BAL_C(1.0),06/03/26 23:00:00,Annual,Primary production,Solar photovoltaic,Gigawatt-hour,Finland,2007,3.811,,
ESTAT:NRG_BAL_C(1.0),06/03/26 23:00:00,Annual,Primary production,Solar photovoltaic,Gigawatt-hour,Finland,2008,3.944,,
ESTAT:NRG_BAL_C(1.0),06/03/26 23:00:00,Annual,Primary production,Solar photovoltaic,Gigawatt-hour,Finland,2009,4.317,,
ESTAT:NRG_BAL_C(1.0),06/03/26 23:00:00,Annual,Primary production,Solar photovoltaic,Gigawatt-hour,Finland,2010,4.739,,
ESTAT:NRG_BAL_C(1.0),06/03/26 23:00:00,Annual,Primary production,Solar photovoltaic,Gigawatt-hour,Finland,2011,5.300,,
ESTAT:NRG_BAL_C(1.0),06/03/26 23:00:00,Annual,Primary production,Solar photovoltaic,Gigawatt-hour,Finland,2012,5.749,,
ESTAT:NRG_BAL_C(1.0),06/03/26 23:00:00,Annual,Primary production,Solar photovoltaic,Gigawatt-hour,Finland,2013,6.452,,
ESTAT:NRG_BAL_C(1.0),06/03/26 23:00:00,Annual,Primary production,Solar photovoltaic,Gigawatt-hour,Finland,2014,7.752,,
ESTAT:NRG_BAL_C(1.0),06/03/26 23:00:00,Annual,Primary production,Solar photovoltaic,Gigawatt-hour,Finland,2015,11.311,,
ESTAT:NRG_BAL_C(1.0),06/03/26 23:00:00,Annual,Primary production,Solar photovoltaic,Gigawatt-hour,Finland,2016,22.066,,
ESTAT:NRG_BAL_C(1.0),06/03/26 23:00:00,Annual,Primary production,Solar photovoltaic,Gigawatt-hour,Finland,2017,48.513,,
ESTAT:NRG_BAL_C(1.0),06/03/26 23:00:00,Annual,Primary production,Solar photovoltaic,Gigawatt-hour,Finland,2018,90.225,,
ESTAT:NRG_BAL_C(1.0),06/03/26 23:00:00,Annual,Primary production,Solar photovoltaic,Gigawatt-hour,Finland,2019,147.182,,
ESTAT:NRG_BAL_C(1.0),06/03/26 23:00:00,Annual,Primary production,Solar photovoltaic,Gigawatt-hour,Finland,2020,218.471,,
ESTAT:NRG_BAL_C(1.0),06/03/26 23:00:00,Annual,Primary production,Solar photovoltaic,Gigawatt-hour,Finland,2021,297.518,,
ESTAT:NRG_BAL_C(1.0),06/03/26 23:00:00,Annual,Primary production,Solar photovoltaic,Gigawatt-hour,Finland,2022,392.342,,
ESTAT:NRG_BAL_C(1.0),06/03/26 23:00:00,Annual,Primary production,Solar photovoltaic,Gigawatt-hour,Finland,2023,716.440,,
ESTAT:NRG_BAL_C(1.0),06/03/26 23:00:00,Annual,Primary production,Solar photovoltaic,Gigawatt-hour,Finland,2024,939.941,,
ESTAT:NRG_BAL_C(1.0),06/03/26 23:00:00,Annual,Primary production,Solar photovoltaic,Gigawatt-hour,France,2005,10.501,,
ESTAT:NRG_BAL_C(1.0),06/03/26 23:00:00,Annual,Primary production,Solar photovoltaic,Gigawatt-hour,France,2006,12.103,,
ESTAT:NRG_BAL_C(1.0),06/03/26 23:00:00,Annual,Primary production,Solar photovoltaic,Gigawatt-hour,France,2007,17.572,,
ESTAT:NRG_BAL_C(1.0),06/03/26 23:00:00,Annual,Primary production,Solar photovoltaic,Gigawatt-hour,France,2008,41.692,,
ESTAT:NRG_BAL_C(1.0),06/03/26 23:00:00,Annual,Primary production,Solar photovoltaic,Gigawatt-hour,France,2009,173.971,,
ESTAT:NRG_BAL_C(1.0),06/03/26 23:00:00,Annual,Primary production,Solar photovoltaic,Gigawatt-hour,France,2010,620.000,,
ESTAT:NRG_BAL_C(1.0),06/03/26 23:00:00,Annual,Primary production,Solar photovoltaic,Gigawatt-hour,France,2011,2333.809,,
ESTAT:NRG_BAL_C(1.0),06/03/26 23:00:00,Annual,Primary production,Solar photovoltaic,Gigawatt-hour,France,2012,4427.939,,
ESTAT:NRG_BAL_C(1.0),06/03/26 23:00:00,Annual,Primary production,Solar photovoltaic,Gigawatt-hour,France,2013,5193.598,,
ESTAT:NRG_BAL_C(1.0),06/03/26 23:00:00,Annual,Primary production,Solar photovoltaic,Gigawatt-hour,France,2014,6391.620,,
ESTAT:NRG_BAL_C(1.0),06/03/26 23:00:00,Annual,Primary production,Solar photovoltaic,Gigawatt-hour,France,2015,7753.821,,
ESTAT:NRG_BAL_C(1.0),06/03/26 23:00:00,Annual,Primary production,Solar photovoltaic,Gigawatt-hour,France,2016,8659.959,,
ESTAT:NRG_BAL_C(1.0),06/03/26 23:00:00,Annual,Primary production,Solar photovoltaic,Gigawatt-hour,France,2017,8865.682,,
ESTAT:NRG_BAL_C(1.0),06/03/26 23:00:00,Annual,Primary production,Solar photovoltaic,Gigawatt-hour,France,2018,11146.014,,
ESTAT:NRG_BAL_C(1.0),06/03/26 23:00:00,Annual,Primary production,Solar photovoltaic,Gigawatt-hour,France,2019,12024.928,,
ESTAT:NRG_BAL_C(1.0),06/03/26 23:00:00,Annual,Primary production,Solar photovoltaic,Gigawatt-hour,France,2020,13090.073,,
ESTAT:NRG_BAL_C(1.0),06/03/26 23:00:00,Annual,Primary production,Solar photovoltaic,Gigawatt-hour,France,2021,15282.073,,
ESTAT:NRG_BAL_C(1.0),06/03/26 23:00:00,Annual,Primary production,Solar photovoltaic,Gigawatt-hour,France,2022,19341.015,,
ESTAT:NRG_BAL_C(1.0),06/03/26 23:00:00,Annual,Primary production,Solar photovoltaic,Gigawatt-hour,France,2023,22588.318,,
ESTAT:NRG_BAL_C(1.0),06/03/26 23:00:00,Annual,Primary production,Solar photovoltaic,Gigawatt-hour,France,2024,24871.343,,
ESTAT:NRG_BAL_C(1.0),06/03/26 23:00:00,Annual,Primary production,Solar photovoltaic,Gigawatt-hour,Croatia,2005,0.000,,
ESTAT:NRG_BAL_C(1.0),06/03/26 23:00:00,Annual,Primary production,Solar photovoltaic,Gigawatt-hour,Croatia,2006,0.000,,
ESTAT:NRG_BAL_C(1.0),06/03/26 23:00:00,Annual,Primary production,Solar photovoltaic,Gigawatt-hour,Croatia,2007,0.000,,
ESTAT:NRG_BAL_C(1.0),06/03/26 23:00:00,Annual,Primary production,Solar photovoltaic,Gigawatt-hour,Croatia,2008,0.000,,
ESTAT:NRG_BAL_C(1.0),06/03/26 23:00:00,Annual,Primary production,Solar photovoltaic,Gigawatt-hour,Croatia,2009,0.091,,
ESTAT:NRG_BAL_C(1.0),06/03/26 23:00:00,Annual,Primary production,Solar photovoltaic,Gigawatt-hour,Croatia,2010,0.120,,
ESTAT:NRG_BAL_C(1.0),06/03/26 23:00:00,Annual,Primary production,Solar photovoltaic,Gigawatt-hour,Croatia,2011,0.137,,
ESTAT:NRG_BAL_C(1.0),06/03/26 23:00:00,Annual,Primary production,Solar photovoltaic,Gigawatt-hour,Croatia,2012,2.404,,
ESTAT:NRG_BAL_C(1.0),06/03/26 23:00:00,Annual,Primary production,Solar photovoltaic,Gigawatt-hour,Croatia,2013,11.283,,
ESTAT:NRG_BAL_C(1.0),06/03/26 23:00:00,Annual,Primary production,Solar photovoltaic,Gigawatt-hour,Croatia,2014,35.174,,
ESTAT:NRG_BAL_C(1.0),06/03/26 23:00:00,Annual,Primary production,Solar photovoltaic,Gigawatt-hour,Croatia,2015,57.264,,
ESTAT:NRG_BAL_C(1.0),06/03/26 23:00:00,Annual,Primary production,Solar photovoltaic,Gigawatt-hour,Croatia,2016,65.541,,
ESTAT:NRG_BAL_C(1.0),06/03/26 23:00:00,Annual,Primary production,Solar photovoltaic,Gigawatt-hour,Croatia,2017,78.700,,
ESTAT:NRG_BAL_C(1.0),06/03/26 23:00:00,Annual,Primary production,Solar photovoltaic,Gigawatt-hour,Croatia,2018,74.900,,
ESTAT:NRG_BAL_C(1.0),06/03/26 23:00:00,Annual,Primary production,Solar photovoltaic,Gigawatt-hour,Croatia,2019,83.100,,
ESTAT:NRG_BAL_C(1.0),06/03/26 23:00:00,Annual,Primary production,Solar photovoltaic,Gigawatt-hour,Croatia,2020,95.500,,
ESTAT:NRG_BAL_C(1.0),06/03/26 23:00:00,Annual,Primary production,Solar photovoltaic,Gigawatt-hour,Croatia,2021,148.900,,
ESTAT:NRG_BAL_C(1.0),06/03/26 23:00:00,Annual,Primary production,Solar photovoltaic,Gigawatt-hour,Croatia,2022,151.900,,
ESTAT:NRG_BAL_C(1.0),06/03/26 23:00:00,Annual,Primary production,Solar photovoltaic,Gigawatt-hour,Croatia,2023,413.100,,
ESTAT:NRG_BAL_C(1.0),06/03/26 23:00:00,Annual,Primary production,Solar photovoltaic,Gigawatt-hour,Croatia,2024,820.000,,
ESTAT:NRG_BAL_C(1.0),06/03/26 23:00:00,Annual,Primary production,Solar photovoltaic,Gigawatt-hour,Hungary,2005,0.000,,
ESTAT:NRG_BAL_C(1.0),06/03/26 23:00:00,Annual,Primary production,Solar photovoltaic,Gigawatt-hour,Hungary,2006,0.000,,
ESTAT:NRG_BAL_C(1.0),06/03/26 23:00:00,Annual,Primary production,Solar photovoltaic,Gigawatt-hour,Hungary,2007,0.300,,
ESTAT:NRG_BAL_C(1.0),06/03/26 23:00:00,Annual,Primary production,Solar photovoltaic,Gigawatt-hour,Hungary,2008,0.550,,
ESTAT:NRG_BAL_C(1.0),06/03/26 23:00:00,Annual,Primary production,Solar photovoltaic,Gigawatt-hour,Hungary,2009,0.650,,
ESTAT:NRG_BAL_C(1.0),06/03/26 23:00:00,Annual,Primary production,Solar photovoltaic,Gigawatt-hour,Hungary,2010,0.850,,
ESTAT:NRG_BAL_C(1.0),06/03/26 23:00:00,Annual,Primary production,Solar photovoltaic,Gigawatt-hour,Hungary,2011,1.444,,
ESTAT:NRG_BAL_C(1.0),06/03/26 23:00:00,Annual,Primary production,Solar photovoltaic,Gigawatt-hour,Hungary,2012,7.908,,
ESTAT:NRG_BAL_C(1.0),06/03/26 23:00:00,Annual,Primary production,Solar photovoltaic,Gigawatt-hour,Hungary,2013,24.620,,
ESTAT:NRG_BAL_C(1.0),06/03/26 23:00:00,Annual,Primary production,Solar photovoltaic,Gigawatt-hour,Hungary,2014,67.000,,
ESTAT:NRG_BAL_C(1.0),06/03/26 23:00:00,Annual,Primary production,Solar photovoltaic,Gigawatt-hour,Hungary,2015,141.000,,
ESTAT:NRG_BAL_C(1.0),06/03/26 23:00:00,Annual,Primary production,Solar photovoltaic,Gigawatt-hour,Hungary,2016,244.000,,
ESTAT:NRG_BAL_C(1.0),06/03/26 23:00:00,Annual,Primary production,Solar photovoltaic,Gigawatt-hour,Hungary,2017,349.000,,
ESTAT:NRG_BAL_C(1.0),06/03/26 23:00:00,Annual,Primary production,Solar photovoltaic,Gigawatt-hour,Hungary,2018,629.000,,
ESTAT:NRG_BAL_C(1.0),06/03/26 23:00:00,Annual,Primary production,Solar photovoltaic,Gigawatt-hour,Hungary,2019,1497.000,,
ESTAT:NRG_BAL_C(1.0),06/03/26 23:00:00,Annual,Primary production,Solar photovoltaic,Gigawatt-hour,Hungary,2020,2459.000,,
ESTAT:NRG_BAL_C(1.0),06/03/26 23:00:00,Annual,Primary production,Solar photovoltaic,Gigawatt-hour,Hungary,2021,3796.000,,
ESTAT:NRG_BAL_C(1.0),06/03/26 23:00:00,Annual,Primary production,Solar photovoltaic,Gigawatt-hour,Hungary,2022,4732.000,,
ESTAT:NRG_BAL_C(1.0),06/03/26 23:00:00,Annual,Primary production,Solar photovoltaic,Gigawatt-hour,Hungary,2023,6925.000,,
ESTAT:NRG_BAL_C(1.0),06/03/26 23:00:00,Annual,Primary production,Solar photovoltaic,Gigawatt-hour,Hungary,2024,9200.000,,
ESTAT:NRG_BAL_C(1.0),06/03/26 23:00:00,Annual,Primary production,Solar photovoltaic,Gigawatt-hour,Ireland,2005,0.000,,
ESTAT:NRG_BAL_C(1.0),06/03/26 23:00:00,Annual,Primary production,Solar photovoltaic,Gigawatt-hour,Ireland,2006,0.000,,
ESTAT:NRG_BAL_C(1.0),06/03/26 23:00:00,Annual,Primary production,Solar photovoltaic,Gigawatt-hour,Ireland,2007,0.000,,
ESTAT:NRG_BAL_C(1.0),06/03/26 23:00:00,Annual,Primary production,Solar photovoltaic,Gigawatt-hour,Ireland,2008,0.000,,
ESTAT:NRG_BAL_C(1.0),06/03/26 23:00:00,Annual,Primary production,Solar photovoltaic,Gigawatt-hour,Ireland,2009,0.424,,
ESTAT:NRG_BAL_C(1.0),06/03/26 23:00:00,Annual,Primary production,Solar photovoltaic,Gigawatt-hour,Ireland,2010,0.476,,
ESTAT:NRG_BAL_C(1.0),06/03/26 23:00:00,Annual,Primary production,Solar photovoltaic,Gigawatt-hour,Ireland,2011,0.542,,
ESTAT:NRG_BAL_C(1.0),06/03/26 23:00:00,Annual,Primary production,Solar photovoltaic,Gigawatt-hour,Ireland,2012,0.645,,
ESTAT:NRG_BAL_C(1.0),06/03/26 23:00:00,Annual,Primary production,Solar photovoltaic,Gigawatt-hour,Ireland,2013,0.828,,
ESTAT:NRG_BAL_C(1.0),06/03/26 23:00:00,Annual,Primary production,Solar photovoltaic,Gigawatt-hour,Ireland,2014,1.129,,
ESTAT:NRG_BAL_C(1.0),06/03/26 23:00:00,Annual,Primary production,Solar photovoltaic,Gigawatt-hour,Ireland,2015,2.046,,
ESTAT:NRG_BAL_C(1.0),06/03/26 23:00:00,Annual,Primary production,Solar photovoltaic,Gigawatt-hour,Ireland,2016,4.736,,
ESTAT:NRG_BAL_C(1.0),06/03/26 23:00:00,Annual,Primary production,Solar photovoltaic,Gigawatt-hour,Ireland,2017,9.951,,
ESTAT:NRG_BAL_C(1.0),06/03/26 23:00:00,Annual,Primary production,Solar photovoltaic,Gigawatt-hour,Ireland,2018,18.151,,
ESTAT:NRG_BAL_C(1.0),06/03/26 23:00:00,Annual,Primary production,Solar photovoltaic,Gigawatt-hour,Ireland,2019,33.811,,
ESTAT:NRG_BAL_C(1.0),06/03/26 23:00:00,Annual,Primary production,Solar photovoltaic,Gigawatt-hour,Ireland,2020,55.114,,
ESTAT:NRG_BAL_C(1.0),06/03/26 23:00:00,Annual,Primary production,Solar photovoltaic,Gigawatt-hour,Ireland,2021,84.647,,
ESTAT:NRG_BAL_C(1.0),06/03/26 23:00:00,Annual,Primary production,Solar photovoltaic,Gigawatt-hour,Ireland,2022,148.665,,
ESTAT:NRG_BAL_C(1.0),06/03/26 23:00:00,Annual,Primary production,Solar photovoltaic,Gigawatt-hour,Ireland,2023,646.482,,
ESTAT:NRG_BAL_C(1.0),06/03/26 23:00:00,Annual,Primary production,Solar photovoltaic,Gigawatt-hour,Ireland,2024,1093.092,,
ESTAT:NRG_BAL_C(1.0),06/03/26 23:00:00,Annual,Primary production,Solar photovoltaic,Gigawatt-hour,Italy,2005,31.000,,
ESTAT:NRG_BAL_C(1.0),06/03/26 23:00:00,Annual,Primary production,Solar photovoltaic,Gigawatt-hour,Italy,2006,35.000,,
ESTAT:NRG_BAL_C(1.0),06/03/26 23:00:00,Annual,Primary production,Solar photovoltaic,Gigawatt-hour,Italy,2007,38.953,,
ESTAT:NRG_BAL_C(1.0),06/03/26 23:00:00,Annual,Primary production,Solar photovoltaic,Gigawatt-hour,Italy,2008,192.965,,
ESTAT:NRG_BAL_C(1.0),06/03/26 23:00:00,Annual,Primary production,Solar photovoltaic,Gigawatt-hour,Italy,2009,676.481,,
ESTAT:NRG_BAL_C(1.0),06/03/26 23:00:00,Annual,Primary production,Solar photovoltaic,Gigawatt-hour,Italy,2010,1905.661,,
ESTAT:NRG_BAL_C(1.0),06/03/26 23:00:00,Annual,Primary production,Solar photovoltaic,Gigawatt-hour,Italy,2011,10795.723,,
ESTAT:NRG_BAL_C(1.0),06/03/26 23:00:00,Annual,Primary production,Solar photovoltaic,Gigawatt-hour,Italy,2012,18861.732,,
ESTAT:NRG_BAL_C(1.0),06/03/26 23:00:00,Annual,Primary production,Solar photovoltaic,Gigawatt-hour,Italy,2013,21588.622,,
ESTAT:NRG_BAL_C(1.0),06/03/26 23:00:00,Annual,Primary production,Solar photovoltaic,Gigawatt-hour,Italy,2014,22306.365,,
ESTAT:NRG_BAL_C(1.0),06/03/26 23:00:00,Annual,Primary production,Solar photovoltaic,Gigawatt-hour,Italy,2015,22942.192,,
ESTAT:NRG_BAL_C(1.0),06/03/26 23:00:00,Annual,Primary production,Solar photovoltaic,Gigawatt-hour,Italy,2016,22104.259,,
ESTAT:NRG_BAL_C(1.0),06/03/26 23:00:00,Annual,Primary production,Solar photovoltaic,Gigawatt-hour,Italy,2017,24377.711,,
ESTAT:NRG_BAL_C(1.0),06/03/26 23:00:00,Annual,Primary production,Solar photovoltaic,Gigawatt-hour,Italy,2018,22653.838,,
ESTAT:NRG_BAL_C(1.0),06/03/26 23:00:00,Annual,Primary production,Solar photovoltaic,Gigawatt-hour,Italy,2019,23688.900,,
ESTAT:NRG_BAL_C(1.0),06/03/26 23:00:00,Annual,Primary production,Solar photovoltaic,Gigawatt-hour,Italy,2020,24941.504,,
ESTAT:NRG_BAL_C(1.0),06/03/26 23:00:00,Annual,Primary production,Solar photovoltaic,Gigawatt-hour,Italy,2021,25038.990,,
ESTAT:NRG_BAL_C(1.0),06/03/26 23:00:00,Annual,Primary production,Solar photovoltaic,Gigawatt-hour,Italy,2022,28121.457,,
ESTAT:NRG_BAL_C(1.0),06/03/26 23:00:00,Annual,Primary production,Solar photovoltaic,Gigawatt-hour,Italy,2023,30711.082,,
ESTAT:NRG_BAL_C(1.0),06/03/26 23:00:00,Annual,Primary production,Solar photovoltaic,Gigawatt-hour,Italy,2024,35993.103,,
ESTAT:NRG_BAL_C(1.0),06/03/26 23:00:00,Annual,Primary production,Solar photovoltaic,Gigawatt-hour,Lithuania,2005,0.000,,
ESTAT:NRG_BAL_C(1.0),06/03/26 23:00:00,Annual,Primary production,Solar photovoltaic,Gigawatt-hour,Lithuania,2006,0.000,,
ESTAT:NRG_BAL_C(1.0),06/03/26 23:00:00,Annual,Primary production,Solar photovoltaic,Gigawatt-hour,Lithuania,2007,0.000,,
ESTAT:NRG_BAL_C(1.0),06/03/26 23:00:00,Annual,Primary production,Solar photovoltaic,Gigawatt-hour,Lithuania,2008,0.000,,
ESTAT:NRG_BAL_C(1.0),06/03/26 23:00:00,Annual,Primary production,Solar photovoltaic,Gigawatt-hour,Lithuania,2009,0.000,,
ESTAT:NRG_BAL_C(1.0),06/03/26 23:00:00,Annual,Primary production,Solar photovoltaic,Gigawatt-hour,Lithuania,2010,0.000,,
ESTAT:NRG_BAL_C(1.0),06/03/26 23:00:00,Annual,Primary production,Solar photovoltaic,Gigawatt-hour,Lithuania,2011,0.000,,
ESTAT:NRG_BAL_C(1.0),06/03/26 23:00:00,Annual,Primary production,Solar photovoltaic,Gigawatt-hour,Lithuania,2012,2.000,,
ESTAT:NRG_BAL_C(1.0),06/03/26 23:00:00,Annual,Primary production,Solar photovoltaic,Gigawatt-hour,Lithuania,2013,45.000,,
ESTAT:NRG_BAL_C(1.0),06/03/26 23:00:00,Annual,Primary production,Solar photovoltaic,Gigawatt-hour,Lithuania,2014,73.000,,
ESTAT:NRG_BAL_C(1.0),06/03/26 23:00:00,Annual,Primary production,Solar photovoltaic,Gigawatt-hour,Lithuania,2015,73.000,,
ESTAT:NRG_BAL_C(1.0),06/03/26 23:00:00,Annual,Primary production,Solar photovoltaic,Gigawatt-hour,Lithuania,2016,66.000,,
ESTAT:NRG_BAL_C(1.0),06/03/26 23:00:00,Annual,Primary production,Solar photovoltaic,Gigawatt-hour,Lithuania,2017,68.000,,
ESTAT:NRG_BAL_C(1.0),06/03/26 23:00:00,Annual,Primary production,Solar photovoltaic,Gigawatt-hour,Lithuania,2018,86.600,,
ESTAT:NRG_BAL_C(1.0),06/03/26 23:00:00,Annual,Primary production,Solar photovoltaic,Gigawatt-hour,Lithuania,2019,91.100,,
ESTAT:NRG_BAL_C(1.0),06/03/26 23:00:00,Annual,Primary production,Solar photovoltaic,Gigawatt-hour,Lithuania,2020,128.800,,
ESTAT:NRG_BAL_C(1.0),06/03/26 23:00:00,Annual,Primary production,Solar photovoltaic,Gigawatt-hour,Lithuania,2021,190.800,,
ESTAT:NRG_BAL_C(1.0),06/03/26 23:00:00,Annual,Primary production,Solar photovoltaic,Gigawatt-hour,Lithuania,2022,342.000,,
ESTAT:NRG_BAL_C(1.0),06/03/26 23:00:00,Annual,Primary production,Solar photovoltaic,Gigawatt-hour,Lithuania,2023,688.400,,
ESTAT:NRG_BAL_C(1.0),06/03/26 23:00:00,Annual,Primary production,Solar photovoltaic,Gigawatt-hour,Lithuania,2024,1397.200,,
ESTAT:NRG_BAL_C(1.0),06/03/26 23:00:00,Annual,Primary production,Solar photovoltaic,Gigawatt-hour,Luxembourg,2005,17.698,,
ESTAT:NRG_BAL_C(1.0),06/03/26 23:00:00,Annual,Primary production,Solar photovoltaic,Gigawatt-hour,Luxembourg,2006,21.114,,
ESTAT:NRG_BAL_C(1.0),06/03/26 23:00:00,Annual,Primary production,Solar photovoltaic,Gigawatt-hour,Luxembourg,2007,20.901,,
ESTAT:NRG_BAL_C(1.0),06/03/26 23:00:00,Annual,Primary production,Solar photovoltaic,Gigawatt-hour,Luxembourg,2008,20.031,,
ESTAT:NRG_BAL_C(1.0),06/03/26 23:00:00,Annual,Primary production,Solar photovoltaic,Gigawatt-hour,Luxembourg,2009,20.316,,
ESTAT:NRG_BAL_C(1.0),06/03/26 23:00:00,Annual,Primary production,Solar photovoltaic,Gigawatt-hour,Luxembourg,2010,21.148,,
ESTAT:NRG_BAL_C(1.0),06/03/26 23:00:00,Annual,Primary production,Solar photovoltaic,Gigawatt-hour,Luxembourg,2011,25.744,,
ESTAT:NRG_BAL_C(1.0),06/03/26 23:00:00,Annual,Primary production,Solar photovoltaic,Gigawatt-hour,Luxembourg,2012,38.277,,
ESTAT:NRG_BAL_C(1.0),06/03/26 23:00:00,Annual,Primary production,Solar photovoltaic,Gigawatt-hour,Luxembourg,2013,73.738,,
ESTAT:NRG_BAL_C(1.0),06/03/26 23:00:00,Annual,Primary production,Solar photovoltaic,Gigawatt-hour,Luxembourg,2014,94.741,,
ESTAT:NRG_BAL_C(1.0),06/03/26 23:00:00,Annual,Primary production,Solar photovoltaic,Gigawatt-hour,Luxembourg,2015,103.721,,
ESTAT:NRG_BAL_C(1.0),06/03/26 23:00:00,Annual,Primary production,Solar photovoltaic,Gigawatt-hour,Luxembourg,2016,100.288,,
ESTAT:NRG_BAL_C(1.0),06/03/26 23:00:00,Annual,Primary production,Solar photovoltaic,Gigawatt-hour,Luxembourg,2017,108.463,,
ESTAT:NRG_BAL_C(1.0),06/03/26 23:00:00,Annual,Primary production,Solar photovoltaic,Gigawatt-hour,Luxembourg,2018,118.725,,
ESTAT:NRG_BAL_C(1.0),06/03/26 23:00:00,Annual,Primary production,Solar photovoltaic,Gigawatt-hour,Luxembourg,2019,130.385,,
ESTAT:NRG_BAL_C(1.0),06/03/26 23:00:00,Annual,Primary production,Solar photovoltaic,Gigawatt-hour,Luxembourg,2020,161.261,,
ESTAT:NRG_BAL_C(1.0),06/03/26 23:00:00,Annual,Primary production,Solar photovoltaic,Gigawatt-hour,Luxembourg,2021,180.187,,
ESTAT:NRG_BAL_C(1.0),06/03/26 23:00:00,Annual,Primary production,Solar photovoltaic,Gigawatt-hour,Luxembourg,2022,276.268,,
ESTAT:NRG_BAL_C(1.0),06/03/26 23:00:00,Annual,Primary production,Solar photovoltaic,Gigawatt-hour,Luxembourg,2023,293.914,,
ESTAT:NRG_BAL_C(1.0),06/03/26 23:00:00,Annual,Primary production,Solar photovoltaic,Gigawatt-hour,Luxembourg,2024,359.596,,
ESTAT:NRG_BAL_C(1.0),06/03/26 23:00:00,Annual,Primary production,Solar photovoltaic,Gigawatt-hour,Latvia,2005,0.000,,
ESTAT:NRG_BAL_C(1.0),06/03/26 23:00:00,Annual,Primary production,Solar photovoltaic,Gigawatt-hour,Latvia,2006,0.000,,
ESTAT:NRG_BAL_C(1.0),06/03/26 23:00:00,Annual,Primary production,Solar photovoltaic,Gigawatt-hour,Latvia,2007,0.000,,
ESTAT:NRG_BAL_C(1.0),06/03/26 23:00:00,Annual,Primary production,Solar photovoltaic,Gigawatt-hour,Latvia,2008,0.000,,
ESTAT:NRG_BAL_C(1.0),06/03/26 23:00:00,Annual,Primary production,Solar photovoltaic,Gigawatt-hour,Latvia,2009,0.000,,
ESTAT:NRG_BAL_C(1.0),06/03/26 23:00:00,Annual,Primary production,Solar photovoltaic,Gigawatt-hour,Latvia,2010,0.000,,
ESTAT:NRG_BAL_C(1.0),06/03/26 23:00:00,Annual,Primary production,Solar photovoltaic,Gigawatt-hour,Latvia,2011,0.000,,
ESTAT:NRG_BAL_C(1.0),06/03/26 23:00:00,Annual,Primary production,Solar photovoltaic,Gigawatt-hour,Latvia,2012,0.010,,
ESTAT:NRG_BAL_C(1.0),06/03/26 23:00:00,Annual,Primary production,Solar photovoltaic,Gigawatt-hour,Latvia,2013,0.067,,
ESTAT:NRG_BAL_C(1.0),06/03/26 23:00:00,Annual,Primary production,Solar photovoltaic,Gigawatt-hour,Latvia,2014,0.099,,
ESTAT:NRG_BAL_C(1.0),06/03/26 23:00:00,Annual,Primary production,Solar photovoltaic,Gigawatt-hour,Latvia,2015,0.235,,
ESTAT:NRG_BAL_C(1.0),06/03/26 23:00:00,Annual,Primary production,Solar photovoltaic,Gigawatt-hour,Latvia,2016,0.382,,
ESTAT:NRG_BAL_C(1.0),06/03/26 23:00:00,Annual,Primary production,Solar photovoltaic,Gigawatt-hour,Latvia,2017,0.440,,
ESTAT:NRG_BAL_C(1.0),06/03/26 23:00:00,Annual,Primary production,Solar photovoltaic,Gigawatt-hour,Latvia,2018,1.273,,
ESTAT:NRG_BAL_C(1.0),06/03/26 23:00:00,Annual,Primary production,Solar photovoltaic,Gigawatt-hour,Latvia,2019,3.137,,
ESTAT:NRG_BAL_C(1.0),06/03/26 23:00:00,Annual,Primary production,Solar photovoltaic,Gigawatt-hour,Latvia,2020,4.847,,
ESTAT:NRG_BAL_C(1.0),06/03/26 23:00:00,Annual,Primary production,Solar photovoltaic,Gigawatt-hour,Latvia,2021,6.797,,
ESTAT:NRG_BAL_C(1.0),06/03/26 23:00:00,Annual,Primary production,Solar photovoltaic,Gigawatt-hour,Latvia,2022,75.163,,
ESTAT:NRG_BAL_C(1.0),06/03/26 23:00:00,Annual,Primary production,Solar photovoltaic,Gigawatt-hour,Latvia,2023,239.068,,
ESTAT:NRG_BAL_C(1.0),06/03/26 23:00:00,Annual,Primary production,Solar photovoltaic,Gigawatt-hour,Latvia,2024,536.379,,
ESTAT:NRG_BAL_C(1.0),06/03/26 23:00:00,Annual,Primary production,Solar photovoltaic,Gigawatt-hour,Malta,2005,0.000,,
ESTAT:NRG_BAL_C(1.0),06/03/26 23:00:00,Annual,Primary production,Solar photovoltaic,Gigawatt-hour,Malta,2006,0.000,,
ESTAT:NRG_BAL_C(1.0),06/03/26 23:00:00,Annual,Primary production,Solar photovoltaic,Gigawatt-hour,Malta,2007,0.000,,
ESTAT:NRG_BAL_C(1.0),06/03/26 23:00:00,Annual,Primary production,Solar photovoltaic,Gigawatt-hour,Malta,2008,0.000,,
ESTAT:NRG_BAL_C(1.0),06/03/26 23:00:00,Annual,Primary production,Solar photovoltaic,Gigawatt-hour,Malta,2009,0.000,,
ESTAT:NRG_BAL_C(1.0),06/03/26 23:00:00,Annual,Primary production,Solar photovoltaic,Gigawatt-hour,Malta,2010,0.680,,
ESTAT:NRG_BAL_C(1.0),06/03/26 23:00:00,Annual,Primary production,Solar photovoltaic,Gigawatt-hour,Malta,2011,4.990,,
ESTAT:NRG_BAL_C(1.0),06/03/26 23:00:00,Annual,Primary production,Solar photovoltaic,Gigawatt-hour,Malta,2012,16.690,,
ESTAT:NRG_BAL_C(1.0),06/03/26 23:00:00,Annual,Primary production,Solar photovoltaic,Gigawatt-hour,Malta,2013,29.470,,
ESTAT:NRG_BAL_C(1.0),06/03/26 23:00:00,Annual,Primary production,Solar photovoltaic,Gigawatt-hour,Malta,2014,68.380,,
ESTAT:NRG_BAL_C(1.0),06/03/26 23:00:00,Annual,Primary production,Solar photovoltaic,Gigawatt-hour,Malta,2015,94.990,,
ESTAT:NRG_BAL_C(1.0),06/03/26 23:00:00,Annual,Primary production,Solar photovoltaic,Gigawatt-hour,Malta,2016,127.885,,
ESTAT:NRG_BAL_C(1.0),06/03/26 23:00:00,Annual,Primary production,Solar photovoltaic,Gigawatt-hour,Malta,2017,162.261,,
ESTAT:NRG_BAL_C(1.0),06/03/26 23:00:00,Annual,Primary production,Solar photovoltaic,Gigawatt-hour,Malta,2018,189.981,,
ESTAT:NRG_BAL_C(1.0),06/03/26 23:00:00,Annual,Primary production,Solar photovoltaic,Gigawatt-hour,Malta,2019,195.386,,
ESTAT:NRG_BAL_C(1.0),06/03/26 23:00:00,Annual,Primary production,Solar photovoltaic,Gigawatt-hour,Malta,2020,236.866,,
ESTAT:NRG_BAL_C(1.0),06/03/26 23:00:00,Annual,Primary production,Solar photovoltaic,Gigawatt-hour,Malta,2021,255.754,,
ESTAT:NRG_BAL_C(1.0),06/03/26 23:00:00,Annual,Primary production,Solar photovoltaic,Gigawatt-hour,Malta,2022,288.972,,
ESTAT:NRG_BAL_C(1.0),06/03/26 23:00:00,Annual,Primary production,Solar photovoltaic,Gigawatt-hour,Malta,2023,308.621,,
ESTAT:NRG_BAL_C(1.0),06/03/26 23:00:00,Annual,Primary production,Solar photovoltaic,Gigawatt-hour,Malta,2024,326.676,,
ESTAT:NRG_BAL_C(1.0),06/03/26 23:00:00,Annual,Primary production,Solar photovoltaic,Gigawatt-hour,Netherlands,2005,35.426,,
ESTAT:NRG_BAL_C(1.0),06/03/26 23:00:00,Annual,Primary production,Solar photovoltaic,Gigawatt-hour,Netherlands,2006,36.543,,
ESTAT:NRG_BAL_C(1.0),06/03/26 23:00:00,Annual,Primary production,Solar photovoltaic,Gigawatt-hour,Netherlands,2007,37.565,,
ESTAT:NRG_BAL_C(1.0),06/03/26 23:00:00,Annual,Primary production,Solar photovoltaic,Gigawatt-hour,Netherlands,2008,39.610,,
ESTAT:NRG_BAL_C(1.0),06/03/26 23:00:00,Annual,Primary production,Solar photovoltaic,Gigawatt-hour,Netherlands,2009,44.900,,
ESTAT:NRG_BAL_C(1.0),06/03/26 23:00:00,Annual,Primary production,Solar photovoltaic,Gigawatt-hour,Netherlands,2010,55.872,,
ESTAT:NRG_BAL_C(1.0),06/03/26 23:00:00,Annual,Primary production,Solar photovoltaic,Gigawatt-hour,Netherlands,2011,104.471,,
ESTAT:NRG_BAL_C(1.0),06/03/26 23:00:00,Annual,Primary production,Solar photovoltaic,Gigawatt-hour,Netherlands,2012,190.644,,
ESTAT:NRG_BAL_C(1.0),06/03/26 23:00:00,Annual,Primary production,Solar photovoltaic,Gigawatt-hour,Netherlands,2013,409.998,,
ESTAT:NRG_BAL_C(1.0),06/03/26 23:00:00,Annual,Primary production,Solar photovoltaic,Gigawatt-hour,Netherlands,2014,725.161,,
ESTAT:NRG_BAL_C(1.0),06/03/26 23:00:00,Annual,Primary production,Solar photovoltaic,Gigawatt-hour,Netherlands,2015,1108.520,,
ESTAT:NRG_BAL_C(1.0),06/03/26 23:00:00,Annual,Primary production,Solar photovoltaic,Gigawatt-hour,Netherlands,2016,1601.808,,
ESTAT:NRG_BAL_C(1.0),06/03/26 23:00:00,Annual,Primary production,Solar photovoltaic,Gigawatt-hour,Netherlands,2017,2204.346,,
ESTAT:NRG_BAL_C(1.0),06/03/26 23:00:00,Annual,Primary production,Solar photovoltaic,Gigawatt-hour,Netherlands,2018,3707.792,,
ESTAT:NRG_BAL_C(1.0),06/03/26 23:00:00,Annual,Primary production,Solar photovoltaic,Gigawatt-hour,Netherlands,2019,5399.406,,
ESTAT:NRG_BAL_C(1.0),06/03/26 23:00:00,Annual,Primary production,Solar photovoltaic,Gigawatt-hour,Netherlands,2020,8567.013,,
ESTAT:NRG_BAL_C(1.0),06/03/26 23:00:00,Annual,Primary production,Solar photovoltaic,Gigawatt-hour,Netherlands,2021,11303.873,,
ESTAT:NRG_BAL_C(1.0),06/03/26 23:00:00,Annual,Primary production,Solar photovoltaic,Gigawatt-hour,Netherlands,2022,16656.805,,
ESTAT:NRG_BAL_C(1.0),06/03/26 23:00:00,Annual,Primary production,Solar photovoltaic,Gigawatt-hour,Netherlands,2023,19607.192,,
ESTAT:NRG_BAL_C(1.0),06/03/26 23:00:00,Annual,Primary production,Solar photovoltaic,Gigawatt-hour,Netherlands,2024,21822.202,,
ESTAT:NRG_BAL_C(1.0),06/03/26 23:00:00,Annual,Primary production,Solar photovoltaic,Gigawatt-hour,Poland,2005,0.000,,
ESTAT:NRG_BAL_C(1.0),06/03/26 23:00:00,Annual,Primary production,Solar photovoltaic,Gigawatt-hour,Poland,2006,0.000,,
ESTAT:NRG_BAL_C(1.0),06/03/26 23:00:00,Annual,Primary production,Solar photovoltaic,Gigawatt-hour,Poland,2007,0.000,,
ESTAT:NRG_BAL_C(1.0),06/03/26 23:00:00,Annual,Primary production,Solar photovoltaic,Gigawatt-hour,Poland,2008,0.000,,
ESTAT:NRG_BAL_C(1.0),06/03/26 23:00:00,Annual,Primary production,Solar photovoltaic,Gigawatt-hour,Poland,2009,0.000,,
ESTAT:NRG_BAL_C(1.0),06/03/26 23:00:00,Annual,Primary production,Solar photovoltaic,Gigawatt-hour,Poland,2010,0.000,,
ESTAT:NRG_BAL_C(1.0),06/03/26 23:00:00,Annual,Primary production,Solar photovoltaic,Gigawatt-hour,Poland,2011,0.175,,
ESTAT:NRG_BAL_C(1.0),06/03/26 23:00:00,Annual,Primary production,Solar photovoltaic,Gigawatt-hour,Poland,2012,1.141,,
ESTAT:NRG_BAL_C(1.0),06/03/26 23:00:00,Annual,Primary production,Solar photovoltaic,Gigawatt-hour,Poland,2013,1.482,,
ESTAT:NRG_BAL_C(1.0),06/03/26 23:00:00,Annual,Primary production,Solar photovoltaic,Gigawatt-hour,Poland,2014,6.891,,
ESTAT:NRG_BAL_C(1.0),06/03/26 23:00:00,Annual,Primary production,Solar photovoltaic,Gigawatt-hour,Poland,2015,56.639,,
ESTAT:NRG_BAL_C(1.0),06/03/26 23:00:00,Annual,Primary production,Solar photovoltaic,Gigawatt-hour,Poland,2016,123.875,,
ESTAT:NRG_BAL_C(1.0),06/03/26 23:00:00,Annual,Primary production,Solar photovoltaic,Gigawatt-hour,Poland,2017,165.463,,
ESTAT:NRG_BAL_C(1.0),06/03/26 23:00:00,Annual,Primary production,Solar photovoltaic,Gigawatt-hour,Poland,2018,300.488,,
ESTAT:NRG_BAL_C(1.0),06/03/26 23:00:00,Annual,Primary production,Solar photovoltaic,Gigawatt-hour,Poland,2019,710.673,,
ESTAT:NRG_BAL_C(1.0),06/03/26 23:00:00,Annual,Primary production,Solar photovoltaic,Gigawatt-hour,Poland,2020,1957.916,,
ESTAT:NRG_BAL_C(1.0),06/03/26 23:00:00,Annual,Primary production,Solar photovoltaic,Gigawatt-hour,Poland,2021,3934.448,,
ESTAT:NRG_BAL_C(1.0),06/03/26 23:00:00,Annual,Primary production,Solar photovoltaic,Gigawatt-hour,Poland,2022,8309.670,,
ESTAT:NRG_BAL_C(1.0),06/03/26 23:00:00,Annual,Primary production,Solar photovoltaic,Gigawatt-hour,Poland,2023,11107.089,,
ESTAT:NRG_BAL_C(1.0),06/03/26 23:00:00,Annual,Primary production,Solar photovoltaic,Gigawatt-hour,Poland,2024,17662.760,,
ESTAT:NRG_BAL_C(1.0),06/03/26 23:00:00,Annual,Primary production,Solar photovoltaic,Gigawatt-hour,Portugal,2005,3.000,,
ESTAT:NRG_BAL_C(1.0),06/03/26 23:00:00,Annual,Primary production,Solar photovoltaic,Gigawatt-hour,Portugal,2006,4.800,,
ESTAT:NRG_BAL_C(1.0),06/03/26 23:00:00,Annual,Primary production,Solar photovoltaic,Gigawatt-hour,Portugal,2007,24.000,,
ESTAT:NRG_BAL_C(1.0),06/03/26 23:00:00,Annual,Primary production,Solar photovoltaic,Gigawatt-hour,Portugal,2008,40.534,,
ESTAT:NRG_BAL_C(1.0),06/03/26 23:00:00,Annual,Primary production,Solar photovoltaic,Gigawatt-hour,Portugal,2009,160.000,,
ESTAT:NRG_BAL_C(1.0),06/03/26 23:00:00,Annual,Primary production,Solar photovoltaic,Gigawatt-hour,Portugal,2010,211.330,,
ESTAT:NRG_BAL_C(1.0),06/03/26 23:00:00,Annual,Primary production,Solar photovoltaic,Gigawatt-hour,Portugal,2011,279.929,,
ESTAT:NRG_BAL_C(1.0),06/03/26 23:00:00,Annual,Primary production,Solar photovoltaic,Gigawatt-hour,Portugal,2012,392.645,,
ESTAT:NRG_BAL_C(1.0),06/03/26 23:00:00,Annual,Primary production,Solar photovoltaic,Gigawatt-hour,Portugal,2013,479.140,,
ESTAT:NRG_BAL_C(1.0),06/03/26 23:00:00,Annual,Primary production,Solar photovoltaic,Gigawatt-hour,Portugal,2014,627.316,,
ESTAT:NRG_BAL_C(1.0),06/03/26 23:00:00,Annual,Primary production,Solar photovoltaic,Gigawatt-hour,Portugal,2015,796.155,,
ESTAT:NRG_BAL_C(1.0),06/03/26 23:00:00,Annual,Primary production,Solar photovoltaic,Gigawatt-hour,Portugal,2016,870.603,,
ESTAT:NRG_BAL_C(1.0),06/03/26 23:00:00,Annual,Primary production,Solar photovoltaic,Gigawatt-hour,Portugal,2017,991.546,,
ESTAT:NRG_BAL_C(1.0),06/03/26 23:00:00,Annual,Primary production,Solar photovoltaic,Gigawatt-hour,Portugal,2018,1005.897,,
ESTAT:NRG_BAL_C(1.0),06/03/26 23:00:00,Annual,Primary production,Solar photovoltaic,Gigawatt-hour,Portugal,2019,1342.252,,
ESTAT:NRG_BAL_C(1.0),06/03/26 23:00:00,Annual,Primary production,Solar photovoltaic,Gigawatt-hour,Portugal,2020,1715.590,,
ESTAT:NRG_BAL_C(1.0),06/03/26 23:00:00,Annual,Primary production,Solar photovoltaic,Gigawatt-hour,Portugal,2021,2237.164,,
ESTAT:NRG_BAL_C(1.0),06/03/26 23:00:00,Annual,Primary production,Solar photovoltaic,Gigawatt-hour,Portugal,2022,3519.034,,
ESTAT:NRG_BAL_C(1.0),06/03/26 23:00:00,Annual,Primary production,Solar photovoltaic,Gigawatt-hour,Portugal,2023,5160.143,,
ESTAT:NRG_BAL_C(1.0),06/03/26 23:00:00,Annual,Primary production,Solar photovoltaic,Gigawatt-hour,Portugal,2024,7088.010,,
ESTAT:NRG_BAL_C(1.0),06/03/26 23:00:00,Annual,Primary production,Solar photovoltaic,Gigawatt-hour,Romania,2005,0.000,,
ESTAT:NRG_BAL_C(1.0),06/03/26 23:00:00,Annual,Primary production,Solar photovoltaic,Gigawatt-hour,Romania,2006,0.000,,
ESTAT:NRG_BAL_C(1.0),06/03/26 23:00:00,Annual,Primary production,Solar photovoltaic,Gigawatt-hour,Romania,2007,0.000,,
ESTAT:NRG_BAL_C(1.0),06/03/26 23:00:00,Annual,Primary production,Solar photovoltaic,Gigawatt-hour,Romania,2008,0.008,,
ESTAT:NRG_BAL_C(1.0),06/03/26 23:00:00,Annual,Primary production,Solar photovoltaic,Gigawatt-hour,Romania,2009,0.025,,
ESTAT:NRG_BAL_C(1.0),06/03/26 23:00:00,Annual,Primary production,Solar photovoltaic,Gigawatt-hour,Romania,2010,0.036,,
ESTAT:NRG_BAL_C(1.0),06/03/26 23:00:00,Annual,Primary production,Solar photovoltaic,Gigawatt-hour,Romania,2011,1.427,,
ESTAT:NRG_BAL_C(1.0),06/03/26 23:00:00,Annual,Primary production,Solar photovoltaic,Gigawatt-hour,Romania,2012,7.998,,
ESTAT:NRG_BAL_C(1.0),06/03/26 23:00:00,Annual,Primary production,Solar photovoltaic,Gigawatt-hour,Romania,2013,420.162,,
ESTAT:NRG_BAL_C(1.0),06/03/26 23:00:00,Annual,Primary production,Solar photovoltaic,Gigawatt-hour,Romania,2014,1615.991,,
ESTAT:NRG_BAL_C(1.0),06/03/26 23:00:00,Annual,Primary production,Solar photovoltaic,Gigawatt-hour,Romania,2015,1982.000,,
ESTAT:NRG_BAL_C(1.0),06/03/26 23:00:00,Annual,Primary production,Solar photovoltaic,Gigawatt-hour,Romania,2016,1819.742,,
ESTAT:NRG_BAL_C(1.0),06/03/26 23:00:00,Annual,Primary production,Solar photovoltaic,Gigawatt-hour,Romania,2017,1855.674,,
ESTAT:NRG_BAL_C(1.0),06/03/26 23:00:00,Annual,Primary production,Solar photovoltaic,Gigawatt-hour,Romania,2018,1771.027,,
ESTAT:NRG_BAL_C(1.0),06/03/26 23:00:00,Annual,Primary production,Solar photovoltaic,Gigawatt-hour,Romania,2019,1777.615,,
ESTAT:NRG_BAL_C(1.0),06/03/26 23:00:00,Annual,Primary production,Solar photovoltaic,Gigawatt-hour,Romania,2020,1733.375,,
ESTAT:NRG_BAL_C(1.0),06/03/26 23:00:00,Annual,Primary production,Solar photovoltaic,Gigawatt-hour,Romania,2021,1703.350,,
ESTAT:NRG_BAL_C(1.0),06/03/26 23:00:00,Annual,Primary production,Solar photovoltaic,Gigawatt-hour,Romania,2022,1988.419,,
ESTAT:NRG_BAL_C(1.0),06/03/26 23:00:00,Annual,Primary production,Solar photovoltaic,Gigawatt-hour,Romania,2023,2227.050,,
ESTAT:NRG_BAL_C(1.0),06/03/26 23:00:00,Annual,Primary production,Solar photovoltaic,Gigawatt-hour,Romania,2024,3422.688,,
ESTAT:NRG_BAL_C(1.0),06/03/26 23:00:00,Annual,Primary production,Solar photovoltaic,Gigawatt-hour,Sweden,2005,2.127,,
ESTAT:NRG_BAL_C(1.0),06/03/26 23:00:00,Annual,Primary production,Solar photovoltaic,Gigawatt-hour,Sweden,2006,2.430,,
ESTAT:NRG_BAL_C(1.0),06/03/26 23:00:00,Annual,Primary production,Solar photovoltaic,Gigawatt-hour,Sweden,2007,3.139,,
ESTAT:NRG_BAL_C(1.0),06/03/26 23:00:00,Annual,Primary production,Solar photovoltaic,Gigawatt-hour,Sweden,2008,4.000,,
ESTAT:NRG_BAL_C(1.0),06/03/26 23:00:00,Annual,Primary production,Solar photovoltaic,Gigawatt-hour,Sweden,2009,7.000,,
ESTAT:NRG_BAL_C(1.0),06/03/26 23:00:00,Annual,Primary production,Solar photovoltaic,Gigawatt-hour,Sweden,2010,8.600,,
ESTAT:NRG_BAL_C(1.0),06/03/26 23:00:00,Annual,Primary production,Solar photovoltaic,Gigawatt-hour,Sweden,2011,11.000,,
ESTAT:NRG_BAL_C(1.0),06/03/26 23:00:00,Annual,Primary production,Solar photovoltaic,Gigawatt-hour,Sweden,2012,19.000,,
ESTAT:NRG_BAL_C(1.0),06/03/26 23:00:00,Annual,Primary production,Solar photovoltaic,Gigawatt-hour,Sweden,2013,35.000,,
ESTAT:NRG_BAL_C(1.0),06/03/26 23:00:00,Annual,Primary production,Solar photovoltaic,Gigawatt-hour,Sweden,2014,47.000,,
ESTAT:NRG_BAL_C(1.0),06/03/26 23:00:00,Annual,Primary production,Solar photovoltaic,Gigawatt-hour,Sweden,2015,97.000,,
ESTAT:NRG_BAL_C(1.0),06/03/26 23:00:00,Annual,Primary production,Solar photovoltaic,Gigawatt-hour,Sweden,2016,143.000,,
ESTAT:NRG_BAL_C(1.0),06/03/26 23:00:00,Annual,Primary production,Solar photovoltaic,Gigawatt-hour,Sweden,2017,230.000,,
ESTAT:NRG_BAL_C(1.0),06/03/26 23:00:00,Annual,Primary production,Solar photovoltaic,Gigawatt-hour,Sweden,2018,407.000,,
ESTAT:NRG_BAL_C(1.0),06/03/26 23:00:00,Annual,Primary production,Solar photovoltaic,Gigawatt-hour,Sweden,2019,679.000,,
ESTAT:NRG_BAL_C(1.0),06/03/26 23:00:00,Annual,Primary production,Solar photovoltaic,Gigawatt-hour,Sweden,2020,1051.000,,
ESTAT:NRG_BAL_C(1.0),06/03/26 23:00:00,Annual,Primary production,Solar photovoltaic,Gigawatt-hour,Sweden,2021,1526.000,,
ESTAT:NRG_BAL_C(1.0),06/03/26 23:00:00,Annual,Primary production,Solar photovoltaic,Gigawatt-hour,Sweden,2022,1980.000,,
ESTAT:NRG_BAL_C(1.0),06/03/26 23:00:00,Annual,Primary production,Solar photovoltaic,Gigawatt-hour,Sweden,2023,3114.000,,
ESTAT:NRG_BAL_C(1.0),06/03/26 23:00:00,Annual,Primary production,Solar photovoltaic,Gigawatt-hour,Sweden,2024,4163.000,,
ESTAT:NRG_BAL_C(1.0),06/03/26 23:00:00,Annual,Primary production,Solar photovoltaic,Gigawatt-hour,Slovenia,2005,0.035,,
ESTAT:NRG_BAL_C(1.0),06/03/26 23:00:00,Annual,Primary production,Solar photovoltaic,Gigawatt-hour,Slovenia,2006,0.143,,
ESTAT:NRG_BAL_C(1.0),06/03/26 23:00:00,Annual,Primary production,Solar photovoltaic,Gigawatt-hour,Slovenia,2007,0.432,,
ESTAT:NRG_BAL_C(1.0),06/03/26 23:00:00,Annual,Primary production,Solar photovoltaic,Gigawatt-hour,Slovenia,2008,0.737,,
ESTAT:NRG_BAL_C(1.0),06/03/26 23:00:00,Annual,Primary production,Solar photovoltaic,Gigawatt-hour,Slovenia,2009,3.974,,
ESTAT:NRG_BAL_C(1.0),06/03/26 23:00:00,Annual,Primary production,Solar photovoltaic,Gigawatt-hour,Slovenia,2010,12.861,,
ESTAT:NRG_BAL_C(1.0),06/03/26 23:00:00,Annual,Primary production,Solar photovoltaic,Gigawatt-hour,Slovenia,2011,65.704,,
ESTAT:NRG_BAL_C(1.0),06/03/26 23:00:00,Annual,Primary production,Solar photovoltaic,Gigawatt-hour,Slovenia,2012,162.806,,
ESTAT:NRG_BAL_C(1.0),06/03/26 23:00:00,Annual,Primary production,Solar photovoltaic,Gigawatt-hour,Slovenia,2013,215.064,,
ESTAT:NRG_BAL_C(1.0),06/03/26 23:00:00,Annual,Primary production,Solar photovoltaic,Gigawatt-hour,Slovenia,2014,256.819,,
ESTAT:NRG_BAL_C(1.0),06/03/26 23:00:00,Annual,Primary production,Solar photovoltaic,Gigawatt-hour,Slovenia,2015,274.232,,
ESTAT:NRG_BAL_C(1.0),06/03/26 23:00:00,Annual,Primary production,Solar photovoltaic,Gigawatt-hour,Slovenia,2016,267.472,,
ESTAT:NRG_BAL_C(1.0),06/03/26 23:00:00,Annual,Primary production,Solar photovoltaic,Gigawatt-hour,Slovenia,2017,283.867,,
ESTAT:NRG_BAL_C(1.0),06/03/26 23:00:00,Annual,Primary production,Solar photovoltaic,Gigawatt-hour,Slovenia,2018,254.961,,
ESTAT:NRG_BAL_C(1.0),06/03/26 23:00:00,Annual,Primary production,Solar photovoltaic,Gigawatt-hour,Slovenia,2019,303.039,,
ESTAT:NRG_BAL_C(1.0),06/03/26 23:00:00,Annual,Primary production,Solar photovoltaic,Gigawatt-hour,Slovenia,2020,368.196,,
ESTAT:NRG_BAL_C(1.0),06/03/26 23:00:00,Annual,Primary production,Solar photovoltaic,Gigawatt-hour,Slovenia,2021,453.113,,
ESTAT:NRG_BAL_C(1.0),06/03/26 23:00:00,Annual,Primary production,Solar photovoltaic,Gigawatt-hour,Slovenia,2022,645.587,,
ESTAT:NRG_BAL_C(1.0),06/03/26 23:00:00,Annual,Primary production,Solar photovoltaic,Gigawatt-hour,Slovenia,2023,984.359,,
ESTAT:NRG_BAL_C(1.0),06/03/26 23:00:00,Annual,Primary production,Solar photovoltaic,Gigawatt-hour,Slovenia,2024,1268.145,,
ESTAT:NRG_BAL_C(1.0),06/03/26 23:00:00,Annual,Primary production,Solar photovoltaic,Gigawatt-hour,Slovakia,2005,0.000,,
ESTAT:NRG_BAL_C(1.0),06/03/26 23:00:00,Annual,Primary production,Solar photovoltaic,Gigawatt-hour,Slovakia,2006,0.000,,
ESTAT:NRG_BAL_C(1.0),06/03/26 23:00:00,Annual,Primary production,Solar photovoltaic,Gigawatt-hour,Slovakia,2007,0.000,,
ESTAT:NRG_BAL_C(1.0),06/03/26 23:00:00,Annual,Primary production,Solar photovoltaic,Gigawatt-hour,Slovakia,2008,0.000,,
ESTAT:NRG_BAL_C(1.0),06/03/26 23:00:00,Annual,Primary production,Solar photovoltaic,Gigawatt-hour,Slovakia,2009,0.000,,
ESTAT:NRG_BAL_C(1.0),06/03/26 23:00:00,Annual,Primary production,Solar photovoltaic,Gigawatt-hour,Slovakia,2010,16.942,,
ESTAT:NRG_BAL_C(1.0),06/03/26 23:00:00,Annual,Primary production,Solar photovoltaic,Gigawatt-hour,Slovakia,2011,397.000,,
ESTAT:NRG_BAL_C(1.0),06/03/26 23:00:00,Annual,Primary production,Solar photovoltaic,Gigawatt-hour,Slovakia,2012,424.000,,
ESTAT:NRG_BAL_C(1.0),06/03/26 23:00:00,Annual,Primary production,Solar photovoltaic,Gigawatt-hour,Slovakia,2013,588.000,,
ESTAT:NRG_BAL_C(1.0),06/03/26 23:00:00,Annual,Primary production,Solar photovoltaic,Gigawatt-hour,Slovakia,2014,597.000,,
ESTAT:NRG_BAL_C(1.0),06/03/26 23:00:00,Annual,Primary production,Solar photovoltaic,Gigawatt-hour,Slovakia,2015,506.000,,
ESTAT:NRG_BAL_C(1.0),06/03/26 23:00:00,Annual,Primary production,Solar photovoltaic,Gigawatt-hour,Slovakia,2016,533.000,,
ESTAT:NRG_BAL_C(1.0),06/03/26 23:00:00,Annual,Primary production,Solar photovoltaic,Gigawatt-hour,Slovakia,2017,506.000,,
ESTAT:NRG_BAL_C(1.0),06/03/26 23:00:00,Annual,Primary production,Solar photovoltaic,Gigawatt-hour,Slovakia,2018,585.000,,
ESTAT:NRG_BAL_C(1.0),06/03/26 23:00:00,Annual,Primary production,Solar photovoltaic,Gigawatt-hour,Slovakia,2019,589.000,,
ESTAT:NRG_BAL_C(1.0),06/03/26 23:00:00,Annual,Primary production,Solar photovoltaic,Gigawatt-hour,Slovakia,2020,663.000,,
ESTAT:NRG_BAL_C(1.0),06/03/26 23:00:00,Annual,Primary production,Solar photovoltaic,Gigawatt-hour,Slovakia,2021,671.000,,
ESTAT:NRG_BAL_C(1.0),06/03/26 23:00:00,Annual,Primary production,Solar photovoltaic,Gigawatt-hour,Slovakia,2022,650.000,,
ESTAT:NRG_BAL_C(1.0),06/03/26 23:00:00,Annual,Primary production,Solar photovoltaic,Gigawatt-hour,Slovakia,2023,605.000,,
ESTAT:NRG_BAL_C(1.0),06/03/26 23:00:00,Annual,Primary production,Solar photovoltaic,Gigawatt-hour,Slovakia,2024,694.000,,
